[gosec] 2026/02/05 17:13:33 Including rules: default
[gosec] 2026/02/05 17:13:33 Excluding rules: G104
[gosec] 2026/02/05 17:13:33 Including analyzers: default
[gosec] 2026/02/05 17:13:33 Excluding analyzers: G104
[gosec] 2026/02/05 17:13:34 Import directory: /tmp/blitzy/blitzy-kubernetes/blitzy5f91179c1/cmd/kubeadm/app/phases/controlplane
[gosec] 2026/02/05 17:13:34 Import directory: /tmp/blitzy/blitzy-kubernetes/blitzy5f91179c1/cmd/import-boss/testdata/inverse/allowed/a1
[gosec] 2026/02/05 17:13:34 Import directory: /tmp/blitzy/blitzy-kubernetes/blitzy5f91179c1/cmd/import-boss/testdata/transitive/neither
[gosec] 2026/02/05 17:13:34 Import directory: /tmp/blitzy/blitzy-kubernetes/blitzy5f91179c1/cmd/kubeadm/app/apis/kubeadm/v1beta4
[gosec] 2026/02/05 17:13:34 Import directory: /tmp/blitzy/blitzy-kubernetes/blitzy5f91179c1/cmd/import-boss/testdata/nested-fwd/bbb
[gosec] 2026/02/05 17:13:34 Import directory: /tmp/blitzy/blitzy-kubernetes/blitzy5f91179c1/cmd/kubeadm/app/util/etcd
[gosec] 2026/02/05 17:13:34 Import directory: /tmp/blitzy/blitzy-kubernetes/blitzy5f91179c1/cmd/kubemark/app
[gosec] 2026/02/05 17:13:34 Import directory: /tmp/blitzy/blitzy-kubernetes/blitzy5f91179c1/cmd/gotemplate
[gosec] 2026/02/05 17:13:34 Import directory: /tmp/blitzy/blitzy-kubernetes/blitzy5f91179c1/cmd/import-boss/testdata/nested-fwd/forbidden-by-sub
[gosec] 2026/02/05 17:13:34 Checking package: a1
[gosec] 2026/02/05 17:13:34 Checking file: /tmp/blitzy/blitzy-kubernetes/blitzy5f91179c1/cmd/import-boss/testdata/inverse/allowed/a1/file.go
[gosec] 2026/02/05 17:13:34 Import directory: /tmp/blitzy/blitzy-kubernetes/blitzy5f91179c1/cmd/import-boss/testdata/simple-fwd/allowed/a1
[gosec] 2026/02/05 17:13:34 Checking package: neither
[gosec] 2026/02/05 17:13:34 Checking file: /tmp/blitzy/blitzy-kubernetes/blitzy5f91179c1/cmd/import-boss/testdata/transitive/neither/file.go
[gosec] 2026/02/05 17:13:34 Import directory: /tmp/blitzy/blitzy-kubernetes/blitzy5f91179c1/cmd/import-boss/testdata/simple-fwd/neither
[gosec] 2026/02/05 17:13:34 Checking package: bbb
[gosec] 2026/02/05 17:13:34 Checking file: /tmp/blitzy/blitzy-kubernetes/blitzy5f91179c1/cmd/import-boss/testdata/nested-fwd/bbb/file.go
[gosec] 2026/02/05 17:13:34 Import directory: /tmp/blitzy/blitzy-kubernetes/blitzy5f91179c1/cmd/kubeadm/app/apis/kubeadm/fuzzer
[gosec] 2026/02/05 17:13:34 Checking package: forbiddenbysub
[gosec] 2026/02/05 17:13:34 Checking file: /tmp/blitzy/blitzy-kubernetes/blitzy5f91179c1/cmd/import-boss/testdata/nested-fwd/forbidden-by-sub/file.go
[gosec] 2026/02/05 17:13:34 Import directory: /tmp/blitzy/blitzy-kubernetes/blitzy5f91179c1/cmd/kubeadm/app/util/config/strict
[gosec] 2026/02/05 17:13:34 Checking package: a1
[gosec] 2026/02/05 17:13:34 Checking file: /tmp/blitzy/blitzy-kubernetes/blitzy5f91179c1/cmd/import-boss/testdata/simple-fwd/allowed/a1/file.go
[gosec] 2026/02/05 17:13:34 Checking package: neither
[gosec] 2026/02/05 17:13:34 Checking file: /tmp/blitzy/blitzy-kubernetes/blitzy5f91179c1/cmd/import-boss/testdata/simple-fwd/neither/file.go
[gosec] 2026/02/05 17:13:34 Import directory: /tmp/blitzy/blitzy-kubernetes/blitzy5f91179c1/cmd/kubeadm/app/util/kubeconfig
[gosec] 2026/02/05 17:13:34 Import directory: /tmp/blitzy/blitzy-kubernetes/blitzy5f91179c1/cmd/import-boss
[gosec] 2026/02/05 17:13:34 Checking package: main
[gosec] 2026/02/05 17:13:34 Checking file: /tmp/blitzy/blitzy-kubernetes/blitzy5f91179c1/cmd/gotemplate/gotemplate.go
[gosec] 2026/02/05 17:13:34 Checking package: strict
[gosec] 2026/02/05 17:13:34 Checking file: /tmp/blitzy/blitzy-kubernetes/blitzy5f91179c1/cmd/kubeadm/app/util/config/strict/strict.go
[gosec] 2026/02/05 17:13:34 Import directory: /tmp/blitzy/blitzy-kubernetes/blitzy5f91179c1/cmd/import-boss/testdata/inverse/allowed
[gosec] 2026/02/05 17:13:34 Checking package: main
[gosec] 2026/02/05 17:13:34 Checking file: /tmp/blitzy/blitzy-kubernetes/blitzy5f91179c1/cmd/import-boss/main.go
[gosec] 2026/02/05 17:13:34 Import directory: /tmp/blitzy/blitzy-kubernetes/blitzy5f91179c1/cmd/kubeadm/app/apis/output/v1alpha3
[gosec] 2026/02/05 17:13:36 Checking package: v1beta4
[gosec] 2026/02/05 17:13:36 Checking file: /tmp/blitzy/blitzy-kubernetes/blitzy5f91179c1/cmd/kubeadm/app/apis/kubeadm/v1beta4/conversion.go
[gosec] 2026/02/05 17:13:36 Import directory: /tmp/blitzy/blitzy-kubernetes/blitzy5f91179c1/cmd/kubeadm
[gosec] 2026/02/05 17:13:36 Checking file: /tmp/blitzy/blitzy-kubernetes/blitzy5f91179c1/cmd/kubeadm/app/apis/kubeadm/v1beta4/defaults.go
[gosec] 2026/02/05 17:13:37 Checking file: /tmp/blitzy/blitzy-kubernetes/blitzy5f91179c1/cmd/kubeadm/app/apis/kubeadm/v1beta4/defaults_unix.go
[gosec] 2026/02/05 17:13:37 Checking file: /tmp/blitzy/blitzy-kubernetes/blitzy5f91179c1/cmd/kubeadm/app/apis/kubeadm/v1beta4/doc.go
[gosec] 2026/02/05 17:13:37 Checking file: /tmp/blitzy/blitzy-kubernetes/blitzy5f91179c1/cmd/kubeadm/app/apis/kubeadm/v1beta4/register.go
[gosec] 2026/02/05 17:13:37 Checking file: /tmp/blitzy/blitzy-kubernetes/blitzy5f91179c1/cmd/kubeadm/app/apis/kubeadm/v1beta4/types.go
[gosec] 2026/02/05 17:13:37 Checking file: /tmp/blitzy/blitzy-kubernetes/blitzy5f91179c1/cmd/kubeadm/app/apis/kubeadm/v1beta4/zz_generated.conversion.go
[gosec] 2026/02/05 17:13:43 Checking file: /tmp/blitzy/blitzy-kubernetes/blitzy5f91179c1/cmd/kubeadm/app/apis/kubeadm/v1beta4/zz_generated.deepcopy.go
[gosec] 2026/02/05 17:13:48 Checking file: /tmp/blitzy/blitzy-kubernetes/blitzy5f91179c1/cmd/kubeadm/app/apis/kubeadm/v1beta4/zz_generated.defaults.go
[gosec] 2026/02/05 17:13:48 Checking package: fuzzer
[gosec] 2026/02/05 17:13:48 Checking file: /tmp/blitzy/blitzy-kubernetes/blitzy5f91179c1/cmd/kubeadm/app/apis/kubeadm/fuzzer/fuzzer.go
[gosec] 2026/02/05 17:13:48 Import directory: /tmp/blitzy/blitzy-kubernetes/blitzy5f91179c1/cmd/dependencycheck
[gosec] 2026/02/05 17:13:48 Checking package: controlplane
[gosec] 2026/02/05 17:13:48 Checking file: /tmp/blitzy/blitzy-kubernetes/blitzy5f91179c1/cmd/kubeadm/app/phases/controlplane/manifests.go
[gosec] 2026/02/05 17:13:48 Import directory: /tmp/blitzy/blitzy-kubernetes/blitzy5f91179c1/cmd/genkubedocs
[gosec] 2026/02/05 17:13:49 Checking file: /tmp/blitzy/blitzy-kubernetes/blitzy5f91179c1/cmd/kubeadm/app/phases/controlplane/volumes.go
[gosec] 2026/02/05 17:13:49 Checking package: allowed
[gosec] 2026/02/05 17:13:49 Checking file: /tmp/blitzy/blitzy-kubernetes/blitzy5f91179c1/cmd/import-boss/testdata/inverse/allowed/file.go
[gosec] 2026/02/05 17:13:49 Checking package: kubeconfig
[gosec] 2026/02/05 17:13:49 Checking file: /tmp/blitzy/blitzy-kubernetes/blitzy5f91179c1/cmd/kubeadm/app/util/kubeconfig/kubeconfig.go
[gosec] 2026/02/05 17:13:49 Import directory: /tmp/blitzy/blitzy-kubernetes/blitzy5f91179c1/cmd/kubeadm/app/cmd/phases
[gosec] 2026/02/05 17:13:49 Import directory: /tmp/blitzy/blitzy-kubernetes/blitzy5f91179c1/cmd/kubeadm/app/discovery/file
[gosec] 2026/02/05 17:13:50 Checking package: etcd
[gosec] 2026/02/05 17:13:50 Checking file: /tmp/blitzy/blitzy-kubernetes/blitzy5f91179c1/cmd/kubeadm/app/util/etcd/etcd.go
[gosec] 2026/02/05 17:13:50 Import directory: /tmp/blitzy/blitzy-kubernetes/blitzy5f91179c1/cmd/kubeadm/app/phases/etcd
[gosec] 2026/02/05 17:13:52 Checking file: /tmp/blitzy/blitzy-kubernetes/blitzy5f91179c1/cmd/kubeadm/app/util/etcd/etcddata.go
[gosec] 2026/02/05 17:13:52 Checking package: v1alpha3
[gosec] 2026/02/05 17:13:52 Checking file: /tmp/blitzy/blitzy-kubernetes/blitzy5f91179c1/cmd/kubeadm/app/apis/output/v1alpha3/doc.go
[gosec] 2026/02/05 17:13:52 Checking file: /tmp/blitzy/blitzy-kubernetes/blitzy5f91179c1/cmd/kubeadm/app/apis/output/v1alpha3/register.go
[gosec] 2026/02/05 17:13:52 Import directory: /tmp/blitzy/blitzy-kubernetes/blitzy5f91179c1/cmd/kubeadm/app/util/pkiutil/testing
[gosec] 2026/02/05 17:13:52 Checking file: /tmp/blitzy/blitzy-kubernetes/blitzy5f91179c1/cmd/kubeadm/app/apis/output/v1alpha3/types.go
[gosec] 2026/02/05 17:13:52 Checking file: /tmp/blitzy/blitzy-kubernetes/blitzy5f91179c1/cmd/kubeadm/app/apis/output/v1alpha3/zz_generated.conversion.go
[gosec] 2026/02/05 17:13:53 Checking file: /tmp/blitzy/blitzy-kubernetes/blitzy5f91179c1/cmd/kubeadm/app/apis/output/v1alpha3/zz_generated.deepcopy.go
[gosec] 2026/02/05 17:13:54 Checking package: app
[gosec] 2026/02/05 17:13:54 Checking file: /tmp/blitzy/blitzy-kubernetes/blitzy5f91179c1/cmd/kubemark/app/hollow_node.go
[gosec] 2026/02/05 17:13:54 Import directory: /tmp/blitzy/blitzy-kubernetes/blitzy5f91179c1/cmd/clicheck
[gosec] 2026/02/05 17:13:55 Checking package: main
[gosec] 2026/02/05 17:13:55 Checking file: /tmp/blitzy/blitzy-kubernetes/blitzy5f91179c1/cmd/kubeadm/kubeadm.go
[gosec] 2026/02/05 17:13:55 Import directory: /tmp/blitzy/blitzy-kubernetes/blitzy5f91179c1/cmd/kubeadm/app/phases/bootstraptoken/node
[gosec] 2026/02/05 17:13:55 Checking package: main
[gosec] 2026/02/05 17:13:55 Checking file: /tmp/blitzy/blitzy-kubernetes/blitzy5f91179c1/cmd/dependencycheck/dependencycheck.go
[gosec] 2026/02/05 17:13:55 Import directory: /tmp/blitzy/blitzy-kubernetes/blitzy5f91179c1/cmd/fieldnamedocscheck
[gosec] 2026/02/05 17:13:55 Checking package: phases
[gosec] 2026/02/05 17:13:55 Checking file: /tmp/blitzy/blitzy-kubernetes/blitzy5f91179c1/cmd/kubeadm/app/cmd/phases/util.go
[gosec] 2026/02/05 17:13:55 Import directory: /tmp/blitzy/blitzy-kubernetes/blitzy5f91179c1/cmd/import-boss/testdata/inverse/forbidden
[gosec] 2026/02/05 17:13:55 Checking package: main
[gosec] 2026/02/05 17:13:55 Checking file: /tmp/blitzy/blitzy-kubernetes/blitzy5f91179c1/cmd/genkubedocs/gen_kube_docs.go
[gosec] 2026/02/05 17:13:55 Import directory: /tmp/blitzy/blitzy-kubernetes/blitzy5f91179c1/cmd/import-boss/testdata/nested-fwd/aaa
[gosec] 2026/02/05 17:13:55 Checking file: /tmp/blitzy/blitzy-kubernetes/blitzy5f91179c1/cmd/genkubedocs/postprocessing.go
[gosec] 2026/02/05 17:13:55 Checking package: file
[gosec] 2026/02/05 17:13:55 Checking file: /tmp/blitzy/blitzy-kubernetes/blitzy5f91179c1/cmd/kubeadm/app/discovery/file/file.go
[gosec] 2026/02/05 17:13:55 Import directory: /tmp/blitzy/blitzy-kubernetes/blitzy5f91179c1/cmd/kube-apiserver
[gosec] 2026/02/05 17:13:56 Checking package: etcd
[gosec] 2026/02/05 17:13:56 Checking file: /tmp/blitzy/blitzy-kubernetes/blitzy5f91179c1/cmd/kubeadm/app/phases/etcd/local.go
[gosec] 2026/02/05 17:13:56 Import directory: /tmp/blitzy/blitzy-kubernetes/blitzy5f91179c1/cmd/kube-controller-manager/app/options
[gosec] 2026/02/05 17:13:56 Checking package: testing
[gosec] 2026/02/05 17:13:56 Checking file: /tmp/blitzy/blitzy-kubernetes/blitzy5f91179c1/cmd/kubeadm/app/util/pkiutil/testing/testing.go
[gosec] 2026/02/05 17:13:56 Import directory: /tmp/blitzy/blitzy-kubernetes/blitzy5f91179c1/cmd/kube-controller-manager/app/testing
[gosec] 2026/02/05 17:13:57 Checking package: main
[gosec] 2026/02/05 17:13:57 Checking file: /tmp/blitzy/blitzy-kubernetes/blitzy5f91179c1/cmd/clicheck/check_cli_conventions.go
[gosec] 2026/02/05 17:13:57 Import directory: /tmp/blitzy/blitzy-kubernetes/blitzy5f91179c1/cmd/kube-proxy/app
[gosec] 2026/02/05 17:13:57 Checking package: forbidden
[gosec] 2026/02/05 17:13:57 Checking file: /tmp/blitzy/blitzy-kubernetes/blitzy5f91179c1/cmd/import-boss/testdata/inverse/forbidden/file.go
[gosec] 2026/02/05 17:13:57 Checking package: aaa
[gosec] 2026/02/05 17:13:57 Checking file: /tmp/blitzy/blitzy-kubernetes/blitzy5f91179c1/cmd/import-boss/testdata/nested-fwd/aaa/file.go
[gosec] 2026/02/05 17:13:57 Checking package: main
[gosec] 2026/02/05 17:13:57 Checking file: /tmp/blitzy/blitzy-kubernetes/blitzy5f91179c1/cmd/fieldnamedocscheck/field_name_docs_check.go
[gosec] 2026/02/05 17:13:57 Import directory: /tmp/blitzy/blitzy-kubernetes/blitzy5f91179c1/cmd/kubeadm/app/phases/addons/proxy
[gosec] 2026/02/05 17:13:57 Import directory: /tmp/blitzy/blitzy-kubernetes/blitzy5f91179c1/cmd/kubectl-convert
[gosec] 2026/02/05 17:13:57 Import directory: /tmp/blitzy/blitzy-kubernetes/blitzy5f91179c1/cmd/import-boss/testdata/simple-fwd/forbidden/f1
[gosec] 2026/02/05 17:13:57 Checking package: node
[gosec] 2026/02/05 17:13:57 Checking file: /tmp/blitzy/blitzy-kubernetes/blitzy5f91179c1/cmd/kubeadm/app/phases/bootstraptoken/node/tlsbootstrap.go
[gosec] 2026/02/05 17:13:57 Import directory: /tmp/blitzy/blitzy-kubernetes/blitzy5f91179c1/cmd/import-boss/testdata/transitive/allowed/a1
[gosec] 2026/02/05 17:13:57 Checking file: /tmp/blitzy/blitzy-kubernetes/blitzy5f91179c1/cmd/kubeadm/app/phases/bootstraptoken/node/token.go
[gosec] 2026/02/05 17:13:57 Import directory: /tmp/blitzy/blitzy-kubernetes/blitzy5f91179c1/cmd/kube-controller-manager/app/config
[gosec] 2026/02/05 17:13:57 Checking package: main
[gosec] 2026/02/05 17:13:57 Checking file: /tmp/blitzy/blitzy-kubernetes/blitzy5f91179c1/cmd/kube-apiserver/apiserver.go
[gosec] 2026/02/05 17:13:57 Checking package: f1
[gosec] 2026/02/05 17:13:57 Checking file: /tmp/blitzy/blitzy-kubernetes/blitzy5f91179c1/cmd/import-boss/testdata/simple-fwd/forbidden/f1/file.go
[gosec] 2026/02/05 17:13:57 Checking package: options
[gosec] 2026/02/05 17:13:57 Checking file: /tmp/blitzy/blitzy-kubernetes/blitzy5f91179c1/cmd/kube-controller-manager/app/options/attachdetachcontroller.go
[gosec] 2026/02/05 17:13:57 Import directory: /tmp/blitzy/blitzy-kubernetes/blitzy5f91179c1/cmd/kube-scheduler/app/options
[gosec] 2026/02/05 17:13:57 Import directory: /tmp/blitzy/blitzy-kubernetes/blitzy5f91179c1/cmd/kubeadm/app/cmd/options
[gosec] 2026/02/05 17:13:58 Checking file: /tmp/blitzy/blitzy-kubernetes/blitzy5f91179c1/cmd/kube-controller-manager/app/options/cronjobcontroller.go
[gosec] 2026/02/05 17:13:58 Checking file: /tmp/blitzy/blitzy-kubernetes/blitzy5f91179c1/cmd/kube-controller-manager/app/options/csrsigningcontroller.go
[gosec] 2026/02/05 17:13:58 Checking file: /tmp/blitzy/blitzy-kubernetes/blitzy5f91179c1/cmd/kube-controller-manager/app/options/daemonsetcontroller.go
[gosec] 2026/02/05 17:13:59 Checking file: /tmp/blitzy/blitzy-kubernetes/blitzy5f91179c1/cmd/kube-controller-manager/app/options/deploymentcontroller.go
[gosec] 2026/02/05 17:13:59 Checking file: /tmp/blitzy/blitzy-kubernetes/blitzy5f91179c1/cmd/kube-controller-manager/app/options/deprecatedcontroller.go
[gosec] 2026/02/05 17:13:59 Checking file: /tmp/blitzy/blitzy-kubernetes/blitzy5f91179c1/cmd/kube-controller-manager/app/options/devicetaintevictioncontroller.go
[gosec] 2026/02/05 17:13:59 Checking file: /tmp/blitzy/blitzy-kubernetes/blitzy5f91179c1/cmd/kube-controller-manager/app/options/endpointcontroller.go
[gosec] 2026/02/05 17:13:59 Checking file: /tmp/blitzy/blitzy-kubernetes/blitzy5f91179c1/cmd/kube-controller-manager/app/options/endpointslicecontroller.go
[gosec] 2026/02/05 17:13:59 Checking file: /tmp/blitzy/blitzy-kubernetes/blitzy5f91179c1/cmd/kube-controller-manager/app/options/endpointslicemirroringcontroller.go
[gosec] 2026/02/05 17:13:59 Checking file: /tmp/blitzy/blitzy-kubernetes/blitzy5f91179c1/cmd/kube-controller-manager/app/options/ephemeralcontroller.go
[gosec] 2026/02/05 17:13:59 Checking file: /tmp/blitzy/blitzy-kubernetes/blitzy5f91179c1/cmd/kube-controller-manager/app/options/garbagecollectorcontroller.go
[gosec] 2026/02/05 17:14:00 Checking file: /tmp/blitzy/blitzy-kubernetes/blitzy5f91179c1/cmd/kube-controller-manager/app/options/hpacontroller.go
[gosec] 2026/02/05 17:14:00 Checking file: /tmp/blitzy/blitzy-kubernetes/blitzy5f91179c1/cmd/kube-controller-manager/app/options/jobcontroller.go
[gosec] 2026/02/05 17:14:00 Checking file: /tmp/blitzy/blitzy-kubernetes/blitzy5f91179c1/cmd/kube-controller-manager/app/options/legacyserviceaccounttokencleaner.go
[gosec] 2026/02/05 17:14:00 Checking file: /tmp/blitzy/blitzy-kubernetes/blitzy5f91179c1/cmd/kube-controller-manager/app/options/namespacecontroller.go
[gosec] 2026/02/05 17:14:00 Checking file: /tmp/blitzy/blitzy-kubernetes/blitzy5f91179c1/cmd/kube-controller-manager/app/options/nodeipamcontroller.go
[gosec] 2026/02/05 17:14:00 Checking file: /tmp/blitzy/blitzy-kubernetes/blitzy5f91179c1/cmd/kube-controller-manager/app/options/nodelifecyclecontroller.go
[gosec] 2026/02/05 17:14:00 Checking file: /tmp/blitzy/blitzy-kubernetes/blitzy5f91179c1/cmd/kube-controller-manager/app/options/options.go
[gosec] 2026/02/05 17:14:03 Checking file: /tmp/blitzy/blitzy-kubernetes/blitzy5f91179c1/cmd/kube-controller-manager/app/options/persistentvolumebindercontroller.go
[gosec] 2026/02/05 17:14:03 Checking file: /tmp/blitzy/blitzy-kubernetes/blitzy5f91179c1/cmd/kube-controller-manager/app/options/podgccontroller.go
[gosec] 2026/02/05 17:14:03 Checking file: /tmp/blitzy/blitzy-kubernetes/blitzy5f91179c1/cmd/kube-controller-manager/app/options/replicasetcontroller.go
[gosec] 2026/02/05 17:14:03 Checking file: /tmp/blitzy/blitzy-kubernetes/blitzy5f91179c1/cmd/kube-controller-manager/app/options/replicationcontroller.go
[gosec] 2026/02/05 17:14:03 Checking file: /tmp/blitzy/blitzy-kubernetes/blitzy5f91179c1/cmd/kube-controller-manager/app/options/resourcequotacontroller.go
[gosec] 2026/02/05 17:14:04 Checking file: /tmp/blitzy/blitzy-kubernetes/blitzy5f91179c1/cmd/kube-controller-manager/app/options/serviceaccountcontroller.go
[gosec] 2026/02/05 17:14:04 Checking file: /tmp/blitzy/blitzy-kubernetes/blitzy5f91179c1/cmd/kube-controller-manager/app/options/statefulsetcontroller.go
[gosec] 2026/02/05 17:14:04 Checking file: /tmp/blitzy/blitzy-kubernetes/blitzy5f91179c1/cmd/kube-controller-manager/app/options/ttlafterfinishedcontroller.go
[gosec] 2026/02/05 17:14:04 Checking file: /tmp/blitzy/blitzy-kubernetes/blitzy5f91179c1/cmd/kube-controller-manager/app/options/validatingadmissionpolicycontroller.go
[gosec] 2026/02/05 17:14:04 Checking package: a1
[gosec] 2026/02/05 17:14:04 Checking file: /tmp/blitzy/blitzy-kubernetes/blitzy5f91179c1/cmd/import-boss/testdata/transitive/allowed/a1/file.go
[gosec] 2026/02/05 17:14:04 Checking package: proxy
[gosec] 2026/02/05 17:14:04 Checking file: /tmp/blitzy/blitzy-kubernetes/blitzy5f91179c1/cmd/kubeadm/app/phases/addons/proxy/manifests.go
[gosec] 2026/02/05 17:14:04 Checking file: /tmp/blitzy/blitzy-kubernetes/blitzy5f91179c1/cmd/kubeadm/app/phases/addons/proxy/proxy.go
[gosec] 2026/02/05 17:14:04 Import directory: /tmp/blitzy/blitzy-kubernetes/blitzy5f91179c1/cmd/import-boss/testdata/inverse/neither
[gosec] 2026/02/05 17:14:04 Import directory: /tmp/blitzy/blitzy-kubernetes/blitzy5f91179c1/cmd/import-boss/testdata/inverse/neither/n2
[gosec] 2026/02/05 17:14:05 Checking package: main
[gosec] 2026/02/05 17:14:05 Checking file: /tmp/blitzy/blitzy-kubernetes/blitzy5f91179c1/cmd/kubectl-convert/kubectl-convert.go
[gosec] 2026/02/05 17:14:05 Import directory: /tmp/blitzy/blitzy-kubernetes/blitzy5f91179c1/cmd/import-boss/testdata/simple-fwd/allowed/a2
[gosec] 2026/02/05 17:14:05 Checking package: options
[gosec] 2026/02/05 17:14:05 Checking file: /tmp/blitzy/blitzy-kubernetes/blitzy5f91179c1/cmd/kubeadm/app/cmd/options/argslice.go
[gosec] 2026/02/05 17:14:05 Import directory: /tmp/blitzy/blitzy-kubernetes/blitzy5f91179c1/cmd/import-boss/testdata/simple-fwd/neither/n1
[gosec] 2026/02/05 17:14:05 Checking file: /tmp/blitzy/blitzy-kubernetes/blitzy5f91179c1/cmd/kubeadm/app/cmd/options/certs.go
[gosec] 2026/02/05 17:14:05 Checking file: /tmp/blitzy/blitzy-kubernetes/blitzy5f91179c1/cmd/kubeadm/app/cmd/options/constant.go
[gosec] 2026/02/05 17:14:05 Checking file: /tmp/blitzy/blitzy-kubernetes/blitzy5f91179c1/cmd/kubeadm/app/cmd/options/doc.go
[gosec] 2026/02/05 17:14:05 Checking file: /tmp/blitzy/blitzy-kubernetes/blitzy5f91179c1/cmd/kubeadm/app/cmd/options/generic.go
[gosec] 2026/02/05 17:14:05 Checking file: /tmp/blitzy/blitzy-kubernetes/blitzy5f91179c1/cmd/kubeadm/app/cmd/options/token.go
[gosec] 2026/02/05 17:14:05 Checking package: app
[gosec] 2026/02/05 17:14:05 Checking file: /tmp/blitzy/blitzy-kubernetes/blitzy5f91179c1/cmd/kube-proxy/app/conntrack.go
[gosec] 2026/02/05 17:14:05 Import directory: /tmp/blitzy/blitzy-kubernetes/blitzy5f91179c1/cmd/kubeadm/app/apis/output
[gosec] 2026/02/05 17:14:05 Checking file: /tmp/blitzy/blitzy-kubernetes/blitzy5f91179c1/cmd/kube-proxy/app/init_linux.go
[gosec] 2026/02/05 17:14:05 Checking file: /tmp/blitzy/blitzy-kubernetes/blitzy5f91179c1/cmd/kube-proxy/app/options.go
[gosec] 2026/02/05 17:14:07 Checking file: /tmp/blitzy/blitzy-kubernetes/blitzy5f91179c1/cmd/kube-proxy/app/server.go
[gosec] 2026/02/05 17:14:08 Checking file: /tmp/blitzy/blitzy-kubernetes/blitzy5f91179c1/cmd/kube-proxy/app/server_linux.go
[gosec] 2026/02/05 17:14:09 Checking package: testing
[gosec] 2026/02/05 17:14:09 Checking file: /tmp/blitzy/blitzy-kubernetes/blitzy5f91179c1/cmd/kube-controller-manager/app/testing/testserver.go
[gosec] 2026/02/05 17:14:09 Import directory: /tmp/blitzy/blitzy-kubernetes/blitzy5f91179c1/cmd/kubeadm/app/phases/addons/dns
[gosec] 2026/02/05 17:14:09 Checking package: config
[gosec] 2026/02/05 17:14:09 Checking file: /tmp/blitzy/blitzy-kubernetes/blitzy5f91179c1/cmd/kube-controller-manager/app/config/config.go
[gosec] 2026/02/05 17:14:09 Import directory: /tmp/blitzy/blitzy-kubernetes/blitzy5f91179c1/cmd/kubeadm/app/util/users
[gosec] 2026/02/05 17:14:09 Checking package: options
[gosec] 2026/02/05 17:14:09 Checking file: /tmp/blitzy/blitzy-kubernetes/blitzy5f91179c1/cmd/kube-scheduler/app/options/configfile.go
[gosec] 2026/02/05 17:14:09 Import directory: /tmp/blitzy/blitzy-kubernetes/blitzy5f91179c1/cmd/kubeadm/test
[gosec] 2026/02/05 17:14:10 Checking file: /tmp/blitzy/blitzy-kubernetes/blitzy5f91179c1/cmd/kube-scheduler/app/options/deprecated.go
[gosec] 2026/02/05 17:14:10 Checking file: /tmp/blitzy/blitzy-kubernetes/blitzy5f91179c1/cmd/kube-scheduler/app/options/options.go
[gosec] 2026/02/05 17:14:10 Checking package: neither
[gosec] 2026/02/05 17:14:10 Checking file: /tmp/blitzy/blitzy-kubernetes/blitzy5f91179c1/cmd/import-boss/testdata/inverse/neither/file.go
[gosec] 2026/02/05 17:14:10 Import directory: /tmp/blitzy/blitzy-kubernetes/blitzy5f91179c1/cmd/import-boss/testdata/transitive/aaa
[gosec] 2026/02/05 17:14:10 Checking package: n2
[gosec] 2026/02/05 17:14:10 Checking file: /tmp/blitzy/blitzy-kubernetes/blitzy5f91179c1/cmd/import-boss/testdata/inverse/neither/n2/file.go
[gosec] 2026/02/05 17:14:10 Import directory: /tmp/blitzy/blitzy-kubernetes/blitzy5f91179c1/cmd/kubeadm/app/apis/output/fuzzer
[gosec] 2026/02/05 17:14:10 Checking package: a2
[gosec] 2026/02/05 17:14:10 Checking file: /tmp/blitzy/blitzy-kubernetes/blitzy5f91179c1/cmd/import-boss/testdata/simple-fwd/allowed/a2/file.go
[gosec] 2026/02/05 17:14:10 Import directory: /tmp/blitzy/blitzy-kubernetes/blitzy5f91179c1/cmd/kubeadm/app/util/errors
[gosec] 2026/02/05 17:14:10 Checking package: n1
[gosec] 2026/02/05 17:14:10 Checking file: /tmp/blitzy/blitzy-kubernetes/blitzy5f91179c1/cmd/import-boss/testdata/simple-fwd/neither/n1/file.go
[gosec] 2026/02/05 17:14:10 Import directory: /tmp/blitzy/blitzy-kubernetes/blitzy5f91179c1/cmd/prune-junit-xml
[gosec] 2026/02/05 17:14:10 Checking package: output
[gosec] 2026/02/05 17:14:10 Checking file: /tmp/blitzy/blitzy-kubernetes/blitzy5f91179c1/cmd/kubeadm/app/apis/output/doc.go
[gosec] 2026/02/05 17:14:10 Checking file: /tmp/blitzy/blitzy-kubernetes/blitzy5f91179c1/cmd/kubeadm/app/apis/output/register.go
[gosec] 2026/02/05 17:14:10 Import directory: /tmp/blitzy/blitzy-kubernetes/blitzy5f91179c1/cmd/genman
[gosec] 2026/02/05 17:14:11 Checking file: /tmp/blitzy/blitzy-kubernetes/blitzy5f91179c1/cmd/kubeadm/app/apis/output/types.go
[gosec] 2026/02/05 17:14:11 Checking file: /tmp/blitzy/blitzy-kubernetes/blitzy5f91179c1/cmd/kubeadm/app/apis/output/zz_generated.deepcopy.go
[gosec] 2026/02/05 17:14:12 Checking package: dns
[gosec] 2026/02/05 17:14:12 Checking file: /tmp/blitzy/blitzy-kubernetes/blitzy5f91179c1/cmd/kubeadm/app/phases/addons/dns/dns.go
[gosec] 2026/02/05 17:14:12 Import directory: /tmp/blitzy/blitzy-kubernetes/blitzy5f91179c1/cmd/import-boss/testdata/simple-fwd/aaa
[gosec] 2026/02/05 17:14:13 Checking file: /tmp/blitzy/blitzy-kubernetes/blitzy5f91179c1/cmd/kubeadm/app/phases/addons/dns/manifests.go
[gosec] 2026/02/05 17:14:13 Checking package: users
[gosec] 2026/02/05 17:14:13 Checking file: /tmp/blitzy/blitzy-kubernetes/blitzy5f91179c1/cmd/kubeadm/app/util/users/users_linux.go
[gosec] 2026/02/05 17:14:13 Import directory: /tmp/blitzy/blitzy-kubernetes/blitzy5f91179c1/cmd/import-boss/testdata/transitive/forbidden/f1
[gosec] 2026/02/05 17:14:15 Checking package: test
[gosec] 2026/02/05 17:14:15 Checking file: /tmp/blitzy/blitzy-kubernetes/blitzy5f91179c1/cmd/kubeadm/test/util.go
[gosec] 2026/02/05 17:14:15 Import directory: /tmp/blitzy/blitzy-kubernetes/blitzy5f91179c1/cmd/import-boss/testdata/transitive/forbidden
[gosec] 2026/02/05 17:14:15 Checking package: aaa
[gosec] 2026/02/05 17:14:15 Checking file: /tmp/blitzy/blitzy-kubernetes/blitzy5f91179c1/cmd/import-boss/testdata/transitive/aaa/file.go
[gosec] 2026/02/05 17:14:15 Import directory: /tmp/blitzy/blitzy-kubernetes/blitzy5f91179c1/cmd/kubeadm/app/preflight
[gosec] 2026/02/05 17:14:15 Checking package: errors
[gosec] 2026/02/05 17:14:15 Checking file: /tmp/blitzy/blitzy-kubernetes/blitzy5f91179c1/cmd/kubeadm/app/util/errors/errors.go
[gosec] 2026/02/05 17:14:15 Import directory: /tmp/blitzy/blitzy-kubernetes/blitzy5f91179c1/cmd/import-boss/testdata/simple-fwd/allowed
[gosec] 2026/02/05 17:14:16 Checking package: main
[gosec] 2026/02/05 17:14:16 Checking file: /tmp/blitzy/blitzy-kubernetes/blitzy5f91179c1/cmd/prune-junit-xml/prunexml.go
[gosec] 2026/02/05 17:14:16 Import directory: /tmp/blitzy/blitzy-kubernetes/blitzy5f91179c1/cmd/kubeadm/app/cmd/util
[gosec] 2026/02/05 17:14:16 Checking package: fuzzer
[gosec] 2026/02/05 17:14:16 Checking file: /tmp/blitzy/blitzy-kubernetes/blitzy5f91179c1/cmd/kubeadm/app/apis/output/fuzzer/fuzzer.go
[gosec] 2026/02/05 17:14:16 Import directory: /tmp/blitzy/blitzy-kubernetes/blitzy5f91179c1/cmd/kubeadm/app/phases/markcontrolplane
[gosec] 2026/02/05 17:14:16 Checking package: aaa
[gosec] 2026/02/05 17:14:16 Checking file: /tmp/blitzy/blitzy-kubernetes/blitzy5f91179c1/cmd/import-boss/testdata/simple-fwd/aaa/file.go
[gosec] 2026/02/05 17:14:16 Import directory: /tmp/blitzy/blitzy-kubernetes/blitzy5f91179c1/cmd/import-boss/testdata/nested-fwd/allowed-by-sub
[gosec] 2026/02/05 17:14:16 Checking package: main
[gosec] 2026/02/05 17:14:16 Checking file: /tmp/blitzy/blitzy-kubernetes/blitzy5f91179c1/cmd/genman/gen_kube_man.go
[gosec] 2026/02/05 17:14:16 Import directory: /tmp/blitzy/blitzy-kubernetes/blitzy5f91179c1/cmd/kube-scheduler/app
[gosec] 2026/02/05 17:14:16 Checking package: f1
[gosec] 2026/02/05 17:14:16 Checking file: /tmp/blitzy/blitzy-kubernetes/blitzy5f91179c1/cmd/import-boss/testdata/transitive/forbidden/f1/file.go
[gosec] 2026/02/05 17:14:16 Checking package: forbidden
[gosec] 2026/02/05 17:14:16 Import directory: /tmp/blitzy/blitzy-kubernetes/blitzy5f91179c1/cmd/kubeadm/app/cmd
[gosec] 2026/02/05 17:14:16 Import directory: /tmp/blitzy/blitzy-kubernetes/blitzy5f91179c1/cmd/kubeadm/app/cmd/phases/upgrade/node
[gosec] 2026/02/05 17:14:16 Checking file: /tmp/blitzy/blitzy-kubernetes/blitzy5f91179c1/cmd/import-boss/testdata/transitive/forbidden/file.go
[gosec] 2026/02/05 17:14:16 Checking package: allowed
[gosec] 2026/02/05 17:14:16 Checking file: /tmp/blitzy/blitzy-kubernetes/blitzy5f91179c1/cmd/import-boss/testdata/simple-fwd/allowed/file.go
[gosec] 2026/02/05 17:14:16 Import directory: /tmp/blitzy/blitzy-kubernetes/blitzy5f91179c1/cmd/kubeadm/app/discovery
[gosec] 2026/02/05 17:14:16 Checking package: preflight
[gosec] 2026/02/05 17:14:16 Checking file: /tmp/blitzy/blitzy-kubernetes/blitzy5f91179c1/cmd/kubeadm/app/preflight/checks.go
[gosec] 2026/02/05 17:14:16 Import directory: /tmp/blitzy/blitzy-kubernetes/blitzy5f91179c1/cmd/kubeadm/app/phases/kubeconfig
[gosec] 2026/02/05 17:14:20 Checking file: /tmp/blitzy/blitzy-kubernetes/blitzy5f91179c1/cmd/kubeadm/app/preflight/checks_linux.go
[gosec] 2026/02/05 17:14:20 Checking file: /tmp/blitzy/blitzy-kubernetes/blitzy5f91179c1/cmd/kubeadm/app/preflight/checks_unix.go
[gosec] 2026/02/05 17:14:20 Checking file: /tmp/blitzy/blitzy-kubernetes/blitzy5f91179c1/cmd/kubeadm/app/preflight/utils.go
[gosec] 2026/02/05 17:14:20 Checking package: util
[gosec] 2026/02/05 17:14:20 Checking file: /tmp/blitzy/blitzy-kubernetes/blitzy5f91179c1/cmd/kubeadm/app/cmd/util/cmdutil.go
[gosec] 2026/02/05 17:14:20 Import directory: /tmp/blitzy/blitzy-kubernetes/blitzy5f91179c1/cmd/kube-apiserver/app/testing
[gosec] 2026/02/05 17:14:20 Checking file: /tmp/blitzy/blitzy-kubernetes/blitzy5f91179c1/cmd/kubeadm/app/cmd/util/documentation.go
[gosec] 2026/02/05 17:14:20 Checking file: /tmp/blitzy/blitzy-kubernetes/blitzy5f91179c1/cmd/kubeadm/app/cmd/util/join.go
[gosec] 2026/02/05 17:14:20 Checking package: allowedbysub
[gosec] 2026/02/05 17:14:20 Checking file: /tmp/blitzy/blitzy-kubernetes/blitzy5f91179c1/cmd/import-boss/testdata/nested-fwd/allowed-by-sub/file.go
[gosec] 2026/02/05 17:14:20 Import directory: /tmp/blitzy/blitzy-kubernetes/blitzy5f91179c1/cmd/kubeadm/app/apis/output/scheme
[gosec] 2026/02/05 17:14:20 Checking package: markcontrolplane
[gosec] 2026/02/05 17:14:20 Checking file: /tmp/blitzy/blitzy-kubernetes/blitzy5f91179c1/cmd/kubeadm/app/phases/markcontrolplane/markcontrolplane.go
[gosec] 2026/02/05 17:14:20 Import directory: /tmp/blitzy/blitzy-kubernetes/blitzy5f91179c1/cmd/kubeadm/app/phases/upgrade
[gosec] 2026/02/05 17:14:20 Checking package: discovery
[gosec] 2026/02/05 17:14:20 Checking file: /tmp/blitzy/blitzy-kubernetes/blitzy5f91179c1/cmd/kubeadm/app/discovery/discovery.go
[gosec] 2026/02/05 17:14:21 Import directory: /tmp/blitzy/blitzy-kubernetes/blitzy5f91179c1/cmd/kubeadm/test/cmd
[gosec] 2026/02/05 17:14:21 Checking package: kubeconfig
[gosec] 2026/02/05 17:14:21 Checking file: /tmp/blitzy/blitzy-kubernetes/blitzy5f91179c1/cmd/kubeadm/app/phases/kubeconfig/doc.go
[gosec] 2026/02/05 17:14:21 Checking file: /tmp/blitzy/blitzy-kubernetes/blitzy5f91179c1/cmd/kubeadm/app/phases/kubeconfig/kubeconfig.go
[gosec] 2026/02/05 17:14:21 Import directory: /tmp/blitzy/blitzy-kubernetes/blitzy5f91179c1/cmd/import-boss/testdata/inverse/aaa
[gosec] 2026/02/05 17:14:23 Checking package: node
[gosec] 2026/02/05 17:14:23 Checking file: /tmp/blitzy/blitzy-kubernetes/blitzy5f91179c1/cmd/kubeadm/app/cmd/phases/upgrade/node/controlplane.go
[gosec] 2026/02/05 17:14:23 Import directory: /tmp/blitzy/blitzy-kubernetes/blitzy5f91179c1/cmd/import-boss/testdata/transitive/forbidden/f2
[gosec] 2026/02/05 17:14:23 Checking file: /tmp/blitzy/blitzy-kubernetes/blitzy5f91179c1/cmd/kubeadm/app/cmd/phases/upgrade/node/data.go
[gosec] 2026/02/05 17:14:23 Checking file: /tmp/blitzy/blitzy-kubernetes/blitzy5f91179c1/cmd/kubeadm/app/cmd/phases/upgrade/node/kubeconfig.go
[gosec] 2026/02/05 17:14:23 Checking file: /tmp/blitzy/blitzy-kubernetes/blitzy5f91179c1/cmd/kubeadm/app/cmd/phases/upgrade/node/preflight.go
[gosec] 2026/02/05 17:14:23 Checking package: app
[gosec] 2026/02/05 17:14:23 Checking file: /tmp/blitzy/blitzy-kubernetes/blitzy5f91179c1/cmd/kube-scheduler/app/server.go
[gosec] 2026/02/05 17:14:23 Import directory: /tmp/blitzy/blitzy-kubernetes/blitzy5f91179c1/cmd/kube-scheduler
[gosec] 2026/02/05 17:14:24 Checking package: cmd
[gosec] 2026/02/05 17:14:24 Checking file: /tmp/blitzy/blitzy-kubernetes/blitzy5f91179c1/cmd/kubeadm/app/cmd/certs.go
[gosec] 2026/02/05 17:14:24 Import directory: /tmp/blitzy/blitzy-kubernetes/blitzy5f91179c1/cmd/kubeadm/app/apis/kubeadm
[gosec] 2026/02/05 17:14:26 Checking file: /tmp/blitzy/blitzy-kubernetes/blitzy5f91179c1/cmd/kubeadm/app/cmd/cmd.go
[gosec] 2026/02/05 17:14:26 Checking file: /tmp/blitzy/blitzy-kubernetes/blitzy5f91179c1/cmd/kubeadm/app/cmd/completion.go
[gosec] 2026/02/05 17:14:26 Checking file: /tmp/blitzy/blitzy-kubernetes/blitzy5f91179c1/cmd/kubeadm/app/cmd/config.go
[gosec] 2026/02/05 17:14:28 Checking file: /tmp/blitzy/blitzy-kubernetes/blitzy5f91179c1/cmd/kubeadm/app/cmd/init.go
[gosec] 2026/02/05 17:14:29 Checking file: /tmp/blitzy/blitzy-kubernetes/blitzy5f91179c1/cmd/kubeadm/app/cmd/join.go
[gosec] 2026/02/05 17:14:31 Checking file: /tmp/blitzy/blitzy-kubernetes/blitzy5f91179c1/cmd/kubeadm/app/cmd/kubeconfig.go
[gosec] 2026/02/05 17:14:31 Checking file: /tmp/blitzy/blitzy-kubernetes/blitzy5f91179c1/cmd/kubeadm/app/cmd/reset.go
[gosec] 2026/02/05 17:14:32 Checking file: /tmp/blitzy/blitzy-kubernetes/blitzy5f91179c1/cmd/kubeadm/app/cmd/token.go
[gosec] 2026/02/05 17:14:33 Checking file: /tmp/blitzy/blitzy-kubernetes/blitzy5f91179c1/cmd/kubeadm/app/cmd/version.go
[gosec] 2026/02/05 17:14:33 Checking package: scheme
[gosec] 2026/02/05 17:14:33 Checking file: /tmp/blitzy/blitzy-kubernetes/blitzy5f91179c1/cmd/kubeadm/app/apis/output/scheme/scheme.go
[gosec] 2026/02/05 17:14:33 Import directory: /tmp/blitzy/blitzy-kubernetes/blitzy5f91179c1/cmd/kubeadm/app/cmd/alpha
[gosec] 2026/02/05 17:14:33 Checking package: kubeadm
[gosec] 2026/02/05 17:14:33 Checking file: /tmp/blitzy/blitzy-kubernetes/blitzy5f91179c1/cmd/kubeadm/test/cmd/util.go
[gosec] 2026/02/05 17:14:33 Import directory: /tmp/blitzy/blitzy-kubernetes/blitzy5f91179c1/cmd/kubeadm/app/phases/copycerts
[gosec] 2026/02/05 17:14:33 Checking package: aaa
[gosec] 2026/02/05 17:14:33 Checking file: /tmp/blitzy/blitzy-kubernetes/blitzy5f91179c1/cmd/import-boss/testdata/inverse/aaa/file.go
[gosec] 2026/02/05 17:14:33 Import directory: /tmp/blitzy/blitzy-kubernetes/blitzy5f91179c1/cmd/kubeadm/app/util/image
[gosec] 2026/02/05 17:14:33 Checking package: testing
[gosec] 2026/02/05 17:14:33 Checking file: /tmp/blitzy/blitzy-kubernetes/blitzy5f91179c1/cmd/kube-apiserver/app/testing/testserver.go
[gosec] 2026/02/05 17:14:33 Import directory: /tmp/blitzy/blitzy-kubernetes/blitzy5f91179c1/cmd/kubeadm/app/util/initsystem
[gosec] 2026/02/05 17:14:34 Checking package: upgrade
[gosec] 2026/02/05 17:14:34 Checking file: /tmp/blitzy/blitzy-kubernetes/blitzy5f91179c1/cmd/kubeadm/app/phases/upgrade/compute.go
[gosec] 2026/02/05 17:14:34 Import directory: /tmp/blitzy/blitzy-kubernetes/blitzy5f91179c1/cmd/import-boss/testdata/inverse/neither/n1
[gosec] 2026/02/05 17:14:35 Checking file: /tmp/blitzy/blitzy-kubernetes/blitzy5f91179c1/cmd/kubeadm/app/phases/upgrade/health.go
[gosec] 2026/02/05 17:14:35 Checking file: /tmp/blitzy/blitzy-kubernetes/blitzy5f91179c1/cmd/kubeadm/app/phases/upgrade/policy.go
[gosec] 2026/02/05 17:14:36 Checking file: /tmp/blitzy/blitzy-kubernetes/blitzy5f91179c1/cmd/kubeadm/app/phases/upgrade/postupgrade.go
[gosec] 2026/02/05 17:14:36 Checking file: /tmp/blitzy/blitzy-kubernetes/blitzy5f91179c1/cmd/kubeadm/app/phases/upgrade/preflight.go
[gosec] 2026/02/05 17:14:37 Checking file: /tmp/blitzy/blitzy-kubernetes/blitzy5f91179c1/cmd/kubeadm/app/phases/upgrade/staticpods.go
[gosec] 2026/02/05 17:14:38 Checking file: /tmp/blitzy/blitzy-kubernetes/blitzy5f91179c1/cmd/kubeadm/app/phases/upgrade/versiongetter.go
[gosec] 2026/02/05 17:14:38 Checking package: f2
[gosec] 2026/02/05 17:14:38 Checking file: /tmp/blitzy/blitzy-kubernetes/blitzy5f91179c1/cmd/import-boss/testdata/transitive/forbidden/f2/file.go
[gosec] 2026/02/05 17:14:38 Checking package: main
[gosec] 2026/02/05 17:14:38 Checking file: /tmp/blitzy/blitzy-kubernetes/blitzy5f91179c1/cmd/kube-scheduler/scheduler.go
[gosec] 2026/02/05 17:14:38 Checking package: kubeadm
[gosec] 2026/02/05 17:14:38 Checking file: /tmp/blitzy/blitzy-kubernetes/blitzy5f91179c1/cmd/kubeadm/app/apis/kubeadm/apiendpoint.go
[gosec] 2026/02/05 17:14:38 Import directory: /tmp/blitzy/blitzy-kubernetes/blitzy5f91179c1/cmd/kubeadm/app/cmd/upgrade
[gosec] 2026/02/05 17:14:38 Import directory: /tmp/blitzy/blitzy-kubernetes/blitzy5f91179c1/cmd/kubeadm/app/images
[gosec] 2026/02/05 17:14:38 Import directory: /tmp/blitzy/blitzy-kubernetes/blitzy5f91179c1/cmd/import-boss/testdata/nested-fwd/forbidden-by-root
[gosec] 2026/02/05 17:14:39 Checking file: /tmp/blitzy/blitzy-kubernetes/blitzy5f91179c1/cmd/kubeadm/app/apis/kubeadm/argument.go
[gosec] 2026/02/05 17:14:39 Checking file: /tmp/blitzy/blitzy-kubernetes/blitzy5f91179c1/cmd/kubeadm/app/apis/kubeadm/doc.go
[gosec] 2026/02/05 17:14:39 Checking file: /tmp/blitzy/blitzy-kubernetes/blitzy5f91179c1/cmd/kubeadm/app/apis/kubeadm/register.go
[gosec] 2026/02/05 17:14:39 Checking file: /tmp/blitzy/blitzy-kubernetes/blitzy5f91179c1/cmd/kubeadm/app/apis/kubeadm/timeoututils.go
[gosec] 2026/02/05 17:14:39 Checking file: /tmp/blitzy/blitzy-kubernetes/blitzy5f91179c1/cmd/kubeadm/app/apis/kubeadm/types.go
[gosec] 2026/02/05 17:14:39 Checking file: /tmp/blitzy/blitzy-kubernetes/blitzy5f91179c1/cmd/kubeadm/app/apis/kubeadm/zz_generated.deepcopy.go
[gosec] 2026/02/05 17:14:44 Checking package: alpha
[gosec] 2026/02/05 17:14:44 Checking file: /tmp/blitzy/blitzy-kubernetes/blitzy5f91179c1/cmd/kubeadm/app/cmd/alpha/alpha.go
[gosec] 2026/02/05 17:14:44 Import directory: /tmp/blitzy/blitzy-kubernetes/blitzy5f91179c1/cmd/kubeadm/app/util/pkiutil
[gosec] 2026/02/05 17:14:44 Checking package: image
[gosec] 2026/02/05 17:14:44 Checking file: /tmp/blitzy/blitzy-kubernetes/blitzy5f91179c1/cmd/kubeadm/app/util/image/image.go
[gosec] 2026/02/05 17:14:44 Import directory: /tmp/blitzy/blitzy-kubernetes/blitzy5f91179c1/cmd/kubeadm/app/util/staticpod
[gosec] 2026/02/05 17:14:44 Checking package: initsystem
[gosec] 2026/02/05 17:14:44 Checking file: /tmp/blitzy/blitzy-kubernetes/blitzy5f91179c1/cmd/kubeadm/app/util/initsystem/initsystem.go
[gosec] 2026/02/05 17:14:44 Checking file: /tmp/blitzy/blitzy-kubernetes/blitzy5f91179c1/cmd/kubeadm/app/util/initsystem/initsystem_unix.go
[gosec] 2026/02/05 17:14:44 Import directory: /tmp/blitzy/blitzy-kubernetes/blitzy5f91179c1/cmd/kubeadm/test/kubeconfig
[gosec] 2026/02/05 17:14:44 Checking package: copycerts
[gosec] 2026/02/05 17:14:44 Checking file: /tmp/blitzy/blitzy-kubernetes/blitzy5f91179c1/cmd/kubeadm/app/phases/copycerts/copycerts.go
[gosec] 2026/02/05 17:14:44 Import directory: /tmp/blitzy/blitzy-kubernetes/blitzy5f91179c1/cmd/import-boss/testdata/simple-fwd/forbidden
[gosec] 2026/02/05 17:14:45 Checking file: /tmp/blitzy/blitzy-kubernetes/blitzy5f91179c1/cmd/kubeadm/app/phases/copycerts/testutil_umask.go
[gosec] 2026/02/05 17:14:45 Checking package: n1
[gosec] 2026/02/05 17:14:45 Checking file: /tmp/blitzy/blitzy-kubernetes/blitzy5f91179c1/cmd/import-boss/testdata/inverse/neither/n1/file.go
[gosec] 2026/02/05 17:14:45 Import directory: /tmp/blitzy/blitzy-kubernetes/blitzy5f91179c1/cmd/kubeadm/app/componentconfigs
[gosec] 2026/02/05 17:14:45 Checking package: forbiddenbyroot
[gosec] 2026/02/05 17:14:45 Checking file: /tmp/blitzy/blitzy-kubernetes/blitzy5f91179c1/cmd/import-boss/testdata/nested-fwd/forbidden-by-root/file.go
[gosec] 2026/02/05 17:14:45 Import directory: /tmp/blitzy/blitzy-kubernetes/blitzy5f91179c1/cmd/kubeadm/app/features
[gosec] 2026/02/05 17:14:45 Checking package: images
[gosec] 2026/02/05 17:14:45 Checking file: /tmp/blitzy/blitzy-kubernetes/blitzy5f91179c1/cmd/kubeadm/app/images/images.go
[gosec] 2026/02/05 17:14:45 Import directory: /tmp/blitzy/blitzy-kubernetes/blitzy5f91179c1/cmd/kubeadm/app/phases/certs/renewal
[gosec] 2026/02/05 17:14:45 Checking package: upgrade
[gosec] 2026/02/05 17:14:45 Checking file: /tmp/blitzy/blitzy-kubernetes/blitzy5f91179c1/cmd/kubeadm/app/cmd/upgrade/apply.go
[gosec] 2026/02/05 17:14:45 Import directory: /tmp/blitzy/blitzy-kubernetes/blitzy5f91179c1/cmd/kubelet
[gosec] 2026/02/05 17:14:47 Checking file: /tmp/blitzy/blitzy-kubernetes/blitzy5f91179c1/cmd/kubeadm/app/cmd/upgrade/common.go
[gosec] 2026/02/05 17:14:47 Checking file: /tmp/blitzy/blitzy-kubernetes/blitzy5f91179c1/cmd/kubeadm/app/cmd/upgrade/diff.go
[gosec] 2026/02/05 17:14:48 Checking file: /tmp/blitzy/blitzy-kubernetes/blitzy5f91179c1/cmd/kubeadm/app/cmd/upgrade/node.go
[gosec] 2026/02/05 17:14:48 Checking file: /tmp/blitzy/blitzy-kubernetes/blitzy5f91179c1/cmd/kubeadm/app/cmd/upgrade/plan.go
[gosec] 2026/02/05 17:14:50 Checking file: /tmp/blitzy/blitzy-kubernetes/blitzy5f91179c1/cmd/kubeadm/app/cmd/upgrade/upgrade.go
[gosec] 2026/02/05 17:14:50 Checking package: pkiutil
[gosec] 2026/02/05 17:14:50 Checking file: /tmp/blitzy/blitzy-kubernetes/blitzy5f91179c1/cmd/kubeadm/app/util/pkiutil/pki_helpers.go
[gosec] 2026/02/05 17:14:50 Import directory: /tmp/blitzy/blitzy-kubernetes/blitzy5f91179c1/cmd/kube-apiserver/app
[gosec] 2026/02/05 17:14:52 Checking package: staticpod
[gosec] 2026/02/05 17:14:52 Checking file: /tmp/blitzy/blitzy-kubernetes/blitzy5f91179c1/cmd/kubeadm/app/util/staticpod/utils.go
[gosec] 2026/02/05 17:14:52 Import directory: /tmp/blitzy/blitzy-kubernetes/blitzy5f91179c1/cmd/kubeadm/app/apis/bootstraptoken
[gosec] 2026/02/05 17:14:53 Checking file: /tmp/blitzy/blitzy-kubernetes/blitzy5f91179c1/cmd/kubeadm/app/util/staticpod/utils_linux.go
[gosec] 2026/02/05 17:14:54 Checking package: kubeconfig
[gosec] 2026/02/05 17:14:54 Checking file: /tmp/blitzy/blitzy-kubernetes/blitzy5f91179c1/cmd/kubeadm/test/kubeconfig/util.go
[gosec] 2026/02/05 17:14:54 Import directory: /tmp/blitzy/blitzy-kubernetes/blitzy5f91179c1/cmd/kubeadm/app/discovery/token
[gosec] 2026/02/05 17:14:54 Checking package: forbidden
[gosec] 2026/02/05 17:14:54 Checking file: /tmp/blitzy/blitzy-kubernetes/blitzy5f91179c1/cmd/import-boss/testdata/simple-fwd/forbidden/file.go
[gosec] 2026/02/05 17:14:54 Import directory: /tmp/blitzy/blitzy-kubernetes/blitzy5f91179c1/cmd/kubectl
[gosec] 2026/02/05 17:14:54 Checking package: features
[gosec] 2026/02/05 17:14:54 Checking file: /tmp/blitzy/blitzy-kubernetes/blitzy5f91179c1/cmd/kubeadm/app/features/features.go
[gosec] 2026/02/05 17:14:54 Import directory: /tmp/blitzy/blitzy-kubernetes/blitzy5f91179c1/cmd/import-boss/testdata/transitive/neither/n2
[gosec] 2026/02/05 17:14:54 Checking package: renewal
[gosec] 2026/02/05 17:14:54 Checking file: /tmp/blitzy/blitzy-kubernetes/blitzy5f91179c1/cmd/kubeadm/app/phases/certs/renewal/expiration.go
[gosec] 2026/02/05 17:14:54 Import directory: /tmp/blitzy/blitzy-kubernetes/blitzy5f91179c1/cmd/dependencyverifier
[gosec] 2026/02/05 17:14:54 Checking file: /tmp/blitzy/blitzy-kubernetes/blitzy5f91179c1/cmd/kubeadm/app/phases/certs/renewal/filerenewer.go
[gosec] 2026/02/05 17:14:54 Checking file: /tmp/blitzy/blitzy-kubernetes/blitzy5f91179c1/cmd/kubeadm/app/phases/certs/renewal/manager.go
[gosec] 2026/02/05 17:14:55 Checking file: /tmp/blitzy/blitzy-kubernetes/blitzy5f91179c1/cmd/kubeadm/app/phases/certs/renewal/readwriter.go
[gosec] 2026/02/05 17:14:56 Checking package: componentconfigs
[gosec] 2026/02/05 17:14:56 Checking file: /tmp/blitzy/blitzy-kubernetes/blitzy5f91179c1/cmd/kubeadm/app/componentconfigs/checksums.go
[gosec] 2026/02/05 17:14:56 Import directory: /tmp/blitzy/blitzy-kubernetes/blitzy5f91179c1/cmd/import-boss/testdata/inverse/forbidden/f1
[gosec] 2026/02/05 17:14:56 Checking file: /tmp/blitzy/blitzy-kubernetes/blitzy5f91179c1/cmd/kubeadm/app/componentconfigs/configset.go
[gosec] 2026/02/05 17:14:57 Checking file: /tmp/blitzy/blitzy-kubernetes/blitzy5f91179c1/cmd/kubeadm/app/componentconfigs/kubelet.go
[gosec] 2026/02/05 17:14:57 Checking file: /tmp/blitzy/blitzy-kubernetes/blitzy5f91179c1/cmd/kubeadm/app/componentconfigs/kubelet_unix.go
[gosec] 2026/02/05 17:14:57 Checking file: /tmp/blitzy/blitzy-kubernetes/blitzy5f91179c1/cmd/kubeadm/app/componentconfigs/kubeproxy.go
[gosec] 2026/02/05 17:14:57 Checking file: /tmp/blitzy/blitzy-kubernetes/blitzy5f91179c1/cmd/kubeadm/app/componentconfigs/scheme.go
[gosec] 2026/02/05 17:14:57 Checking file: /tmp/blitzy/blitzy-kubernetes/blitzy5f91179c1/cmd/kubeadm/app/componentconfigs/utils.go
[gosec] 2026/02/05 17:14:57 Checking package: main
[gosec] 2026/02/05 17:14:57 Checking file: /tmp/blitzy/blitzy-kubernetes/blitzy5f91179c1/cmd/kubelet/kubelet.go
[gosec] 2026/02/05 17:14:57 Import directory: /tmp/blitzy/blitzy-kubernetes/blitzy5f91179c1/cmd/kubeadm/app/cmd/phases/reset
[gosec] 2026/02/05 17:14:57 Checking package: app
[gosec] 2026/02/05 17:14:57 Checking file: /tmp/blitzy/blitzy-kubernetes/blitzy5f91179c1/cmd/kube-apiserver/app/aggregator.go
[gosec] 2026/02/05 17:14:57 Import directory: /tmp/blitzy/blitzy-kubernetes/blitzy5f91179c1/cmd/kubeadm/app/phases/bootstraptoken/clusterinfo
[gosec] 2026/02/05 17:14:57 Checking file: /tmp/blitzy/blitzy-kubernetes/blitzy5f91179c1/cmd/kube-apiserver/app/config.go
[gosec] 2026/02/05 17:14:58 Checking file: /tmp/blitzy/blitzy-kubernetes/blitzy5f91179c1/cmd/kube-apiserver/app/server.go
[gosec] 2026/02/05 17:14:58 Checking package: bootstraptoken
[gosec] 2026/02/05 17:14:58 Checking file: /tmp/blitzy/blitzy-kubernetes/blitzy5f91179c1/cmd/kubeadm/app/apis/bootstraptoken/doc.go
[gosec] 2026/02/05 17:14:58 Checking package: n2
[gosec] 2026/02/05 17:14:58 Checking file: /tmp/blitzy/blitzy-kubernetes/blitzy5f91179c1/cmd/import-boss/testdata/transitive/neither/n2/file.go
[gosec] 2026/02/05 17:14:58 Import directory: /tmp/blitzy/blitzy-kubernetes/blitzy5f91179c1/cmd/cloud-controller-manager
[gosec] 2026/02/05 17:14:58 Checking package: token
[gosec] 2026/02/05 17:14:58 Checking file: /tmp/blitzy/blitzy-kubernetes/blitzy5f91179c1/cmd/kubeadm/app/discovery/token/token.go
[gosec] 2026/02/05 17:14:58 Import directory: /tmp/blitzy/blitzy-kubernetes/blitzy5f91179c1/cmd/import-boss/testdata/inverse/allowed/a2
[gosec] 2026/02/05 17:14:58 Import directory: /tmp/blitzy/blitzy-kubernetes/blitzy5f91179c1/cmd/import-boss/testdata/nested-fwd/allowed-by-both
[gosec] 2026/02/05 17:14:59 Checking package: main
[gosec] 2026/02/05 17:14:59 Checking file: /tmp/blitzy/blitzy-kubernetes/blitzy5f91179c1/cmd/dependencyverifier/dependencyverifier.go
[gosec] 2026/02/05 17:14:59 Import directory: /tmp/blitzy/blitzy-kubernetes/blitzy5f91179c1/cmd/import-boss/testdata/nested-fwd/neither/n2
[gosec] 2026/02/05 17:15:00 Checking package: main
[gosec] 2026/02/05 17:15:00 Checking file: /tmp/blitzy/blitzy-kubernetes/blitzy5f91179c1/cmd/kubectl/kubectl.go
[gosec] 2026/02/05 17:15:00 Import directory: /tmp/blitzy/blitzy-kubernetes/blitzy5f91179c1/cmd/kubeadm/app/phases/uploadconfig
[gosec] 2026/02/05 17:15:00 Checking package: f1
[gosec] 2026/02/05 17:15:00 Checking file: /tmp/blitzy/blitzy-kubernetes/blitzy5f91179c1/cmd/import-boss/testdata/inverse/forbidden/f1/file.go
[gosec] 2026/02/05 17:15:00 Import directory: /tmp/blitzy/blitzy-kubernetes/blitzy5f91179c1/cmd/kubeadm/app/util/config
[gosec] 2026/02/05 17:15:00 Checking package: clusterinfo
[gosec] 2026/02/05 17:15:00 Checking file: /tmp/blitzy/blitzy-kubernetes/blitzy5f91179c1/cmd/kubeadm/app/phases/bootstraptoken/clusterinfo/clusterinfo.go
[gosec] 2026/02/05 17:15:00 Import directory: /tmp/blitzy/blitzy-kubernetes/blitzy5f91179c1/cmd/kubeadm/app/util/dryrun
[gosec] 2026/02/05 17:15:00 Checking package: phases
[gosec] 2026/02/05 17:15:00 Checking file: /tmp/blitzy/blitzy-kubernetes/blitzy5f91179c1/cmd/kubeadm/app/cmd/phases/reset/cleanupnode.go
[gosec] 2026/02/05 17:15:00 Import directory: /tmp/blitzy/blitzy-kubernetes/blitzy5f91179c1/cmd/import-boss/testdata/transitive/allowed/a2
[gosec] 2026/02/05 17:15:01 Checking file: /tmp/blitzy/blitzy-kubernetes/blitzy5f91179c1/cmd/kubeadm/app/cmd/phases/reset/data.go
[gosec] 2026/02/05 17:15:01 Checking file: /tmp/blitzy/blitzy-kubernetes/blitzy5f91179c1/cmd/kubeadm/app/cmd/phases/reset/preflight.go
[gosec] 2026/02/05 17:15:01 Checking file: /tmp/blitzy/blitzy-kubernetes/blitzy5f91179c1/cmd/kubeadm/app/cmd/phases/reset/removeetcdmember.go
[gosec] 2026/02/05 17:15:01 Checking file: /tmp/blitzy/blitzy-kubernetes/blitzy5f91179c1/cmd/kubeadm/app/cmd/phases/reset/unmount_linux.go
[gosec] 2026/02/05 17:15:01 Checking package: allowedbyboth
[gosec] 2026/02/05 17:15:01 Checking file: /tmp/blitzy/blitzy-kubernetes/blitzy5f91179c1/cmd/import-boss/testdata/nested-fwd/allowed-by-both/file.go
[gosec] 2026/02/05 17:15:01 Import directory: /tmp/blitzy/blitzy-kubernetes/blitzy5f91179c1/cmd/import-boss/testdata/transitive/neither/n1
[gosec] 2026/02/05 17:15:01 Checking package: a2
[gosec] 2026/02/05 17:15:01 Checking file: /tmp/blitzy/blitzy-kubernetes/blitzy5f91179c1/cmd/import-boss/testdata/inverse/allowed/a2/file.go
[gosec] 2026/02/05 17:15:01 Checking package: n2
[gosec] 2026/02/05 17:15:01 Checking file: /tmp/blitzy/blitzy-kubernetes/blitzy5f91179c1/cmd/import-boss/testdata/nested-fwd/neither/n2/file.go
[gosec] 2026/02/05 17:15:01 Checking package: main
[gosec] 2026/02/05 17:15:01 Checking file: /tmp/blitzy/blitzy-kubernetes/blitzy5f91179c1/cmd/cloud-controller-manager/main.go
[gosec] 2026/02/05 17:15:01 Import directory: /tmp/blitzy/blitzy-kubernetes/blitzy5f91179c1/cmd/prune-junit-xml/logparse
[gosec] 2026/02/05 17:15:01 Import directory: /tmp/blitzy/blitzy-kubernetes/blitzy5f91179c1/cmd/genutils
[gosec] 2026/02/05 17:15:01 Import directory: /tmp/blitzy/blitzy-kubernetes/blitzy5f91179c1/cmd/kubeadm/app/discovery/https
[gosec] 2026/02/05 17:15:01 Checking file: /tmp/blitzy/blitzy-kubernetes/blitzy5f91179c1/cmd/cloud-controller-manager/nodeipamcontroller.go
[gosec] 2026/02/05 17:15:02 Checking file: /tmp/blitzy/blitzy-kubernetes/blitzy5f91179c1/cmd/cloud-controller-manager/providers.go
[gosec] 2026/02/05 17:15:02 Checking package: a2
[gosec] 2026/02/05 17:15:02 Checking file: /tmp/blitzy/blitzy-kubernetes/blitzy5f91179c1/cmd/import-boss/testdata/transitive/allowed/a2/file.go
[gosec] 2026/02/05 17:15:02 Import directory: /tmp/blitzy/blitzy-kubernetes/blitzy5f91179c1/cmd/import-boss/testdata/nested-fwd/allowed-by-root
[gosec] 2026/02/05 17:15:02 Checking package: dryrun
[gosec] 2026/02/05 17:15:02 Checking file: /tmp/blitzy/blitzy-kubernetes/blitzy5f91179c1/cmd/kubeadm/app/util/dryrun/dryrun.go
[gosec] 2026/02/05 17:15:02 Import directory: /tmp/blitzy/blitzy-kubernetes/blitzy5f91179c1/cmd/kubeadm/app/apis/kubeadm/v1beta3
[gosec] 2026/02/05 17:15:02 Checking package: uploadconfig
[gosec] 2026/02/05 17:15:02 Checking file: /tmp/blitzy/blitzy-kubernetes/blitzy5f91179c1/cmd/kubeadm/app/phases/uploadconfig/uploadconfig.go
[gosec] 2026/02/05 17:15:02 Import directory: /tmp/blitzy/blitzy-kubernetes/blitzy5f91179c1/cmd/kubeadm/app/util/apiclient
[gosec] 2026/02/05 17:15:02 Checking package: config
[gosec] 2026/02/05 17:15:02 Checking file: /tmp/blitzy/blitzy-kubernetes/blitzy5f91179c1/cmd/kubeadm/app/util/config/cluster.go
[gosec] 2026/02/05 17:15:02 Import directory: /tmp/blitzy/blitzy-kubernetes/blitzy5f91179c1/cmd/kubeadm/app/util/output
[gosec] 2026/02/05 17:15:03 Checking file: /tmp/blitzy/blitzy-kubernetes/blitzy5f91179c1/cmd/kubeadm/app/util/config/common.go
[gosec] 2026/02/05 17:15:04 Checking file: /tmp/blitzy/blitzy-kubernetes/blitzy5f91179c1/cmd/kubeadm/app/util/config/initconfiguration.go
[gosec] 2026/02/05 17:15:06 Checking file: /tmp/blitzy/blitzy-kubernetes/blitzy5f91179c1/cmd/kubeadm/app/util/config/joinconfiguration.go
[gosec] 2026/02/05 17:15:06 Checking file: /tmp/blitzy/blitzy-kubernetes/blitzy5f91179c1/cmd/kubeadm/app/util/config/resetconfiguration.go
[gosec] 2026/02/05 17:15:07 Checking file: /tmp/blitzy/blitzy-kubernetes/blitzy5f91179c1/cmd/kubeadm/app/util/config/upgradeconfiguration.go
[gosec] 2026/02/05 17:15:07 Checking package: n1
[gosec] 2026/02/05 17:15:07 Checking file: /tmp/blitzy/blitzy-kubernetes/blitzy5f91179c1/cmd/import-boss/testdata/transitive/neither/n1/file.go
[gosec] 2026/02/05 17:15:07 Import directory: /tmp/blitzy/blitzy-kubernetes/blitzy5f91179c1/cmd/import-boss/testdata/inverse/forbidden/f2
[gosec] 2026/02/05 17:15:07 Checking package: genutils
[gosec] 2026/02/05 17:15:07 Checking file: /tmp/blitzy/blitzy-kubernetes/blitzy5f91179c1/cmd/genutils/genutils.go
[gosec] 2026/02/05 17:15:07 Import directory: /tmp/blitzy/blitzy-kubernetes/blitzy5f91179c1/cmd/kube-apiserver/app/options
[gosec] 2026/02/05 17:15:07 Checking package: logparse
[gosec] 2026/02/05 17:15:07 Checking file: /tmp/blitzy/blitzy-kubernetes/blitzy5f91179c1/cmd/prune-junit-xml/logparse/logparse.go
[gosec] 2026/02/05 17:15:07 Import directory: /tmp/blitzy/blitzy-kubernetes/blitzy5f91179c1/cmd/kube-proxy
[gosec] 2026/02/05 17:15:08 Checking package: https
[gosec] 2026/02/05 17:15:08 Checking file: /tmp/blitzy/blitzy-kubernetes/blitzy5f91179c1/cmd/kubeadm/app/discovery/https/https.go
[gosec] 2026/02/05 17:15:08 Import directory: /tmp/blitzy/blitzy-kubernetes/blitzy5f91179c1/cmd/kubeadm/app/cmd/phases/workflow
[gosec] 2026/02/05 17:15:08 Checking package: allowedbyroot
[gosec] 2026/02/05 17:15:08 Checking file: /tmp/blitzy/blitzy-kubernetes/blitzy5f91179c1/cmd/import-boss/testdata/nested-fwd/allowed-by-root/file.go
[gosec] 2026/02/05 17:15:08 Import directory: /tmp/blitzy/blitzy-kubernetes/blitzy5f91179c1/cmd/kubeadm/app/util/crypto
[gosec] 2026/02/05 17:15:08 Checking package: v1beta3
[gosec] 2026/02/05 17:15:08 Checking file: /tmp/blitzy/blitzy-kubernetes/blitzy5f91179c1/cmd/kubeadm/app/apis/kubeadm/v1beta3/conversion.go
[gosec] 2026/02/05 17:15:08 Import directory: /tmp/blitzy/blitzy-kubernetes/blitzy5f91179c1/cmd/import-boss/testdata/nested-fwd/neither/n1
[gosec] 2026/02/05 17:15:08 Checking file: /tmp/blitzy/blitzy-kubernetes/blitzy5f91179c1/cmd/kubeadm/app/apis/kubeadm/v1beta3/defaults.go
[gosec] 2026/02/05 17:15:09 Checking file: /tmp/blitzy/blitzy-kubernetes/blitzy5f91179c1/cmd/kubeadm/app/apis/kubeadm/v1beta3/defaults_unix.go
[gosec] 2026/02/05 17:15:09 Checking file: /tmp/blitzy/blitzy-kubernetes/blitzy5f91179c1/cmd/kubeadm/app/apis/kubeadm/v1beta3/doc.go
[gosec] 2026/02/05 17:15:09 Checking file: /tmp/blitzy/blitzy-kubernetes/blitzy5f91179c1/cmd/kubeadm/app/apis/kubeadm/v1beta3/register.go
[gosec] 2026/02/05 17:15:09 Checking file: /tmp/blitzy/blitzy-kubernetes/blitzy5f91179c1/cmd/kubeadm/app/apis/kubeadm/v1beta3/types.go
[gosec] 2026/02/05 17:15:09 Checking file: /tmp/blitzy/blitzy-kubernetes/blitzy5f91179c1/cmd/kubeadm/app/apis/kubeadm/v1beta3/zz_generated.conversion.go
[gosec] 2026/02/05 17:15:13 Checking file: /tmp/blitzy/blitzy-kubernetes/blitzy5f91179c1/cmd/kubeadm/app/apis/kubeadm/v1beta3/zz_generated.deepcopy.go
[gosec] 2026/02/05 17:15:15 Checking file: /tmp/blitzy/blitzy-kubernetes/blitzy5f91179c1/cmd/kubeadm/app/apis/kubeadm/v1beta3/zz_generated.defaults.go
[gosec] 2026/02/05 17:15:15 Checking package: output
[gosec] 2026/02/05 17:15:15 Checking file: /tmp/blitzy/blitzy-kubernetes/blitzy5f91179c1/cmd/kubeadm/app/util/output/output.go
[gosec] 2026/02/05 17:15:15 Import directory: /tmp/blitzy/blitzy-kubernetes/blitzy5f91179c1/cmd/import-boss/testdata/simple-fwd/neither/n2
[gosec] 2026/02/05 17:15:16 Checking package: apiclient
[gosec] 2026/02/05 17:15:16 Checking file: /tmp/blitzy/blitzy-kubernetes/blitzy5f91179c1/cmd/kubeadm/app/util/apiclient/dryrun.go
[gosec] 2026/02/05 17:15:16 Import directory: /tmp/blitzy/blitzy-kubernetes/blitzy5f91179c1/cmd/genyaml
[gosec] 2026/02/05 17:15:18 Checking file: /tmp/blitzy/blitzy-kubernetes/blitzy5f91179c1/cmd/kubeadm/app/util/apiclient/idempotency.go
[gosec] 2026/02/05 17:15:18 Checking file: /tmp/blitzy/blitzy-kubernetes/blitzy5f91179c1/cmd/kubeadm/app/util/apiclient/wait.go
[gosec] 2026/02/05 17:15:19 Checking package: f2
[gosec] 2026/02/05 17:15:19 Checking file: /tmp/blitzy/blitzy-kubernetes/blitzy5f91179c1/cmd/import-boss/testdata/inverse/forbidden/f2/file.go
[gosec] 2026/02/05 17:15:19 Import directory: /tmp/blitzy/blitzy-kubernetes/blitzy5f91179c1/cmd/import-boss/testdata/simple-fwd/forbidden/f2
[gosec] 2026/02/05 17:15:19 Checking package: n1
[gosec] 2026/02/05 17:15:19 Checking file: /tmp/blitzy/blitzy-kubernetes/blitzy5f91179c1/cmd/import-boss/testdata/nested-fwd/neither/n1/file.go
[gosec] 2026/02/05 17:15:19 Import directory: /tmp/blitzy/blitzy-kubernetes/blitzy5f91179c1/cmd/kubeadm/app
[gosec] 2026/02/05 17:15:19 Checking package: crypto
[gosec] 2026/02/05 17:15:19 Checking file: /tmp/blitzy/blitzy-kubernetes/blitzy5f91179c1/cmd/kubeadm/app/util/crypto/crypto.go
[gosec] 2026/02/05 17:15:19 Import directory: /tmp/blitzy/blitzy-kubernetes/blitzy5f91179c1/cmd/kubeadm/app/phases/kubelet
[gosec] 2026/02/05 17:15:20 Checking package: main
[gosec] 2026/02/05 17:15:20 Checking file: /tmp/blitzy/blitzy-kubernetes/blitzy5f91179c1/cmd/kube-proxy/proxy.go
[gosec] 2026/02/05 17:15:20 Import directory: /tmp/blitzy/blitzy-kubernetes/blitzy5f91179c1/cmd/kubeadm/app/phases/patchnode
[gosec] 2026/02/05 17:15:20 Checking package: options
[gosec] 2026/02/05 17:15:20 Checking file: /tmp/blitzy/blitzy-kubernetes/blitzy5f91179c1/cmd/kube-apiserver/app/options/completion.go
[gosec] 2026/02/05 17:15:20 Import directory: /tmp/blitzy/blitzy-kubernetes/blitzy5f91179c1/cmd/kube-controller-manager
[gosec] 2026/02/05 17:15:20 Checking file: /tmp/blitzy/blitzy-kubernetes/blitzy5f91179c1/cmd/kube-apiserver/app/options/options.go
[gosec] 2026/02/05 17:15:20 Checking file: /tmp/blitzy/blitzy-kubernetes/blitzy5f91179c1/cmd/kube-apiserver/app/options/validation.go
[gosec] 2026/02/05 17:15:21 Checking package: workflow
[gosec] 2026/02/05 17:15:21 Checking file: /tmp/blitzy/blitzy-kubernetes/blitzy5f91179c1/cmd/kubeadm/app/cmd/phases/workflow/doc.go
[gosec] 2026/02/05 17:15:21 Import directory: /tmp/blitzy/blitzy-kubernetes/blitzy5f91179c1/cmd/kube-scheduler/app/config
[gosec] 2026/02/05 17:15:21 Checking file: /tmp/blitzy/blitzy-kubernetes/blitzy5f91179c1/cmd/kubeadm/app/cmd/phases/workflow/phase.go
[gosec] 2026/02/05 17:15:21 Checking file: /tmp/blitzy/blitzy-kubernetes/blitzy5f91179c1/cmd/kubeadm/app/cmd/phases/workflow/runner.go
[gosec] 2026/02/05 17:15:22 Checking package: n2
[gosec] 2026/02/05 17:15:22 Checking file: /tmp/blitzy/blitzy-kubernetes/blitzy5f91179c1/cmd/import-boss/testdata/simple-fwd/neither/n2/file.go
[gosec] 2026/02/05 17:15:22 Checking package: main
[gosec] 2026/02/05 17:15:22 Checking file: /tmp/blitzy/blitzy-kubernetes/blitzy5f91179c1/cmd/genyaml/gen_kubectl_yaml.go
[gosec] 2026/02/05 17:15:22 Import directory: /tmp/blitzy/blitzy-kubernetes/blitzy5f91179c1/cmd/kubeadm/app/apis/bootstraptoken/v1
[gosec] 2026/02/05 17:15:22 Import directory: /tmp/blitzy/blitzy-kubernetes/blitzy5f91179c1/cmd/kubeadm/app/cmd/phases/init
[gosec] 2026/02/05 17:15:22 Checking package: f2
[gosec] 2026/02/05 17:15:22 Checking file: /tmp/blitzy/blitzy-kubernetes/blitzy5f91179c1/cmd/import-boss/testdata/simple-fwd/forbidden/f2/file.go
[gosec] 2026/02/05 17:15:22 Import directory: /tmp/blitzy/blitzy-kubernetes/blitzy5f91179c1/cmd/kubeadm/app/cmd/phases/upgrade
[gosec] 2026/02/05 17:15:22 Checking package: kubelet
[gosec] 2026/02/05 17:15:22 Checking file: /tmp/blitzy/blitzy-kubernetes/blitzy5f91179c1/cmd/kubeadm/app/phases/kubelet/config.go
[gosec] 2026/02/05 17:15:22 Import directory: /tmp/blitzy/blitzy-kubernetes/blitzy5f91179c1/cmd/kubeadm/app/phases/certs
[gosec] 2026/02/05 17:15:23 Checking file: /tmp/blitzy/blitzy-kubernetes/blitzy5f91179c1/cmd/kubeadm/app/phases/kubelet/flags.go
[gosec] 2026/02/05 17:15:23 Checking file: /tmp/blitzy/blitzy-kubernetes/blitzy5f91179c1/cmd/kubeadm/app/phases/kubelet/kubelet.go
[gosec] 2026/02/05 17:15:23 Checking package: app
[gosec] 2026/02/05 17:15:23 Checking file: /tmp/blitzy/blitzy-kubernetes/blitzy5f91179c1/cmd/kubeadm/app/kubeadm.go
[gosec] 2026/02/05 17:15:23 Import directory: /tmp/blitzy/blitzy-kubernetes/blitzy5f91179c1/cmd/kubeadm/app/util/certs
[gosec] 2026/02/05 17:15:23 Checking package: patchnode
[gosec] 2026/02/05 17:15:23 Checking file: /tmp/blitzy/blitzy-kubernetes/blitzy5f91179c1/cmd/kubeadm/app/phases/patchnode/patchnode.go
[gosec] 2026/02/05 17:15:23 Import directory: /tmp/blitzy/blitzy-kubernetes/blitzy5f91179c1/cmd/kubeadm/app/util/patches
[gosec] 2026/02/05 17:15:23 Checking package: main
[gosec] 2026/02/05 17:15:23 Checking file: /tmp/blitzy/blitzy-kubernetes/blitzy5f91179c1/cmd/kube-controller-manager/controller-manager.go
[gosec] 2026/02/05 17:15:23 Import directory: /tmp/blitzy/blitzy-kubernetes/blitzy5f91179c1/cmd/importverifier
[gosec] 2026/02/05 17:15:23 Checking package: config
[gosec] 2026/02/05 17:15:23 Checking file: /tmp/blitzy/blitzy-kubernetes/blitzy5f91179c1/cmd/kube-scheduler/app/config/config.go
[gosec] 2026/02/05 17:15:23 Import directory: /tmp/blitzy/blitzy-kubernetes/blitzy5f91179c1/cmd/genswaggertypedocs
[gosec] 2026/02/05 17:15:23 Checking package: v1
[gosec] 2026/02/05 17:15:23 Checking file: /tmp/blitzy/blitzy-kubernetes/blitzy5f91179c1/cmd/kubeadm/app/apis/bootstraptoken/v1/defaults.go
[gosec] 2026/02/05 17:15:23 Import directory: /tmp/blitzy/blitzy-kubernetes/blitzy5f91179c1/cmd/kubeadm/app/util/pubkeypin
[gosec] 2026/02/05 17:15:23 Checking file: /tmp/blitzy/blitzy-kubernetes/blitzy5f91179c1/cmd/kubeadm/app/apis/bootstraptoken/v1/types.go
[gosec] 2026/02/05 17:15:23 Checking file: /tmp/blitzy/blitzy-kubernetes/blitzy5f91179c1/cmd/kubeadm/app/apis/bootstraptoken/v1/utils.go
[gosec] 2026/02/05 17:15:24 Checking file: /tmp/blitzy/blitzy-kubernetes/blitzy5f91179c1/cmd/kubeadm/app/apis/bootstraptoken/v1/zz_generated.deepcopy.go
[gosec] 2026/02/05 17:15:24 Checking package: certs
[gosec] 2026/02/05 17:15:24 Checking file: /tmp/blitzy/blitzy-kubernetes/blitzy5f91179c1/cmd/kubeadm/app/phases/certs/certlist.go
[gosec] 2026/02/05 17:15:24 Import directory: /tmp/blitzy/blitzy-kubernetes/blitzy5f91179c1/cmd/kubeadm/app/util/runtime
[gosec] 2026/02/05 17:15:25 Checking file: /tmp/blitzy/blitzy-kubernetes/blitzy5f91179c1/cmd/kubeadm/app/phases/certs/certs.go
[gosec] 2026/02/05 17:15:27 Checking file: /tmp/blitzy/blitzy-kubernetes/blitzy5f91179c1/cmd/kubeadm/app/phases/certs/doc.go
[gosec] 2026/02/05 17:15:27 Checking package: phases
[gosec] 2026/02/05 17:15:27 Checking file: /tmp/blitzy/blitzy-kubernetes/blitzy5f91179c1/cmd/kubeadm/app/cmd/phases/init/addons.go
[gosec] 2026/02/05 17:15:27 Import directory: /tmp/blitzy/blitzy-kubernetes/blitzy5f91179c1/cmd/kubelet/app
[gosec] 2026/02/05 17:15:27 Checking file: /tmp/blitzy/blitzy-kubernetes/blitzy5f91179c1/cmd/kubeadm/app/cmd/phases/init/bootstraptoken.go
[gosec] 2026/02/05 17:15:27 Checking file: /tmp/blitzy/blitzy-kubernetes/blitzy5f91179c1/cmd/kubeadm/app/cmd/phases/init/certs.go
[gosec] 2026/02/05 17:15:28 Checking file: /tmp/blitzy/blitzy-kubernetes/blitzy5f91179c1/cmd/kubeadm/app/cmd/phases/init/controlplane.go
[gosec] 2026/02/05 17:15:28 Checking file: /tmp/blitzy/blitzy-kubernetes/blitzy5f91179c1/cmd/kubeadm/app/cmd/phases/init/data.go
[gosec] 2026/02/05 17:15:28 Checking file: /tmp/blitzy/blitzy-kubernetes/blitzy5f91179c1/cmd/kubeadm/app/cmd/phases/init/etcd.go
[gosec] 2026/02/05 17:15:28 Checking file: /tmp/blitzy/blitzy-kubernetes/blitzy5f91179c1/cmd/kubeadm/app/cmd/phases/init/kubeconfig.go
[gosec] 2026/02/05 17:15:29 Checking file: /tmp/blitzy/blitzy-kubernetes/blitzy5f91179c1/cmd/kubeadm/app/cmd/phases/init/kubelet.go
[gosec] 2026/02/05 17:15:29 Checking file: /tmp/blitzy/blitzy-kubernetes/blitzy5f91179c1/cmd/kubeadm/app/cmd/phases/init/kubeletfinalize.go
[gosec] 2026/02/05 17:15:29 Checking file: /tmp/blitzy/blitzy-kubernetes/blitzy5f91179c1/cmd/kubeadm/app/cmd/phases/init/markcontrolplane.go
[gosec] 2026/02/05 17:15:29 Checking file: /tmp/blitzy/blitzy-kubernetes/blitzy5f91179c1/cmd/kubeadm/app/cmd/phases/init/preflight.go
[gosec] 2026/02/05 17:15:29 Checking file: /tmp/blitzy/blitzy-kubernetes/blitzy5f91179c1/cmd/kubeadm/app/cmd/phases/init/showjoincommand.go
[gosec] 2026/02/05 17:15:29 Checking file: /tmp/blitzy/blitzy-kubernetes/blitzy5f91179c1/cmd/kubeadm/app/cmd/phases/init/uploadcerts.go
[gosec] 2026/02/05 17:15:30 Checking file: /tmp/blitzy/blitzy-kubernetes/blitzy5f91179c1/cmd/kubeadm/app/cmd/phases/init/uploadconfig.go
[gosec] 2026/02/05 17:15:30 Checking file: /tmp/blitzy/blitzy-kubernetes/blitzy5f91179c1/cmd/kubeadm/app/cmd/phases/init/waitcontrolplane.go
[gosec] 2026/02/05 17:15:30 Checking package: upgrade
[gosec] 2026/02/05 17:15:30 Checking file: /tmp/blitzy/blitzy-kubernetes/blitzy5f91179c1/cmd/kubeadm/app/cmd/phases/upgrade/addons.go
[gosec] 2026/02/05 17:15:30 Import directory: /tmp/blitzy/blitzy-kubernetes/blitzy5f91179c1/cmd/kubemark
[gosec] 2026/02/05 17:15:31 Checking file: /tmp/blitzy/blitzy-kubernetes/blitzy5f91179c1/cmd/kubeadm/app/cmd/phases/upgrade/data.go
[gosec] 2026/02/05 17:15:31 Checking file: /tmp/blitzy/blitzy-kubernetes/blitzy5f91179c1/cmd/kubeadm/app/cmd/phases/upgrade/kubeletconfig.go
[gosec] 2026/02/05 17:15:31 Checking file: /tmp/blitzy/blitzy-kubernetes/blitzy5f91179c1/cmd/kubeadm/app/cmd/phases/upgrade/postupgrade.go
[gosec] 2026/02/05 17:15:31 Checking package: main
[gosec] 2026/02/05 17:15:31 Checking file: /tmp/blitzy/blitzy-kubernetes/blitzy5f91179c1/cmd/importverifier/importverifier.go
[gosec] 2026/02/05 17:15:31 Import directory: /tmp/blitzy/blitzy-kubernetes/blitzy5f91179c1/cmd/preferredimports
[gosec] 2026/02/05 17:15:32 Checking package: patches
[gosec] 2026/02/05 17:15:32 Checking file: /tmp/blitzy/blitzy-kubernetes/blitzy5f91179c1/cmd/kubeadm/app/util/patches/patches.go
[gosec] 2026/02/05 17:15:32 Import directory: /tmp/blitzy/blitzy-kubernetes/blitzy5f91179c1/cmd/import-boss/testdata/nested-fwd/forbidden-by-both
[gosec] 2026/02/05 17:15:32 Checking package: main
[gosec] 2026/02/05 17:15:32 Checking file: /tmp/blitzy/blitzy-kubernetes/blitzy5f91179c1/cmd/genswaggertypedocs/swagger_type_docs.go
[gosec] 2026/02/05 17:15:32 Import directory: /tmp/blitzy/blitzy-kubernetes/blitzy5f91179c1/cmd/import-boss/testdata/transitive/allowed
[gosec] 2026/02/05 17:15:32 Checking package: pubkeypin
[gosec] 2026/02/05 17:15:32 Checking file: /tmp/blitzy/blitzy-kubernetes/blitzy5f91179c1/cmd/kubeadm/app/util/pubkeypin/pubkeypin.go
[gosec] 2026/02/05 17:15:32 Import directory: /tmp/blitzy/blitzy-kubernetes/blitzy5f91179c1/cmd/kube-controller-manager/app
[gosec] 2026/02/05 17:15:33 Checking package: certs
[gosec] 2026/02/05 17:15:33 Checking file: /tmp/blitzy/blitzy-kubernetes/blitzy5f91179c1/cmd/kubeadm/app/util/certs/util.go
[gosec] 2026/02/05 17:15:33 Import directory: /tmp/blitzy/blitzy-kubernetes/blitzy5f91179c1/cmd/kubeadm/app/util
[gosec] 2026/02/05 17:15:33 Checking package: runtime
[gosec] 2026/02/05 17:15:33 Checking file: /tmp/blitzy/blitzy-kubernetes/blitzy5f91179c1/cmd/kubeadm/app/util/runtime/fake_impl.go
[gosec] 2026/02/05 17:15:33 Import directory: /tmp/blitzy/blitzy-kubernetes/blitzy5f91179c1/cmd/kubeadm/app/cmd/phases/join
[gosec] 2026/02/05 17:15:33 Checking file: /tmp/blitzy/blitzy-kubernetes/blitzy5f91179c1/cmd/kubeadm/app/util/runtime/impl.go
[gosec] 2026/02/05 17:15:33 Checking file: /tmp/blitzy/blitzy-kubernetes/blitzy5f91179c1/cmd/kubeadm/app/util/runtime/runtime.go
[gosec] 2026/02/05 17:15:34 Checking file: /tmp/blitzy/blitzy-kubernetes/blitzy5f91179c1/cmd/kubeadm/app/util/runtime/runtime_unix.go
[gosec] 2026/02/05 17:15:34 Checking package: app
[gosec] 2026/02/05 17:15:34 Checking file: /tmp/blitzy/blitzy-kubernetes/blitzy5f91179c1/cmd/kubelet/app/auth.go
[gosec] 2026/02/05 17:15:34 Import directory: /tmp/blitzy/blitzy-kubernetes/blitzy5f91179c1/cmd/kubeadm/app/cmd/phases/upgrade/apply
[gosec] 2026/02/05 17:15:34 Checking file: /tmp/blitzy/blitzy-kubernetes/blitzy5f91179c1/cmd/kubelet/app/init_others.go
[gosec] 2026/02/05 17:15:34 Checking file: /tmp/blitzy/blitzy-kubernetes/blitzy5f91179c1/cmd/kubelet/app/plugins.go
[gosec] 2026/02/05 17:15:35 Checking file: /tmp/blitzy/blitzy-kubernetes/blitzy5f91179c1/cmd/kubelet/app/plugins_providers.go
[gosec] 2026/02/05 17:15:35 Checking file: /tmp/blitzy/blitzy-kubernetes/blitzy5f91179c1/cmd/kubelet/app/server.go
[gosec] 2026/02/05 17:15:38 Checking file: /tmp/blitzy/blitzy-kubernetes/blitzy5f91179c1/cmd/kubelet/app/server_linux.go
[gosec] 2026/02/05 17:15:38 Checking file: /tmp/blitzy/blitzy-kubernetes/blitzy5f91179c1/cmd/kubelet/app/server_others.go
[gosec] 2026/02/05 17:15:38 Checking package: main
[gosec] 2026/02/05 17:15:38 Checking file: /tmp/blitzy/blitzy-kubernetes/blitzy5f91179c1/cmd/preferredimports/preferredimports.go
[gosec] 2026/02/05 17:15:38 Import directory: /tmp/blitzy/blitzy-kubernetes/blitzy5f91179c1/cmd/kubeadm/app/constants
[gosec] 2026/02/05 17:15:38 Checking package: main
[gosec] 2026/02/05 17:15:38 Checking file: /tmp/blitzy/blitzy-kubernetes/blitzy5f91179c1/cmd/kubemark/hollow-node.go
[gosec] 2026/02/05 17:15:38 Import directory: /tmp/blitzy/blitzy-kubernetes/blitzy5f91179c1/cmd/kubelet/app/options
[gosec] 2026/02/05 17:15:38 Checking package: forbiddenbyboth
[gosec] 2026/02/05 17:15:38 Checking file: /tmp/blitzy/blitzy-kubernetes/blitzy5f91179c1/cmd/import-boss/testdata/nested-fwd/forbidden-by-both/file.go
[gosec] 2026/02/05 17:15:38 Import directory: /tmp/blitzy/blitzy-kubernetes/blitzy5f91179c1/cmd/gendocs
[gosec] 2026/02/05 17:15:38 Checking package: allowed
[gosec] 2026/02/05 17:15:38 Checking file: /tmp/blitzy/blitzy-kubernetes/blitzy5f91179c1/cmd/import-boss/testdata/transitive/allowed/file.go
[gosec] 2026/02/05 17:15:38 Import directory: /tmp/blitzy/blitzy-kubernetes/blitzy5f91179c1/cmd/kubeadm/app/apis/kubeadm/validation
[gosec] 2026/02/05 17:15:38 Checking package: util
[gosec] 2026/02/05 17:15:38 Checking file: /tmp/blitzy/blitzy-kubernetes/blitzy5f91179c1/cmd/kubeadm/app/util/arguments.go
[gosec] 2026/02/05 17:15:38 Import directory: /tmp/blitzy/blitzy-kubernetes/blitzy5f91179c1/cmd/kubeadm/test/resources
[gosec] 2026/02/05 17:15:39 Checking file: /tmp/blitzy/blitzy-kubernetes/blitzy5f91179c1/cmd/kubeadm/app/util/chroot_unix.go
[gosec] 2026/02/05 17:15:39 Checking file: /tmp/blitzy/blitzy-kubernetes/blitzy5f91179c1/cmd/kubeadm/app/util/copy.go
[gosec] 2026/02/05 17:15:39 Checking file: /tmp/blitzy/blitzy-kubernetes/blitzy5f91179c1/cmd/kubeadm/app/util/copy_unix.go
[gosec] 2026/02/05 17:15:39 Checking file: /tmp/blitzy/blitzy-kubernetes/blitzy5f91179c1/cmd/kubeadm/app/util/endpoint.go
[gosec] 2026/02/05 17:15:39 Checking file: /tmp/blitzy/blitzy-kubernetes/blitzy5f91179c1/cmd/kubeadm/app/util/env.go
[gosec] 2026/02/05 17:15:39 Checking file: /tmp/blitzy/blitzy-kubernetes/blitzy5f91179c1/cmd/kubeadm/app/util/marshal.go
[gosec] 2026/02/05 17:15:40 Checking file: /tmp/blitzy/blitzy-kubernetes/blitzy5f91179c1/cmd/kubeadm/app/util/starttime.go
[gosec] 2026/02/05 17:15:40 Checking file: /tmp/blitzy/blitzy-kubernetes/blitzy5f91179c1/cmd/kubeadm/app/util/template.go
[gosec] 2026/02/05 17:15:40 Checking file: /tmp/blitzy/blitzy-kubernetes/blitzy5f91179c1/cmd/kubeadm/app/util/version.go
[gosec] 2026/02/05 17:15:40 Checking package: phases
[gosec] 2026/02/05 17:15:40 Checking file: /tmp/blitzy/blitzy-kubernetes/blitzy5f91179c1/cmd/kubeadm/app/cmd/phases/join/checketcd.go
[gosec] 2026/02/05 17:15:40 Import directory: /tmp/blitzy/blitzy-kubernetes/blitzy5f91179c1/cmd/kube-controller-manager/names
[gosec] 2026/02/05 17:15:40 Checking file: /tmp/blitzy/blitzy-kubernetes/blitzy5f91179c1/cmd/kubeadm/app/cmd/phases/join/controlplanejoin.go
[gosec] 2026/02/05 17:15:41 Checking file: /tmp/blitzy/blitzy-kubernetes/blitzy5f91179c1/cmd/kubeadm/app/cmd/phases/join/controlplaneprepare.go
[gosec] 2026/02/05 17:15:42 Checking file: /tmp/blitzy/blitzy-kubernetes/blitzy5f91179c1/cmd/kubeadm/app/cmd/phases/join/data.go
[gosec] 2026/02/05 17:15:42 Checking file: /tmp/blitzy/blitzy-kubernetes/blitzy5f91179c1/cmd/kubeadm/app/cmd/phases/join/kubelet.go
[gosec] 2026/02/05 17:15:42 Checking file: /tmp/blitzy/blitzy-kubernetes/blitzy5f91179c1/cmd/kubeadm/app/cmd/phases/join/preflight.go
[gosec] 2026/02/05 17:15:43 Checking file: /tmp/blitzy/blitzy-kubernetes/blitzy5f91179c1/cmd/kubeadm/app/cmd/phases/join/waitcontrolplane.go
[gosec] 2026/02/05 17:15:43 Checking package: app
[gosec] 2026/02/05 17:15:43 Checking file: /tmp/blitzy/blitzy-kubernetes/blitzy5f91179c1/cmd/kube-controller-manager/app/apps.go
[gosec] 2026/02/05 17:15:43 Import directory: /tmp/blitzy/blitzy-kubernetes/blitzy5f91179c1/cmd/kube-scheduler/app/testing
[gosec] 2026/02/05 17:15:43 Checking file: /tmp/blitzy/blitzy-kubernetes/blitzy5f91179c1/cmd/kube-controller-manager/app/autoscaling.go
[gosec] 2026/02/05 17:15:43 Checking file: /tmp/blitzy/blitzy-kubernetes/blitzy5f91179c1/cmd/kube-controller-manager/app/batch.go
[gosec] 2026/02/05 17:15:44 Checking file: /tmp/blitzy/blitzy-kubernetes/blitzy5f91179c1/cmd/kube-controller-manager/app/bootstrap.go
[gosec] 2026/02/05 17:15:44 Checking file: /tmp/blitzy/blitzy-kubernetes/blitzy5f91179c1/cmd/kube-controller-manager/app/certificates.go
[gosec] 2026/02/05 17:15:45 Checking file: /tmp/blitzy/blitzy-kubernetes/blitzy5f91179c1/cmd/kube-controller-manager/app/controller_descriptor.go
[gosec] 2026/02/05 17:15:45 Checking file: /tmp/blitzy/blitzy-kubernetes/blitzy5f91179c1/cmd/kube-controller-manager/app/controller_utils.go
[gosec] 2026/02/05 17:15:45 Checking file: /tmp/blitzy/blitzy-kubernetes/blitzy5f91179c1/cmd/kube-controller-manager/app/controllermanager.go
[gosec] 2026/02/05 17:15:47 Checking file: /tmp/blitzy/blitzy-kubernetes/blitzy5f91179c1/cmd/kube-controller-manager/app/core.go
[gosec] 2026/02/05 17:15:49 Checking file: /tmp/blitzy/blitzy-kubernetes/blitzy5f91179c1/cmd/kube-controller-manager/app/discovery.go
[gosec] 2026/02/05 17:15:49 Checking file: /tmp/blitzy/blitzy-kubernetes/blitzy5f91179c1/cmd/kube-controller-manager/app/import_known_versions.go
[gosec] 2026/02/05 17:15:49 Checking file: /tmp/blitzy/blitzy-kubernetes/blitzy5f91179c1/cmd/kube-controller-manager/app/networking.go
[gosec] 2026/02/05 17:15:49 Checking file: /tmp/blitzy/blitzy-kubernetes/blitzy5f91179c1/cmd/kube-controller-manager/app/plugins.go
[gosec] 2026/02/05 17:15:50 Checking file: /tmp/blitzy/blitzy-kubernetes/blitzy5f91179c1/cmd/kube-controller-manager/app/plugins_providers.go
[gosec] 2026/02/05 17:15:50 Checking file: /tmp/blitzy/blitzy-kubernetes/blitzy5f91179c1/cmd/kube-controller-manager/app/policy.go
[gosec] 2026/02/05 17:15:50 Checking file: /tmp/blitzy/blitzy-kubernetes/blitzy5f91179c1/cmd/kube-controller-manager/app/rbac.go
[gosec] 2026/02/05 17:15:50 Checking file: /tmp/blitzy/blitzy-kubernetes/blitzy5f91179c1/cmd/kube-controller-manager/app/service_accounts.go
[gosec] 2026/02/05 17:15:50 Checking file: /tmp/blitzy/blitzy-kubernetes/blitzy5f91179c1/cmd/kube-controller-manager/app/storageversionmigrator.go
[gosec] 2026/02/05 17:15:51 Checking file: /tmp/blitzy/blitzy-kubernetes/blitzy5f91179c1/cmd/kube-controller-manager/app/validatingadmissionpolicystatus.go
[gosec] 2026/02/05 17:15:51 Checking package: apply
[gosec] 2026/02/05 17:15:51 Checking file: /tmp/blitzy/blitzy-kubernetes/blitzy5f91179c1/cmd/kubeadm/app/cmd/phases/upgrade/apply/bootstraptoken.go
[gosec] 2026/02/05 17:15:51 Import directory: /tmp/blitzy/blitzy-kubernetes/blitzy5f91179c1/cmd/kubeadm/app/apis/kubeadm/scheme
[gosec] 2026/02/05 17:15:51 Checking file: /tmp/blitzy/blitzy-kubernetes/blitzy5f91179c1/cmd/kubeadm/app/cmd/phases/upgrade/apply/controlplane.go
[gosec] 2026/02/05 17:15:51 Checking file: /tmp/blitzy/blitzy-kubernetes/blitzy5f91179c1/cmd/kubeadm/app/cmd/phases/upgrade/apply/data.go
[gosec] 2026/02/05 17:15:51 Checking file: /tmp/blitzy/blitzy-kubernetes/blitzy5f91179c1/cmd/kubeadm/app/cmd/phases/upgrade/apply/kubeconfig.go
[gosec] 2026/02/05 17:15:51 Checking file: /tmp/blitzy/blitzy-kubernetes/blitzy5f91179c1/cmd/kubeadm/app/cmd/phases/upgrade/apply/preflight.go
[gosec] 2026/02/05 17:15:51 Checking file: /tmp/blitzy/blitzy-kubernetes/blitzy5f91179c1/cmd/kubeadm/app/cmd/phases/upgrade/apply/uploadconfig.go
[gosec] 2026/02/05 17:15:52 Checking package: constants
[gosec] 2026/02/05 17:15:52 Checking file: /tmp/blitzy/blitzy-kubernetes/blitzy5f91179c1/cmd/kubeadm/app/constants/constants.go
[gosec] 2026/02/05 17:15:52 Import directory: /tmp/blitzy/blitzy-kubernetes/blitzy5f91179c1/pkg/registry/admissionregistration/validatingadmissionpolicybinding/storage
[gosec] 2026/02/05 17:15:52 Checking file: /tmp/blitzy/blitzy-kubernetes/blitzy5f91179c1/cmd/kubeadm/app/constants/constants_unix.go
[gosec] 2026/02/05 17:15:52 Checking package: validation
[gosec] 2026/02/05 17:15:52 Checking file: /tmp/blitzy/blitzy-kubernetes/blitzy5f91179c1/cmd/kubeadm/app/apis/kubeadm/validation/util_unix.go
[gosec] 2026/02/05 17:15:52 Import directory: /tmp/blitzy/blitzy-kubernetes/blitzy5f91179c1/pkg/registry/networking/networkpolicy
[gosec] 2026/02/05 17:15:52 Checking file: /tmp/blitzy/blitzy-kubernetes/blitzy5f91179c1/cmd/kubeadm/app/apis/kubeadm/validation/validation.go
[gosec] 2026/02/05 17:15:54 Checking package: resources
[gosec] 2026/02/05 17:15:54 Checking file: /tmp/blitzy/blitzy-kubernetes/blitzy5f91179c1/cmd/kubeadm/test/resources/configmap.go
[gosec] 2026/02/05 17:15:54 Import directory: /tmp/blitzy/blitzy-kubernetes/blitzy5f91179c1/pkg/registry/rbac/rest
[gosec] 2026/02/05 17:15:54 Checking file: /tmp/blitzy/blitzy-kubernetes/blitzy5f91179c1/cmd/kubeadm/test/resources/pods.go
[gosec] 2026/02/05 17:15:54 Checking package: main
[gosec] 2026/02/05 17:15:54 Checking file: /tmp/blitzy/blitzy-kubernetes/blitzy5f91179c1/cmd/gendocs/gen_kubectl_docs.go
[gosec] 2026/02/05 17:15:54 Import directory: /tmp/blitzy/blitzy-kubernetes/blitzy5f91179c1/pkg/scheduler/framework/plugins/nodeports
[gosec] 2026/02/05 17:15:54 Checking package: options
[gosec] 2026/02/05 17:15:54 Checking file: /tmp/blitzy/blitzy-kubernetes/blitzy5f91179c1/cmd/kubelet/app/options/globalflags.go
[gosec] 2026/02/05 17:15:54 Import directory: /tmp/blitzy/blitzy-kubernetes/blitzy5f91179c1/pkg/apis/abac/v1beta1
[gosec] 2026/02/05 17:15:54 Checking file: /tmp/blitzy/blitzy-kubernetes/blitzy5f91179c1/cmd/kubelet/app/options/globalflags_linux.go
[gosec] 2026/02/05 17:15:54 Checking file: /tmp/blitzy/blitzy-kubernetes/blitzy5f91179c1/cmd/kubelet/app/options/options.go
[gosec] 2026/02/05 17:15:57 Checking file: /tmp/blitzy/blitzy-kubernetes/blitzy5f91179c1/cmd/kubelet/app/options/osflags_others.go
[gosec] 2026/02/05 17:15:57 Checking package: names
[gosec] 2026/02/05 17:15:57 Checking file: /tmp/blitzy/blitzy-kubernetes/blitzy5f91179c1/cmd/kube-controller-manager/names/controller_names.go
[gosec] 2026/02/05 17:15:57 Import directory: /tmp/blitzy/blitzy-kubernetes/blitzy5f91179c1/pkg/api/v1/endpoints
[gosec] 2026/02/05 17:15:57 Checking package: testing
[gosec] 2026/02/05 17:15:57 Checking file: /tmp/blitzy/blitzy-kubernetes/blitzy5f91179c1/cmd/kube-scheduler/app/testing/testserver.go
[gosec] 2026/02/05 17:15:57 Import directory: /tmp/blitzy/blitzy-kubernetes/blitzy5f91179c1/pkg/apis/admissionregistration/fuzzer
[gosec] 2026/02/05 17:15:58 Checking package: scheme
[gosec] 2026/02/05 17:15:58 Checking file: /tmp/blitzy/blitzy-kubernetes/blitzy5f91179c1/cmd/kubeadm/app/apis/kubeadm/scheme/scheme.go
[gosec] 2026/02/05 17:15:58 Import directory: /tmp/blitzy/blitzy-kubernetes/blitzy5f91179c1/pkg/proxy/nftables
[gosec] 2026/02/05 17:15:58 Checking package: storage
[gosec] 2026/02/05 17:15:58 Checking file: /tmp/blitzy/blitzy-kubernetes/blitzy5f91179c1/pkg/registry/admissionregistration/validatingadmissionpolicybinding/storage/storage.go
[gosec] 2026/02/05 17:15:58 Import directory: /tmp/blitzy/blitzy-kubernetes/blitzy5f91179c1/pkg/registry/batch/cronjob/storage
[gosec] 2026/02/05 17:15:58 Checking package: networkpolicy
[gosec] 2026/02/05 17:15:58 Checking file: /tmp/blitzy/blitzy-kubernetes/blitzy5f91179c1/pkg/registry/networking/networkpolicy/doc.go
[gosec] 2026/02/05 17:15:58 Checking file: /tmp/blitzy/blitzy-kubernetes/blitzy5f91179c1/pkg/registry/networking/networkpolicy/strategy.go
[gosec] 2026/02/05 17:15:58 Import directory: /tmp/blitzy/blitzy-kubernetes/blitzy5f91179c1/pkg/registry/core/limitrange
[gosec] 2026/02/05 17:15:58 Checking package: v1beta1
[gosec] 2026/02/05 17:15:58 Import directory: /tmp/blitzy/blitzy-kubernetes/blitzy5f91179c1/pkg/scheduler
[gosec] 2026/02/05 17:15:58 Checking file: /tmp/blitzy/blitzy-kubernetes/blitzy5f91179c1/pkg/apis/abac/v1beta1/conversion.go
[gosec] 2026/02/05 17:15:58 Checking file: /tmp/blitzy/blitzy-kubernetes/blitzy5f91179c1/pkg/apis/abac/v1beta1/doc.go
[gosec] 2026/02/05 17:15:58 Checking file: /tmp/blitzy/blitzy-kubernetes/blitzy5f91179c1/pkg/apis/abac/v1beta1/register.go
[gosec] 2026/02/05 17:15:58 Checking file: /tmp/blitzy/blitzy-kubernetes/blitzy5f91179c1/pkg/apis/abac/v1beta1/types.go
[gosec] 2026/02/05 17:15:58 Checking file: /tmp/blitzy/blitzy-kubernetes/blitzy5f91179c1/pkg/apis/abac/v1beta1/zz_generated.conversion.go
[gosec] 2026/02/05 17:15:59 Checking file: /tmp/blitzy/blitzy-kubernetes/blitzy5f91179c1/pkg/apis/abac/v1beta1/zz_generated.deepcopy.go
[gosec] 2026/02/05 17:15:59 Checking file: /tmp/blitzy/blitzy-kubernetes/blitzy5f91179c1/pkg/apis/abac/v1beta1/zz_generated.defaults.go
[gosec] 2026/02/05 17:15:59 Checking file: /tmp/blitzy/blitzy-kubernetes/blitzy5f91179c1/pkg/apis/abac/v1beta1/zz_generated.model_name.go
[gosec] 2026/02/05 17:15:59 Checking package: rest
[gosec] 2026/02/05 17:15:59 Checking file: /tmp/blitzy/blitzy-kubernetes/blitzy5f91179c1/pkg/registry/rbac/rest/storage_rbac.go
[gosec] 2026/02/05 17:15:59 Import directory: /tmp/blitzy/blitzy-kubernetes/blitzy5f91179c1/pkg/scheduler/util/assumecache
[gosec] 2026/02/05 17:16:00 Checking package: nodeports
[gosec] 2026/02/05 17:16:00 Checking file: /tmp/blitzy/blitzy-kubernetes/blitzy5f91179c1/pkg/scheduler/framework/plugins/nodeports/node_ports.go
[gosec] 2026/02/05 17:16:00 Import directory: /tmp/blitzy/blitzy-kubernetes/blitzy5f91179c1/pkg/apis/coordination/install
[gosec] 2026/02/05 17:16:00 Checking package: endpoints
[gosec] 2026/02/05 17:16:00 Checking file: /tmp/blitzy/blitzy-kubernetes/blitzy5f91179c1/pkg/api/v1/endpoints/util.go
[gosec] 2026/02/05 17:16:00 Import directory: /tmp/blitzy/blitzy-kubernetes/blitzy5f91179c1/pkg/apis/core/fuzzer
[gosec] 2026/02/05 17:16:01 Checking package: fuzzer
[gosec] 2026/02/05 17:16:01 Checking file: /tmp/blitzy/blitzy-kubernetes/blitzy5f91179c1/pkg/apis/admissionregistration/fuzzer/fuzzer.go
[gosec] 2026/02/05 17:16:01 Import directory: /tmp/blitzy/blitzy-kubernetes/blitzy5f91179c1/pkg/kubelet/cm/util
[gosec] 2026/02/05 17:16:01 Checking package: limitrange
[gosec] 2026/02/05 17:16:01 Checking file: /tmp/blitzy/blitzy-kubernetes/blitzy5f91179c1/pkg/registry/core/limitrange/doc.go
[gosec] 2026/02/05 17:16:01 Checking file: /tmp/blitzy/blitzy-kubernetes/blitzy5f91179c1/pkg/registry/core/limitrange/strategy.go
[gosec] 2026/02/05 17:16:01 Import directory: /tmp/blitzy/blitzy-kubernetes/blitzy5f91179c1/pkg/registry/apps/controllerrevision/storage
[gosec] 2026/02/05 17:16:02 Checking package: nftables
[gosec] 2026/02/05 17:16:02 Checking file: /tmp/blitzy/blitzy-kubernetes/blitzy5f91179c1/pkg/proxy/nftables/doc.go
[gosec] 2026/02/05 17:16:02 Import directory: /tmp/blitzy/blitzy-kubernetes/blitzy5f91179c1/pkg/registry/batch/cronjob
[gosec] 2026/02/05 17:16:02 Checking file: /tmp/blitzy/blitzy-kubernetes/blitzy5f91179c1/pkg/proxy/nftables/proxier.go
[gosec] 2026/02/05 17:16:04 Checking package: storage
[gosec] 2026/02/05 17:16:04 Checking file: /tmp/blitzy/blitzy-kubernetes/blitzy5f91179c1/pkg/registry/batch/cronjob/storage/storage.go
[gosec] 2026/02/05 17:16:04 Import directory: /tmp/blitzy/blitzy-kubernetes/blitzy5f91179c1/pkg/volume/flexvolume
[gosec] 2026/02/05 17:16:05 Checking package: assumecache
[gosec] 2026/02/05 17:16:05 Checking file: /tmp/blitzy/blitzy-kubernetes/blitzy5f91179c1/pkg/scheduler/util/assumecache/assume_cache.go
[gosec] 2026/02/05 17:16:05 Import directory: /tmp/blitzy/blitzy-kubernetes/blitzy5f91179c1/pkg/windows/service
[gosec] 2026/02/05 17:16:06 Checking package: scheduler
[gosec] 2026/02/05 17:16:06 Checking file: /tmp/blitzy/blitzy-kubernetes/blitzy5f91179c1/pkg/scheduler/eventhandlers.go
[gosec] 2026/02/05 17:16:06 Import directory: /tmp/blitzy/blitzy-kubernetes/blitzy5f91179c1/pkg/apis/rbac/validation
[gosec] 2026/02/05 17:16:07 Checking file: /tmp/blitzy/blitzy-kubernetes/blitzy5f91179c1/pkg/scheduler/extender.go
[gosec] 2026/02/05 17:16:09 Checking file: /tmp/blitzy/blitzy-kubernetes/blitzy5f91179c1/pkg/scheduler/schedule_one.go
[gosec] 2026/02/05 17:16:11 Checking file: /tmp/blitzy/blitzy-kubernetes/blitzy5f91179c1/pkg/scheduler/scheduler.go
[gosec] 2026/02/05 17:16:13 Checking package: install
[gosec] 2026/02/05 17:16:13 Checking file: /tmp/blitzy/blitzy-kubernetes/blitzy5f91179c1/pkg/apis/coordination/install/install.go
[gosec] 2026/02/05 17:16:13 Import directory: /tmp/blitzy/blitzy-kubernetes/blitzy5f91179c1/pkg/controller/podautoscaler/monitor
[gosec] 2026/02/05 17:16:13 Checking package: fuzzer
[gosec] 2026/02/05 17:16:13 Checking file: /tmp/blitzy/blitzy-kubernetes/blitzy5f91179c1/pkg/apis/core/fuzzer/fuzzer.go
[gosec] 2026/02/05 17:16:13 Import directory: /tmp/blitzy/blitzy-kubernetes/blitzy5f91179c1/pkg/controller/volume/attachdetach
[gosec] 2026/02/05 17:16:13 Checking package: util
[gosec] 2026/02/05 17:16:13 Checking file: /tmp/blitzy/blitzy-kubernetes/blitzy5f91179c1/pkg/kubelet/cm/util/cgroups_linux.go
[gosec] 2026/02/05 17:16:13 Import directory: /tmp/blitzy/blitzy-kubernetes/blitzy5f91179c1/pkg/kubelet/kubeletconfig/util/test
[gosec] 2026/02/05 17:16:14 Checking package: cronjob
[gosec] 2026/02/05 17:16:14 Checking file: /tmp/blitzy/blitzy-kubernetes/blitzy5f91179c1/pkg/registry/batch/cronjob/doc.go
[gosec] 2026/02/05 17:16:14 Import directory: /tmp/blitzy/blitzy-kubernetes/blitzy5f91179c1/pkg/proxy/util/nfacct
[gosec] 2026/02/05 17:16:14 Checking file: /tmp/blitzy/blitzy-kubernetes/blitzy5f91179c1/pkg/registry/batch/cronjob/strategy.go
[gosec] 2026/02/05 17:16:14 Checking package: storage
[gosec] 2026/02/05 17:16:14 Checking file: /tmp/blitzy/blitzy-kubernetes/blitzy5f91179c1/pkg/registry/apps/controllerrevision/storage/storage.go
[gosec] 2026/02/05 17:16:14 Import directory: /tmp/blitzy/blitzy-kubernetes/blitzy5f91179c1/pkg/util/node
[gosec] 2026/02/05 17:16:14 Checking package: flexvolume
[gosec] 2026/02/05 17:16:14 Checking file: /tmp/blitzy/blitzy-kubernetes/blitzy5f91179c1/pkg/volume/flexvolume/attacher-defaults.go
[gosec] 2026/02/05 17:16:14 Import directory: /tmp/blitzy/blitzy-kubernetes/blitzy5f91179c1/pkg/util/oom
[gosec] 2026/02/05 17:16:14 Import directory: /tmp/blitzy/blitzy-kubernetes/blitzy5f91179c1/pkg/apis/admission/install
[gosec] 2026/02/05 17:16:14 Checking file: /tmp/blitzy/blitzy-kubernetes/blitzy5f91179c1/pkg/volume/flexvolume/attacher.go
[gosec] 2026/02/05 17:16:15 Checking file: /tmp/blitzy/blitzy-kubernetes/blitzy5f91179c1/pkg/volume/flexvolume/detacher-defaults.go
[gosec] 2026/02/05 17:16:15 Checking file: /tmp/blitzy/blitzy-kubernetes/blitzy5f91179c1/pkg/volume/flexvolume/detacher.go
[gosec] 2026/02/05 17:16:15 Checking file: /tmp/blitzy/blitzy-kubernetes/blitzy5f91179c1/pkg/volume/flexvolume/driver-call.go
[gosec] 2026/02/05 17:16:15 Checking file: /tmp/blitzy/blitzy-kubernetes/blitzy5f91179c1/pkg/volume/flexvolume/expander-defaults.go
[gosec] 2026/02/05 17:16:16 Checking file: /tmp/blitzy/blitzy-kubernetes/blitzy5f91179c1/pkg/volume/flexvolume/expander.go
[gosec] 2026/02/05 17:16:16 Checking file: /tmp/blitzy/blitzy-kubernetes/blitzy5f91179c1/pkg/volume/flexvolume/fake_watcher.go
[gosec] 2026/02/05 17:16:16 Checking file: /tmp/blitzy/blitzy-kubernetes/blitzy5f91179c1/pkg/volume/flexvolume/mounter-defaults.go
[gosec] 2026/02/05 17:16:16 Checking file: /tmp/blitzy/blitzy-kubernetes/blitzy5f91179c1/pkg/volume/flexvolume/mounter.go
[gosec] 2026/02/05 17:16:16 Checking file: /tmp/blitzy/blitzy-kubernetes/blitzy5f91179c1/pkg/volume/flexvolume/plugin-defaults.go
[gosec] 2026/02/05 17:16:16 Checking file: /tmp/blitzy/blitzy-kubernetes/blitzy5f91179c1/pkg/volume/flexvolume/plugin.go
[gosec] 2026/02/05 17:16:17 Checking file: /tmp/blitzy/blitzy-kubernetes/blitzy5f91179c1/pkg/volume/flexvolume/probe.go
[gosec] 2026/02/05 17:16:18 Checking file: /tmp/blitzy/blitzy-kubernetes/blitzy5f91179c1/pkg/volume/flexvolume/unmounter-defaults.go
[gosec] 2026/02/05 17:16:18 Checking file: /tmp/blitzy/blitzy-kubernetes/blitzy5f91179c1/pkg/volume/flexvolume/unmounter.go
[gosec] 2026/02/05 17:16:18 Checking file: /tmp/blitzy/blitzy-kubernetes/blitzy5f91179c1/pkg/volume/flexvolume/util.go
[gosec] 2026/02/05 17:16:18 Checking file: /tmp/blitzy/blitzy-kubernetes/blitzy5f91179c1/pkg/volume/flexvolume/volume.go
[gosec] 2026/02/05 17:16:18 Checking package: validation
[gosec] 2026/02/05 17:16:18 Checking file: /tmp/blitzy/blitzy-kubernetes/blitzy5f91179c1/pkg/apis/rbac/validation/validation.go
[gosec] 2026/02/05 17:16:18 Import directory: /tmp/blitzy/blitzy-kubernetes/blitzy5f91179c1/pkg/controller/replicaset/metrics
[gosec] 2026/02/05 17:16:19 Checking package: monitor
[gosec] 2026/02/05 17:16:19 Checking file: /tmp/blitzy/blitzy-kubernetes/blitzy5f91179c1/pkg/controller/podautoscaler/monitor/metrics.go
[gosec] 2026/02/05 17:16:19 Import directory: /tmp/blitzy/blitzy-kubernetes/blitzy5f91179c1/pkg/kubelet/util/store
[gosec] 2026/02/05 17:16:19 Checking file: /tmp/blitzy/blitzy-kubernetes/blitzy5f91179c1/pkg/controller/podautoscaler/monitor/monitor.go
[gosec] 2026/02/05 17:16:19 Checking package: test
[gosec] 2026/02/05 17:16:19 Checking file: /tmp/blitzy/blitzy-kubernetes/blitzy5f91179c1/pkg/kubelet/kubeletconfig/util/test/test.go
[gosec] 2026/02/05 17:16:19 Import directory: /tmp/blitzy/blitzy-kubernetes/blitzy5f91179c1/pkg/registry/rbac/clusterrole/policybased
[gosec] 2026/02/05 17:16:19 Checking package: attachdetach
[gosec] 2026/02/05 17:16:19 Checking file: /tmp/blitzy/blitzy-kubernetes/blitzy5f91179c1/pkg/controller/volume/attachdetach/attach_detach_controller.go
[gosec] 2026/02/05 17:16:19 Import directory: /tmp/blitzy/blitzy-kubernetes/blitzy5f91179c1/pkg/scheduler/apis/config/testing
[gosec] 2026/02/05 17:16:21 Checking package: nfacct
[gosec] 2026/02/05 17:16:21 Checking file: /tmp/blitzy/blitzy-kubernetes/blitzy5f91179c1/pkg/proxy/util/nfacct/handler.go
[gosec] 2026/02/05 17:16:21 Import directory: /tmp/blitzy/blitzy-kubernetes/blitzy5f91179c1/pkg/util/iptables
[gosec] 2026/02/05 17:16:21 Checking file: /tmp/blitzy/blitzy-kubernetes/blitzy5f91179c1/pkg/proxy/util/nfacct/nfacct.go
[gosec] 2026/02/05 17:16:21 Checking file: /tmp/blitzy/blitzy-kubernetes/blitzy5f91179c1/pkg/proxy/util/nfacct/nfacct_linux.go
[gosec] 2026/02/05 17:16:22 Checking package: node
[gosec] 2026/02/05 17:16:22 Checking file: /tmp/blitzy/blitzy-kubernetes/blitzy5f91179c1/pkg/util/node/node.go
[gosec] 2026/02/05 17:16:22 Import directory: /tmp/blitzy/blitzy-kubernetes/blitzy5f91179c1/pkg/volume/emptydir
[gosec] 2026/02/05 17:16:22 Checking package: oom
[gosec] 2026/02/05 17:16:22 Checking file: /tmp/blitzy/blitzy-kubernetes/blitzy5f91179c1/pkg/util/oom/doc.go
[gosec] 2026/02/05 17:16:22 Checking file: /tmp/blitzy/blitzy-kubernetes/blitzy5f91179c1/pkg/util/oom/oom.go
[gosec] 2026/02/05 17:16:22 Import directory: /tmp/blitzy/blitzy-kubernetes/blitzy5f91179c1/pkg/volume/projected
[gosec] 2026/02/05 17:16:22 Checking file: /tmp/blitzy/blitzy-kubernetes/blitzy5f91179c1/pkg/util/oom/oom_fake.go
[gosec] 2026/02/05 17:16:22 Checking file: /tmp/blitzy/blitzy-kubernetes/blitzy5f91179c1/pkg/util/oom/oom_linux.go
[gosec] 2026/02/05 17:16:22 Checking package: install
[gosec] 2026/02/05 17:16:22 Checking file: /tmp/blitzy/blitzy-kubernetes/blitzy5f91179c1/pkg/apis/admission/install/install.go
[gosec] 2026/02/05 17:16:22 Checking package: metrics
[gosec] 2026/02/05 17:16:22 Checking file: /tmp/blitzy/blitzy-kubernetes/blitzy5f91179c1/pkg/controller/replicaset/metrics/metrics.go
[gosec] 2026/02/05 17:16:22 Import directory: /tmp/blitzy/blitzy-kubernetes/blitzy5f91179c1/pkg/apis/authorization/fuzzer
[gosec] 2026/02/05 17:16:22 Import directory: /tmp/blitzy/blitzy-kubernetes/blitzy5f91179c1/pkg/controller/volume/selinuxwarning/translator
[gosec] 2026/02/05 17:16:22 Checking package: store
[gosec] 2026/02/05 17:16:22 Checking file: /tmp/blitzy/blitzy-kubernetes/blitzy5f91179c1/pkg/kubelet/util/store/doc.go
[gosec] 2026/02/05 17:16:22 Checking file: /tmp/blitzy/blitzy-kubernetes/blitzy5f91179c1/pkg/kubelet/util/store/filestore.go
[gosec] 2026/02/05 17:16:22 Import directory: /tmp/blitzy/blitzy-kubernetes/blitzy5f91179c1/pkg/registry/discovery/endpointslice
[gosec] 2026/02/05 17:16:23 Checking file: /tmp/blitzy/blitzy-kubernetes/blitzy5f91179c1/pkg/kubelet/util/store/store.go
[gosec] 2026/02/05 17:16:23 Checking package: policybased
[gosec] 2026/02/05 17:16:23 Checking file: /tmp/blitzy/blitzy-kubernetes/blitzy5f91179c1/pkg/registry/rbac/clusterrole/policybased/storage.go
[gosec] 2026/02/05 17:16:23 Import directory: /tmp/blitzy/blitzy-kubernetes/blitzy5f91179c1/pkg/registry/rbac/rolebinding/policybased
[gosec] 2026/02/05 17:16:23 Checking package: testing
[gosec] 2026/02/05 17:16:23 Checking file: /tmp/blitzy/blitzy-kubernetes/blitzy5f91179c1/pkg/scheduler/apis/config/testing/config.go
[gosec] 2026/02/05 17:16:23 Import directory: /tmp/blitzy/blitzy-kubernetes/blitzy5f91179c1/pkg/scheduler/framework/plugins/helper
[gosec] 2026/02/05 17:16:23 Checking package: iptables
[gosec] 2026/02/05 17:16:23 Checking file: /tmp/blitzy/blitzy-kubernetes/blitzy5f91179c1/pkg/util/iptables/doc.go
[gosec] 2026/02/05 17:16:23 Checking file: /tmp/blitzy/blitzy-kubernetes/blitzy5f91179c1/pkg/util/iptables/iptables.go
[gosec] 2026/02/05 17:16:23 Import directory: /tmp/blitzy/blitzy-kubernetes/blitzy5f91179c1/pkg/scheduler/framework/plugins
[gosec] 2026/02/05 17:16:25 Checking file: /tmp/blitzy/blitzy-kubernetes/blitzy5f91179c1/pkg/util/iptables/iptables_linux.go
[gosec] 2026/02/05 17:16:25 Checking file: /tmp/blitzy/blitzy-kubernetes/blitzy5f91179c1/pkg/util/iptables/save_restore.go
[gosec] 2026/02/05 17:16:26 Checking package: fuzzer
[gosec] 2026/02/05 17:16:26 Checking file: /tmp/blitzy/blitzy-kubernetes/blitzy5f91179c1/pkg/apis/authorization/fuzzer/fuzzer.go
[gosec] 2026/02/05 17:16:26 Import directory: /tmp/blitzy/blitzy-kubernetes/blitzy5f91179c1/pkg/apis/apiserverinternal/validation
[gosec] 2026/02/05 17:16:26 Checking package: endpointslice
[gosec] 2026/02/05 17:16:26 Checking file: /tmp/blitzy/blitzy-kubernetes/blitzy5f91179c1/pkg/registry/discovery/endpointslice/doc.go
[gosec] 2026/02/05 17:16:26 Checking file: /tmp/blitzy/blitzy-kubernetes/blitzy5f91179c1/pkg/registry/discovery/endpointslice/strategy.go
[gosec] 2026/02/05 17:16:26 Import directory: /tmp/blitzy/blitzy-kubernetes/blitzy5f91179c1/pkg/apis/authorization/install
[gosec] 2026/02/05 17:16:26 Checking package: translator
[gosec] 2026/02/05 17:16:26 Checking file: /tmp/blitzy/blitzy-kubernetes/blitzy5f91179c1/pkg/controller/volume/selinuxwarning/translator/selinux_translator.go
[gosec] 2026/02/05 17:16:26 Import directory: /tmp/blitzy/blitzy-kubernetes/blitzy5f91179c1/pkg/controller/podgc/metrics
[gosec] 2026/02/05 17:16:26 Checking package: emptydir
[gosec] 2026/02/05 17:16:26 Checking file: /tmp/blitzy/blitzy-kubernetes/blitzy5f91179c1/pkg/volume/emptydir/doc.go
[gosec] 2026/02/05 17:16:26 Import directory: /tmp/blitzy/blitzy-kubernetes/blitzy5f91179c1/pkg/kubelet/server
[gosec] 2026/02/05 17:16:26 Checking file: /tmp/blitzy/blitzy-kubernetes/blitzy5f91179c1/pkg/volume/emptydir/empty_dir.go
[gosec] 2026/02/05 17:16:28 Checking file: /tmp/blitzy/blitzy-kubernetes/blitzy5f91179c1/pkg/volume/emptydir/empty_dir_linux.go
[gosec] 2026/02/05 17:16:28 Checking package: projected
[gosec] 2026/02/05 17:16:28 Checking file: /tmp/blitzy/blitzy-kubernetes/blitzy5f91179c1/pkg/volume/projected/projected.go
[gosec] 2026/02/05 17:16:28 Import directory: /tmp/blitzy/blitzy-kubernetes/blitzy5f91179c1/pkg/kubelet/userns
[gosec] 2026/02/05 17:16:29 Checking package: policybased
[gosec] 2026/02/05 17:16:29 Checking file: /tmp/blitzy/blitzy-kubernetes/blitzy5f91179c1/pkg/registry/rbac/rolebinding/policybased/storage.go
[gosec] 2026/02/05 17:16:29 Import directory: /tmp/blitzy/blitzy-kubernetes/blitzy5f91179c1/pkg/kubelet/util/cache
[gosec] 2026/02/05 17:16:30 Checking package: helper
[gosec] 2026/02/05 17:16:30 Checking file: /tmp/blitzy/blitzy-kubernetes/blitzy5f91179c1/pkg/scheduler/framework/plugins/helper/normalize_score.go
[gosec] 2026/02/05 17:16:30 Import directory: /tmp/blitzy/blitzy-kubernetes/blitzy5f91179c1/pkg/registry/admissionregistration/mutatingadmissionpolicy
[gosec] 2026/02/05 17:16:30 Checking file: /tmp/blitzy/blitzy-kubernetes/blitzy5f91179c1/pkg/scheduler/framework/plugins/helper/shape_score.go
[gosec] 2026/02/05 17:16:30 Checking file: /tmp/blitzy/blitzy-kubernetes/blitzy5f91179c1/pkg/scheduler/framework/plugins/helper/spread.go
[gosec] 2026/02/05 17:16:30 Checking file: /tmp/blitzy/blitzy-kubernetes/blitzy5f91179c1/pkg/scheduler/framework/plugins/helper/taint.go
[gosec] 2026/02/05 17:16:30 Checking package: plugins
[gosec] 2026/02/05 17:16:30 Checking file: /tmp/blitzy/blitzy-kubernetes/blitzy5f91179c1/pkg/scheduler/framework/plugins/registry.go
[gosec] 2026/02/05 17:16:30 Import directory: /tmp/blitzy/blitzy-kubernetes/blitzy5f91179c1/pkg/registry/certificates/rest
[gosec] 2026/02/05 17:16:30 Checking package: install
[gosec] 2026/02/05 17:16:30 Checking file: /tmp/blitzy/blitzy-kubernetes/blitzy5f91179c1/pkg/apis/authorization/install/install.go
[gosec] 2026/02/05 17:16:30 Import directory: /tmp/blitzy/blitzy-kubernetes/blitzy5f91179c1/pkg/apis/storage/install
[gosec] 2026/02/05 17:16:30 Checking package: validation
[gosec] 2026/02/05 17:16:30 Checking file: /tmp/blitzy/blitzy-kubernetes/blitzy5f91179c1/pkg/apis/apiserverinternal/validation/validation.go
[gosec] 2026/02/05 17:16:30 Import directory: /tmp/blitzy/blitzy-kubernetes/blitzy5f91179c1/pkg/controller/volume/pvprotection
[gosec] 2026/02/05 17:16:31 Checking package: metrics
[gosec] 2026/02/05 17:16:31 Checking file: /tmp/blitzy/blitzy-kubernetes/blitzy5f91179c1/pkg/controller/podgc/metrics/metrics.go
[gosec] 2026/02/05 17:16:31 Import directory: /tmp/blitzy/blitzy-kubernetes/blitzy5f91179c1/pkg/registry/core/configmap
[gosec] 2026/02/05 17:16:31 Checking package: server
[gosec] 2026/02/05 17:16:31 Checking file: /tmp/blitzy/blitzy-kubernetes/blitzy5f91179c1/pkg/kubelet/server/auth.go
[gosec] 2026/02/05 17:16:31 Import directory: /tmp/blitzy/blitzy-kubernetes/blitzy5f91179c1/pkg/registry/storage/csidriver
[gosec] 2026/02/05 17:16:31 Checking file: /tmp/blitzy/blitzy-kubernetes/blitzy5f91179c1/pkg/kubelet/server/doc.go
[gosec] 2026/02/05 17:16:31 Checking file: /tmp/blitzy/blitzy-kubernetes/blitzy5f91179c1/pkg/kubelet/server/server.go
[gosec] 2026/02/05 17:16:33 Checking package: userns
[gosec] 2026/02/05 17:16:33 Checking file: /tmp/blitzy/blitzy-kubernetes/blitzy5f91179c1/pkg/kubelet/userns/types.go
[gosec] 2026/02/05 17:16:33 Checking file: /tmp/blitzy/blitzy-kubernetes/blitzy5f91179c1/pkg/kubelet/userns/userns_manager.go
[gosec] 2026/02/05 17:16:33 Import directory: /tmp/blitzy/blitzy-kubernetes/blitzy5f91179c1/pkg/registry/storage/volumeattributesclass
[gosec] 2026/02/05 17:16:34 Checking package: cache
[gosec] 2026/02/05 17:16:34 Checking file: /tmp/blitzy/blitzy-kubernetes/blitzy5f91179c1/pkg/kubelet/util/cache/object_cache.go
[gosec] 2026/02/05 17:16:34 Import directory: /tmp/blitzy/blitzy-kubernetes/blitzy5f91179c1/pkg/scheduler/backend/api_cache
[gosec] 2026/02/05 17:16:35 Checking package: install
[gosec] 2026/02/05 17:16:35 Checking file: /tmp/blitzy/blitzy-kubernetes/blitzy5f91179c1/pkg/apis/storage/install/install.go
[gosec] 2026/02/05 17:16:35 Import directory: /tmp/blitzy/blitzy-kubernetes/blitzy5f91179c1/pkg/scheduler/framework/plugins/nodevolumelimits
[gosec] 2026/02/05 17:16:35 Checking package: mutatingadmissionpolicy
[gosec] 2026/02/05 17:16:35 Checking file: /tmp/blitzy/blitzy-kubernetes/blitzy5f91179c1/pkg/registry/admissionregistration/mutatingadmissionpolicy/authz.go
[gosec] 2026/02/05 17:16:35 Import directory: /tmp/blitzy/blitzy-kubernetes/blitzy5f91179c1/pkg/securitycontext
[gosec] 2026/02/05 17:16:35 Checking file: /tmp/blitzy/blitzy-kubernetes/blitzy5f91179c1/pkg/registry/admissionregistration/mutatingadmissionpolicy/doc.go
[gosec] 2026/02/05 17:16:35 Checking file: /tmp/blitzy/blitzy-kubernetes/blitzy5f91179c1/pkg/registry/admissionregistration/mutatingadmissionpolicy/strategy.go
[gosec] 2026/02/05 17:16:35 Checking package: pvprotection
[gosec] 2026/02/05 17:16:35 Checking file: /tmp/blitzy/blitzy-kubernetes/blitzy5f91179c1/pkg/controller/volume/pvprotection/pv_protection_controller.go
[gosec] 2026/02/05 17:16:35 Import directory: /tmp/blitzy/blitzy-kubernetes/blitzy5f91179c1/pkg/api/persistentvolumeclaim
[gosec] 2026/02/05 17:16:35 Checking package: rest
[gosec] 2026/02/05 17:16:35 Checking file: /tmp/blitzy/blitzy-kubernetes/blitzy5f91179c1/pkg/registry/certificates/rest/storage_certificates.go
[gosec] 2026/02/05 17:16:35 Import directory: /tmp/blitzy/blitzy-kubernetes/blitzy5f91179c1/pkg/apis/authentication/v1beta1
[gosec] 2026/02/05 17:16:36 Checking package: csidriver
[gosec] 2026/02/05 17:16:36 Checking file: /tmp/blitzy/blitzy-kubernetes/blitzy5f91179c1/pkg/registry/storage/csidriver/doc.go
[gosec] 2026/02/05 17:16:36 Checking file: /tmp/blitzy/blitzy-kubernetes/blitzy5f91179c1/pkg/registry/storage/csidriver/strategy.go
[gosec] 2026/02/05 17:16:36 Import directory: /tmp/blitzy/blitzy-kubernetes/blitzy5f91179c1/pkg/apis/storage/v1
[gosec] 2026/02/05 17:16:36 Checking package: configmap
[gosec] 2026/02/05 17:16:36 Checking file: /tmp/blitzy/blitzy-kubernetes/blitzy5f91179c1/pkg/registry/core/configmap/doc.go
[gosec] 2026/02/05 17:16:36 Checking file: /tmp/blitzy/blitzy-kubernetes/blitzy5f91179c1/pkg/registry/core/configmap/strategy.go
[gosec] 2026/02/05 17:16:36 Import directory: /tmp/blitzy/blitzy-kubernetes/blitzy5f91179c1/pkg/controller/ttlafterfinished/metrics
[gosec] 2026/02/05 17:16:36 Checking package: volumeattributesclass
[gosec] 2026/02/05 17:16:36 Checking file: /tmp/blitzy/blitzy-kubernetes/blitzy5f91179c1/pkg/registry/storage/volumeattributesclass/doc.go
[gosec] 2026/02/05 17:16:36 Checking file: /tmp/blitzy/blitzy-kubernetes/blitzy5f91179c1/pkg/registry/storage/volumeattributesclass/strategy.go
[gosec] 2026/02/05 17:16:36 Import directory: /tmp/blitzy/blitzy-kubernetes/blitzy5f91179c1/pkg/controlplane/controller/legacytokentracking
[gosec] 2026/02/05 17:16:36 Checking package: securitycontext
[gosec] 2026/02/05 17:16:36 Checking file: /tmp/blitzy/blitzy-kubernetes/blitzy5f91179c1/pkg/securitycontext/accessors.go
[gosec] 2026/02/05 17:16:36 Import directory: /tmp/blitzy/blitzy-kubernetes/blitzy5f91179c1/pkg/proxy/ipvs/util
[gosec] 2026/02/05 17:16:38 Checking file: /tmp/blitzy/blitzy-kubernetes/blitzy5f91179c1/pkg/securitycontext/doc.go
[gosec] 2026/02/05 17:16:38 Checking file: /tmp/blitzy/blitzy-kubernetes/blitzy5f91179c1/pkg/securitycontext/fake.go
[gosec] 2026/02/05 17:16:38 Checking file: /tmp/blitzy/blitzy-kubernetes/blitzy5f91179c1/pkg/securitycontext/util.go
[gosec] 2026/02/05 17:16:39 Checking file: /tmp/blitzy/blitzy-kubernetes/blitzy5f91179c1/pkg/securitycontext/util_linux.go
[gosec] 2026/02/05 17:16:39 Checking package: apicache
[gosec] 2026/02/05 17:16:39 Checking file: /tmp/blitzy/blitzy-kubernetes/blitzy5f91179c1/pkg/scheduler/backend/api_cache/api_cache.go
[gosec] 2026/02/05 17:16:39 Import directory: /tmp/blitzy/blitzy-kubernetes/blitzy5f91179c1/pkg/registry/core/service/ipallocator/storage
[gosec] 2026/02/05 17:16:39 Checking package: persistentvolumeclaim
[gosec] 2026/02/05 17:16:39 Checking file: /tmp/blitzy/blitzy-kubernetes/blitzy5f91179c1/pkg/api/persistentvolumeclaim/util.go
[gosec] 2026/02/05 17:16:39 Import directory: /tmp/blitzy/blitzy-kubernetes/blitzy5f91179c1/pkg/scheduler/testing
[gosec] 2026/02/05 17:16:40 Checking package: v1beta1
[gosec] 2026/02/05 17:16:40 Checking file: /tmp/blitzy/blitzy-kubernetes/blitzy5f91179c1/pkg/apis/authentication/v1beta1/defaults.go
[gosec] 2026/02/05 17:16:40 Import directory: /tmp/blitzy/blitzy-kubernetes/blitzy5f91179c1/pkg/apis/certificates/v1alpha1
[gosec] 2026/02/05 17:16:40 Checking file: /tmp/blitzy/blitzy-kubernetes/blitzy5f91179c1/pkg/apis/authentication/v1beta1/doc.go
[gosec] 2026/02/05 17:16:40 Checking file: /tmp/blitzy/blitzy-kubernetes/blitzy5f91179c1/pkg/apis/authentication/v1beta1/register.go
[gosec] 2026/02/05 17:16:40 Checking file: /tmp/blitzy/blitzy-kubernetes/blitzy5f91179c1/pkg/apis/authentication/v1beta1/zz_generated.conversion.go
[gosec] 2026/02/05 17:16:41 Checking file: /tmp/blitzy/blitzy-kubernetes/blitzy5f91179c1/pkg/apis/authentication/v1beta1/zz_generated.defaults.go
[gosec] 2026/02/05 17:16:41 Checking package: nodevolumelimits
[gosec] 2026/02/05 17:16:41 Checking file: /tmp/blitzy/blitzy-kubernetes/blitzy5f91179c1/pkg/scheduler/framework/plugins/nodevolumelimits/csi.go
[gosec] 2026/02/05 17:16:41 Import directory: /tmp/blitzy/blitzy-kubernetes/blitzy5f91179c1/pkg/controller/volume/persistentvolume/options
[gosec] 2026/02/05 17:16:43 Checking file: /tmp/blitzy/blitzy-kubernetes/blitzy5f91179c1/pkg/scheduler/framework/plugins/nodevolumelimits/csi_manager.go
[gosec] 2026/02/05 17:16:43 Checking file: /tmp/blitzy/blitzy-kubernetes/blitzy5f91179c1/pkg/scheduler/framework/plugins/nodevolumelimits/utils.go
[gosec] 2026/02/05 17:16:43 Checking package: v1
[gosec] 2026/02/05 17:16:43 Checking file: /tmp/blitzy/blitzy-kubernetes/blitzy5f91179c1/pkg/apis/storage/v1/defaults.go
[gosec] 2026/02/05 17:16:43 Import directory: /tmp/blitzy/blitzy-kubernetes/blitzy5f91179c1/pkg/kubelet/cm/dra
[gosec] 2026/02/05 17:16:43 Checking file: /tmp/blitzy/blitzy-kubernetes/blitzy5f91179c1/pkg/apis/storage/v1/doc.go
[gosec] 2026/02/05 17:16:43 Checking file: /tmp/blitzy/blitzy-kubernetes/blitzy5f91179c1/pkg/apis/storage/v1/register.go
[gosec] 2026/02/05 17:16:43 Checking file: /tmp/blitzy/blitzy-kubernetes/blitzy5f91179c1/pkg/apis/storage/v1/zz_generated.conversion.go
[gosec] 2026/02/05 17:16:48 Checking file: /tmp/blitzy/blitzy-kubernetes/blitzy5f91179c1/pkg/apis/storage/v1/zz_generated.defaults.go
[gosec] 2026/02/05 17:16:48 Checking file: /tmp/blitzy/blitzy-kubernetes/blitzy5f91179c1/pkg/apis/storage/v1/zz_generated.validations.go
[gosec] 2026/02/05 17:16:48 Checking package: metrics
[gosec] 2026/02/05 17:16:48 Checking file: /tmp/blitzy/blitzy-kubernetes/blitzy5f91179c1/pkg/controller/ttlafterfinished/metrics/metrics.go
[gosec] 2026/02/05 17:16:48 Import directory: /tmp/blitzy/blitzy-kubernetes/blitzy5f91179c1/pkg/registry/authorization/selfsubjectrulesreview
[gosec] 2026/02/05 17:16:48 Checking package: ipvs
[gosec] 2026/02/05 17:16:48 Checking file: /tmp/blitzy/blitzy-kubernetes/blitzy5f91179c1/pkg/proxy/ipvs/util/doc.go
[gosec] 2026/02/05 17:16:48 Checking file: /tmp/blitzy/blitzy-kubernetes/blitzy5f91179c1/pkg/proxy/ipvs/util/ipvs.go
[gosec] 2026/02/05 17:16:48 Import directory: /tmp/blitzy/blitzy-kubernetes/blitzy5f91179c1/pkg/scheduler/backend/cache
[gosec] 2026/02/05 17:16:48 Checking file: /tmp/blitzy/blitzy-kubernetes/blitzy5f91179c1/pkg/proxy/ipvs/util/ipvs_linux.go
[gosec] 2026/02/05 17:16:49 Checking package: legacytokentracking
[gosec] 2026/02/05 17:16:49 Checking file: /tmp/blitzy/blitzy-kubernetes/blitzy5f91179c1/pkg/controlplane/controller/legacytokentracking/controller.go
[gosec] 2026/02/05 17:16:49 Import directory: /tmp/blitzy/blitzy-kubernetes/blitzy5f91179c1/pkg/util/env
[gosec] 2026/02/05 17:16:50 Checking package: storage
[gosec] 2026/02/05 17:16:50 Checking file: /tmp/blitzy/blitzy-kubernetes/blitzy5f91179c1/pkg/registry/core/service/ipallocator/storage/storage.go
[gosec] 2026/02/05 17:16:50 Checking package: testing
[gosec] 2026/02/05 17:16:50 Import directory: /tmp/blitzy/blitzy-kubernetes/blitzy5f91179c1/pkg/util/goroutinemap/exponentialbackoff
[gosec] 2026/02/05 17:16:50 Import directory: /tmp/blitzy/blitzy-kubernetes/blitzy5f91179c1/pkg/apis/scheduling/validation
[gosec] 2026/02/05 17:16:50 Checking file: /tmp/blitzy/blitzy-kubernetes/blitzy5f91179c1/pkg/scheduler/testing/workload_prep.go
[gosec] 2026/02/05 17:16:50 Checking file: /tmp/blitzy/blitzy-kubernetes/blitzy5f91179c1/pkg/scheduler/testing/wrappers.go
[gosec] 2026/02/05 17:16:55 Checking package: v1alpha1
[gosec] 2026/02/05 17:16:55 Checking file: /tmp/blitzy/blitzy-kubernetes/blitzy5f91179c1/pkg/apis/certificates/v1alpha1/conversion.go
[gosec] 2026/02/05 17:16:55 Import directory: /tmp/blitzy/blitzy-kubernetes/blitzy5f91179c1/pkg/controller/certificates/signer/config
[gosec] 2026/02/05 17:16:55 Checking file: /tmp/blitzy/blitzy-kubernetes/blitzy5f91179c1/pkg/apis/certificates/v1alpha1/defaults.go
[gosec] 2026/02/05 17:16:55 Checking file: /tmp/blitzy/blitzy-kubernetes/blitzy5f91179c1/pkg/apis/certificates/v1alpha1/doc.go
[gosec] 2026/02/05 17:16:55 Checking file: /tmp/blitzy/blitzy-kubernetes/blitzy5f91179c1/pkg/apis/certificates/v1alpha1/register.go
[gosec] 2026/02/05 17:16:55 Checking file: /tmp/blitzy/blitzy-kubernetes/blitzy5f91179c1/pkg/apis/certificates/v1alpha1/zz_generated.conversion.go
[gosec] 2026/02/05 17:16:55 Checking file: /tmp/blitzy/blitzy-kubernetes/blitzy5f91179c1/pkg/apis/certificates/v1alpha1/zz_generated.defaults.go
[gosec] 2026/02/05 17:16:55 Checking file: /tmp/blitzy/blitzy-kubernetes/blitzy5f91179c1/pkg/apis/certificates/v1alpha1/zz_generated.validations.go
[gosec] 2026/02/05 17:16:55 Checking package: options
[gosec] 2026/02/05 17:16:55 Checking file: /tmp/blitzy/blitzy-kubernetes/blitzy5f91179c1/pkg/controller/volume/persistentvolume/options/options.go
[gosec] 2026/02/05 17:16:55 Import directory: /tmp/blitzy/blitzy-kubernetes/blitzy5f91179c1/pkg/controller/garbagecollector/config/v1alpha1
[gosec] 2026/02/05 17:16:56 Checking package: dra
[gosec] 2026/02/05 17:16:56 Checking file: /tmp/blitzy/blitzy-kubernetes/blitzy5f91179c1/pkg/kubelet/cm/dra/claiminfo.go
[gosec] 2026/02/05 17:16:56 Import directory: /tmp/blitzy/blitzy-kubernetes/blitzy5f91179c1/pkg/controlplane/controller/leaderelection
[gosec] 2026/02/05 17:16:56 Checking file: /tmp/blitzy/blitzy-kubernetes/blitzy5f91179c1/pkg/kubelet/cm/dra/healthinfo.go
[gosec] 2026/02/05 17:16:57 Checking file: /tmp/blitzy/blitzy-kubernetes/blitzy5f91179c1/pkg/kubelet/cm/dra/manager.go
[gosec] 2026/02/05 17:16:59 Checking file: /tmp/blitzy/blitzy-kubernetes/blitzy5f91179c1/pkg/kubelet/cm/dra/types.go
[gosec] 2026/02/05 17:16:59 Checking file: /tmp/blitzy/blitzy-kubernetes/blitzy5f91179c1/pkg/kubelet/cm/dra/zz_generated.deepcopy.go
[gosec] 2026/02/05 17:16:59 Checking package: selfsubjectrulesreview
[gosec] 2026/02/05 17:16:59 Checking file: /tmp/blitzy/blitzy-kubernetes/blitzy5f91179c1/pkg/registry/authorization/selfsubjectrulesreview/rest.go
[gosec] 2026/02/05 17:16:59 Import directory: /tmp/blitzy/blitzy-kubernetes/blitzy5f91179c1/pkg/kubelet/status/testing
[gosec] 2026/02/05 17:17:00 Checking package: cache
[gosec] 2026/02/05 17:17:00 Checking file: /tmp/blitzy/blitzy-kubernetes/blitzy5f91179c1/pkg/scheduler/backend/cache/cache.go
[gosec] 2026/02/05 17:17:00 Import directory: /tmp/blitzy/blitzy-kubernetes/blitzy5f91179c1/pkg/printers/internalversion
[gosec] 2026/02/05 17:17:01 Checking file: /tmp/blitzy/blitzy-kubernetes/blitzy5f91179c1/pkg/scheduler/backend/cache/interface.go
[gosec] 2026/02/05 17:17:01 Checking file: /tmp/blitzy/blitzy-kubernetes/blitzy5f91179c1/pkg/scheduler/backend/cache/node_tree.go
[gosec] 2026/02/05 17:17:02 Checking file: /tmp/blitzy/blitzy-kubernetes/blitzy5f91179c1/pkg/scheduler/backend/cache/snapshot.go
[gosec] 2026/02/05 17:17:02 Checking package: env
[gosec] 2026/02/05 17:17:02 Checking file: /tmp/blitzy/blitzy-kubernetes/blitzy5f91179c1/pkg/util/env/env.go
[gosec] 2026/02/05 17:17:02 Import directory: /tmp/blitzy/blitzy-kubernetes/blitzy5f91179c1/pkg/registry/core/resourcequota/storage
[gosec] 2026/02/05 17:17:02 Checking package: exponentialbackoff
[gosec] 2026/02/05 17:17:02 Checking file: /tmp/blitzy/blitzy-kubernetes/blitzy5f91179c1/pkg/util/goroutinemap/exponentialbackoff/exponential_backoff.go
[gosec] 2026/02/05 17:17:02 Import directory: /tmp/blitzy/blitzy-kubernetes/blitzy5f91179c1/pkg/apis/autoscaling/v2beta2
[gosec] 2026/02/05 17:17:02 Checking package: validation
[gosec] 2026/02/05 17:17:02 Checking file: /tmp/blitzy/blitzy-kubernetes/blitzy5f91179c1/pkg/apis/scheduling/validation/validation.go
[gosec] 2026/02/05 17:17:02 Import directory: /tmp/blitzy/blitzy-kubernetes/blitzy5f91179c1/pkg/controller
[gosec] 2026/02/05 17:17:03 Checking package: config
[gosec] 2026/02/05 17:17:03 Checking file: /tmp/blitzy/blitzy-kubernetes/blitzy5f91179c1/pkg/controller/certificates/signer/config/doc.go
[gosec] 2026/02/05 17:17:03 Checking file: /tmp/blitzy/blitzy-kubernetes/blitzy5f91179c1/pkg/controller/certificates/signer/config/types.go
[gosec] 2026/02/05 17:17:03 Import directory: /tmp/blitzy/blitzy-kubernetes/blitzy5f91179c1/pkg/scheduler/framework/autoscaler_contract
[gosec] 2026/02/05 17:17:03 Checking file: /tmp/blitzy/blitzy-kubernetes/blitzy5f91179c1/pkg/controller/certificates/signer/config/zz_generated.deepcopy.go
[gosec] 2026/02/05 17:17:03 Checking package: v1alpha1
[gosec] 2026/02/05 17:17:03 Checking file: /tmp/blitzy/blitzy-kubernetes/blitzy5f91179c1/pkg/controller/garbagecollector/config/v1alpha1/conversion.go
[gosec] 2026/02/05 17:17:03 Import directory: /tmp/blitzy/blitzy-kubernetes/blitzy5f91179c1/pkg/apis/admissionregistration/install
[gosec] 2026/02/05 17:17:03 Checking file: /tmp/blitzy/blitzy-kubernetes/blitzy5f91179c1/pkg/controller/garbagecollector/config/v1alpha1/defaults.go
[gosec] 2026/02/05 17:17:03 Checking file: /tmp/blitzy/blitzy-kubernetes/blitzy5f91179c1/pkg/controller/garbagecollector/config/v1alpha1/doc.go
[gosec] 2026/02/05 17:17:03 Checking file: /tmp/blitzy/blitzy-kubernetes/blitzy5f91179c1/pkg/controller/garbagecollector/config/v1alpha1/register.go
[gosec] 2026/02/05 17:17:03 Checking file: /tmp/blitzy/blitzy-kubernetes/blitzy5f91179c1/pkg/controller/garbagecollector/config/v1alpha1/zz_generated.conversion.go
[gosec] 2026/02/05 17:17:04 Checking file: /tmp/blitzy/blitzy-kubernetes/blitzy5f91179c1/pkg/controller/garbagecollector/config/v1alpha1/zz_generated.deepcopy.go
[gosec] 2026/02/05 17:17:04 Checking package: leaderelection
[gosec] 2026/02/05 17:17:04 Checking file: /tmp/blitzy/blitzy-kubernetes/blitzy5f91179c1/pkg/controlplane/controller/leaderelection/election.go
[gosec] 2026/02/05 17:17:04 Import directory: /tmp/blitzy/blitzy-kubernetes/blitzy5f91179c1/pkg/apis/batch/fuzzer
[gosec] 2026/02/05 17:17:04 Checking file: /tmp/blitzy/blitzy-kubernetes/blitzy5f91179c1/pkg/controlplane/controller/leaderelection/leaderelection_controller.go
[gosec] 2026/02/05 17:17:05 Checking file: /tmp/blitzy/blitzy-kubernetes/blitzy5f91179c1/pkg/controlplane/controller/leaderelection/leasecandidategc_controller.go
[gosec] 2026/02/05 17:17:05 Checking file: /tmp/blitzy/blitzy-kubernetes/blitzy5f91179c1/pkg/controlplane/controller/leaderelection/run_with_leaderelection.go
[gosec] 2026/02/05 17:17:05 Checking package: testing
[gosec] 2026/02/05 17:17:05 Checking file: /tmp/blitzy/blitzy-kubernetes/blitzy5f91179c1/pkg/kubelet/status/testing/fake_pod_deletion_safety.go
[gosec] 2026/02/05 17:17:05 Import directory: /tmp/blitzy/blitzy-kubernetes/blitzy5f91179c1/pkg/registry/storagemigration/rest
[gosec] 2026/02/05 17:17:05 Checking file: /tmp/blitzy/blitzy-kubernetes/blitzy5f91179c1/pkg/kubelet/status/testing/mocks.go
[gosec] 2026/02/05 17:17:05 Checking package: internalversion
[gosec] 2026/02/05 17:17:05 Checking file: /tmp/blitzy/blitzy-kubernetes/blitzy5f91179c1/pkg/printers/internalversion/import_known_versions.go
[gosec] 2026/02/05 17:17:05 Checking file: /tmp/blitzy/blitzy-kubernetes/blitzy5f91179c1/pkg/printers/internalversion/printers.go
[gosec] 2026/02/05 17:17:05 Import directory: /tmp/blitzy/blitzy-kubernetes/blitzy5f91179c1/pkg/volume/configmap
[gosec] 2026/02/05 17:17:13 Checking package: v2beta2
[gosec] 2026/02/05 17:17:13 Checking file: /tmp/blitzy/blitzy-kubernetes/blitzy5f91179c1/pkg/apis/autoscaling/v2beta2/conversion.go
[gosec] 2026/02/05 17:17:13 Import directory: /tmp/blitzy/blitzy-kubernetes/blitzy5f91179c1/pkg/kubelet/kuberuntime/util
[gosec] 2026/02/05 17:17:13 Checking file: /tmp/blitzy/blitzy-kubernetes/blitzy5f91179c1/pkg/apis/autoscaling/v2beta2/defaults.go
[gosec] 2026/02/05 17:17:13 Checking file: /tmp/blitzy/blitzy-kubernetes/blitzy5f91179c1/pkg/apis/autoscaling/v2beta2/doc.go
[gosec] 2026/02/05 17:17:13 Checking file: /tmp/blitzy/blitzy-kubernetes/blitzy5f91179c1/pkg/apis/autoscaling/v2beta2/register.go
[gosec] 2026/02/05 17:17:13 Checking file: /tmp/blitzy/blitzy-kubernetes/blitzy5f91179c1/pkg/apis/autoscaling/v2beta2/zz_generated.conversion.go
[gosec] 2026/02/05 17:17:20 Checking file: /tmp/blitzy/blitzy-kubernetes/blitzy5f91179c1/pkg/apis/autoscaling/v2beta2/zz_generated.defaults.go
[gosec] 2026/02/05 17:17:20 Checking package: storage
[gosec] 2026/02/05 17:17:20 Checking file: /tmp/blitzy/blitzy-kubernetes/blitzy5f91179c1/pkg/registry/core/resourcequota/storage/storage.go
[gosec] 2026/02/05 17:17:20 Import directory: /tmp/blitzy/blitzy-kubernetes/blitzy5f91179c1/pkg/apis/autoscaling/validation
[gosec] 2026/02/05 17:17:20 Checking package: controller
[gosec] 2026/02/05 17:17:20 Checking file: /tmp/blitzy/blitzy-kubernetes/blitzy5f91179c1/pkg/controller/controller_ref_manager.go
[gosec] 2026/02/05 17:17:20 Import directory: /tmp/blitzy/blitzy-kubernetes/blitzy5f91179c1/pkg/apis/discovery
[gosec] 2026/02/05 17:17:22 Checking file: /tmp/blitzy/blitzy-kubernetes/blitzy5f91179c1/pkg/controller/controller_utils.go
[gosec] 2026/02/05 17:17:26 Checking file: /tmp/blitzy/blitzy-kubernetes/blitzy5f91179c1/pkg/controller/doc.go
[gosec] 2026/02/05 17:17:26 Checking package: install
[gosec] 2026/02/05 17:17:26 Checking file: /tmp/blitzy/blitzy-kubernetes/blitzy5f91179c1/pkg/apis/admissionregistration/install/install.go
[gosec] 2026/02/05 17:17:26 Import directory: /tmp/blitzy/blitzy-kubernetes/blitzy5f91179c1/pkg/apis/discovery/v1beta1
[gosec] 2026/02/05 17:17:26 Import directory: /tmp/blitzy/blitzy-kubernetes/blitzy5f91179c1/pkg/kubelet/config
[gosec] 2026/02/05 17:17:26 Checking package: fuzzer
[gosec] 2026/02/05 17:17:26 Checking file: /tmp/blitzy/blitzy-kubernetes/blitzy5f91179c1/pkg/apis/batch/fuzzer/fuzzer.go
[gosec] 2026/02/05 17:17:26 Import directory: /tmp/blitzy/blitzy-kubernetes/blitzy5f91179c1/pkg/registry/flowcontrol/prioritylevelconfiguration
[gosec] 2026/02/05 17:17:26 Checking package: configmap
[gosec] 2026/02/05 17:17:26 Checking file: /tmp/blitzy/blitzy-kubernetes/blitzy5f91179c1/pkg/volume/configmap/configmap.go
[gosec] 2026/02/05 17:17:26 Import directory: /tmp/blitzy/blitzy-kubernetes/blitzy5f91179c1/pkg/registry/storage/csinode
[gosec] 2026/02/05 17:17:27 Checking file: /tmp/blitzy/blitzy-kubernetes/blitzy5f91179c1/pkg/volume/configmap/doc.go
[gosec] 2026/02/05 17:17:27 Checking package: rest
[gosec] 2026/02/05 17:17:27 Checking file: /tmp/blitzy/blitzy-kubernetes/blitzy5f91179c1/pkg/registry/storagemigration/rest/storage_storagemigration.go
[gosec] 2026/02/05 17:17:27 Import directory: /tmp/blitzy/blitzy-kubernetes/blitzy5f91179c1/pkg/volume/local
[gosec] 2026/02/05 17:17:28 Checking package: util
[gosec] 2026/02/05 17:17:28 Checking file: /tmp/blitzy/blitzy-kubernetes/blitzy5f91179c1/pkg/kubelet/kuberuntime/util/util.go
[gosec] 2026/02/05 17:17:28 Import directory: /tmp/blitzy/blitzy-kubernetes/blitzy5f91179c1/pkg/apis/admissionregistration/v1beta1
[gosec] 2026/02/05 17:17:28 Checking package: validation
[gosec] 2026/02/05 17:17:28 Checking file: /tmp/blitzy/blitzy-kubernetes/blitzy5f91179c1/pkg/apis/autoscaling/validation/validation.go
[gosec] 2026/02/05 17:17:28 Import directory: /tmp/blitzy/blitzy-kubernetes/blitzy5f91179c1/pkg/controller/daemon/config
[gosec] 2026/02/05 17:17:29 Checking package: discovery
[gosec] 2026/02/05 17:17:29 Checking file: /tmp/blitzy/blitzy-kubernetes/blitzy5f91179c1/pkg/apis/discovery/doc.go
[gosec] 2026/02/05 17:17:29 Import directory: /tmp/blitzy/blitzy-kubernetes/blitzy5f91179c1/pkg/controller/namespace
[gosec] 2026/02/05 17:17:29 Checking file: /tmp/blitzy/blitzy-kubernetes/blitzy5f91179c1/pkg/apis/discovery/register.go
[gosec] 2026/02/05 17:17:29 Checking file: /tmp/blitzy/blitzy-kubernetes/blitzy5f91179c1/pkg/apis/discovery/types.go
[gosec] 2026/02/05 17:17:29 Checking file: /tmp/blitzy/blitzy-kubernetes/blitzy5f91179c1/pkg/apis/discovery/zz_generated.deepcopy.go
[gosec] 2026/02/05 17:17:30 Checking package: v1beta1
[gosec] 2026/02/05 17:17:30 Checking file: /tmp/blitzy/blitzy-kubernetes/blitzy5f91179c1/pkg/apis/discovery/v1beta1/conversion.go
[gosec] 2026/02/05 17:17:30 Import directory: /tmp/blitzy/blitzy-kubernetes/blitzy5f91179c1/pkg/controller/nodeipam/config
[gosec] 2026/02/05 17:17:30 Checking file: /tmp/blitzy/blitzy-kubernetes/blitzy5f91179c1/pkg/apis/discovery/v1beta1/defaults.go
[gosec] 2026/02/05 17:17:30 Checking file: /tmp/blitzy/blitzy-kubernetes/blitzy5f91179c1/pkg/apis/discovery/v1beta1/doc.go
[gosec] 2026/02/05 17:17:30 Checking file: /tmp/blitzy/blitzy-kubernetes/blitzy5f91179c1/pkg/apis/discovery/v1beta1/register.go
[gosec] 2026/02/05 17:17:30 Checking file: /tmp/blitzy/blitzy-kubernetes/blitzy5f91179c1/pkg/apis/discovery/v1beta1/zz_generated.conversion.go
[gosec] 2026/02/05 17:17:32 Checking file: /tmp/blitzy/blitzy-kubernetes/blitzy5f91179c1/pkg/apis/discovery/v1beta1/zz_generated.defaults.go
[gosec] 2026/02/05 17:17:32 Checking package: prioritylevelconfiguration
[gosec] 2026/02/05 17:17:32 Checking file: /tmp/blitzy/blitzy-kubernetes/blitzy5f91179c1/pkg/registry/flowcontrol/prioritylevelconfiguration/doc.go
[gosec] 2026/02/05 17:17:32 Checking file: /tmp/blitzy/blitzy-kubernetes/blitzy5f91179c1/pkg/registry/flowcontrol/prioritylevelconfiguration/strategy.go
[gosec] 2026/02/05 17:17:32 Import directory: /tmp/blitzy/blitzy-kubernetes/blitzy5f91179c1/pkg/controller/servicecidrs
[gosec] 2026/02/05 17:17:32 Checking package: csinode
[gosec] 2026/02/05 17:17:32 Checking file: /tmp/blitzy/blitzy-kubernetes/blitzy5f91179c1/pkg/registry/storage/csinode/doc.go
[gosec] 2026/02/05 17:17:32 Checking file: /tmp/blitzy/blitzy-kubernetes/blitzy5f91179c1/pkg/registry/storage/csinode/strategy.go
[gosec] 2026/02/05 17:17:32 Import directory: /tmp/blitzy/blitzy-kubernetes/blitzy5f91179c1/pkg/controller/statefulset/config
[gosec] 2026/02/05 17:17:32 Checking package: config
[gosec] 2026/02/05 17:17:32 Checking file: /tmp/blitzy/blitzy-kubernetes/blitzy5f91179c1/pkg/kubelet/config/apiserver.go
[gosec] 2026/02/05 17:17:32 Import directory: /tmp/blitzy/blitzy-kubernetes/blitzy5f91179c1/pkg/controller/volume/protectionutil
[gosec] 2026/02/05 17:17:32 Checking file: /tmp/blitzy/blitzy-kubernetes/blitzy5f91179c1/pkg/kubelet/config/common.go
[gosec] 2026/02/05 17:17:33 Checking file: /tmp/blitzy/blitzy-kubernetes/blitzy5f91179c1/pkg/kubelet/config/config.go
[gosec] 2026/02/05 17:17:34 Checking file: /tmp/blitzy/blitzy-kubernetes/blitzy5f91179c1/pkg/kubelet/config/doc.go
[gosec] 2026/02/05 17:17:34 Checking file: /tmp/blitzy/blitzy-kubernetes/blitzy5f91179c1/pkg/kubelet/config/file.go
[gosec] 2026/02/05 17:17:34 Checking file: /tmp/blitzy/blitzy-kubernetes/blitzy5f91179c1/pkg/kubelet/config/file_linux.go
[gosec] 2026/02/05 17:17:35 Checking file: /tmp/blitzy/blitzy-kubernetes/blitzy5f91179c1/pkg/kubelet/config/http.go
[gosec] 2026/02/05 17:17:35 Checking file: /tmp/blitzy/blitzy-kubernetes/blitzy5f91179c1/pkg/kubelet/config/mux.go
[gosec] 2026/02/05 17:17:35 Checking file: /tmp/blitzy/blitzy-kubernetes/blitzy5f91179c1/pkg/kubelet/config/sources.go
[gosec] 2026/02/05 17:17:35 Checking package: v1beta1
[gosec] 2026/02/05 17:17:35 Checking file: /tmp/blitzy/blitzy-kubernetes/blitzy5f91179c1/pkg/apis/admissionregistration/v1beta1/defaults.go
[gosec] 2026/02/05 17:17:35 Import directory: /tmp/blitzy/blitzy-kubernetes/blitzy5f91179c1/pkg/kubelet/prober
[gosec] 2026/02/05 17:17:36 Checking file: /tmp/blitzy/blitzy-kubernetes/blitzy5f91179c1/pkg/apis/admissionregistration/v1beta1/doc.go
[gosec] 2026/02/05 17:17:36 Checking file: /tmp/blitzy/blitzy-kubernetes/blitzy5f91179c1/pkg/apis/admissionregistration/v1beta1/register.go
[gosec] 2026/02/05 17:17:36 Checking file: /tmp/blitzy/blitzy-kubernetes/blitzy5f91179c1/pkg/apis/admissionregistration/v1beta1/zz_generated.conversion.go
[gosec] 2026/02/05 17:17:45 Checking file: /tmp/blitzy/blitzy-kubernetes/blitzy5f91179c1/pkg/apis/admissionregistration/v1beta1/zz_generated.defaults.go
[gosec] 2026/02/05 17:17:46 Checking package: config
[gosec] 2026/02/05 17:17:46 Checking file: /tmp/blitzy/blitzy-kubernetes/blitzy5f91179c1/pkg/controller/daemon/config/doc.go
[gosec] 2026/02/05 17:17:46 Checking file: /tmp/blitzy/blitzy-kubernetes/blitzy5f91179c1/pkg/controller/daemon/config/types.go
[gosec] 2026/02/05 17:17:46 Checking file: /tmp/blitzy/blitzy-kubernetes/blitzy5f91179c1/pkg/controller/daemon/config/zz_generated.deepcopy.go
[gosec] 2026/02/05 17:17:46 Import directory: /tmp/blitzy/blitzy-kubernetes/blitzy5f91179c1/pkg/api/pod/testing
[gosec] 2026/02/05 17:17:46 Checking package: local
[gosec] 2026/02/05 17:17:46 Checking file: /tmp/blitzy/blitzy-kubernetes/blitzy5f91179c1/pkg/volume/local/doc.go
[gosec] 2026/02/05 17:17:46 Checking file: /tmp/blitzy/blitzy-kubernetes/blitzy5f91179c1/pkg/volume/local/local.go
[gosec] 2026/02/05 17:17:46 Import directory: /tmp/blitzy/blitzy-kubernetes/blitzy5f91179c1/pkg/apis/storagemigration/v1beta1
[gosec] 2026/02/05 17:17:48 Checking package: namespace
[gosec] 2026/02/05 17:17:48 Checking file: /tmp/blitzy/blitzy-kubernetes/blitzy5f91179c1/pkg/controller/namespace/doc.go
[gosec] 2026/02/05 17:17:48 Import directory: /tmp/blitzy/blitzy-kubernetes/blitzy5f91179c1/pkg/controller/bootstrap
[gosec] 2026/02/05 17:17:48 Checking file: /tmp/blitzy/blitzy-kubernetes/blitzy5f91179c1/pkg/controller/namespace/namespace_controller.go
[gosec] 2026/02/05 17:17:48 Checking package: config
[gosec] 2026/02/05 17:17:48 Checking file: /tmp/blitzy/blitzy-kubernetes/blitzy5f91179c1/pkg/controller/nodeipam/config/doc.go
[gosec] 2026/02/05 17:17:48 Import directory: /tmp/blitzy/blitzy-kubernetes/blitzy5f91179c1/pkg/proxy/winkernel
[gosec] 2026/02/05 17:17:48 Checking file: /tmp/blitzy/blitzy-kubernetes/blitzy5f91179c1/pkg/controller/nodeipam/config/types.go
[gosec] 2026/02/05 17:17:48 Checking file: /tmp/blitzy/blitzy-kubernetes/blitzy5f91179c1/pkg/controller/nodeipam/config/zz_generated.deepcopy.go
[gosec] 2026/02/05 17:17:48 Checking package: config
[gosec] 2026/02/05 17:17:48 Checking file: /tmp/blitzy/blitzy-kubernetes/blitzy5f91179c1/pkg/controller/statefulset/config/doc.go
[gosec] 2026/02/05 17:17:48 Import directory: /tmp/blitzy/blitzy-kubernetes/blitzy5f91179c1/pkg/registry/apiserverinternal/rest
[gosec] 2026/02/05 17:17:48 Checking file: /tmp/blitzy/blitzy-kubernetes/blitzy5f91179c1/pkg/controller/statefulset/config/types.go
[gosec] 2026/02/05 17:17:48 Checking file: /tmp/blitzy/blitzy-kubernetes/blitzy5f91179c1/pkg/controller/statefulset/config/zz_generated.deepcopy.go
[gosec] 2026/02/05 17:17:48 Checking package: servicecidrs
[gosec] 2026/02/05 17:17:48 Checking file: /tmp/blitzy/blitzy-kubernetes/blitzy5f91179c1/pkg/controller/servicecidrs/servicecidrs_controller.go
[gosec] 2026/02/05 17:17:48 Import directory: /tmp/blitzy/blitzy-kubernetes/blitzy5f91179c1/pkg/scheduler/framework/plugins/nodeaffinity
[gosec] 2026/02/05 17:17:50 Checking package: protectionutil
[gosec] 2026/02/05 17:17:50 Checking file: /tmp/blitzy/blitzy-kubernetes/blitzy5f91179c1/pkg/controller/volume/protectionutil/utils.go
[gosec] 2026/02/05 17:17:50 Import directory: /tmp/blitzy/blitzy-kubernetes/blitzy5f91179c1/pkg/scheduler/metrics
[gosec] 2026/02/05 17:17:50 Checking file: /tmp/blitzy/blitzy-kubernetes/blitzy5f91179c1/pkg/controller/volume/protectionutil/wrappers.go
[gosec] 2026/02/05 17:17:51 Checking package: prober
[gosec] 2026/02/05 17:17:51 Checking file: /tmp/blitzy/blitzy-kubernetes/blitzy5f91179c1/pkg/kubelet/prober/prober.go
[gosec] 2026/02/05 17:17:51 Import directory: /tmp/blitzy/blitzy-kubernetes/blitzy5f91179c1/pkg/apis/authentication/v1
[gosec] 2026/02/05 17:17:51 Checking file: /tmp/blitzy/blitzy-kubernetes/blitzy5f91179c1/pkg/kubelet/prober/prober_manager.go
[gosec] 2026/02/05 17:17:52 Checking file: /tmp/blitzy/blitzy-kubernetes/blitzy5f91179c1/pkg/kubelet/prober/worker.go
[gosec] 2026/02/05 17:17:53 Checking package: testing
[gosec] 2026/02/05 17:17:53 Checking file: /tmp/blitzy/blitzy-kubernetes/blitzy5f91179c1/pkg/api/pod/testing/make.go
[gosec] 2026/02/05 17:17:53 Import directory: /tmp/blitzy/blitzy-kubernetes/blitzy5f91179c1/pkg/controller/volume/events
[gosec] 2026/02/05 17:17:54 Checking package: v1beta1
[gosec] 2026/02/05 17:17:54 Checking file: /tmp/blitzy/blitzy-kubernetes/blitzy5f91179c1/pkg/apis/storagemigration/v1beta1/doc.go
[gosec] 2026/02/05 17:17:54 Import directory: /tmp/blitzy/blitzy-kubernetes/blitzy5f91179c1/pkg/kubelet/envvars
[gosec] 2026/02/05 17:17:54 Checking file: /tmp/blitzy/blitzy-kubernetes/blitzy5f91179c1/pkg/apis/storagemigration/v1beta1/register.go
[gosec] 2026/02/05 17:17:54 Checking file: /tmp/blitzy/blitzy-kubernetes/blitzy5f91179c1/pkg/apis/storagemigration/v1beta1/zz_generated.conversion.go
[gosec] 2026/02/05 17:17:55 Checking file: /tmp/blitzy/blitzy-kubernetes/blitzy5f91179c1/pkg/apis/storagemigration/v1beta1/zz_generated.defaults.go
[gosec] 2026/02/05 17:17:55 Checking package: winkernel
[gosec] 2026/02/05 17:17:55 Checking file: /tmp/blitzy/blitzy-kubernetes/blitzy5f91179c1/pkg/proxy/winkernel/doc.go
[gosec] 2026/02/05 17:17:55 Import directory: /tmp/blitzy/blitzy-kubernetes/blitzy5f91179c1/pkg/proxy/conntrack
[gosec] 2026/02/05 17:17:55 Checking package: bootstrap
[gosec] 2026/02/05 17:17:55 Checking file: /tmp/blitzy/blitzy-kubernetes/blitzy5f91179c1/pkg/controller/bootstrap/bootstrapsigner.go
[gosec] 2026/02/05 17:17:55 Import directory: /tmp/blitzy/blitzy-kubernetes/blitzy5f91179c1/pkg/registry/coordination/lease
[gosec] 2026/02/05 17:17:55 Checking file: /tmp/blitzy/blitzy-kubernetes/blitzy5f91179c1/pkg/controller/bootstrap/doc.go
[gosec] 2026/02/05 17:17:55 Checking file: /tmp/blitzy/blitzy-kubernetes/blitzy5f91179c1/pkg/controller/bootstrap/tokencleaner.go
[gosec] 2026/02/05 17:17:56 Checking file: /tmp/blitzy/blitzy-kubernetes/blitzy5f91179c1/pkg/controller/bootstrap/util.go
[gosec] 2026/02/05 17:17:56 Checking package: nodeaffinity
[gosec] 2026/02/05 17:17:56 Checking file: /tmp/blitzy/blitzy-kubernetes/blitzy5f91179c1/pkg/scheduler/framework/plugins/nodeaffinity/node_affinity.go
[gosec] 2026/02/05 17:17:56 Import directory: /tmp/blitzy/blitzy-kubernetes/blitzy5f91179c1/pkg/registry/scheduling/workload
[gosec] 2026/02/05 17:17:57 Checking package: rest
[gosec] 2026/02/05 17:17:57 Checking file: /tmp/blitzy/blitzy-kubernetes/blitzy5f91179c1/pkg/registry/apiserverinternal/rest/storage.go
[gosec] 2026/02/05 17:17:57 Import directory: /tmp/blitzy/blitzy-kubernetes/blitzy5f91179c1/pkg/volume/csi
[gosec] 2026/02/05 17:17:57 Checking package: metrics
[gosec] 2026/02/05 17:17:57 Checking file: /tmp/blitzy/blitzy-kubernetes/blitzy5f91179c1/pkg/scheduler/metrics/metric_recorder.go
[gosec] 2026/02/05 17:17:57 Import directory: /tmp/blitzy/blitzy-kubernetes/blitzy5f91179c1/pkg/volume/util/fs
[gosec] 2026/02/05 17:17:57 Checking file: /tmp/blitzy/blitzy-kubernetes/blitzy5f91179c1/pkg/scheduler/metrics/metrics.go
[gosec] 2026/02/05 17:17:58 Checking file: /tmp/blitzy/blitzy-kubernetes/blitzy5f91179c1/pkg/scheduler/metrics/profile_metrics.go
[gosec] 2026/02/05 17:17:58 Checking package: v1
[gosec] 2026/02/05 17:17:58 Checking file: /tmp/blitzy/blitzy-kubernetes/blitzy5f91179c1/pkg/apis/authentication/v1/conversion.go
[gosec] 2026/02/05 17:17:58 Import directory: /tmp/blitzy/blitzy-kubernetes/blitzy5f91179c1/pkg/controller/history
[gosec] 2026/02/05 17:17:58 Checking file: /tmp/blitzy/blitzy-kubernetes/blitzy5f91179c1/pkg/apis/authentication/v1/defaults.go
[gosec] 2026/02/05 17:17:58 Checking file: /tmp/blitzy/blitzy-kubernetes/blitzy5f91179c1/pkg/apis/authentication/v1/doc.go
[gosec] 2026/02/05 17:17:58 Checking file: /tmp/blitzy/blitzy-kubernetes/blitzy5f91179c1/pkg/apis/authentication/v1/register.go
[gosec] 2026/02/05 17:17:58 Checking file: /tmp/blitzy/blitzy-kubernetes/blitzy5f91179c1/pkg/apis/authentication/v1/zz_generated.conversion.go
[gosec] 2026/02/05 17:18:01 Checking file: /tmp/blitzy/blitzy-kubernetes/blitzy5f91179c1/pkg/apis/authentication/v1/zz_generated.defaults.go
[gosec] 2026/02/05 17:18:01 Checking package: events
[gosec] 2026/02/05 17:18:01 Checking file: /tmp/blitzy/blitzy-kubernetes/blitzy5f91179c1/pkg/controller/volume/events/event.go
[gosec] 2026/02/05 17:18:01 Import directory: /tmp/blitzy/blitzy-kubernetes/blitzy5f91179c1/pkg/kubelet/metrics/collectors
[gosec] 2026/02/05 17:18:01 Checking package: envvars
[gosec] 2026/02/05 17:18:01 Checking file: /tmp/blitzy/blitzy-kubernetes/blitzy5f91179c1/pkg/kubelet/envvars/doc.go
[gosec] 2026/02/05 17:18:01 Import directory: /tmp/blitzy/blitzy-kubernetes/blitzy5f91179c1/pkg/kubelet/stats/pidlimit
[gosec] 2026/02/05 17:18:01 Checking file: /tmp/blitzy/blitzy-kubernetes/blitzy5f91179c1/pkg/kubelet/envvars/envvars.go
[gosec] 2026/02/05 17:18:01 Checking package: lease
[gosec] 2026/02/05 17:18:01 Checking file: /tmp/blitzy/blitzy-kubernetes/blitzy5f91179c1/pkg/registry/coordination/lease/doc.go
[gosec] 2026/02/05 17:18:01 Checking file: /tmp/blitzy/blitzy-kubernetes/blitzy5f91179c1/pkg/registry/coordination/lease/strategy.go
[gosec] 2026/02/05 17:18:01 Import directory: /tmp/blitzy/blitzy-kubernetes/blitzy5f91179c1/pkg/api/v1/resource
[gosec] 2026/02/05 17:18:01 Checking package: conntrack
[gosec] 2026/02/05 17:18:01 Checking file: /tmp/blitzy/blitzy-kubernetes/blitzy5f91179c1/pkg/proxy/conntrack/cleanup.go
[gosec] 2026/02/05 17:18:01 Import directory: /tmp/blitzy/blitzy-kubernetes/blitzy5f91179c1/pkg/controlplane/storageversionhashdata
[gosec] 2026/02/05 17:18:01 Checking file: /tmp/blitzy/blitzy-kubernetes/blitzy5f91179c1/pkg/proxy/conntrack/conntrack.go
[gosec] 2026/02/05 17:18:02 Checking file: /tmp/blitzy/blitzy-kubernetes/blitzy5f91179c1/pkg/proxy/conntrack/doc.go
[gosec] 2026/02/05 17:18:02 Checking file: /tmp/blitzy/blitzy-kubernetes/blitzy5f91179c1/pkg/proxy/conntrack/fake.go
[gosec] 2026/02/05 17:18:02 Checking file: /tmp/blitzy/blitzy-kubernetes/blitzy5f91179c1/pkg/proxy/conntrack/filter.go
[gosec] 2026/02/05 17:18:02 Checking package: workload
[gosec] 2026/02/05 17:18:02 Checking file: /tmp/blitzy/blitzy-kubernetes/blitzy5f91179c1/pkg/registry/scheduling/workload/doc.go
[gosec] 2026/02/05 17:18:02 Import directory: /tmp/blitzy/blitzy-kubernetes/blitzy5f91179c1/pkg/registry/flowcontrol/flowschema
[gosec] 2026/02/05 17:18:02 Checking file: /tmp/blitzy/blitzy-kubernetes/blitzy5f91179c1/pkg/registry/scheduling/workload/strategy.go
[gosec] 2026/02/05 17:18:02 Checking package: fs
[gosec] 2026/02/05 17:18:02 Checking file: /tmp/blitzy/blitzy-kubernetes/blitzy5f91179c1/pkg/volume/util/fs/fs.go
[gosec] 2026/02/05 17:18:02 Import directory: /tmp/blitzy/blitzy-kubernetes/blitzy5f91179c1/pkg/controller/volume/ephemeral/config
[gosec] 2026/02/05 17:18:02 Checking package: csi
[gosec] 2026/02/05 17:18:02 Checking file: /tmp/blitzy/blitzy-kubernetes/blitzy5f91179c1/pkg/volume/csi/csi_attacher.go
[gosec] 2026/02/05 17:18:02 Import directory: /tmp/blitzy/blitzy-kubernetes/blitzy5f91179c1/pkg/controlplane/apiserver/admission
[gosec] 2026/02/05 17:18:04 Checking file: /tmp/blitzy/blitzy-kubernetes/blitzy5f91179c1/pkg/volume/csi/csi_block.go
[gosec] 2026/02/05 17:18:05 Checking file: /tmp/blitzy/blitzy-kubernetes/blitzy5f91179c1/pkg/volume/csi/csi_client.go
[gosec] 2026/02/05 17:18:07 Checking file: /tmp/blitzy/blitzy-kubernetes/blitzy5f91179c1/pkg/volume/csi/csi_drivers_store.go
[gosec] 2026/02/05 17:18:07 Checking file: /tmp/blitzy/blitzy-kubernetes/blitzy5f91179c1/pkg/volume/csi/csi_metrics.go
[gosec] 2026/02/05 17:18:07 Checking file: /tmp/blitzy/blitzy-kubernetes/blitzy5f91179c1/pkg/volume/csi/csi_mounter.go
[gosec] 2026/02/05 17:18:09 Checking file: /tmp/blitzy/blitzy-kubernetes/blitzy5f91179c1/pkg/volume/csi/csi_node_updater.go
[gosec] 2026/02/05 17:18:09 Checking file: /tmp/blitzy/blitzy-kubernetes/blitzy5f91179c1/pkg/volume/csi/csi_plugin.go
[gosec] 2026/02/05 17:18:12 Checking file: /tmp/blitzy/blitzy-kubernetes/blitzy5f91179c1/pkg/volume/csi/csi_util.go
[gosec] 2026/02/05 17:18:12 Checking file: /tmp/blitzy/blitzy-kubernetes/blitzy5f91179c1/pkg/volume/csi/expander.go
[gosec] 2026/02/05 17:18:13 Checking package: history
[gosec] 2026/02/05 17:18:13 Checking file: /tmp/blitzy/blitzy-kubernetes/blitzy5f91179c1/pkg/controller/history/controller_history.go
[gosec] 2026/02/05 17:18:13 Import directory: /tmp/blitzy/blitzy-kubernetes/blitzy5f91179c1/pkg/registry/core/namespace
[gosec] 2026/02/05 17:18:14 Checking package: pidlimit
[gosec] 2026/02/05 17:18:14 Checking file: /tmp/blitzy/blitzy-kubernetes/blitzy5f91179c1/pkg/kubelet/stats/pidlimit/pidlimit.go
[gosec] 2026/02/05 17:18:14 Import directory: /tmp/blitzy/blitzy-kubernetes/blitzy5f91179c1/pkg/registry/core/persistentvolumeclaim
[gosec] 2026/02/05 17:18:14 Checking file: /tmp/blitzy/blitzy-kubernetes/blitzy5f91179c1/pkg/kubelet/stats/pidlimit/pidlimit_linux.go
[gosec] 2026/02/05 17:18:14 Checking package: storageversionhashdata
[gosec] 2026/02/05 17:18:14 Checking file: /tmp/blitzy/blitzy-kubernetes/blitzy5f91179c1/pkg/controlplane/storageversionhashdata/data.go
[gosec] 2026/02/05 17:18:14 Import directory: /tmp/blitzy/blitzy-kubernetes/blitzy5f91179c1/pkg/registry/core/service/allocator
[gosec] 2026/02/05 17:18:14 Checking package: resource
[gosec] 2026/02/05 17:18:14 Checking file: /tmp/blitzy/blitzy-kubernetes/blitzy5f91179c1/pkg/api/v1/resource/helpers.go
[gosec] 2026/02/05 17:18:14 Import directory: /tmp/blitzy/blitzy-kubernetes/blitzy5f91179c1/pkg/apis/flowcontrol/install
[gosec] 2026/02/05 17:18:15 Checking package: collectors
[gosec] 2026/02/05 17:18:15 Checking file: /tmp/blitzy/blitzy-kubernetes/blitzy5f91179c1/pkg/kubelet/metrics/collectors/cri_metrics.go
[gosec] 2026/02/05 17:18:15 Import directory: /tmp/blitzy/blitzy-kubernetes/blitzy5f91179c1/pkg/apis/policy/validation
[gosec] 2026/02/05 17:18:15 Checking file: /tmp/blitzy/blitzy-kubernetes/blitzy5f91179c1/pkg/kubelet/metrics/collectors/log_metrics.go
[gosec] 2026/02/05 17:18:15 Checking file: /tmp/blitzy/blitzy-kubernetes/blitzy5f91179c1/pkg/kubelet/metrics/collectors/podcertificate_metrics.go
[gosec] 2026/02/05 17:18:15 Checking file: /tmp/blitzy/blitzy-kubernetes/blitzy5f91179c1/pkg/kubelet/metrics/collectors/resource_metrics.go
[gosec] 2026/02/05 17:18:16 Checking file: /tmp/blitzy/blitzy-kubernetes/blitzy5f91179c1/pkg/kubelet/metrics/collectors/volume_stats.go
[gosec] 2026/02/05 17:18:16 Checking package: config
[gosec] 2026/02/05 17:18:16 Checking file: /tmp/blitzy/blitzy-kubernetes/blitzy5f91179c1/pkg/controller/volume/ephemeral/config/doc.go
[gosec] 2026/02/05 17:18:16 Checking file: /tmp/blitzy/blitzy-kubernetes/blitzy5f91179c1/pkg/controller/volume/ephemeral/config/types.go
[gosec] 2026/02/05 17:18:16 Import directory: /tmp/blitzy/blitzy-kubernetes/blitzy5f91179c1/pkg/kubelet/util/format
[gosec] 2026/02/05 17:18:16 Checking file: /tmp/blitzy/blitzy-kubernetes/blitzy5f91179c1/pkg/controller/volume/ephemeral/config/zz_generated.deepcopy.go
[gosec] 2026/02/05 17:18:16 Checking package: flowschema
[gosec] 2026/02/05 17:18:16 Checking file: /tmp/blitzy/blitzy-kubernetes/blitzy5f91179c1/pkg/registry/flowcontrol/flowschema/doc.go
[gosec] 2026/02/05 17:18:16 Checking file: /tmp/blitzy/blitzy-kubernetes/blitzy5f91179c1/pkg/registry/flowcontrol/flowschema/strategy.go
[gosec] 2026/02/05 17:18:16 Import directory: /tmp/blitzy/blitzy-kubernetes/blitzy5f91179c1/pkg/registry/flowcontrol/ensurer
[gosec] 2026/02/05 17:18:16 Checking package: admission
[gosec] 2026/02/05 17:18:16 Checking file: /tmp/blitzy/blitzy-kubernetes/blitzy5f91179c1/pkg/controlplane/apiserver/admission/config.go
[gosec] 2026/02/05 17:18:16 Import directory: /tmp/blitzy/blitzy-kubernetes/blitzy5f91179c1/pkg/registry/policy/poddisruptionbudget/storage
[gosec] 2026/02/05 17:18:16 Checking file: /tmp/blitzy/blitzy-kubernetes/blitzy5f91179c1/pkg/controlplane/apiserver/admission/initializer.go
[gosec] 2026/02/05 17:18:16 Checking package: namespace
[gosec] 2026/02/05 17:18:16 Checking file: /tmp/blitzy/blitzy-kubernetes/blitzy5f91179c1/pkg/registry/core/namespace/doc.go
[gosec] 2026/02/05 17:18:16 Checking file: /tmp/blitzy/blitzy-kubernetes/blitzy5f91179c1/pkg/registry/core/namespace/strategy.go
[gosec] 2026/02/05 17:18:16 Import directory: /tmp/blitzy/blitzy-kubernetes/blitzy5f91179c1/pkg/registry/storage/csinode/storage
[gosec] 2026/02/05 17:18:17 Checking package: allocator
[gosec] 2026/02/05 17:18:17 Checking file: /tmp/blitzy/blitzy-kubernetes/blitzy5f91179c1/pkg/registry/core/service/allocator/bitmap.go
[gosec] 2026/02/05 17:18:17 Import directory: /tmp/blitzy/blitzy-kubernetes/blitzy5f91179c1/pkg/scheduler/framework/plugins/defaultpreemption
[gosec] 2026/02/05 17:18:17 Checking file: /tmp/blitzy/blitzy-kubernetes/blitzy5f91179c1/pkg/registry/core/service/allocator/interfaces.go
[gosec] 2026/02/05 17:18:17 Checking file: /tmp/blitzy/blitzy-kubernetes/blitzy5f91179c1/pkg/registry/core/service/allocator/utils.go
[gosec] 2026/02/05 17:18:17 Checking package: install
[gosec] 2026/02/05 17:18:17 Checking file: /tmp/blitzy/blitzy-kubernetes/blitzy5f91179c1/pkg/apis/flowcontrol/install/install.go
[gosec] 2026/02/05 17:18:17 Import directory: /tmp/blitzy/blitzy-kubernetes/blitzy5f91179c1/pkg/apis/abac/fuzzer
[gosec] 2026/02/05 17:18:17 Checking package: persistentvolumeclaim
[gosec] 2026/02/05 17:18:17 Checking file: /tmp/blitzy/blitzy-kubernetes/blitzy5f91179c1/pkg/registry/core/persistentvolumeclaim/doc.go
[gosec] 2026/02/05 17:18:17 Import directory: /tmp/blitzy/blitzy-kubernetes/blitzy5f91179c1/pkg/apis/abac/v0
[gosec] 2026/02/05 17:18:17 Checking file: /tmp/blitzy/blitzy-kubernetes/blitzy5f91179c1/pkg/registry/core/persistentvolumeclaim/strategy.go
[gosec] 2026/02/05 17:18:18 Checking package: validation
[gosec] 2026/02/05 17:18:18 Checking file: /tmp/blitzy/blitzy-kubernetes/blitzy5f91179c1/pkg/apis/policy/validation/validation.go
[gosec] 2026/02/05 17:18:18 Import directory: /tmp/blitzy/blitzy-kubernetes/blitzy5f91179c1/pkg/api/v1/persistentvolume
[gosec] 2026/02/05 17:18:18 Checking package: format
[gosec] 2026/02/05 17:18:18 Checking file: /tmp/blitzy/blitzy-kubernetes/blitzy5f91179c1/pkg/kubelet/util/format/pod.go
[gosec] 2026/02/05 17:18:18 Import directory: /tmp/blitzy/blitzy-kubernetes/blitzy5f91179c1/pkg/apis/imagepolicy/fuzzer
[gosec] 2026/02/05 17:18:18 Checking package: ensurer
[gosec] 2026/02/05 17:18:18 Checking file: /tmp/blitzy/blitzy-kubernetes/blitzy5f91179c1/pkg/registry/flowcontrol/ensurer/flowschema.go
[gosec] 2026/02/05 17:18:18 Import directory: /tmp/blitzy/blitzy-kubernetes/blitzy5f91179c1/pkg/kubelet/certificate/bootstrap
[gosec] 2026/02/05 17:18:18 Checking file: /tmp/blitzy/blitzy-kubernetes/blitzy5f91179c1/pkg/registry/flowcontrol/ensurer/prioritylevelconfiguration.go
[gosec] 2026/02/05 17:18:18 Checking file: /tmp/blitzy/blitzy-kubernetes/blitzy5f91179c1/pkg/registry/flowcontrol/ensurer/strategy.go
[gosec] 2026/02/05 17:18:19 Checking package: storage
[gosec] 2026/02/05 17:18:19 Checking file: /tmp/blitzy/blitzy-kubernetes/blitzy5f91179c1/pkg/registry/policy/poddisruptionbudget/storage/storage.go
[gosec] 2026/02/05 17:18:19 Import directory: /tmp/blitzy/blitzy-kubernetes/blitzy5f91179c1/pkg/printers/storage
[gosec] 2026/02/05 17:18:19 Checking package: storage
[gosec] 2026/02/05 17:18:19 Checking file: /tmp/blitzy/blitzy-kubernetes/blitzy5f91179c1/pkg/registry/storage/csinode/storage/storage.go
[gosec] 2026/02/05 17:18:19 Import directory: /tmp/blitzy/blitzy-kubernetes/blitzy5f91179c1/pkg/probe
[gosec] 2026/02/05 17:18:19 Checking package: defaultpreemption
[gosec] 2026/02/05 17:18:19 Checking file: /tmp/blitzy/blitzy-kubernetes/blitzy5f91179c1/pkg/scheduler/framework/plugins/defaultpreemption/default_preemption.go
[gosec] 2026/02/05 17:18:19 Import directory: /tmp/blitzy/blitzy-kubernetes/blitzy5f91179c1/pkg/registry/rbac/role/policybased
[gosec] 2026/02/05 17:18:20 Checking package: fuzzer
[gosec] 2026/02/05 17:18:20 Checking file: /tmp/blitzy/blitzy-kubernetes/blitzy5f91179c1/pkg/apis/abac/fuzzer/fuzzer.go
[gosec] 2026/02/05 17:18:20 Import directory: /tmp/blitzy/blitzy-kubernetes/blitzy5f91179c1/pkg/apis/batch/v1beta1
[gosec] 2026/02/05 17:18:20 Checking package: v0
[gosec] 2026/02/05 17:18:20 Checking file: /tmp/blitzy/blitzy-kubernetes/blitzy5f91179c1/pkg/apis/abac/v0/conversion.go
[gosec] 2026/02/05 17:18:20 Import directory: /tmp/blitzy/blitzy-kubernetes/blitzy5f91179c1/pkg/apis/networking
[gosec] 2026/02/05 17:18:20 Checking file: /tmp/blitzy/blitzy-kubernetes/blitzy5f91179c1/pkg/apis/abac/v0/doc.go
[gosec] 2026/02/05 17:18:20 Checking file: /tmp/blitzy/blitzy-kubernetes/blitzy5f91179c1/pkg/apis/abac/v0/register.go
[gosec] 2026/02/05 17:18:20 Checking file: /tmp/blitzy/blitzy-kubernetes/blitzy5f91179c1/pkg/apis/abac/v0/types.go
[gosec] 2026/02/05 17:18:20 Checking file: /tmp/blitzy/blitzy-kubernetes/blitzy5f91179c1/pkg/apis/abac/v0/zz_generated.conversion.go
[gosec] 2026/02/05 17:18:20 Checking file: /tmp/blitzy/blitzy-kubernetes/blitzy5f91179c1/pkg/apis/abac/v0/zz_generated.deepcopy.go
[gosec] 2026/02/05 17:18:21 Checking package: persistentvolume
[gosec] 2026/02/05 17:18:21 Checking file: /tmp/blitzy/blitzy-kubernetes/blitzy5f91179c1/pkg/api/v1/persistentvolume/util.go
[gosec] 2026/02/05 17:18:21 Import directory: /tmp/blitzy/blitzy-kubernetes/blitzy5f91179c1/pkg/apis/networking/v1beta1
[gosec] 2026/02/05 17:18:21 Checking package: fuzzer
[gosec] 2026/02/05 17:18:21 Checking file: /tmp/blitzy/blitzy-kubernetes/blitzy5f91179c1/pkg/apis/imagepolicy/fuzzer/fuzzer.go
[gosec] 2026/02/05 17:18:21 Import directory: /tmp/blitzy/blitzy-kubernetes/blitzy5f91179c1/pkg/controller/job/config/v1alpha1
[gosec] 2026/02/05 17:18:21 Checking package: bootstrap
[gosec] 2026/02/05 17:18:21 Checking file: /tmp/blitzy/blitzy-kubernetes/blitzy5f91179c1/pkg/kubelet/certificate/bootstrap/bootstrap.go
[gosec] 2026/02/05 17:18:21 Import directory: /tmp/blitzy/blitzy-kubernetes/blitzy5f91179c1/pkg/controller/statefulset
[gosec] 2026/02/05 17:18:22 Checking package: storage
[gosec] 2026/02/05 17:18:22 Checking file: /tmp/blitzy/blitzy-kubernetes/blitzy5f91179c1/pkg/printers/storage/storage.go
[gosec] 2026/02/05 17:18:22 Import directory: /tmp/blitzy/blitzy-kubernetes/blitzy5f91179c1/pkg/controller/util/endpointslice
[gosec] 2026/02/05 17:18:22 Checking package: probe
[gosec] 2026/02/05 17:18:22 Checking file: /tmp/blitzy/blitzy-kubernetes/blitzy5f91179c1/pkg/probe/dialer_others.go
[gosec] 2026/02/05 17:18:22 Import directory: /tmp/blitzy/blitzy-kubernetes/blitzy5f91179c1/pkg/kubelet/cm
[gosec] 2026/02/05 17:18:22 Checking file: /tmp/blitzy/blitzy-kubernetes/blitzy5f91179c1/pkg/probe/doc.go
[gosec] 2026/02/05 17:18:22 Checking file: /tmp/blitzy/blitzy-kubernetes/blitzy5f91179c1/pkg/probe/probe.go
[gosec] 2026/02/05 17:18:22 Checking file: /tmp/blitzy/blitzy-kubernetes/blitzy5f91179c1/pkg/probe/util.go
[gosec] 2026/02/05 17:18:23 Checking package: policybased
[gosec] 2026/02/05 17:18:23 Checking file: /tmp/blitzy/blitzy-kubernetes/blitzy5f91179c1/pkg/registry/rbac/role/policybased/storage.go
[gosec] 2026/02/05 17:18:23 Import directory: /tmp/blitzy/blitzy-kubernetes/blitzy5f91179c1/pkg/kubelet/cm/cpumanager/state
[gosec] 2026/02/05 17:18:23 Checking package: networking
[gosec] 2026/02/05 17:18:23 Checking file: /tmp/blitzy/blitzy-kubernetes/blitzy5f91179c1/pkg/apis/networking/doc.go
[gosec] 2026/02/05 17:18:23 Checking file: /tmp/blitzy/blitzy-kubernetes/blitzy5f91179c1/pkg/apis/networking/register.go
[gosec] 2026/02/05 17:18:23 Import directory: /tmp/blitzy/blitzy-kubernetes/blitzy5f91179c1/pkg/apis/apiserverinternal/fuzzer
[gosec] 2026/02/05 17:18:23 Checking file: /tmp/blitzy/blitzy-kubernetes/blitzy5f91179c1/pkg/apis/networking/types.go
[gosec] 2026/02/05 17:18:23 Checking file: /tmp/blitzy/blitzy-kubernetes/blitzy5f91179c1/pkg/apis/networking/zz_generated.deepcopy.go
[gosec] 2026/02/05 17:18:28 Checking package: v1beta1
[gosec] 2026/02/05 17:18:28 Checking file: /tmp/blitzy/blitzy-kubernetes/blitzy5f91179c1/pkg/apis/batch/v1beta1/conversion.go
[gosec] 2026/02/05 17:18:28 Import directory: /tmp/blitzy/blitzy-kubernetes/blitzy5f91179c1/pkg/apis/autoscaling/v1
[gosec] 2026/02/05 17:18:28 Checking file: /tmp/blitzy/blitzy-kubernetes/blitzy5f91179c1/pkg/apis/batch/v1beta1/defaults.go
[gosec] 2026/02/05 17:18:28 Checking file: /tmp/blitzy/blitzy-kubernetes/blitzy5f91179c1/pkg/apis/batch/v1beta1/doc.go
[gosec] 2026/02/05 17:18:28 Checking file: /tmp/blitzy/blitzy-kubernetes/blitzy5f91179c1/pkg/apis/batch/v1beta1/register.go
[gosec] 2026/02/05 17:18:28 Checking file: /tmp/blitzy/blitzy-kubernetes/blitzy5f91179c1/pkg/apis/batch/v1beta1/zz_generated.conversion.go
[gosec] 2026/02/05 17:18:29 Checking file: /tmp/blitzy/blitzy-kubernetes/blitzy5f91179c1/pkg/apis/batch/v1beta1/zz_generated.defaults.go
[gosec] 2026/02/05 17:18:30 Checking package: v1beta1
[gosec] 2026/02/05 17:18:30 Checking file: /tmp/blitzy/blitzy-kubernetes/blitzy5f91179c1/pkg/apis/networking/v1beta1/conversion.go
[gosec] 2026/02/05 17:18:30 Import directory: /tmp/blitzy/blitzy-kubernetes/blitzy5f91179c1/pkg/apis/core/v1/helper/qos
[gosec] 2026/02/05 17:18:30 Checking file: /tmp/blitzy/blitzy-kubernetes/blitzy5f91179c1/pkg/apis/networking/v1beta1/defaults.go
[gosec] 2026/02/05 17:18:30 Checking file: /tmp/blitzy/blitzy-kubernetes/blitzy5f91179c1/pkg/apis/networking/v1beta1/doc.go
[gosec] 2026/02/05 17:18:30 Checking file: /tmp/blitzy/blitzy-kubernetes/blitzy5f91179c1/pkg/apis/networking/v1beta1/register.go
[gosec] 2026/02/05 17:18:30 Checking file: /tmp/blitzy/blitzy-kubernetes/blitzy5f91179c1/pkg/apis/networking/v1beta1/zz_generated.conversion.go
[gosec] 2026/02/05 17:18:36 Checking file: /tmp/blitzy/blitzy-kubernetes/blitzy5f91179c1/pkg/apis/networking/v1beta1/zz_generated.defaults.go
[gosec] 2026/02/05 17:18:36 Checking package: v1alpha1
[gosec] 2026/02/05 17:18:36 Checking file: /tmp/blitzy/blitzy-kubernetes/blitzy5f91179c1/pkg/controller/job/config/v1alpha1/conversion.go
[gosec] 2026/02/05 17:18:36 Import directory: /tmp/blitzy/blitzy-kubernetes/blitzy5f91179c1/pkg/auth/authorizer/abac
[gosec] 2026/02/05 17:18:36 Checking file: /tmp/blitzy/blitzy-kubernetes/blitzy5f91179c1/pkg/controller/job/config/v1alpha1/defaults.go
[gosec] 2026/02/05 17:18:36 Checking file: /tmp/blitzy/blitzy-kubernetes/blitzy5f91179c1/pkg/controller/job/config/v1alpha1/doc.go
[gosec] 2026/02/05 17:18:36 Checking file: /tmp/blitzy/blitzy-kubernetes/blitzy5f91179c1/pkg/controller/job/config/v1alpha1/register.go
[gosec] 2026/02/05 17:18:36 Checking file: /tmp/blitzy/blitzy-kubernetes/blitzy5f91179c1/pkg/controller/job/config/v1alpha1/zz_generated.conversion.go
[gosec] 2026/02/05 17:18:36 Checking file: /tmp/blitzy/blitzy-kubernetes/blitzy5f91179c1/pkg/controller/job/config/v1alpha1/zz_generated.deepcopy.go
[gosec] 2026/02/05 17:18:36 Checking package: endpointslice
[gosec] 2026/02/05 17:18:36 Checking file: /tmp/blitzy/blitzy-kubernetes/blitzy5f91179c1/pkg/controller/util/endpointslice/errors.go
[gosec] 2026/02/05 17:18:36 Import directory: /tmp/blitzy/blitzy-kubernetes/blitzy5f91179c1/pkg/controller/replicaset/config/v1alpha1
[gosec] 2026/02/05 17:18:36 Checking package: statefulset
[gosec] 2026/02/05 17:18:36 Checking file: /tmp/blitzy/blitzy-kubernetes/blitzy5f91179c1/pkg/controller/statefulset/stateful_pod_control.go
[gosec] 2026/02/05 17:18:36 Import directory: /tmp/blitzy/blitzy-kubernetes/blitzy5f91179c1/pkg/kubelet/apis/config
[gosec] 2026/02/05 17:18:37 Checking file: /tmp/blitzy/blitzy-kubernetes/blitzy5f91179c1/pkg/controller/statefulset/stateful_set.go
[gosec] 2026/02/05 17:18:38 Checking file: /tmp/blitzy/blitzy-kubernetes/blitzy5f91179c1/pkg/controller/statefulset/stateful_set_control.go
[gosec] 2026/02/05 17:18:40 Checking file: /tmp/blitzy/blitzy-kubernetes/blitzy5f91179c1/pkg/controller/statefulset/stateful_set_status_updater.go
[gosec] 2026/02/05 17:18:40 Checking file: /tmp/blitzy/blitzy-kubernetes/blitzy5f91179c1/pkg/controller/statefulset/stateful_set_utils.go
[gosec] 2026/02/05 17:18:42 Checking package: state
[gosec] 2026/02/05 17:18:42 Checking file: /tmp/blitzy/blitzy-kubernetes/blitzy5f91179c1/pkg/kubelet/cm/cpumanager/state/checkpoint.go
[gosec] 2026/02/05 17:18:42 Import directory: /tmp/blitzy/blitzy-kubernetes/blitzy5f91179c1/pkg/kubelet/apis/config/v1
[gosec] 2026/02/05 17:18:43 Checking file: /tmp/blitzy/blitzy-kubernetes/blitzy5f91179c1/pkg/kubelet/cm/cpumanager/state/state.go
[gosec] 2026/02/05 17:18:43 Checking file: /tmp/blitzy/blitzy-kubernetes/blitzy5f91179c1/pkg/kubelet/cm/cpumanager/state/state_checkpoint.go
[gosec] 2026/02/05 17:18:43 Checking file: /tmp/blitzy/blitzy-kubernetes/blitzy5f91179c1/pkg/kubelet/cm/cpumanager/state/state_mem.go
[gosec] 2026/02/05 17:18:43 Checking package: fuzzer
[gosec] 2026/02/05 17:18:43 Checking file: /tmp/blitzy/blitzy-kubernetes/blitzy5f91179c1/pkg/apis/apiserverinternal/fuzzer/fuzzer.go
[gosec] 2026/02/05 17:18:43 Import directory: /tmp/blitzy/blitzy-kubernetes/blitzy5f91179c1/pkg/kubelet/container
[gosec] 2026/02/05 17:18:43 Checking package: cm
[gosec] 2026/02/05 17:18:43 Checking file: /tmp/blitzy/blitzy-kubernetes/blitzy5f91179c1/pkg/kubelet/cm/cgroup_manager_linux.go
[gosec] 2026/02/05 17:18:43 Import directory: /tmp/blitzy/blitzy-kubernetes/blitzy5f91179c1/pkg/apis/discovery/v1
[gosec] 2026/02/05 17:18:45 Checking file: /tmp/blitzy/blitzy-kubernetes/blitzy5f91179c1/pkg/kubelet/cm/cgroup_v1_manager_linux.go
[gosec] 2026/02/05 17:18:45 Checking file: /tmp/blitzy/blitzy-kubernetes/blitzy5f91179c1/pkg/kubelet/cm/cgroup_v2_manager_linux.go
[gosec] 2026/02/05 17:18:46 Checking file: /tmp/blitzy/blitzy-kubernetes/blitzy5f91179c1/pkg/kubelet/cm/container_manager.go
[gosec] 2026/02/05 17:18:46 Checking file: /tmp/blitzy/blitzy-kubernetes/blitzy5f91179c1/pkg/kubelet/cm/container_manager_linux.go
[gosec] 2026/02/05 17:18:49 Checking file: /tmp/blitzy/blitzy-kubernetes/blitzy5f91179c1/pkg/kubelet/cm/container_manager_stub.go
[gosec] 2026/02/05 17:18:50 Checking file: /tmp/blitzy/blitzy-kubernetes/blitzy5f91179c1/pkg/kubelet/cm/doc.go
[gosec] 2026/02/05 17:18:50 Checking file: /tmp/blitzy/blitzy-kubernetes/blitzy5f91179c1/pkg/kubelet/cm/fake_container_manager.go
[gosec] 2026/02/05 17:18:50 Checking file: /tmp/blitzy/blitzy-kubernetes/blitzy5f91179c1/pkg/kubelet/cm/fake_internal_container_lifecycle.go
[gosec] 2026/02/05 17:18:50 Checking file: /tmp/blitzy/blitzy-kubernetes/blitzy5f91179c1/pkg/kubelet/cm/fake_pod_container_manager.go
[gosec] 2026/02/05 17:18:51 Checking file: /tmp/blitzy/blitzy-kubernetes/blitzy5f91179c1/pkg/kubelet/cm/helpers.go
[gosec] 2026/02/05 17:18:51 Checking file: /tmp/blitzy/blitzy-kubernetes/blitzy5f91179c1/pkg/kubelet/cm/helpers_linux.go
[gosec] 2026/02/05 17:18:52 Checking file: /tmp/blitzy/blitzy-kubernetes/blitzy5f91179c1/pkg/kubelet/cm/internal_container_lifecycle.go
[gosec] 2026/02/05 17:18:52 Checking file: /tmp/blitzy/blitzy-kubernetes/blitzy5f91179c1/pkg/kubelet/cm/internal_container_lifecycle_linux.go
[gosec] 2026/02/05 17:18:52 Checking file: /tmp/blitzy/blitzy-kubernetes/blitzy5f91179c1/pkg/kubelet/cm/node_container_manager_linux.go
[gosec] 2026/02/05 17:18:52 Checking file: /tmp/blitzy/blitzy-kubernetes/blitzy5f91179c1/pkg/kubelet/cm/pod_container_manager_linux.go
[gosec] 2026/02/05 17:18:53 Checking file: /tmp/blitzy/blitzy-kubernetes/blitzy5f91179c1/pkg/kubelet/cm/pod_container_manager_stub.go
[gosec] 2026/02/05 17:18:54 Checking file: /tmp/blitzy/blitzy-kubernetes/blitzy5f91179c1/pkg/kubelet/cm/qos_container_manager_linux.go
[gosec] 2026/02/05 17:18:54 Checking file: /tmp/blitzy/blitzy-kubernetes/blitzy5f91179c1/pkg/kubelet/cm/types.go
[gosec] 2026/02/05 17:18:54 Checking package: v1
[gosec] 2026/02/05 17:18:54 Checking file: /tmp/blitzy/blitzy-kubernetes/blitzy5f91179c1/pkg/apis/autoscaling/v1/conversion.go
[gosec] 2026/02/05 17:18:54 Import directory: /tmp/blitzy/blitzy-kubernetes/blitzy5f91179c1/pkg/kubeapiserver/admission/exclusion
[gosec] 2026/02/05 17:18:56 Checking file: /tmp/blitzy/blitzy-kubernetes/blitzy5f91179c1/pkg/apis/autoscaling/v1/defaults.go
[gosec] 2026/02/05 17:18:56 Checking file: /tmp/blitzy/blitzy-kubernetes/blitzy5f91179c1/pkg/apis/autoscaling/v1/doc.go
[gosec] 2026/02/05 17:18:56 Checking file: /tmp/blitzy/blitzy-kubernetes/blitzy5f91179c1/pkg/apis/autoscaling/v1/register.go
[gosec] 2026/02/05 17:18:56 Checking file: /tmp/blitzy/blitzy-kubernetes/blitzy5f91179c1/pkg/apis/autoscaling/v1/zz_generated.conversion.go
[gosec] 2026/02/05 17:19:00 Checking file: /tmp/blitzy/blitzy-kubernetes/blitzy5f91179c1/pkg/apis/autoscaling/v1/zz_generated.defaults.go
[gosec] 2026/02/05 17:19:00 Checking file: /tmp/blitzy/blitzy-kubernetes/blitzy5f91179c1/pkg/apis/autoscaling/v1/zz_generated.validations.go
[gosec] 2026/02/05 17:19:01 Checking package: qos
[gosec] 2026/02/05 17:19:01 Checking file: /tmp/blitzy/blitzy-kubernetes/blitzy5f91179c1/pkg/apis/core/v1/helper/qos/qos.go
[gosec] 2026/02/05 17:19:01 Import directory: /tmp/blitzy/blitzy-kubernetes/blitzy5f91179c1/pkg/kubelet/cm/memorymanager/state
[gosec] 2026/02/05 17:19:01 Checking package: abac
[gosec] 2026/02/05 17:19:01 Checking file: /tmp/blitzy/blitzy-kubernetes/blitzy5f91179c1/pkg/auth/authorizer/abac/abac.go
[gosec] 2026/02/05 17:19:01 Import directory: /tmp/blitzy/blitzy-kubernetes/blitzy5f91179c1/pkg/kubelet/images
[gosec] 2026/02/05 17:19:02 Checking package: v1alpha1
[gosec] 2026/02/05 17:19:02 Checking file: /tmp/blitzy/blitzy-kubernetes/blitzy5f91179c1/pkg/controller/replicaset/config/v1alpha1/conversion.go
[gosec] 2026/02/05 17:19:02 Import directory: /tmp/blitzy/blitzy-kubernetes/blitzy5f91179c1/pkg/kubelet/volumemanager/populator
[gosec] 2026/02/05 17:19:02 Checking file: /tmp/blitzy/blitzy-kubernetes/blitzy5f91179c1/pkg/controller/replicaset/config/v1alpha1/defaults.go
[gosec] 2026/02/05 17:19:02 Checking file: /tmp/blitzy/blitzy-kubernetes/blitzy5f91179c1/pkg/controller/replicaset/config/v1alpha1/doc.go
[gosec] 2026/02/05 17:19:02 Checking file: /tmp/blitzy/blitzy-kubernetes/blitzy5f91179c1/pkg/controller/replicaset/config/v1alpha1/register.go
[gosec] 2026/02/05 17:19:02 Checking file: /tmp/blitzy/blitzy-kubernetes/blitzy5f91179c1/pkg/controller/replicaset/config/v1alpha1/zz_generated.conversion.go
[gosec] 2026/02/05 17:19:02 Checking file: /tmp/blitzy/blitzy-kubernetes/blitzy5f91179c1/pkg/controller/replicaset/config/v1alpha1/zz_generated.deepcopy.go
[gosec] 2026/02/05 17:19:02 Checking package: config
[gosec] 2026/02/05 17:19:02 Checking file: /tmp/blitzy/blitzy-kubernetes/blitzy5f91179c1/pkg/kubelet/apis/config/doc.go
[gosec] 2026/02/05 17:19:02 Checking file: /tmp/blitzy/blitzy-kubernetes/blitzy5f91179c1/pkg/kubelet/apis/config/helpers.go
[gosec] 2026/02/05 17:19:02 Import directory: /tmp/blitzy/blitzy-kubernetes/blitzy5f91179c1/pkg/registry/core/resourcequota
[gosec] 2026/02/05 17:19:02 Checking file: /tmp/blitzy/blitzy-kubernetes/blitzy5f91179c1/pkg/kubelet/apis/config/register.go
[gosec] 2026/02/05 17:19:02 Checking file: /tmp/blitzy/blitzy-kubernetes/blitzy5f91179c1/pkg/kubelet/apis/config/types.go
[gosec] 2026/02/05 17:19:02 Checking file: /tmp/blitzy/blitzy-kubernetes/blitzy5f91179c1/pkg/kubelet/apis/config/zz_generated.deepcopy.go
[gosec] 2026/02/05 17:19:06 Checking package: v1
[gosec] 2026/02/05 17:19:06 Checking file: /tmp/blitzy/blitzy-kubernetes/blitzy5f91179c1/pkg/kubelet/apis/config/v1/doc.go
[gosec] 2026/02/05 17:19:06 Import directory: /tmp/blitzy/blitzy-kubernetes/blitzy5f91179c1/pkg/registry/core/rest
[gosec] 2026/02/05 17:19:06 Checking file: /tmp/blitzy/blitzy-kubernetes/blitzy5f91179c1/pkg/kubelet/apis/config/v1/register.go
[gosec] 2026/02/05 17:19:06 Checking file: /tmp/blitzy/blitzy-kubernetes/blitzy5f91179c1/pkg/kubelet/apis/config/v1/zz_generated.conversion.go
[gosec] 2026/02/05 17:19:06 Checking file: /tmp/blitzy/blitzy-kubernetes/blitzy5f91179c1/pkg/kubelet/apis/config/v1/zz_generated.deepcopy.go
[gosec] 2026/02/05 17:19:06 Checking file: /tmp/blitzy/blitzy-kubernetes/blitzy5f91179c1/pkg/kubelet/apis/config/v1/zz_generated.defaults.go
[gosec] 2026/02/05 17:19:06 Checking package: v1
[gosec] 2026/02/05 17:19:06 Checking file: /tmp/blitzy/blitzy-kubernetes/blitzy5f91179c1/pkg/apis/discovery/v1/defaults.go
[gosec] 2026/02/05 17:19:06 Import directory: /tmp/blitzy/blitzy-kubernetes/blitzy5f91179c1/pkg/registry/node/runtimeclass/storage
[gosec] 2026/02/05 17:19:06 Checking file: /tmp/blitzy/blitzy-kubernetes/blitzy5f91179c1/pkg/apis/discovery/v1/doc.go
[gosec] 2026/02/05 17:19:06 Checking file: /tmp/blitzy/blitzy-kubernetes/blitzy5f91179c1/pkg/apis/discovery/v1/register.go
[gosec] 2026/02/05 17:19:06 Checking file: /tmp/blitzy/blitzy-kubernetes/blitzy5f91179c1/pkg/apis/discovery/v1/zz_generated.conversion.go
[gosec] 2026/02/05 17:19:08 Checking file: /tmp/blitzy/blitzy-kubernetes/blitzy5f91179c1/pkg/apis/discovery/v1/zz_generated.defaults.go
[gosec] 2026/02/05 17:19:08 Checking package: container
[gosec] 2026/02/05 17:19:08 Checking file: /tmp/blitzy/blitzy-kubernetes/blitzy5f91179c1/pkg/kubelet/container/cache.go
[gosec] 2026/02/05 17:19:08 Import directory: /tmp/blitzy/blitzy-kubernetes/blitzy5f91179c1/pkg/apis/admissionregistration/v1
[gosec] 2026/02/05 17:19:09 Checking file: /tmp/blitzy/blitzy-kubernetes/blitzy5f91179c1/pkg/kubelet/container/container_gc.go
[gosec] 2026/02/05 17:19:09 Checking file: /tmp/blitzy/blitzy-kubernetes/blitzy5f91179c1/pkg/kubelet/container/helpers.go
[gosec] 2026/02/05 17:19:10 Checking file: /tmp/blitzy/blitzy-kubernetes/blitzy5f91179c1/pkg/kubelet/container/os.go
[gosec] 2026/02/05 17:19:10 Checking file: /tmp/blitzy/blitzy-kubernetes/blitzy5f91179c1/pkg/kubelet/container/ref.go
[gosec] 2026/02/05 17:19:11 Checking file: /tmp/blitzy/blitzy-kubernetes/blitzy5f91179c1/pkg/kubelet/container/runtime.go
[gosec] 2026/02/05 17:19:12 Checking file: /tmp/blitzy/blitzy-kubernetes/blitzy5f91179c1/pkg/kubelet/container/runtime_cache.go
[gosec] 2026/02/05 17:19:12 Checking file: /tmp/blitzy/blitzy-kubernetes/blitzy5f91179c1/pkg/kubelet/container/runtime_cache_fake.go
[gosec] 2026/02/05 17:19:12 Checking file: /tmp/blitzy/blitzy-kubernetes/blitzy5f91179c1/pkg/kubelet/container/sync_result.go
[gosec] 2026/02/05 17:19:12 Checking package: exclusion
[gosec] 2026/02/05 17:19:12 Checking file: /tmp/blitzy/blitzy-kubernetes/blitzy5f91179c1/pkg/kubeapiserver/admission/exclusion/resources.go
[gosec] 2026/02/05 17:19:12 Import directory: /tmp/blitzy/blitzy-kubernetes/blitzy5f91179c1/pkg/apis/certificates
[gosec] 2026/02/05 17:19:12 Checking package: state
[gosec] 2026/02/05 17:19:12 Checking file: /tmp/blitzy/blitzy-kubernetes/blitzy5f91179c1/pkg/kubelet/cm/memorymanager/state/checkpoint.go
[gosec] 2026/02/05 17:19:12 Import directory: /tmp/blitzy/blitzy-kubernetes/blitzy5f91179c1/pkg/controlplane/apiserver/samples/generic/server
[gosec] 2026/02/05 17:19:12 Checking file: /tmp/blitzy/blitzy-kubernetes/blitzy5f91179c1/pkg/kubelet/cm/memorymanager/state/state.go
[gosec] 2026/02/05 17:19:12 Checking file: /tmp/blitzy/blitzy-kubernetes/blitzy5f91179c1/pkg/kubelet/cm/memorymanager/state/state_checkpoint.go
[gosec] 2026/02/05 17:19:13 Checking file: /tmp/blitzy/blitzy-kubernetes/blitzy5f91179c1/pkg/kubelet/cm/memorymanager/state/state_mem.go
[gosec] 2026/02/05 17:19:13 Checking package: images
[gosec] 2026/02/05 17:19:13 Checking file: /tmp/blitzy/blitzy-kubernetes/blitzy5f91179c1/pkg/kubelet/images/doc.go
[gosec] 2026/02/05 17:19:13 Checking file: /tmp/blitzy/blitzy-kubernetes/blitzy5f91179c1/pkg/kubelet/images/helpers.go
[gosec] 2026/02/05 17:19:13 Import directory: /tmp/blitzy/blitzy-kubernetes/blitzy5f91179c1/pkg/kubectl
[gosec] 2026/02/05 17:19:13 Checking file: /tmp/blitzy/blitzy-kubernetes/blitzy5f91179c1/pkg/kubelet/images/image_gc_manager.go
[gosec] 2026/02/05 17:19:14 Checking file: /tmp/blitzy/blitzy-kubernetes/blitzy5f91179c1/pkg/kubelet/images/image_manager.go
[gosec] 2026/02/05 17:19:15 Checking file: /tmp/blitzy/blitzy-kubernetes/blitzy5f91179c1/pkg/kubelet/images/metrics.go
[gosec] 2026/02/05 17:19:15 Checking file: /tmp/blitzy/blitzy-kubernetes/blitzy5f91179c1/pkg/kubelet/images/puller.go
[gosec] 2026/02/05 17:19:15 Checking file: /tmp/blitzy/blitzy-kubernetes/blitzy5f91179c1/pkg/kubelet/images/types.go
[gosec] 2026/02/05 17:19:15 Checking package: resourcequota
[gosec] 2026/02/05 17:19:15 Checking file: /tmp/blitzy/blitzy-kubernetes/blitzy5f91179c1/pkg/registry/core/resourcequota/doc.go
[gosec] 2026/02/05 17:19:15 Checking file: /tmp/blitzy/blitzy-kubernetes/blitzy5f91179c1/pkg/registry/core/resourcequota/strategy.go
[gosec] 2026/02/05 17:19:15 Import directory: /tmp/blitzy/blitzy-kubernetes/blitzy5f91179c1/pkg/registry/certificates/clustertrustbundle/storage
[gosec] 2026/02/05 17:19:15 Checking package: populator
[gosec] 2026/02/05 17:19:15 Checking file: /tmp/blitzy/blitzy-kubernetes/blitzy5f91179c1/pkg/kubelet/volumemanager/populator/desired_state_of_world_populator.go
[gosec] 2026/02/05 17:19:15 Import directory: /tmp/blitzy/blitzy-kubernetes/blitzy5f91179c1/pkg/registry/core/service/allocator/storage
[gosec] 2026/02/05 17:19:16 Checking package: rest
[gosec] 2026/02/05 17:19:16 Checking file: /tmp/blitzy/blitzy-kubernetes/blitzy5f91179c1/pkg/registry/core/rest/storage_core.go
[gosec] 2026/02/05 17:19:16 Import directory: /tmp/blitzy/blitzy-kubernetes/blitzy5f91179c1/pkg/registry/resource/devicetaintrule/storage
[gosec] 2026/02/05 17:19:17 Checking file: /tmp/blitzy/blitzy-kubernetes/blitzy5f91179c1/pkg/registry/core/rest/storage_core_generic.go
[gosec] 2026/02/05 17:19:18 Checking package: storage
[gosec] 2026/02/05 17:19:18 Checking file: /tmp/blitzy/blitzy-kubernetes/blitzy5f91179c1/pkg/registry/node/runtimeclass/storage/storage.go
[gosec] 2026/02/05 17:19:18 Import directory: /tmp/blitzy/blitzy-kubernetes/blitzy5f91179c1/pkg/scheduler/framework
[gosec] 2026/02/05 17:19:18 Checking package: v1
[gosec] 2026/02/05 17:19:18 Checking file: /tmp/blitzy/blitzy-kubernetes/blitzy5f91179c1/pkg/apis/admissionregistration/v1/conversion.go
[gosec] 2026/02/05 17:19:18 Import directory: /tmp/blitzy/blitzy-kubernetes/blitzy5f91179c1/pkg/apis/resource/install
[gosec] 2026/02/05 17:19:18 Checking file: /tmp/blitzy/blitzy-kubernetes/blitzy5f91179c1/pkg/apis/admissionregistration/v1/defaults.go
[gosec] 2026/02/05 17:19:18 Checking file: /tmp/blitzy/blitzy-kubernetes/blitzy5f91179c1/pkg/apis/admissionregistration/v1/doc.go
[gosec] 2026/02/05 17:19:18 Checking file: /tmp/blitzy/blitzy-kubernetes/blitzy5f91179c1/pkg/apis/admissionregistration/v1/register.go
[gosec] 2026/02/05 17:19:18 Checking file: /tmp/blitzy/blitzy-kubernetes/blitzy5f91179c1/pkg/apis/admissionregistration/v1/zz_generated.conversion.go
[gosec] 2026/02/05 17:19:26 Checking file: /tmp/blitzy/blitzy-kubernetes/blitzy5f91179c1/pkg/apis/admissionregistration/v1/zz_generated.defaults.go
[gosec] 2026/02/05 17:19:26 Checking package: certificates
[gosec] 2026/02/05 17:19:26 Checking file: /tmp/blitzy/blitzy-kubernetes/blitzy5f91179c1/pkg/apis/certificates/doc.go
[gosec] 2026/02/05 17:19:26 Import directory: /tmp/blitzy/blitzy-kubernetes/blitzy5f91179c1/pkg/controller/tainteviction/metrics
[gosec] 2026/02/05 17:19:26 Checking file: /tmp/blitzy/blitzy-kubernetes/blitzy5f91179c1/pkg/apis/certificates/helpers.go
[gosec] 2026/02/05 17:19:27 Checking file: /tmp/blitzy/blitzy-kubernetes/blitzy5f91179c1/pkg/apis/certificates/register.go
[gosec] 2026/02/05 17:19:27 Checking file: /tmp/blitzy/blitzy-kubernetes/blitzy5f91179c1/pkg/apis/certificates/types.go
[gosec] 2026/02/05 17:19:27 Checking file: /tmp/blitzy/blitzy-kubernetes/blitzy5f91179c1/pkg/apis/certificates/zz_generated.deepcopy.go
[gosec] 2026/02/05 17:19:29 Checking package: kubectl
[gosec] 2026/02/05 17:19:29 Checking file: /tmp/blitzy/blitzy-kubernetes/blitzy5f91179c1/pkg/kubectl/doc.go
[gosec] 2026/02/05 17:19:29 Import directory: /tmp/blitzy/blitzy-kubernetes/blitzy5f91179c1/pkg/controlplane/apiserver/samples/generic
[gosec] 2026/02/05 17:19:29 Import directory: /tmp/blitzy/blitzy-kubernetes/blitzy5f91179c1/pkg/credentialprovider/plugin
[gosec] 2026/02/05 17:19:29 Checking package: server
[gosec] 2026/02/05 17:19:29 Checking file: /tmp/blitzy/blitzy-kubernetes/blitzy5f91179c1/pkg/controlplane/apiserver/samples/generic/server/admission.go
[gosec] 2026/02/05 17:19:29 Checking file: /tmp/blitzy/blitzy-kubernetes/blitzy5f91179c1/pkg/controlplane/apiserver/samples/generic/server/config.go
[gosec] 2026/02/05 17:19:29 Checking file: /tmp/blitzy/blitzy-kubernetes/blitzy5f91179c1/pkg/controlplane/apiserver/samples/generic/server/server.go
[gosec] 2026/02/05 17:19:29 Checking file: /tmp/blitzy/blitzy-kubernetes/blitzy5f91179c1/pkg/controlplane/apiserver/samples/generic/server/serviceaccounts.go
[gosec] 2026/02/05 17:19:30 Checking package: storage
[gosec] 2026/02/05 17:19:30 Checking file: /tmp/blitzy/blitzy-kubernetes/blitzy5f91179c1/pkg/registry/certificates/clustertrustbundle/storage/storage.go
[gosec] 2026/02/05 17:19:30 Import directory: /tmp/blitzy/blitzy-kubernetes/blitzy5f91179c1/pkg/printers
[gosec] 2026/02/05 17:19:30 Checking package: storage
[gosec] 2026/02/05 17:19:30 Checking file: /tmp/blitzy/blitzy-kubernetes/blitzy5f91179c1/pkg/registry/core/service/allocator/storage/storage.go
[gosec] 2026/02/05 17:19:30 Import directory: /tmp/blitzy/blitzy-kubernetes/blitzy5f91179c1/pkg/registry/authorization/localsubjectaccessreview
[gosec] 2026/02/05 17:19:31 Checking package: storage
[gosec] 2026/02/05 17:19:31 Checking file: /tmp/blitzy/blitzy-kubernetes/blitzy5f91179c1/pkg/registry/resource/devicetaintrule/storage/storage.go
[gosec] 2026/02/05 17:19:31 Import directory: /tmp/blitzy/blitzy-kubernetes/blitzy5f91179c1/pkg/registry/node/runtimeclass
[gosec] 2026/02/05 17:19:31 Checking package: install
[gosec] 2026/02/05 17:19:31 Checking file: /tmp/blitzy/blitzy-kubernetes/blitzy5f91179c1/pkg/apis/resource/install/install.go
[gosec] 2026/02/05 17:19:31 Import directory: /tmp/blitzy/blitzy-kubernetes/blitzy5f91179c1/pkg/registry/rbac/clusterrolebinding/policybased
[gosec] 2026/02/05 17:19:31 Checking package: framework
[gosec] 2026/02/05 17:19:31 Checking file: /tmp/blitzy/blitzy-kubernetes/blitzy5f91179c1/pkg/scheduler/framework/cycle_state.go
[gosec] 2026/02/05 17:19:31 Import directory: /tmp/blitzy/blitzy-kubernetes/blitzy5f91179c1/pkg/apis/events/v1beta1
[gosec] 2026/02/05 17:19:31 Checking file: /tmp/blitzy/blitzy-kubernetes/blitzy5f91179c1/pkg/scheduler/framework/events.go
[gosec] 2026/02/05 17:19:32 Checking file: /tmp/blitzy/blitzy-kubernetes/blitzy5f91179c1/pkg/scheduler/framework/interface.go
[gosec] 2026/02/05 17:19:32 Checking file: /tmp/blitzy/blitzy-kubernetes/blitzy5f91179c1/pkg/scheduler/framework/types.go
[gosec] 2026/02/05 17:19:34 Checking package: metrics
[gosec] 2026/02/05 17:19:34 Checking file: /tmp/blitzy/blitzy-kubernetes/blitzy5f91179c1/pkg/controller/tainteviction/metrics/metrics.go
[gosec] 2026/02/05 17:19:34 Import directory: /tmp/blitzy/blitzy-kubernetes/blitzy5f91179c1/pkg/apis/flowcontrol/util
[gosec] 2026/02/05 17:19:34 Checking package: plugin
[gosec] 2026/02/05 17:19:34 Checking file: /tmp/blitzy/blitzy-kubernetes/blitzy5f91179c1/pkg/credentialprovider/plugin/config.go
[gosec] 2026/02/05 17:19:34 Import directory: /tmp/blitzy/blitzy-kubernetes/blitzy5f91179c1/pkg/controller/certificates/signer
[gosec] 2026/02/05 17:19:35 Checking file: /tmp/blitzy/blitzy-kubernetes/blitzy5f91179c1/pkg/credentialprovider/plugin/metrics.go
[gosec] 2026/02/05 17:19:35 Checking file: /tmp/blitzy/blitzy-kubernetes/blitzy5f91179c1/pkg/credentialprovider/plugin/plugin.go
[gosec] 2026/02/05 17:19:37 Checking file: /tmp/blitzy/blitzy-kubernetes/blitzy5f91179c1/pkg/credentialprovider/plugin/plugins.go
[gosec] 2026/02/05 17:19:37 Checking package: printers
[gosec] 2026/02/05 17:19:37 Checking file: /tmp/blitzy/blitzy-kubernetes/blitzy5f91179c1/pkg/printers/interface.go
[gosec] 2026/02/05 17:19:37 Import directory: /tmp/blitzy/blitzy-kubernetes/blitzy5f91179c1/pkg/proxy/ipvs/ipset
[gosec] 2026/02/05 17:19:37 Checking file: /tmp/blitzy/blitzy-kubernetes/blitzy5f91179c1/pkg/printers/tablegenerator.go
[gosec] 2026/02/05 17:19:37 Checking package: main
[gosec] 2026/02/05 17:19:37 Checking file: /tmp/blitzy/blitzy-kubernetes/blitzy5f91179c1/pkg/controlplane/apiserver/samples/generic/doc.go
[gosec] 2026/02/05 17:19:37 Import directory: /tmp/blitzy/blitzy-kubernetes/blitzy5f91179c1/pkg/registry/authorization/subjectaccessreview
[gosec] 2026/02/05 17:19:37 Checking file: /tmp/blitzy/blitzy-kubernetes/blitzy5f91179c1/pkg/controlplane/apiserver/samples/generic/main.go
[gosec] 2026/02/05 17:19:37 Checking package: localsubjectaccessreview
[gosec] 2026/02/05 17:19:37 Checking file: /tmp/blitzy/blitzy-kubernetes/blitzy5f91179c1/pkg/registry/authorization/localsubjectaccessreview/rest.go
[gosec] 2026/02/05 17:19:37 Import directory: /tmp/blitzy/blitzy-kubernetes/blitzy5f91179c1/pkg/scheduler/framework/plugins/volumebinding
[gosec] 2026/02/05 17:19:38 Checking package: runtimeclass
[gosec] 2026/02/05 17:19:38 Checking file: /tmp/blitzy/blitzy-kubernetes/blitzy5f91179c1/pkg/registry/node/runtimeclass/doc.go
[gosec] 2026/02/05 17:19:38 Checking file: /tmp/blitzy/blitzy-kubernetes/blitzy5f91179c1/pkg/registry/node/runtimeclass/strategy.go
[gosec] 2026/02/05 17:19:38 Import directory: /tmp/blitzy/blitzy-kubernetes/blitzy5f91179c1/pkg/util/interrupt
[gosec] 2026/02/05 17:19:38 Checking package: v1beta1
[gosec] 2026/02/05 17:19:38 Checking file: /tmp/blitzy/blitzy-kubernetes/blitzy5f91179c1/pkg/apis/events/v1beta1/conversion.go
[gosec] 2026/02/05 17:19:38 Import directory: /tmp/blitzy/blitzy-kubernetes/blitzy5f91179c1/pkg/apis/authentication
[gosec] 2026/02/05 17:19:38 Checking file: /tmp/blitzy/blitzy-kubernetes/blitzy5f91179c1/pkg/apis/events/v1beta1/doc.go
[gosec] 2026/02/05 17:19:38 Checking file: /tmp/blitzy/blitzy-kubernetes/blitzy5f91179c1/pkg/apis/events/v1beta1/register.go
[gosec] 2026/02/05 17:19:38 Checking file: /tmp/blitzy/blitzy-kubernetes/blitzy5f91179c1/pkg/apis/events/v1beta1/zz_generated.conversion.go
[gosec] 2026/02/05 17:19:39 Checking file: /tmp/blitzy/blitzy-kubernetes/blitzy5f91179c1/pkg/apis/events/v1beta1/zz_generated.defaults.go
[gosec] 2026/02/05 17:19:39 Checking package: policybased
[gosec] 2026/02/05 17:19:39 Checking file: /tmp/blitzy/blitzy-kubernetes/blitzy5f91179c1/pkg/registry/rbac/clusterrolebinding/policybased/storage.go
[gosec] 2026/02/05 17:19:39 Import directory: /tmp/blitzy/blitzy-kubernetes/blitzy5f91179c1/pkg/apis/coordination/v1alpha2
[gosec] 2026/02/05 17:19:39 Checking package: util
[gosec] 2026/02/05 17:19:39 Checking file: /tmp/blitzy/blitzy-kubernetes/blitzy5f91179c1/pkg/apis/flowcontrol/util/helpers.go
[gosec] 2026/02/05 17:19:39 Import directory: /tmp/blitzy/blitzy-kubernetes/blitzy5f91179c1/pkg/controller/cronjob
[gosec] 2026/02/05 17:19:39 Checking package: signer
[gosec] 2026/02/05 17:19:39 Checking file: /tmp/blitzy/blitzy-kubernetes/blitzy5f91179c1/pkg/controller/certificates/signer/ca_provider.go
[gosec] 2026/02/05 17:19:39 Import directory: /tmp/blitzy/blitzy-kubernetes/blitzy5f91179c1/pkg/kubelet/images/pullmanager
[gosec] 2026/02/05 17:19:40 Checking file: /tmp/blitzy/blitzy-kubernetes/blitzy5f91179c1/pkg/controller/certificates/signer/signer.go
[gosec] 2026/02/05 17:19:41 Checking package: ipset
[gosec] 2026/02/05 17:19:41 Checking file: /tmp/blitzy/blitzy-kubernetes/blitzy5f91179c1/pkg/proxy/ipvs/ipset/doc.go
[gosec] 2026/02/05 17:19:41 Import directory: /tmp/blitzy/blitzy-kubernetes/blitzy5f91179c1/pkg/proxy/util/testing
[gosec] 2026/02/05 17:19:41 Checking file: /tmp/blitzy/blitzy-kubernetes/blitzy5f91179c1/pkg/proxy/ipvs/ipset/ipset.go
[gosec] 2026/02/05 17:19:42 Checking file: /tmp/blitzy/blitzy-kubernetes/blitzy5f91179c1/pkg/proxy/ipvs/ipset/types.go
[gosec] 2026/02/05 17:19:42 Checking package: subjectaccessreview
[gosec] 2026/02/05 17:19:42 Checking file: /tmp/blitzy/blitzy-kubernetes/blitzy5f91179c1/pkg/registry/authorization/subjectaccessreview/rest.go
[gosec] 2026/02/05 17:19:42 Import directory: /tmp/blitzy/blitzy-kubernetes/blitzy5f91179c1/pkg/registry/autoscaling/rest
[gosec] 2026/02/05 17:19:42 Checking package: interrupt
[gosec] 2026/02/05 17:19:42 Checking file: /tmp/blitzy/blitzy-kubernetes/blitzy5f91179c1/pkg/util/interrupt/interrupt.go
[gosec] 2026/02/05 17:19:42 Import directory: /tmp/blitzy/blitzy-kubernetes/blitzy5f91179c1/pkg/registry/networking/servicecidr/storage
[gosec] 2026/02/05 17:19:42 Checking package: authentication
[gosec] 2026/02/05 17:19:42 Checking file: /tmp/blitzy/blitzy-kubernetes/blitzy5f91179c1/pkg/apis/authentication/doc.go
[gosec] 2026/02/05 17:19:42 Checking file: /tmp/blitzy/blitzy-kubernetes/blitzy5f91179c1/pkg/apis/authentication/register.go
[gosec] 2026/02/05 17:19:42 Import directory: /tmp/blitzy/blitzy-kubernetes/blitzy5f91179c1/pkg/registry/resource/rest
[gosec] 2026/02/05 17:19:43 Checking file: /tmp/blitzy/blitzy-kubernetes/blitzy5f91179c1/pkg/apis/authentication/types.go
[gosec] 2026/02/05 17:19:43 Checking file: /tmp/blitzy/blitzy-kubernetes/blitzy5f91179c1/pkg/apis/authentication/zz_generated.deepcopy.go
[gosec] 2026/02/05 17:19:44 Checking package: volumebinding
[gosec] 2026/02/05 17:19:44 Checking file: /tmp/blitzy/blitzy-kubernetes/blitzy5f91179c1/pkg/scheduler/framework/plugins/volumebinding/assume_cache.go
[gosec] 2026/02/05 17:19:44 Import directory: /tmp/blitzy/blitzy-kubernetes/blitzy5f91179c1/pkg/controller/deployment/util
[gosec] 2026/02/05 17:19:44 Checking file: /tmp/blitzy/blitzy-kubernetes/blitzy5f91179c1/pkg/scheduler/framework/plugins/volumebinding/binder.go
[gosec] 2026/02/05 17:19:47 Checking file: /tmp/blitzy/blitzy-kubernetes/blitzy5f91179c1/pkg/scheduler/framework/plugins/volumebinding/fake_binder.go
[gosec] 2026/02/05 17:19:47 Checking file: /tmp/blitzy/blitzy-kubernetes/blitzy5f91179c1/pkg/scheduler/framework/plugins/volumebinding/passive_assume_cache.go
[gosec] 2026/02/05 17:19:47 Checking file: /tmp/blitzy/blitzy-kubernetes/blitzy5f91179c1/pkg/scheduler/framework/plugins/volumebinding/scorer.go
[gosec] 2026/02/05 17:19:47 Checking file: /tmp/blitzy/blitzy-kubernetes/blitzy5f91179c1/pkg/scheduler/framework/plugins/volumebinding/test_utils.go
[gosec] 2026/02/05 17:19:48 Checking file: /tmp/blitzy/blitzy-kubernetes/blitzy5f91179c1/pkg/scheduler/framework/plugins/volumebinding/volume_binding.go
[gosec] 2026/02/05 17:19:50 Checking package: v1alpha2
[gosec] 2026/02/05 17:19:50 Checking file: /tmp/blitzy/blitzy-kubernetes/blitzy5f91179c1/pkg/apis/coordination/v1alpha2/doc.go
[gosec] 2026/02/05 17:19:50 Checking file: /tmp/blitzy/blitzy-kubernetes/blitzy5f91179c1/pkg/apis/coordination/v1alpha2/register.go
[gosec] 2026/02/05 17:19:50 Import directory: /tmp/blitzy/blitzy-kubernetes/blitzy5f91179c1/pkg/controller/volume/attachdetach/util
[gosec] 2026/02/05 17:19:50 Checking file: /tmp/blitzy/blitzy-kubernetes/blitzy5f91179c1/pkg/apis/coordination/v1alpha2/zz_generated.conversion.go
[gosec] 2026/02/05 17:19:50 Checking file: /tmp/blitzy/blitzy-kubernetes/blitzy5f91179c1/pkg/apis/coordination/v1alpha2/zz_generated.defaults.go
[gosec] 2026/02/05 17:19:50 Checking package: pullmanager
[gosec] 2026/02/05 17:19:50 Checking file: /tmp/blitzy/blitzy-kubernetes/blitzy5f91179c1/pkg/kubelet/images/pullmanager/doc.go
[gosec] 2026/02/05 17:19:50 Checking file: /tmp/blitzy/blitzy-kubernetes/blitzy5f91179c1/pkg/kubelet/images/pullmanager/fs_pullrecords.go
[gosec] 2026/02/05 17:19:50 Import directory: /tmp/blitzy/blitzy-kubernetes/blitzy5f91179c1/pkg/kubelet/cadvisor
[gosec] 2026/02/05 17:19:52 Checking file: /tmp/blitzy/blitzy-kubernetes/blitzy5f91179c1/pkg/kubelet/images/pullmanager/image_pull_manager.go
[gosec] 2026/02/05 17:19:53 Checking file: /tmp/blitzy/blitzy-kubernetes/blitzy5f91179c1/pkg/kubelet/images/pullmanager/image_pull_policies.go
[gosec] 2026/02/05 17:19:54 Checking file: /tmp/blitzy/blitzy-kubernetes/blitzy5f91179c1/pkg/kubelet/images/pullmanager/interfaces.go
[gosec] 2026/02/05 17:19:54 Checking file: /tmp/blitzy/blitzy-kubernetes/blitzy5f91179c1/pkg/kubelet/images/pullmanager/locks.go
[gosec] 2026/02/05 17:19:54 Checking file: /tmp/blitzy/blitzy-kubernetes/blitzy5f91179c1/pkg/kubelet/images/pullmanager/mem_pullrecords.go
[gosec] 2026/02/05 17:19:54 Checking file: /tmp/blitzy/blitzy-kubernetes/blitzy5f91179c1/pkg/kubelet/images/pullmanager/metrics.go
[gosec] 2026/02/05 17:19:55 Checking file: /tmp/blitzy/blitzy-kubernetes/blitzy5f91179c1/pkg/kubelet/images/pullmanager/noop_pull_manager.go
[gosec] 2026/02/05 17:19:55 Checking package: cronjob
[gosec] 2026/02/05 17:19:55 Checking file: /tmp/blitzy/blitzy-kubernetes/blitzy5f91179c1/pkg/controller/cronjob/cronjob_controllerv2.go
[gosec] 2026/02/05 17:19:55 Import directory: /tmp/blitzy/blitzy-kubernetes/blitzy5f91179c1/pkg/registry/admissionregistration/validatingadmissionpolicy/storage
[gosec] 2026/02/05 17:19:56 Checking file: /tmp/blitzy/blitzy-kubernetes/blitzy5f91179c1/pkg/controller/cronjob/doc.go
[gosec] 2026/02/05 17:19:56 Checking file: /tmp/blitzy/blitzy-kubernetes/blitzy5f91179c1/pkg/controller/cronjob/injection.go
[gosec] 2026/02/05 17:19:57 Checking file: /tmp/blitzy/blitzy-kubernetes/blitzy5f91179c1/pkg/controller/cronjob/utils.go
[gosec] 2026/02/05 17:19:57 Checking package: testing
[gosec] 2026/02/05 17:19:57 Checking file: /tmp/blitzy/blitzy-kubernetes/blitzy5f91179c1/pkg/proxy/util/testing/fake.go
[gosec] 2026/02/05 17:19:57 Import directory: /tmp/blitzy/blitzy-kubernetes/blitzy5f91179c1/pkg/registry/storage/volumeattributesclass/storage
[gosec] 2026/02/05 17:19:58 Checking package: rest
[gosec] 2026/02/05 17:19:58 Checking file: /tmp/blitzy/blitzy-kubernetes/blitzy5f91179c1/pkg/registry/autoscaling/rest/storage_autoscaling.go
[gosec] 2026/02/05 17:19:58 Import directory: /tmp/blitzy/blitzy-kubernetes/blitzy5f91179c1/pkg/registry/testapigroup/carp
[gosec] 2026/02/05 17:19:58 Checking package: storage
[gosec] 2026/02/05 17:19:58 Checking file: /tmp/blitzy/blitzy-kubernetes/blitzy5f91179c1/pkg/registry/networking/servicecidr/storage/storage.go
[gosec] 2026/02/05 17:19:58 Import directory: /tmp/blitzy/blitzy-kubernetes/blitzy5f91179c1/pkg/scheduler/apis/config/scheme
[gosec] 2026/02/05 17:19:58 Checking package: rest
[gosec] 2026/02/05 17:19:58 Checking file: /tmp/blitzy/blitzy-kubernetes/blitzy5f91179c1/pkg/registry/resource/rest/storage_resource.go
[gosec] 2026/02/05 17:19:58 Import directory: /tmp/blitzy/blitzy-kubernetes/blitzy5f91179c1/pkg/scheduler/metrics/resources
[gosec] 2026/02/05 17:19:59 Checking package: util
[gosec] 2026/02/05 17:19:59 Checking file: /tmp/blitzy/blitzy-kubernetes/blitzy5f91179c1/pkg/controller/deployment/util/deployment_util.go
[gosec] 2026/02/05 17:19:59 Import directory: /tmp/blitzy/blitzy-kubernetes/blitzy5f91179c1/pkg/apis/node/v1alpha1
[gosec] 2026/02/05 17:20:01 Checking package: util
[gosec] 2026/02/05 17:20:01 Checking file: /tmp/blitzy/blitzy-kubernetes/blitzy5f91179c1/pkg/controller/volume/attachdetach/util/util.go
[gosec] 2026/02/05 17:20:01 Import directory: /tmp/blitzy/blitzy-kubernetes/blitzy5f91179c1/pkg/controller/cronjob/metrics
[gosec] 2026/02/05 17:20:02 Checking package: cadvisor
[gosec] 2026/02/05 17:20:02 Checking file: /tmp/blitzy/blitzy-kubernetes/blitzy5f91179c1/pkg/kubelet/cadvisor/cadvisor_linux.go
[gosec] 2026/02/05 17:20:02 Import directory: /tmp/blitzy/blitzy-kubernetes/blitzy5f91179c1/pkg/controller/util/selectors
[gosec] 2026/02/05 17:20:02 Checking file: /tmp/blitzy/blitzy-kubernetes/blitzy5f91179c1/pkg/kubelet/cadvisor/doc.go
[gosec] 2026/02/05 17:20:02 Checking file: /tmp/blitzy/blitzy-kubernetes/blitzy5f91179c1/pkg/kubelet/cadvisor/helpers_linux.go
[gosec] 2026/02/05 17:20:02 Checking file: /tmp/blitzy/blitzy-kubernetes/blitzy5f91179c1/pkg/kubelet/cadvisor/types.go
[gosec] 2026/02/05 17:20:02 Checking file: /tmp/blitzy/blitzy-kubernetes/blitzy5f91179c1/pkg/kubelet/cadvisor/util.go
[gosec] 2026/02/05 17:20:02 Checking package: storage
[gosec] 2026/02/05 17:20:02 Checking file: /tmp/blitzy/blitzy-kubernetes/blitzy5f91179c1/pkg/registry/admissionregistration/validatingadmissionpolicy/storage/storage.go
[gosec] 2026/02/05 17:20:02 Import directory: /tmp/blitzy/blitzy-kubernetes/blitzy5f91179c1/pkg/kubelet/checkpointmanager/testing/example_checkpoint_formats/v1
[gosec] 2026/02/05 17:20:03 Checking package: scheme
[gosec] 2026/02/05 17:20:03 Checking file: /tmp/blitzy/blitzy-kubernetes/blitzy5f91179c1/pkg/scheduler/apis/config/scheme/scheme.go
[gosec] 2026/02/05 17:20:03 Import directory: /tmp/blitzy/blitzy-kubernetes/blitzy5f91179c1/pkg/kubelet/secret
[gosec] 2026/02/05 17:20:03 Checking package: carp
[gosec] 2026/02/05 17:20:03 Checking file: /tmp/blitzy/blitzy-kubernetes/blitzy5f91179c1/pkg/registry/testapigroup/carp/strategy.go
[gosec] 2026/02/05 17:20:03 Import directory: /tmp/blitzy/blitzy-kubernetes/blitzy5f91179c1/pkg/registry/core/endpoint
[gosec] 2026/02/05 17:20:03 Checking package: storage
[gosec] 2026/02/05 17:20:03 Checking file: /tmp/blitzy/blitzy-kubernetes/blitzy5f91179c1/pkg/registry/storage/volumeattributesclass/storage/storage.go
[gosec] 2026/02/05 17:20:03 Import directory: /tmp/blitzy/blitzy-kubernetes/blitzy5f91179c1/pkg/registry/flowcontrol/flowschema/storage
[gosec] 2026/02/05 17:20:03 Checking package: resources
[gosec] 2026/02/05 17:20:03 Checking file: /tmp/blitzy/blitzy-kubernetes/blitzy5f91179c1/pkg/scheduler/metrics/resources/resources.go
[gosec] 2026/02/05 17:20:03 Import directory: /tmp/blitzy/blitzy-kubernetes/blitzy5f91179c1/pkg/scheduler/framework/plugins/nodename
[gosec] 2026/02/05 17:20:04 Checking package: v1alpha1
[gosec] 2026/02/05 17:20:04 Checking file: /tmp/blitzy/blitzy-kubernetes/blitzy5f91179c1/pkg/apis/node/v1alpha1/conversion.go
[gosec] 2026/02/05 17:20:04 Import directory: /tmp/blitzy/blitzy-kubernetes/blitzy5f91179c1/pkg/apis/flowcontrol/v1
[gosec] 2026/02/05 17:20:04 Checking file: /tmp/blitzy/blitzy-kubernetes/blitzy5f91179c1/pkg/apis/node/v1alpha1/doc.go
[gosec] 2026/02/05 17:20:04 Checking file: /tmp/blitzy/blitzy-kubernetes/blitzy5f91179c1/pkg/apis/node/v1alpha1/register.go
[gosec] 2026/02/05 17:20:04 Checking file: /tmp/blitzy/blitzy-kubernetes/blitzy5f91179c1/pkg/apis/node/v1alpha1/zz_generated.conversion.go
[gosec] 2026/02/05 17:20:05 Checking package: metrics
[gosec] 2026/02/05 17:20:05 Checking file: /tmp/blitzy/blitzy-kubernetes/blitzy5f91179c1/pkg/controller/cronjob/metrics/metrics.go
[gosec] 2026/02/05 17:20:05 Import directory: /tmp/blitzy/blitzy-kubernetes/blitzy5f91179c1/pkg/apis/node/install
[gosec] 2026/02/05 17:20:05 Checking package: selectors
[gosec] 2026/02/05 17:20:05 Checking file: /tmp/blitzy/blitzy-kubernetes/blitzy5f91179c1/pkg/controller/util/selectors/bimultimap.go
[gosec] 2026/02/05 17:20:05 Import directory: /tmp/blitzy/blitzy-kubernetes/blitzy5f91179c1/pkg/controller/devicetainteviction/config
[gosec] 2026/02/05 17:20:06 Checking package: v1
[gosec] 2026/02/05 17:20:06 Checking file: /tmp/blitzy/blitzy-kubernetes/blitzy5f91179c1/pkg/kubelet/checkpointmanager/testing/example_checkpoint_formats/v1/types.go
[gosec] 2026/02/05 17:20:06 Import directory: /tmp/blitzy/blitzy-kubernetes/blitzy5f91179c1/pkg/controller/resourceclaim/metrics
[gosec] 2026/02/05 17:20:06 Checking package: secret
[gosec] 2026/02/05 17:20:06 Checking file: /tmp/blitzy/blitzy-kubernetes/blitzy5f91179c1/pkg/kubelet/secret/fake_manager.go
[gosec] 2026/02/05 17:20:06 Import directory: /tmp/blitzy/blitzy-kubernetes/blitzy5f91179c1/pkg/controller/storageversionmigrator
[gosec] 2026/02/05 17:20:06 Checking file: /tmp/blitzy/blitzy-kubernetes/blitzy5f91179c1/pkg/kubelet/secret/secret_manager.go
[gosec] 2026/02/05 17:20:06 Checking package: endpoint
[gosec] 2026/02/05 17:20:06 Checking file: /tmp/blitzy/blitzy-kubernetes/blitzy5f91179c1/pkg/registry/core/endpoint/doc.go
[gosec] 2026/02/05 17:20:06 Checking file: /tmp/blitzy/blitzy-kubernetes/blitzy5f91179c1/pkg/registry/core/endpoint/strategy.go
[gosec] 2026/02/05 17:20:06 Import directory: /tmp/blitzy/blitzy-kubernetes/blitzy5f91179c1/pkg/kubeapiserver/authorizer
[gosec] 2026/02/05 17:20:06 Checking package: v1
[gosec] 2026/02/05 17:20:06 Checking file: /tmp/blitzy/blitzy-kubernetes/blitzy5f91179c1/pkg/apis/flowcontrol/v1/defaults.go
[gosec] 2026/02/05 17:20:06 Checking file: /tmp/blitzy/blitzy-kubernetes/blitzy5f91179c1/pkg/apis/flowcontrol/v1/doc.go
[gosec] 2026/02/05 17:20:06 Checking file: /tmp/blitzy/blitzy-kubernetes/blitzy5f91179c1/pkg/apis/flowcontrol/v1/register.go
[gosec] 2026/02/05 17:20:06 Import directory: /tmp/blitzy/blitzy-kubernetes/blitzy5f91179c1/pkg/kubelet/sysctl
[gosec] 2026/02/05 17:20:06 Checking file: /tmp/blitzy/blitzy-kubernetes/blitzy5f91179c1/pkg/apis/flowcontrol/v1/zz_generated.conversion.go
[gosec] 2026/02/05 17:20:11 Checking file: /tmp/blitzy/blitzy-kubernetes/blitzy5f91179c1/pkg/apis/flowcontrol/v1/zz_generated.defaults.go
[gosec] 2026/02/05 17:20:11 Checking package: storage
[gosec] 2026/02/05 17:20:11 Checking file: /tmp/blitzy/blitzy-kubernetes/blitzy5f91179c1/pkg/registry/flowcontrol/flowschema/storage/storage.go
[gosec] 2026/02/05 17:20:11 Import directory: /tmp/blitzy/blitzy-kubernetes/blitzy5f91179c1/pkg/proxy/winkernel/testing
[gosec] 2026/02/05 17:20:12 Checking package: nodename
[gosec] 2026/02/05 17:20:12 Checking file: /tmp/blitzy/blitzy-kubernetes/blitzy5f91179c1/pkg/scheduler/framework/plugins/nodename/node_name.go
[gosec] 2026/02/05 17:20:12 Import directory: /tmp/blitzy/blitzy-kubernetes/blitzy5f91179c1/pkg/controller/podautoscaler/metrics
[gosec] 2026/02/05 17:20:12 Checking package: config
[gosec] 2026/02/05 17:20:12 Checking file: /tmp/blitzy/blitzy-kubernetes/blitzy5f91179c1/pkg/controller/devicetainteviction/config/doc.go
[gosec] 2026/02/05 17:20:12 Checking file: /tmp/blitzy/blitzy-kubernetes/blitzy5f91179c1/pkg/controller/devicetainteviction/config/types.go
[gosec] 2026/02/05 17:20:12 Import directory: /tmp/blitzy/blitzy-kubernetes/blitzy5f91179c1/pkg/scheduler/framework/plugins/defaultbinder
[gosec] 2026/02/05 17:20:12 Checking file: /tmp/blitzy/blitzy-kubernetes/blitzy5f91179c1/pkg/controller/devicetainteviction/config/zz_generated.deepcopy.go
[gosec] 2026/02/05 17:20:12 Checking package: install
[gosec] 2026/02/05 17:20:12 Checking file: /tmp/blitzy/blitzy-kubernetes/blitzy5f91179c1/pkg/apis/node/install/install.go
[gosec] 2026/02/05 17:20:12 Import directory: /tmp/blitzy/blitzy-kubernetes/blitzy5f91179c1/pkg/volume/image
[gosec] 2026/02/05 17:20:12 Checking package: metrics
[gosec] 2026/02/05 17:20:12 Checking file: /tmp/blitzy/blitzy-kubernetes/blitzy5f91179c1/pkg/controller/resourceclaim/metrics/metrics.go
[gosec] 2026/02/05 17:20:12 Import directory: /tmp/blitzy/blitzy-kubernetes/blitzy5f91179c1/pkg/volume/util/nestedpendingoperations
[gosec] 2026/02/05 17:20:12 Checking package: storageversionmigrator
[gosec] 2026/02/05 17:20:12 Checking file: /tmp/blitzy/blitzy-kubernetes/blitzy5f91179c1/pkg/controller/storageversionmigrator/resourceversion.go
[gosec] 2026/02/05 17:20:12 Import directory: /tmp/blitzy/blitzy-kubernetes/blitzy5f91179c1/pkg/volume/util/subpath
[gosec] 2026/02/05 17:20:13 Checking file: /tmp/blitzy/blitzy-kubernetes/blitzy5f91179c1/pkg/controller/storageversionmigrator/storageversionmigrator.go
[gosec] 2026/02/05 17:20:14 Checking file: /tmp/blitzy/blitzy-kubernetes/blitzy5f91179c1/pkg/controller/storageversionmigrator/util.go
[gosec] 2026/02/05 17:20:14 Checking package: authorizer
[gosec] 2026/02/05 17:20:14 Checking file: /tmp/blitzy/blitzy-kubernetes/blitzy5f91179c1/pkg/kubeapiserver/authorizer/config.go
[gosec] 2026/02/05 17:20:14 Import directory: /tmp/blitzy/blitzy-kubernetes/blitzy5f91179c1/pkg/apis/certificates/validation
[gosec] 2026/02/05 17:20:14 Checking file: /tmp/blitzy/blitzy-kubernetes/blitzy5f91179c1/pkg/kubeapiserver/authorizer/reload.go
[gosec] 2026/02/05 17:20:14 Checking package: sysctl
[gosec] 2026/02/05 17:20:14 Checking file: /tmp/blitzy/blitzy-kubernetes/blitzy5f91179c1/pkg/kubelet/sysctl/allowlist.go
[gosec] 2026/02/05 17:20:14 Import directory: /tmp/blitzy/blitzy-kubernetes/blitzy5f91179c1/pkg/controller/garbagecollector/metrics
[gosec] 2026/02/05 17:20:15 Checking file: /tmp/blitzy/blitzy-kubernetes/blitzy5f91179c1/pkg/kubelet/sysctl/safe_sysctls.go
[gosec] 2026/02/05 17:20:15 Checking file: /tmp/blitzy/blitzy-kubernetes/blitzy5f91179c1/pkg/kubelet/sysctl/util.go
[gosec] 2026/02/05 17:20:15 Checking package: metrics
[gosec] 2026/02/05 17:20:15 Checking file: /tmp/blitzy/blitzy-kubernetes/blitzy5f91179c1/pkg/controller/podautoscaler/metrics/client.go
[gosec] 2026/02/05 17:20:15 Import directory: /tmp/blitzy/blitzy-kubernetes/blitzy5f91179c1/pkg/kubelet/preemption
[gosec] 2026/02/05 17:20:15 Import directory: /tmp/blitzy/blitzy-kubernetes/blitzy5f91179c1/pkg/registry/core/persistentvolume
[gosec] 2026/02/05 17:20:15 Checking file: /tmp/blitzy/blitzy-kubernetes/blitzy5f91179c1/pkg/controller/podautoscaler/metrics/interfaces.go
[gosec] 2026/02/05 17:20:15 Checking file: /tmp/blitzy/blitzy-kubernetes/blitzy5f91179c1/pkg/controller/podautoscaler/metrics/utilization.go
[gosec] 2026/02/05 17:20:15 Checking package: nestedpendingoperations
[gosec] 2026/02/05 17:20:15 Checking file: /tmp/blitzy/blitzy-kubernetes/blitzy5f91179c1/pkg/volume/util/nestedpendingoperations/nestedpendingoperations.go
[gosec] 2026/02/05 17:20:15 Import directory: /tmp/blitzy/blitzy-kubernetes/blitzy5f91179c1/pkg/util/flag
[gosec] 2026/02/05 17:20:16 Checking package: subpath
[gosec] 2026/02/05 17:20:16 Checking file: /tmp/blitzy/blitzy-kubernetes/blitzy5f91179c1/pkg/volume/util/subpath/subpath.go
[gosec] 2026/02/05 17:20:16 Import directory: /tmp/blitzy/blitzy-kubernetes/blitzy5f91179c1/pkg/api/job
[gosec] 2026/02/05 17:20:16 Checking file: /tmp/blitzy/blitzy-kubernetes/blitzy5f91179c1/pkg/volume/util/subpath/subpath_linux.go
[gosec] 2026/02/05 17:20:18 Checking package: defaultbinder
[gosec] 2026/02/05 17:20:18 Checking file: /tmp/blitzy/blitzy-kubernetes/blitzy5f91179c1/pkg/scheduler/framework/plugins/defaultbinder/default_binder.go
[gosec] 2026/02/05 17:20:18 Import directory: /tmp/blitzy/blitzy-kubernetes/blitzy5f91179c1/pkg/apis/flowcontrol/internalbootstrap
[gosec] 2026/02/05 17:20:18 Checking package: image
[gosec] 2026/02/05 17:20:18 Checking file: /tmp/blitzy/blitzy-kubernetes/blitzy5f91179c1/pkg/volume/image/image.go
[gosec] 2026/02/05 17:20:18 Import directory: /tmp/blitzy/blitzy-kubernetes/blitzy5f91179c1/pkg/apis/storage/util
[gosec] 2026/02/05 17:20:19 Checking package: validation
[gosec] 2026/02/05 17:20:19 Checking file: /tmp/blitzy/blitzy-kubernetes/blitzy5f91179c1/pkg/apis/certificates/validation/validation.go
[gosec] 2026/02/05 17:20:19 Import directory: /tmp/blitzy/blitzy-kubernetes/blitzy5f91179c1/pkg/registry/resource/resourceclaimtemplate
[gosec] 2026/02/05 17:20:22 Checking package: metrics
[gosec] 2026/02/05 17:20:22 Checking file: /tmp/blitzy/blitzy-kubernetes/blitzy5f91179c1/pkg/controller/garbagecollector/metrics/metrics.go
[gosec] 2026/02/05 17:20:22 Import directory: /tmp/blitzy/blitzy-kubernetes/blitzy5f91179c1/pkg/registry/scheduling/rest
[gosec] 2026/02/05 17:20:22 Checking package: persistentvolume
[gosec] 2026/02/05 17:20:22 Checking file: /tmp/blitzy/blitzy-kubernetes/blitzy5f91179c1/pkg/registry/core/persistentvolume/doc.go
[gosec] 2026/02/05 17:20:22 Checking file: /tmp/blitzy/blitzy-kubernetes/blitzy5f91179c1/pkg/registry/core/persistentvolume/strategy.go
[gosec] 2026/02/05 17:20:22 Import directory: /tmp/blitzy/blitzy-kubernetes/blitzy5f91179c1/pkg/apis/apidiscovery/v2
[gosec] 2026/02/05 17:20:22 Checking package: preemption
[gosec] 2026/02/05 17:20:22 Checking file: /tmp/blitzy/blitzy-kubernetes/blitzy5f91179c1/pkg/kubelet/preemption/preemption.go
[gosec] 2026/02/05 17:20:22 Import directory: /tmp/blitzy/blitzy-kubernetes/blitzy5f91179c1/pkg/controlplane/controller/kubernetesservice
[gosec] 2026/02/05 17:20:23 Checking package: flag
[gosec] 2026/02/05 17:20:23 Checking file: /tmp/blitzy/blitzy-kubernetes/blitzy5f91179c1/pkg/util/flag/flags.go
[gosec] 2026/02/05 17:20:23 Import directory: /tmp/blitzy/blitzy-kubernetes/blitzy5f91179c1/pkg/kubelet/cm/admission
[gosec] 2026/02/05 17:20:24 Checking package: job
[gosec] 2026/02/05 17:20:24 Checking file: /tmp/blitzy/blitzy-kubernetes/blitzy5f91179c1/pkg/api/job/warnings.go
[gosec] 2026/02/05 17:20:24 Import directory: /tmp/blitzy/blitzy-kubernetes/blitzy5f91179c1/pkg/registry/policy/poddisruptionbudget
[gosec] 2026/02/05 17:20:24 Checking package: internalbootstrap
[gosec] 2026/02/05 17:20:24 Checking file: /tmp/blitzy/blitzy-kubernetes/blitzy5f91179c1/pkg/apis/flowcontrol/internalbootstrap/default-internal.go
[gosec] 2026/02/05 17:20:24 Import directory: /tmp/blitzy/blitzy-kubernetes/blitzy5f91179c1/pkg/auth/nodeidentifier
[gosec] 2026/02/05 17:20:24 Checking package: util
[gosec] 2026/02/05 17:20:24 Checking file: /tmp/blitzy/blitzy-kubernetes/blitzy5f91179c1/pkg/apis/storage/util/helpers.go
[gosec] 2026/02/05 17:20:24 Import directory: /tmp/blitzy/blitzy-kubernetes/blitzy5f91179c1/pkg/controller/garbagecollector
[gosec] 2026/02/05 17:20:24 Checking package: resourceclaimtemplate
[gosec] 2026/02/05 17:20:24 Checking file: /tmp/blitzy/blitzy-kubernetes/blitzy5f91179c1/pkg/registry/resource/resourceclaimtemplate/strategy.go
[gosec] 2026/02/05 17:20:24 Import directory: /tmp/blitzy/blitzy-kubernetes/blitzy5f91179c1/pkg/controller/nodeipam/ipam/test
[gosec] 2026/02/05 17:20:24 Checking package: v2
[gosec] 2026/02/05 17:20:24 Checking file: /tmp/blitzy/blitzy-kubernetes/blitzy5f91179c1/pkg/apis/apidiscovery/v2/doc.go
[gosec] 2026/02/05 17:20:24 Import directory: /tmp/blitzy/blitzy-kubernetes/blitzy5f91179c1/pkg/controller/volume/expand
[gosec] 2026/02/05 17:20:24 Checking file: /tmp/blitzy/blitzy-kubernetes/blitzy5f91179c1/pkg/apis/apidiscovery/v2/register.go
[gosec] 2026/02/05 17:20:24 Checking file: /tmp/blitzy/blitzy-kubernetes/blitzy5f91179c1/pkg/apis/apidiscovery/v2/zz_generated.conversion.go
[gosec] 2026/02/05 17:20:25 Checking file: /tmp/blitzy/blitzy-kubernetes/blitzy5f91179c1/pkg/apis/apidiscovery/v2/zz_generated.defaults.go
[gosec] 2026/02/05 17:20:25 Checking package: rest
[gosec] 2026/02/05 17:20:25 Checking file: /tmp/blitzy/blitzy-kubernetes/blitzy5f91179c1/pkg/registry/scheduling/rest/storage_scheduling.go
[gosec] 2026/02/05 17:20:25 Import directory: /tmp/blitzy/blitzy-kubernetes/blitzy5f91179c1/pkg/kubelet/client
[gosec] 2026/02/05 17:20:26 Checking package: kubernetesservice
[gosec] 2026/02/05 17:20:26 Checking file: /tmp/blitzy/blitzy-kubernetes/blitzy5f91179c1/pkg/controlplane/controller/kubernetesservice/controller.go
[gosec] 2026/02/05 17:20:26 Import directory: /tmp/blitzy/blitzy-kubernetes/blitzy5f91179c1/pkg/registry/core/podtemplate/storage
[gosec] 2026/02/05 17:20:26 Checking package: admission
[gosec] 2026/02/05 17:20:26 Checking file: /tmp/blitzy/blitzy-kubernetes/blitzy5f91179c1/pkg/kubelet/cm/admission/errors.go
[gosec] 2026/02/05 17:20:26 Import directory: /tmp/blitzy/blitzy-kubernetes/blitzy5f91179c1/pkg/registry/core/service/portallocator/controller
[gosec] 2026/02/05 17:20:26 Checking package: nodeidentifier
[gosec] 2026/02/05 17:20:26 Checking file: /tmp/blitzy/blitzy-kubernetes/blitzy5f91179c1/pkg/auth/nodeidentifier/default.go
[gosec] 2026/02/05 17:20:26 Import directory: /tmp/blitzy/blitzy-kubernetes/blitzy5f91179c1/pkg/registry/rbac/rolebinding/storage
[gosec] 2026/02/05 17:20:27 Checking file: /tmp/blitzy/blitzy-kubernetes/blitzy5f91179c1/pkg/auth/nodeidentifier/interfaces.go
[gosec] 2026/02/05 17:20:27 Checking package: poddisruptionbudget
[gosec] 2026/02/05 17:20:27 Checking file: /tmp/blitzy/blitzy-kubernetes/blitzy5f91179c1/pkg/registry/policy/poddisruptionbudget/doc.go
[gosec] 2026/02/05 17:20:27 Checking file: /tmp/blitzy/blitzy-kubernetes/blitzy5f91179c1/pkg/registry/policy/poddisruptionbudget/strategy.go
[gosec] 2026/02/05 17:20:27 Import directory: /tmp/blitzy/blitzy-kubernetes/blitzy5f91179c1/pkg/apis/apps/fuzzer
[gosec] 2026/02/05 17:20:27 Checking package: garbagecollector
[gosec] 2026/02/05 17:20:27 Checking file: /tmp/blitzy/blitzy-kubernetes/blitzy5f91179c1/pkg/controller/garbagecollector/dump.go
[gosec] 2026/02/05 17:20:27 Import directory: /tmp/blitzy/blitzy-kubernetes/blitzy5f91179c1/pkg/apis/authorization/validation
[gosec] 2026/02/05 17:20:28 Checking file: /tmp/blitzy/blitzy-kubernetes/blitzy5f91179c1/pkg/controller/garbagecollector/errors.go
[gosec] 2026/02/05 17:20:28 Checking file: /tmp/blitzy/blitzy-kubernetes/blitzy5f91179c1/pkg/controller/garbagecollector/garbagecollector.go
[gosec] 2026/02/05 17:20:29 Checking file: /tmp/blitzy/blitzy-kubernetes/blitzy5f91179c1/pkg/controller/garbagecollector/graph.go
[gosec] 2026/02/05 17:20:30 Checking file: /tmp/blitzy/blitzy-kubernetes/blitzy5f91179c1/pkg/controller/garbagecollector/graph_builder.go
[gosec] 2026/02/05 17:20:32 Checking file: /tmp/blitzy/blitzy-kubernetes/blitzy5f91179c1/pkg/controller/garbagecollector/operations.go
[gosec] 2026/02/05 17:20:32 Checking file: /tmp/blitzy/blitzy-kubernetes/blitzy5f91179c1/pkg/controller/garbagecollector/patch.go
[gosec] 2026/02/05 17:20:32 Checking file: /tmp/blitzy/blitzy-kubernetes/blitzy5f91179c1/pkg/controller/garbagecollector/uid_cache.go
[gosec] 2026/02/05 17:20:33 Checking package: expand
[gosec] 2026/02/05 17:20:33 Checking file: /tmp/blitzy/blitzy-kubernetes/blitzy5f91179c1/pkg/controller/volume/expand/expand_controller.go
[gosec] 2026/02/05 17:20:33 Import directory: /tmp/blitzy/blitzy-kubernetes/blitzy5f91179c1/pkg/apis/storagemigration
[gosec] 2026/02/05 17:20:34 Checking package: test
[gosec] 2026/02/05 17:20:34 Checking file: /tmp/blitzy/blitzy-kubernetes/blitzy5f91179c1/pkg/controller/nodeipam/ipam/test/utils.go
[gosec] 2026/02/05 17:20:34 Import directory: /tmp/blitzy/blitzy-kubernetes/blitzy5f91179c1/pkg/kubelet/stats
[gosec] 2026/02/05 17:20:34 Checking package: client
[gosec] 2026/02/05 17:20:34 Checking file: /tmp/blitzy/blitzy-kubernetes/blitzy5f91179c1/pkg/kubelet/client/kubelet_client.go
[gosec] 2026/02/05 17:20:34 Import directory: /tmp/blitzy/blitzy-kubernetes/blitzy5f91179c1/pkg/controller/nodelifecycle
[gosec] 2026/02/05 17:20:34 Checking package: storage
[gosec] 2026/02/05 17:20:34 Checking file: /tmp/blitzy/blitzy-kubernetes/blitzy5f91179c1/pkg/registry/core/podtemplate/storage/storage.go
[gosec] 2026/02/05 17:20:34 Import directory: /tmp/blitzy/blitzy-kubernetes/blitzy5f91179c1/pkg/kubelet/checkpointmanager
[gosec] 2026/02/05 17:20:34 Checking package: fuzzer
[gosec] 2026/02/05 17:20:34 Checking file: /tmp/blitzy/blitzy-kubernetes/blitzy5f91179c1/pkg/apis/apps/fuzzer/fuzzer.go
[gosec] 2026/02/05 17:20:34 Import directory: /tmp/blitzy/blitzy-kubernetes/blitzy5f91179c1/pkg/proxy/ipvs/ipset/testing
[gosec] 2026/02/05 17:20:35 Checking package: controller
[gosec] 2026/02/05 17:20:35 Checking file: /tmp/blitzy/blitzy-kubernetes/blitzy5f91179c1/pkg/registry/core/service/portallocator/controller/metrics.go
[gosec] 2026/02/05 17:20:35 Import directory: /tmp/blitzy/blitzy-kubernetes/blitzy5f91179c1/pkg/registry/admissionregistration/mutatingadmissionpolicy/storage
[gosec] 2026/02/05 17:20:35 Checking file: /tmp/blitzy/blitzy-kubernetes/blitzy5f91179c1/pkg/registry/core/service/portallocator/controller/repair.go
[gosec] 2026/02/05 17:20:35 Checking package: validation
[gosec] 2026/02/05 17:20:35 Checking file: /tmp/blitzy/blitzy-kubernetes/blitzy5f91179c1/pkg/apis/authorization/validation/validation.go
[gosec] 2026/02/05 17:20:35 Import directory: /tmp/blitzy/blitzy-kubernetes/blitzy5f91179c1/pkg/registry/admissionregistration/mutatingwebhookconfiguration
[gosec] 2026/02/05 17:20:35 Checking package: storage
[gosec] 2026/02/05 17:20:35 Checking file: /tmp/blitzy/blitzy-kubernetes/blitzy5f91179c1/pkg/registry/rbac/rolebinding/storage/storage.go
[gosec] 2026/02/05 17:20:35 Import directory: /tmp/blitzy/blitzy-kubernetes/blitzy5f91179c1/pkg/registry/rbac/clusterrolebinding
[gosec] 2026/02/05 17:20:36 Checking package: storagemigration
[gosec] 2026/02/05 17:20:36 Checking file: /tmp/blitzy/blitzy-kubernetes/blitzy5f91179c1/pkg/apis/storagemigration/doc.go
[gosec] 2026/02/05 17:20:36 Checking file: /tmp/blitzy/blitzy-kubernetes/blitzy5f91179c1/pkg/apis/storagemigration/register.go
[gosec] 2026/02/05 17:20:36 Import directory: /tmp/blitzy/blitzy-kubernetes/blitzy5f91179c1/pkg/apis/admission
[gosec] 2026/02/05 17:20:36 Checking file: /tmp/blitzy/blitzy-kubernetes/blitzy5f91179c1/pkg/apis/storagemigration/types.go
[gosec] 2026/02/05 17:20:36 Checking file: /tmp/blitzy/blitzy-kubernetes/blitzy5f91179c1/pkg/apis/storagemigration/zz_generated.deepcopy.go
[gosec] 2026/02/05 17:20:36 Checking package: checkpointmanager
[gosec] 2026/02/05 17:20:36 Checking file: /tmp/blitzy/blitzy-kubernetes/blitzy5f91179c1/pkg/kubelet/checkpointmanager/checkpoint_manager.go
[gosec] 2026/02/05 17:20:36 Import directory: /tmp/blitzy/blitzy-kubernetes/blitzy5f91179c1/pkg/controller/endpointslicemirroring/config/v1alpha1
[gosec] 2026/02/05 17:20:36 Checking package: testing
[gosec] 2026/02/05 17:20:36 Checking file: /tmp/blitzy/blitzy-kubernetes/blitzy5f91179c1/pkg/proxy/ipvs/ipset/testing/doc.go
[gosec] 2026/02/05 17:20:36 Checking file: /tmp/blitzy/blitzy-kubernetes/blitzy5f91179c1/pkg/proxy/ipvs/ipset/testing/fake.go
[gosec] 2026/02/05 17:20:36 Import directory: /tmp/blitzy/blitzy-kubernetes/blitzy5f91179c1/pkg/controller/volume/attachdetach/config/v1alpha1
[gosec] 2026/02/05 17:20:37 Checking package: stats
[gosec] 2026/02/05 17:20:37 Checking file: /tmp/blitzy/blitzy-kubernetes/blitzy5f91179c1/pkg/kubelet/stats/cadvisor_stats_provider.go
[gosec] 2026/02/05 17:20:37 Import directory: /tmp/blitzy/blitzy-kubernetes/blitzy5f91179c1/pkg/credentialprovider/secrets
[gosec] 2026/02/05 17:20:39 Checking file: /tmp/blitzy/blitzy-kubernetes/blitzy5f91179c1/pkg/kubelet/stats/cri_stats_provider.go
[gosec] 2026/02/05 17:20:42 Checking file: /tmp/blitzy/blitzy-kubernetes/blitzy5f91179c1/pkg/kubelet/stats/cri_stats_provider_linux.go
[gosec] 2026/02/05 17:20:42 Checking file: /tmp/blitzy/blitzy-kubernetes/blitzy5f91179c1/pkg/kubelet/stats/helper.go
[gosec] 2026/02/05 17:20:44 Checking file: /tmp/blitzy/blitzy-kubernetes/blitzy5f91179c1/pkg/kubelet/stats/host_stats_provider.go
[gosec] 2026/02/05 17:20:45 Checking file: /tmp/blitzy/blitzy-kubernetes/blitzy5f91179c1/pkg/kubelet/stats/host_stats_provider_fake.go
[gosec] 2026/02/05 17:20:45 Checking file: /tmp/blitzy/blitzy-kubernetes/blitzy5f91179c1/pkg/kubelet/stats/provider.go
[gosec] 2026/02/05 17:20:46 Checking package: nodelifecycle
[gosec] 2026/02/05 17:20:46 Checking file: /tmp/blitzy/blitzy-kubernetes/blitzy5f91179c1/pkg/controller/nodelifecycle/metrics.go
[gosec] 2026/02/05 17:20:46 Import directory: /tmp/blitzy/blitzy-kubernetes/blitzy5f91179c1/pkg/kubelet/util/ioutils
[gosec] 2026/02/05 17:20:46 Checking file: /tmp/blitzy/blitzy-kubernetes/blitzy5f91179c1/pkg/controller/nodelifecycle/node_lifecycle_controller.go
[gosec] 2026/02/05 17:20:48 Checking package: storage
[gosec] 2026/02/05 17:20:48 Checking file: /tmp/blitzy/blitzy-kubernetes/blitzy5f91179c1/pkg/registry/admissionregistration/mutatingadmissionpolicy/storage/storage.go
[gosec] 2026/02/05 17:20:48 Import directory: /tmp/blitzy/blitzy-kubernetes/blitzy5f91179c1/pkg/registry/rbac/clusterrole
[gosec] 2026/02/05 17:20:48 Checking package: clusterrolebinding
[gosec] 2026/02/05 17:20:48 Checking file: /tmp/blitzy/blitzy-kubernetes/blitzy5f91179c1/pkg/registry/rbac/clusterrolebinding/doc.go
[gosec] 2026/02/05 17:20:48 Checking file: /tmp/blitzy/blitzy-kubernetes/blitzy5f91179c1/pkg/registry/rbac/clusterrolebinding/registry.go
[gosec] 2026/02/05 17:20:48 Import directory: /tmp/blitzy/blitzy-kubernetes/blitzy5f91179c1/pkg/registry/resource/resourceclaim/storage
[gosec] 2026/02/05 17:20:49 Checking file: /tmp/blitzy/blitzy-kubernetes/blitzy5f91179c1/pkg/registry/rbac/clusterrolebinding/strategy.go
[gosec] 2026/02/05 17:20:49 Checking package: admission
[gosec] 2026/02/05 17:20:49 Checking file: /tmp/blitzy/blitzy-kubernetes/blitzy5f91179c1/pkg/apis/admission/doc.go
[gosec] 2026/02/05 17:20:49 Import directory: /tmp/blitzy/blitzy-kubernetes/blitzy5f91179c1/pkg/volume/validation
[gosec] 2026/02/05 17:20:49 Checking file: /tmp/blitzy/blitzy-kubernetes/blitzy5f91179c1/pkg/apis/admission/register.go
[gosec] 2026/02/05 17:20:49 Checking file: /tmp/blitzy/blitzy-kubernetes/blitzy5f91179c1/pkg/apis/admission/types.go
[gosec] 2026/02/05 17:20:49 Checking file: /tmp/blitzy/blitzy-kubernetes/blitzy5f91179c1/pkg/apis/admission/zz_generated.deepcopy.go
[gosec] 2026/02/05 17:20:49 Checking package: mutatingwebhookconfiguration
[gosec] 2026/02/05 17:20:49 Checking file: /tmp/blitzy/blitzy-kubernetes/blitzy5f91179c1/pkg/registry/admissionregistration/mutatingwebhookconfiguration/doc.go
[gosec] 2026/02/05 17:20:49 Import directory: /tmp/blitzy/blitzy-kubernetes/blitzy5f91179c1/pkg/apis/storage/fuzzer
[gosec] 2026/02/05 17:20:49 Checking file: /tmp/blitzy/blitzy-kubernetes/blitzy5f91179c1/pkg/registry/admissionregistration/mutatingwebhookconfiguration/strategy.go
[gosec] 2026/02/05 17:20:50 Checking package: v1alpha1
[gosec] 2026/02/05 17:20:50 Checking file: /tmp/blitzy/blitzy-kubernetes/blitzy5f91179c1/pkg/controller/endpointslicemirroring/config/v1alpha1/conversion.go
[gosec] 2026/02/05 17:20:50 Import directory: /tmp/blitzy/blitzy-kubernetes/blitzy5f91179c1/pkg/kubelet/cm/topologymanager/bitmask
[gosec] 2026/02/05 17:20:50 Checking file: /tmp/blitzy/blitzy-kubernetes/blitzy5f91179c1/pkg/controller/endpointslicemirroring/config/v1alpha1/defaults.go
[gosec] 2026/02/05 17:20:50 Checking file: /tmp/blitzy/blitzy-kubernetes/blitzy5f91179c1/pkg/controller/endpointslicemirroring/config/v1alpha1/doc.go
[gosec] 2026/02/05 17:20:50 Checking file: /tmp/blitzy/blitzy-kubernetes/blitzy5f91179c1/pkg/controller/endpointslicemirroring/config/v1alpha1/register.go
[gosec] 2026/02/05 17:20:50 Checking file: /tmp/blitzy/blitzy-kubernetes/blitzy5f91179c1/pkg/controller/endpointslicemirroring/config/v1alpha1/zz_generated.conversion.go
[gosec] 2026/02/05 17:20:50 Checking file: /tmp/blitzy/blitzy-kubernetes/blitzy5f91179c1/pkg/controller/endpointslicemirroring/config/v1alpha1/zz_generated.deepcopy.go
[gosec] 2026/02/05 17:20:50 Checking package: v1alpha1
[gosec] 2026/02/05 17:20:50 Checking file: /tmp/blitzy/blitzy-kubernetes/blitzy5f91179c1/pkg/controller/volume/attachdetach/config/v1alpha1/conversion.go
[gosec] 2026/02/05 17:20:50 Import directory: /tmp/blitzy/blitzy-kubernetes/blitzy5f91179c1/pkg/registry/authorization/selfsubjectaccessreview
[gosec] 2026/02/05 17:20:50 Checking file: /tmp/blitzy/blitzy-kubernetes/blitzy5f91179c1/pkg/controller/volume/attachdetach/config/v1alpha1/defaults.go
[gosec] 2026/02/05 17:20:50 Checking file: /tmp/blitzy/blitzy-kubernetes/blitzy5f91179c1/pkg/controller/volume/attachdetach/config/v1alpha1/doc.go
[gosec] 2026/02/05 17:20:50 Checking file: /tmp/blitzy/blitzy-kubernetes/blitzy5f91179c1/pkg/controller/volume/attachdetach/config/v1alpha1/register.go
[gosec] 2026/02/05 17:20:50 Checking file: /tmp/blitzy/blitzy-kubernetes/blitzy5f91179c1/pkg/controller/volume/attachdetach/config/v1alpha1/zz_generated.conversion.go
[gosec] 2026/02/05 17:20:50 Checking file: /tmp/blitzy/blitzy-kubernetes/blitzy5f91179c1/pkg/controller/volume/attachdetach/config/v1alpha1/zz_generated.deepcopy.go
[gosec] 2026/02/05 17:20:50 Checking package: secrets
[gosec] 2026/02/05 17:20:50 Checking file: /tmp/blitzy/blitzy-kubernetes/blitzy5f91179c1/pkg/credentialprovider/secrets/secrets.go
[gosec] 2026/02/05 17:20:50 Import directory: /tmp/blitzy/blitzy-kubernetes/blitzy5f91179c1/pkg/registry/rbac
[gosec] 2026/02/05 17:20:50 Checking package: ioutils
[gosec] 2026/02/05 17:20:50 Checking file: /tmp/blitzy/blitzy-kubernetes/blitzy5f91179c1/pkg/kubelet/util/ioutils/ioutils.go
[gosec] 2026/02/05 17:20:50 Import directory: /tmp/blitzy/blitzy-kubernetes/blitzy5f91179c1/pkg/registry/storagemigration/storagemigration
[gosec] 2026/02/05 17:20:50 Checking package: clusterrole
[gosec] 2026/02/05 17:20:50 Checking file: /tmp/blitzy/blitzy-kubernetes/blitzy5f91179c1/pkg/registry/rbac/clusterrole/doc.go
[gosec] 2026/02/05 17:20:50 Checking file: /tmp/blitzy/blitzy-kubernetes/blitzy5f91179c1/pkg/registry/rbac/clusterrole/registry.go
[gosec] 2026/02/05 17:20:50 Import directory: /tmp/blitzy/blitzy-kubernetes/blitzy5f91179c1/pkg/util/coverage
[gosec] 2026/02/05 17:20:51 Checking file: /tmp/blitzy/blitzy-kubernetes/blitzy5f91179c1/pkg/registry/rbac/clusterrole/strategy.go
[gosec] 2026/02/05 17:20:51 Checking package: validation
[gosec] 2026/02/05 17:20:51 Checking file: /tmp/blitzy/blitzy-kubernetes/blitzy5f91179c1/pkg/volume/validation/pv_validation.go
[gosec] 2026/02/05 17:20:51 Import directory: /tmp/blitzy/blitzy-kubernetes/blitzy5f91179c1/pkg/controller/volume/attachdetach/metrics
[gosec] 2026/02/05 17:20:51 Checking package: storage
[gosec] 2026/02/05 17:20:51 Checking file: /tmp/blitzy/blitzy-kubernetes/blitzy5f91179c1/pkg/registry/resource/resourceclaim/storage/storage.go
[gosec] 2026/02/05 17:20:51 Import directory: /tmp/blitzy/blitzy-kubernetes/blitzy5f91179c1/pkg/kubelet/cm/devicemanager
[gosec] 2026/02/05 17:20:51 Checking package: fuzzer
[gosec] 2026/02/05 17:20:51 Checking file: /tmp/blitzy/blitzy-kubernetes/blitzy5f91179c1/pkg/apis/storage/fuzzer/fuzzer.go
[gosec] 2026/02/05 17:20:51 Import directory: /tmp/blitzy/blitzy-kubernetes/blitzy5f91179c1/pkg/registry/authentication/rest
[gosec] 2026/02/05 17:20:51 Checking package: bitmask
[gosec] 2026/02/05 17:20:51 Checking file: /tmp/blitzy/blitzy-kubernetes/blitzy5f91179c1/pkg/kubelet/cm/topologymanager/bitmask/bitmask.go
[gosec] 2026/02/05 17:20:51 Import directory: /tmp/blitzy/blitzy-kubernetes/blitzy5f91179c1/pkg/registry/core/namespace/storage
[gosec] 2026/02/05 17:20:52 Checking package: selfsubjectaccessreview
[gosec] 2026/02/05 17:20:52 Checking file: /tmp/blitzy/blitzy-kubernetes/blitzy5f91179c1/pkg/registry/authorization/selfsubjectaccessreview/rest.go
[gosec] 2026/02/05 17:20:52 Import directory: /tmp/blitzy/blitzy-kubernetes/blitzy5f91179c1/pkg/security/apparmor
[gosec] 2026/02/05 17:20:52 Checking package: rbac
[gosec] 2026/02/05 17:20:52 Checking file: /tmp/blitzy/blitzy-kubernetes/blitzy5f91179c1/pkg/registry/rbac/escalation_check.go
[gosec] 2026/02/05 17:20:52 Import directory: /tmp/blitzy/blitzy-kubernetes/blitzy5f91179c1/pkg/apis/apidiscovery/v2beta1
[gosec] 2026/02/05 17:20:53 Checking file: /tmp/blitzy/blitzy-kubernetes/blitzy5f91179c1/pkg/registry/rbac/helpers.go
[gosec] 2026/02/05 17:20:53 Checking package: coverage
[gosec] 2026/02/05 17:20:53 Checking file: /tmp/blitzy/blitzy-kubernetes/blitzy5f91179c1/pkg/util/coverage/coverage_disabled.go
[gosec] 2026/02/05 17:20:53 Import directory: /tmp/blitzy/blitzy-kubernetes/blitzy5f91179c1/pkg/apis/apps/validation
[gosec] 2026/02/05 17:20:53 Checking file: /tmp/blitzy/blitzy-kubernetes/blitzy5f91179c1/pkg/util/coverage/fake_test_deps.go
[gosec] 2026/02/05 17:20:53 Checking package: storagemigration
[gosec] 2026/02/05 17:20:53 Checking file: /tmp/blitzy/blitzy-kubernetes/blitzy5f91179c1/pkg/registry/storagemigration/storagemigration/strategy.go
[gosec] 2026/02/05 17:20:53 Import directory: /tmp/blitzy/blitzy-kubernetes/blitzy5f91179c1/pkg/controller/garbagecollector/metaonly
[gosec] 2026/02/05 17:20:53 Checking package: metrics
[gosec] 2026/02/05 17:20:53 Checking file: /tmp/blitzy/blitzy-kubernetes/blitzy5f91179c1/pkg/controller/volume/attachdetach/metrics/metrics.go
[gosec] 2026/02/05 17:20:53 Import directory: /tmp/blitzy/blitzy-kubernetes/blitzy5f91179c1/pkg/kubelet/cm/dra/state
[gosec] 2026/02/05 17:20:54 Checking package: devicemanager
[gosec] 2026/02/05 17:20:54 Checking file: /tmp/blitzy/blitzy-kubernetes/blitzy5f91179c1/pkg/kubelet/cm/devicemanager/endpoint.go
[gosec] 2026/02/05 17:20:54 Import directory: /tmp/blitzy/blitzy-kubernetes/blitzy5f91179c1/pkg/registry/admissionregistration/resolver
[gosec] 2026/02/05 17:20:54 Checking file: /tmp/blitzy/blitzy-kubernetes/blitzy5f91179c1/pkg/kubelet/cm/devicemanager/manager.go
[gosec] 2026/02/05 17:20:57 Checking file: /tmp/blitzy/blitzy-kubernetes/blitzy5f91179c1/pkg/kubelet/cm/devicemanager/pod_devices.go
[gosec] 2026/02/05 17:20:58 Checking file: /tmp/blitzy/blitzy-kubernetes/blitzy5f91179c1/pkg/kubelet/cm/devicemanager/topology_hints.go
[gosec] 2026/02/05 17:20:58 Checking file: /tmp/blitzy/blitzy-kubernetes/blitzy5f91179c1/pkg/kubelet/cm/devicemanager/types.go
[gosec] 2026/02/05 17:20:58 Checking package: storage
[gosec] 2026/02/05 17:20:58 Checking file: /tmp/blitzy/blitzy-kubernetes/blitzy5f91179c1/pkg/registry/core/namespace/storage/storage.go
[gosec] 2026/02/05 17:20:58 Import directory: /tmp/blitzy/blitzy-kubernetes/blitzy5f91179c1/pkg/registry/core/node/storage
[gosec] 2026/02/05 17:20:59 Checking package: rest
[gosec] 2026/02/05 17:20:59 Checking file: /tmp/blitzy/blitzy-kubernetes/blitzy5f91179c1/pkg/registry/authentication/rest/storage_authentication.go
[gosec] 2026/02/05 17:20:59 Import directory: /tmp/blitzy/blitzy-kubernetes/blitzy5f91179c1/pkg/volume/csi/nodeinfomanager
[gosec] 2026/02/05 17:21:00 Checking package: apparmor
[gosec] 2026/02/05 17:21:00 Checking file: /tmp/blitzy/blitzy-kubernetes/blitzy5f91179c1/pkg/security/apparmor/helpers.go
[gosec] 2026/02/05 17:21:00 Import directory: /tmp/blitzy/blitzy-kubernetes/blitzy5f91179c1/pkg/api/legacyscheme
[gosec] 2026/02/05 17:21:00 Checking file: /tmp/blitzy/blitzy-kubernetes/blitzy5f91179c1/pkg/security/apparmor/validate.go
[gosec] 2026/02/05 17:21:00 Checking package: v2beta1
[gosec] 2026/02/05 17:21:00 Checking file: /tmp/blitzy/blitzy-kubernetes/blitzy5f91179c1/pkg/apis/apidiscovery/v2beta1/doc.go
[gosec] 2026/02/05 17:21:00 Checking file: /tmp/blitzy/blitzy-kubernetes/blitzy5f91179c1/pkg/apis/apidiscovery/v2beta1/register.go
[gosec] 2026/02/05 17:21:00 Import directory: /tmp/blitzy/blitzy-kubernetes/blitzy5f91179c1/pkg/apis/admissionregistration/validation
[gosec] 2026/02/05 17:21:00 Checking file: /tmp/blitzy/blitzy-kubernetes/blitzy5f91179c1/pkg/apis/apidiscovery/v2beta1/zz_generated.conversion.go
[gosec] 2026/02/05 17:21:01 Checking file: /tmp/blitzy/blitzy-kubernetes/blitzy5f91179c1/pkg/apis/apidiscovery/v2beta1/zz_generated.defaults.go
[gosec] 2026/02/05 17:21:01 Checking package: metaonly
[gosec] 2026/02/05 17:21:01 Checking file: /tmp/blitzy/blitzy-kubernetes/blitzy5f91179c1/pkg/controller/garbagecollector/metaonly/types.go
[gosec] 2026/02/05 17:21:01 Import directory: /tmp/blitzy/blitzy-kubernetes/blitzy5f91179c1/pkg/apis/batch/install
[gosec] 2026/02/05 17:21:01 Checking file: /tmp/blitzy/blitzy-kubernetes/blitzy5f91179c1/pkg/controller/garbagecollector/metaonly/zz_generated.deepcopy.go
[gosec] 2026/02/05 17:21:02 Checking package: validation
[gosec] 2026/02/05 17:21:02 Checking file: /tmp/blitzy/blitzy-kubernetes/blitzy5f91179c1/pkg/apis/apps/validation/validation.go
[gosec] 2026/02/05 17:21:02 Import directory: /tmp/blitzy/blitzy-kubernetes/blitzy5f91179c1/pkg/apis/certificates/fuzzer
[gosec] 2026/02/05 17:21:04 Checking package: state
[gosec] 2026/02/05 17:21:04 Checking file: /tmp/blitzy/blitzy-kubernetes/blitzy5f91179c1/pkg/kubelet/cm/dra/state/checkpoint.go
[gosec] 2026/02/05 17:21:04 Import directory: /tmp/blitzy/blitzy-kubernetes/blitzy5f91179c1/pkg/controller/volume/selinuxwarning
[gosec] 2026/02/05 17:21:04 Checking file: /tmp/blitzy/blitzy-kubernetes/blitzy5f91179c1/pkg/kubelet/cm/dra/state/checkpointer.go
[gosec] 2026/02/05 17:21:04 Checking file: /tmp/blitzy/blitzy-kubernetes/blitzy5f91179c1/pkg/kubelet/cm/dra/state/state.go
[gosec] 2026/02/05 17:21:04 Checking file: /tmp/blitzy/blitzy-kubernetes/blitzy5f91179c1/pkg/kubelet/cm/dra/state/zz_generated.deepcopy.go
[gosec] 2026/02/05 17:21:05 Checking package: resolver
[gosec] 2026/02/05 17:21:05 Checking file: /tmp/blitzy/blitzy-kubernetes/blitzy5f91179c1/pkg/registry/admissionregistration/resolver/resolver.go
[gosec] 2026/02/05 17:21:05 Import directory: /tmp/blitzy/blitzy-kubernetes/blitzy5f91179c1/pkg/kubelet/util
[gosec] 2026/02/05 17:21:05 Checking package: storage
[gosec] 2026/02/05 17:21:05 Checking file: /tmp/blitzy/blitzy-kubernetes/blitzy5f91179c1/pkg/registry/core/node/storage/storage.go
[gosec] 2026/02/05 17:21:05 Import directory: /tmp/blitzy/blitzy-kubernetes/blitzy5f91179c1/pkg/kubelet/util/swap
[gosec] 2026/02/05 17:21:05 Checking package: legacyscheme
[gosec] 2026/02/05 17:21:05 Checking file: /tmp/blitzy/blitzy-kubernetes/blitzy5f91179c1/pkg/api/legacyscheme/scheme.go
[gosec] 2026/02/05 17:21:05 Import directory: /tmp/blitzy/blitzy-kubernetes/blitzy5f91179c1/pkg/registry/authentication/tokenreview
[gosec] 2026/02/05 17:21:05 Checking package: nodeinfomanager
[gosec] 2026/02/05 17:21:05 Checking file: /tmp/blitzy/blitzy-kubernetes/blitzy5f91179c1/pkg/volume/csi/nodeinfomanager/nodeinfomanager.go
[gosec] 2026/02/05 17:21:05 Import directory: /tmp/blitzy/blitzy-kubernetes/blitzy5f91179c1/pkg/controller/replication/config
[gosec] 2026/02/05 17:21:07 Checking package: validation
[gosec] 2026/02/05 17:21:07 Checking file: /tmp/blitzy/blitzy-kubernetes/blitzy5f91179c1/pkg/apis/admissionregistration/validation/validation.go
[gosec] 2026/02/05 17:21:07 Import directory: /tmp/blitzy/blitzy-kubernetes/blitzy5f91179c1/pkg/kubelet/podcertificate
[gosec] 2026/02/05 17:21:11 Checking package: install
[gosec] 2026/02/05 17:21:11 Checking file: /tmp/blitzy/blitzy-kubernetes/blitzy5f91179c1/pkg/apis/batch/install/install.go
[gosec] 2026/02/05 17:21:11 Import directory: /tmp/blitzy/blitzy-kubernetes/blitzy5f91179c1/pkg/kubelet/types
[gosec] 2026/02/05 17:21:11 Checking package: fuzzer
[gosec] 2026/02/05 17:21:11 Checking file: /tmp/blitzy/blitzy-kubernetes/blitzy5f91179c1/pkg/apis/certificates/fuzzer/fuzzer.go
[gosec] 2026/02/05 17:21:11 Import directory: /tmp/blitzy/blitzy-kubernetes/blitzy5f91179c1/pkg/scheduler/apis/config
[gosec] 2026/02/05 17:21:11 Checking package: selinuxwarning
[gosec] 2026/02/05 17:21:11 Checking file: /tmp/blitzy/blitzy-kubernetes/blitzy5f91179c1/pkg/controller/volume/selinuxwarning/metrics.go
[gosec] 2026/02/05 17:21:11 Import directory: /tmp/blitzy/blitzy-kubernetes/blitzy5f91179c1/pkg/scheduler/apis/config/latest
[gosec] 2026/02/05 17:21:11 Checking file: /tmp/blitzy/blitzy-kubernetes/blitzy5f91179c1/pkg/controller/volume/selinuxwarning/selinux_warning_controller.go
[gosec] 2026/02/05 17:21:12 Checking file: /tmp/blitzy/blitzy-kubernetes/blitzy5f91179c1/pkg/controller/volume/selinuxwarning/volumehost.go
[gosec] 2026/02/05 17:21:13 Checking package: swap
[gosec] 2026/02/05 17:21:13 Checking file: /tmp/blitzy/blitzy-kubernetes/blitzy5f91179c1/pkg/kubelet/util/swap/swap_util.go
[gosec] 2026/02/05 17:21:13 Import directory: /tmp/blitzy/blitzy-kubernetes/blitzy5f91179c1/pkg/security
[gosec] 2026/02/05 17:21:13 Checking package: util
[gosec] 2026/02/05 17:21:13 Checking file: /tmp/blitzy/blitzy-kubernetes/blitzy5f91179c1/pkg/kubelet/util/boottime_util_linux.go
[gosec] 2026/02/05 17:21:13 Import directory: /tmp/blitzy/blitzy-kubernetes/blitzy5f91179c1/pkg/serviceaccount/externaljwt/plugin
[gosec] 2026/02/05 17:21:13 Checking file: /tmp/blitzy/blitzy-kubernetes/blitzy5f91179c1/pkg/kubelet/util/doc.go
[gosec] 2026/02/05 17:21:13 Checking file: /tmp/blitzy/blitzy-kubernetes/blitzy5f91179c1/pkg/kubelet/util/node_startup_latency_tracker.go
[gosec] 2026/02/05 17:21:13 Checking file: /tmp/blitzy/blitzy-kubernetes/blitzy5f91179c1/pkg/kubelet/util/nodelease.go
[gosec] 2026/02/05 17:21:13 Checking file: /tmp/blitzy/blitzy-kubernetes/blitzy5f91179c1/pkg/kubelet/util/pod_startup_latency_tracker.go
[gosec] 2026/02/05 17:21:14 Checking file: /tmp/blitzy/blitzy-kubernetes/blitzy5f91179c1/pkg/kubelet/util/util.go
[gosec] 2026/02/05 17:21:14 Checking file: /tmp/blitzy/blitzy-kubernetes/blitzy5f91179c1/pkg/kubelet/util/util_linux.go
[gosec] 2026/02/05 17:21:14 Checking file: /tmp/blitzy/blitzy-kubernetes/blitzy5f91179c1/pkg/kubelet/util/util_unix.go
[gosec] 2026/02/05 17:21:14 Checking package: config
[gosec] 2026/02/05 17:21:14 Checking file: /tmp/blitzy/blitzy-kubernetes/blitzy5f91179c1/pkg/controller/replication/config/doc.go
[gosec] 2026/02/05 17:21:14 Checking file: /tmp/blitzy/blitzy-kubernetes/blitzy5f91179c1/pkg/controller/replication/config/types.go
[gosec] 2026/02/05 17:21:14 Import directory: /tmp/blitzy/blitzy-kubernetes/blitzy5f91179c1/pkg/api/storage
[gosec] 2026/02/05 17:21:14 Checking file: /tmp/blitzy/blitzy-kubernetes/blitzy5f91179c1/pkg/controller/replication/config/zz_generated.deepcopy.go
[gosec] 2026/02/05 17:21:14 Checking package: tokenreview
[gosec] 2026/02/05 17:21:14 Checking file: /tmp/blitzy/blitzy-kubernetes/blitzy5f91179c1/pkg/registry/authentication/tokenreview/storage.go
[gosec] 2026/02/05 17:21:14 Import directory: /tmp/blitzy/blitzy-kubernetes/blitzy5f91179c1/pkg/controller/volume/attachdetach/reconciler
[gosec] 2026/02/05 17:21:14 Checking package: podcertificate
[gosec] 2026/02/05 17:21:14 Checking file: /tmp/blitzy/blitzy-kubernetes/blitzy5f91179c1/pkg/kubelet/podcertificate/podcertificatemanager.go
[gosec] 2026/02/05 17:21:14 Import directory: /tmp/blitzy/blitzy-kubernetes/blitzy5f91179c1/pkg/controlplane/apiserver/samples/generic/server/testing
[gosec] 2026/02/05 17:21:17 Checking package: config
[gosec] 2026/02/05 17:21:17 Checking file: /tmp/blitzy/blitzy-kubernetes/blitzy5f91179c1/pkg/scheduler/apis/config/doc.go
[gosec] 2026/02/05 17:21:17 Checking file: /tmp/blitzy/blitzy-kubernetes/blitzy5f91179c1/pkg/scheduler/apis/config/register.go
[gosec] 2026/02/05 17:21:17 Import directory: /tmp/blitzy/blitzy-kubernetes/blitzy5f91179c1/pkg/apis/core/pods
[gosec] 2026/02/05 17:21:17 Checking file: /tmp/blitzy/blitzy-kubernetes/blitzy5f91179c1/pkg/scheduler/apis/config/types.go
[gosec] 2026/02/05 17:21:17 Checking file: /tmp/blitzy/blitzy-kubernetes/blitzy5f91179c1/pkg/scheduler/apis/config/types_pluginargs.go
[gosec] 2026/02/05 17:21:17 Checking file: /tmp/blitzy/blitzy-kubernetes/blitzy5f91179c1/pkg/scheduler/apis/config/zz_generated.deepcopy.go
[gosec] 2026/02/05 17:21:20 Checking package: latest
[gosec] 2026/02/05 17:21:20 Checking file: /tmp/blitzy/blitzy-kubernetes/blitzy5f91179c1/pkg/scheduler/apis/config/latest/latest.go
[gosec] 2026/02/05 17:21:20 Import directory: /tmp/blitzy/blitzy-kubernetes/blitzy5f91179c1/pkg/controller/endpoint
[gosec] 2026/02/05 17:21:20 Checking package: types
[gosec] 2026/02/05 17:21:20 Checking file: /tmp/blitzy/blitzy-kubernetes/blitzy5f91179c1/pkg/kubelet/types/constants.go
[gosec] 2026/02/05 17:21:20 Import directory: /tmp/blitzy/blitzy-kubernetes/blitzy5f91179c1/pkg/kubelet/clustertrustbundle
[gosec] 2026/02/05 17:21:20 Checking file: /tmp/blitzy/blitzy-kubernetes/blitzy5f91179c1/pkg/kubelet/types/doc.go
[gosec] 2026/02/05 17:21:20 Checking file: /tmp/blitzy/blitzy-kubernetes/blitzy5f91179c1/pkg/kubelet/types/pod_status.go
[gosec] 2026/02/05 17:21:20 Checking file: /tmp/blitzy/blitzy-kubernetes/blitzy5f91179c1/pkg/kubelet/types/pod_update.go
[gosec] 2026/02/05 17:21:20 Checking file: /tmp/blitzy/blitzy-kubernetes/blitzy5f91179c1/pkg/kubelet/types/types.go
[gosec] 2026/02/05 17:21:21 Checking package: security
[gosec] 2026/02/05 17:21:21 Checking file: /tmp/blitzy/blitzy-kubernetes/blitzy5f91179c1/pkg/security/doc.go
[gosec] 2026/02/05 17:21:21 Import directory: /tmp/blitzy/blitzy-kubernetes/blitzy5f91179c1/pkg/kubelet/pluginmanager/reconciler
[gosec] 2026/02/05 17:21:21 Checking package: plugin
[gosec] 2026/02/05 17:21:21 Checking file: /tmp/blitzy/blitzy-kubernetes/blitzy5f91179c1/pkg/serviceaccount/externaljwt/plugin/keycache.go
[gosec] 2026/02/05 17:21:21 Import directory: /tmp/blitzy/blitzy-kubernetes/blitzy5f91179c1/pkg/kubelet/util/queue
[gosec] 2026/02/05 17:21:21 Checking file: /tmp/blitzy/blitzy-kubernetes/blitzy5f91179c1/pkg/serviceaccount/externaljwt/plugin/plugin.go
[gosec] 2026/02/05 17:21:22 Checking package: storage
[gosec] 2026/02/05 17:21:22 Checking file: /tmp/blitzy/blitzy-kubernetes/blitzy5f91179c1/pkg/api/storage/util.go
[gosec] 2026/02/05 17:21:22 Import directory: /tmp/blitzy/blitzy-kubernetes/blitzy5f91179c1/pkg/registry/networking/rest
[gosec] 2026/02/05 17:21:22 Checking package: reconciler
[gosec] 2026/02/05 17:21:22 Checking file: /tmp/blitzy/blitzy-kubernetes/blitzy5f91179c1/pkg/controller/volume/attachdetach/reconciler/reconciler.go
[gosec] 2026/02/05 17:21:22 Import directory: /tmp/blitzy/blitzy-kubernetes/blitzy5f91179c1/pkg/controller/certificates
[gosec] 2026/02/05 17:21:22 Checking package: testing
[gosec] 2026/02/05 17:21:22 Checking file: /tmp/blitzy/blitzy-kubernetes/blitzy5f91179c1/pkg/controlplane/apiserver/samples/generic/server/testing/testserver.go
[gosec] 2026/02/05 17:21:22 Import directory: /tmp/blitzy/blitzy-kubernetes/blitzy5f91179c1/pkg/controller/job/metrics
[gosec] 2026/02/05 17:21:23 Checking package: pods
[gosec] 2026/02/05 17:21:23 Checking file: /tmp/blitzy/blitzy-kubernetes/blitzy5f91179c1/pkg/apis/core/pods/helpers.go
[gosec] 2026/02/05 17:21:23 Import directory: /tmp/blitzy/blitzy-kubernetes/blitzy5f91179c1/pkg/controller/serviceaccount
[gosec] 2026/02/05 17:21:24 Checking package: clustertrustbundle
[gosec] 2026/02/05 17:21:24 Checking file: /tmp/blitzy/blitzy-kubernetes/blitzy5f91179c1/pkg/kubelet/clustertrustbundle/clustertrustbundle_manager.go
[gosec] 2026/02/05 17:21:24 Import directory: /tmp/blitzy/blitzy-kubernetes/blitzy5f91179c1/pkg/kubelet/runtimeclass
[gosec] 2026/02/05 17:21:25 Checking package: queue
[gosec] 2026/02/05 17:21:25 Checking file: /tmp/blitzy/blitzy-kubernetes/blitzy5f91179c1/pkg/kubelet/util/queue/work_queue.go
[gosec] 2026/02/05 17:21:25 Import directory: /tmp/blitzy/blitzy-kubernetes/blitzy5f91179c1/pkg/apis/core/helper/qos
[gosec] 2026/02/05 17:21:25 Checking package: endpoint
[gosec] 2026/02/05 17:21:25 Checking file: /tmp/blitzy/blitzy-kubernetes/blitzy5f91179c1/pkg/controller/endpoint/doc.go
[gosec] 2026/02/05 17:21:25 Import directory: /tmp/blitzy/blitzy-kubernetes/blitzy5f91179c1/pkg/certauthorization
[gosec] 2026/02/05 17:21:25 Checking file: /tmp/blitzy/blitzy-kubernetes/blitzy5f91179c1/pkg/controller/endpoint/endpoints_controller.go
[gosec] 2026/02/05 17:21:26 Checking file: /tmp/blitzy/blitzy-kubernetes/blitzy5f91179c1/pkg/controller/endpoint/endpoints_tracker.go
[gosec] 2026/02/05 17:21:26 Checking package: reconciler
[gosec] 2026/02/05 17:21:26 Checking file: /tmp/blitzy/blitzy-kubernetes/blitzy5f91179c1/pkg/kubelet/pluginmanager/reconciler/reconciler.go
[gosec] 2026/02/05 17:21:26 Import directory: /tmp/blitzy/blitzy-kubernetes/blitzy5f91179c1/pkg/controller/volume/selinuxwarning/cache
[gosec] 2026/02/05 17:21:27 Checking package: certificates
[gosec] 2026/02/05 17:21:27 Checking file: /tmp/blitzy/blitzy-kubernetes/blitzy5f91179c1/pkg/controller/certificates/certificate_controller.go
[gosec] 2026/02/05 17:21:27 Import directory: /tmp/blitzy/blitzy-kubernetes/blitzy5f91179c1/pkg/controlplane/controller/defaultservicecidr
[gosec] 2026/02/05 17:21:27 Checking file: /tmp/blitzy/blitzy-kubernetes/blitzy5f91179c1/pkg/controller/certificates/certificate_controller_utils.go
[gosec] 2026/02/05 17:21:27 Checking package: metrics
[gosec] 2026/02/05 17:21:27 Checking file: /tmp/blitzy/blitzy-kubernetes/blitzy5f91179c1/pkg/controller/job/metrics/metrics.go
[gosec] 2026/02/05 17:21:27 Import directory: /tmp/blitzy/blitzy-kubernetes/blitzy5f91179c1/pkg/kubelet/certificate
[gosec] 2026/02/05 17:21:27 Checking package: rest
[gosec] 2026/02/05 17:21:27 Checking file: /tmp/blitzy/blitzy-kubernetes/blitzy5f91179c1/pkg/registry/networking/rest/storage_settings.go
[gosec] 2026/02/05 17:21:27 Import directory: /tmp/blitzy/blitzy-kubernetes/blitzy5f91179c1/pkg/probe/exec
[gosec] 2026/02/05 17:21:28 Checking package: serviceaccount
[gosec] 2026/02/05 17:21:28 Checking file: /tmp/blitzy/blitzy-kubernetes/blitzy5f91179c1/pkg/controller/serviceaccount/doc.go
[gosec] 2026/02/05 17:21:28 Import directory: /tmp/blitzy/blitzy-kubernetes/blitzy5f91179c1/pkg/proxy/iptables
[gosec] 2026/02/05 17:21:28 Checking file: /tmp/blitzy/blitzy-kubernetes/blitzy5f91179c1/pkg/controller/serviceaccount/legacy_serviceaccount_token_cleaner.go
[gosec] 2026/02/05 17:21:28 Checking file: /tmp/blitzy/blitzy-kubernetes/blitzy5f91179c1/pkg/controller/serviceaccount/serviceaccounts_controller.go
[gosec] 2026/02/05 17:21:29 Checking file: /tmp/blitzy/blitzy-kubernetes/blitzy5f91179c1/pkg/controller/serviceaccount/tokengetter.go
[gosec] 2026/02/05 17:21:29 Checking file: /tmp/blitzy/blitzy-kubernetes/blitzy5f91179c1/pkg/controller/serviceaccount/tokens_controller.go
[gosec] 2026/02/05 17:21:30 Checking package: runtimeclass
[gosec] 2026/02/05 17:21:30 Checking file: /tmp/blitzy/blitzy-kubernetes/blitzy5f91179c1/pkg/kubelet/runtimeclass/runtimeclass_manager.go
[gosec] 2026/02/05 17:21:30 Import directory: /tmp/blitzy/blitzy-kubernetes/blitzy5f91179c1/pkg/proxy/runner
[gosec] 2026/02/05 17:21:30 Checking package: certauthorization
[gosec] 2026/02/05 17:21:30 Checking file: /tmp/blitzy/blitzy-kubernetes/blitzy5f91179c1/pkg/certauthorization/certauthorization.go
[gosec] 2026/02/05 17:21:30 Import directory: /tmp/blitzy/blitzy-kubernetes/blitzy5f91179c1/pkg/apis/authentication/v1alpha1
[gosec] 2026/02/05 17:21:30 Checking package: qos
[gosec] 2026/02/05 17:21:30 Checking file: /tmp/blitzy/blitzy-kubernetes/blitzy5f91179c1/pkg/apis/core/helper/qos/qos.go
[gosec] 2026/02/05 17:21:30 Import directory: /tmp/blitzy/blitzy-kubernetes/blitzy5f91179c1/pkg/controller/podgc/config
[gosec] 2026/02/05 17:21:31 Checking package: cache
[gosec] 2026/02/05 17:21:31 Checking file: /tmp/blitzy/blitzy-kubernetes/blitzy5f91179c1/pkg/controller/volume/selinuxwarning/cache/conflict.go
[gosec] 2026/02/05 17:21:31 Import directory: /tmp/blitzy/blitzy-kubernetes/blitzy5f91179c1/pkg/controller/volume/pvcprotection
[gosec] 2026/02/05 17:21:31 Checking file: /tmp/blitzy/blitzy-kubernetes/blitzy5f91179c1/pkg/controller/volume/selinuxwarning/cache/volumecache.go
[gosec] 2026/02/05 17:21:31 Checking package: defaultservicecidr
[gosec] 2026/02/05 17:21:31 Checking file: /tmp/blitzy/blitzy-kubernetes/blitzy5f91179c1/pkg/controlplane/controller/defaultservicecidr/default_servicecidr_controller.go
[gosec] 2026/02/05 17:21:31 Import directory: /tmp/blitzy/blitzy-kubernetes/blitzy5f91179c1/pkg/kubelet/checkpointmanager/errors
[gosec] 2026/02/05 17:21:32 Checking package: exec
[gosec] 2026/02/05 17:21:32 Checking file: /tmp/blitzy/blitzy-kubernetes/blitzy5f91179c1/pkg/probe/exec/exec.go
[gosec] 2026/02/05 17:21:32 Import directory: /tmp/blitzy/blitzy-kubernetes/blitzy5f91179c1/pkg/kubelet/cm/devicemanager/plugin/v1beta1
[gosec] 2026/02/05 17:21:32 Checking package: certificate
[gosec] 2026/02/05 17:21:32 Checking file: /tmp/blitzy/blitzy-kubernetes/blitzy5f91179c1/pkg/kubelet/certificate/kubelet.go
[gosec] 2026/02/05 17:21:32 Import directory: /tmp/blitzy/blitzy-kubernetes/blitzy5f91179c1/pkg/kubelet/eviction
[gosec] 2026/02/05 17:21:32 Checking file: /tmp/blitzy/blitzy-kubernetes/blitzy5f91179c1/pkg/kubelet/certificate/transport.go
[gosec] 2026/02/05 17:21:33 Checking package: iptables
[gosec] 2026/02/05 17:21:33 Checking file: /tmp/blitzy/blitzy-kubernetes/blitzy5f91179c1/pkg/proxy/iptables/doc.go
[gosec] 2026/02/05 17:21:33 Checking file: /tmp/blitzy/blitzy-kubernetes/blitzy5f91179c1/pkg/proxy/iptables/proxier.go
[gosec] 2026/02/05 17:21:33 Import directory: /tmp/blitzy/blitzy-kubernetes/blitzy5f91179c1/pkg/proxy/apis/config/fuzzer
[gosec] 2026/02/05 17:21:34 Checking package: runner
[gosec] 2026/02/05 17:21:34 Checking file: /tmp/blitzy/blitzy-kubernetes/blitzy5f91179c1/pkg/proxy/runner/bounded_frequency_runner.go
[gosec] 2026/02/05 17:21:34 Import directory: /tmp/blitzy/blitzy-kubernetes/blitzy5f91179c1/pkg/registry/admissionregistration/validatingadmissionpolicybinding
[gosec] 2026/02/05 17:21:34 Checking package: config
[gosec] 2026/02/05 17:21:34 Checking file: /tmp/blitzy/blitzy-kubernetes/blitzy5f91179c1/pkg/controller/podgc/config/doc.go
[gosec] 2026/02/05 17:21:34 Checking file: /tmp/blitzy/blitzy-kubernetes/blitzy5f91179c1/pkg/controller/podgc/config/types.go
[gosec] 2026/02/05 17:21:34 Import directory: /tmp/blitzy/blitzy-kubernetes/blitzy5f91179c1/pkg/api/servicecidr
[gosec] 2026/02/05 17:21:34 Checking file: /tmp/blitzy/blitzy-kubernetes/blitzy5f91179c1/pkg/controller/podgc/config/zz_generated.deepcopy.go
[gosec] 2026/02/05 17:21:34 Checking package: v1alpha1
[gosec] 2026/02/05 17:21:34 Checking file: /tmp/blitzy/blitzy-kubernetes/blitzy5f91179c1/pkg/apis/authentication/v1alpha1/defaults.go
[gosec] 2026/02/05 17:21:34 Import directory: /tmp/blitzy/blitzy-kubernetes/blitzy5f91179c1/pkg/controller/ttlafterfinished/config/v1alpha1
[gosec] 2026/02/05 17:21:34 Checking file: /tmp/blitzy/blitzy-kubernetes/blitzy5f91179c1/pkg/apis/authentication/v1alpha1/doc.go
[gosec] 2026/02/05 17:21:34 Checking file: /tmp/blitzy/blitzy-kubernetes/blitzy5f91179c1/pkg/apis/authentication/v1alpha1/register.go
[gosec] 2026/02/05 17:21:34 Checking file: /tmp/blitzy/blitzy-kubernetes/blitzy5f91179c1/pkg/apis/authentication/v1alpha1/zz_generated.conversion.go
[gosec] 2026/02/05 17:21:35 Checking file: /tmp/blitzy/blitzy-kubernetes/blitzy5f91179c1/pkg/apis/authentication/v1alpha1/zz_generated.defaults.go
[gosec] 2026/02/05 17:21:35 Checking package: errors
[gosec] 2026/02/05 17:21:35 Checking file: /tmp/blitzy/blitzy-kubernetes/blitzy5f91179c1/pkg/kubelet/checkpointmanager/errors/errors.go
[gosec] 2026/02/05 17:21:35 Import directory: /tmp/blitzy/blitzy-kubernetes/blitzy5f91179c1/pkg/registry/core/secret/storage
[gosec] 2026/02/05 17:21:35 Checking package: pvcprotection
[gosec] 2026/02/05 17:21:35 Checking file: /tmp/blitzy/blitzy-kubernetes/blitzy5f91179c1/pkg/controller/volume/pvcprotection/pvc_protection_controller.go
[gosec] 2026/02/05 17:21:35 Import directory: /tmp/blitzy/blitzy-kubernetes/blitzy5f91179c1/pkg/scheduler/framework/parallelize
[gosec] 2026/02/05 17:21:36 Checking package: v1beta1
[gosec] 2026/02/05 17:21:36 Checking file: /tmp/blitzy/blitzy-kubernetes/blitzy5f91179c1/pkg/kubelet/cm/devicemanager/plugin/v1beta1/api.go
[gosec] 2026/02/05 17:21:36 Import directory: /tmp/blitzy/blitzy-kubernetes/blitzy5f91179c1/pkg/scheduler/framework/plugins/gangscheduling
[gosec] 2026/02/05 17:21:36 Checking file: /tmp/blitzy/blitzy-kubernetes/blitzy5f91179c1/pkg/kubelet/cm/devicemanager/plugin/v1beta1/client.go
[gosec] 2026/02/05 17:21:36 Checking file: /tmp/blitzy/blitzy-kubernetes/blitzy5f91179c1/pkg/kubelet/cm/devicemanager/plugin/v1beta1/handler.go
[gosec] 2026/02/05 17:21:37 Checking file: /tmp/blitzy/blitzy-kubernetes/blitzy5f91179c1/pkg/kubelet/cm/devicemanager/plugin/v1beta1/server.go
[gosec] 2026/02/05 17:21:37 Checking file: /tmp/blitzy/blitzy-kubernetes/blitzy5f91179c1/pkg/kubelet/cm/devicemanager/plugin/v1beta1/stub.go
[gosec] 2026/02/05 17:21:38 Checking package: fuzzer
[gosec] 2026/02/05 17:21:38 Checking file: /tmp/blitzy/blitzy-kubernetes/blitzy5f91179c1/pkg/proxy/apis/config/fuzzer/fuzzer.go
[gosec] 2026/02/05 17:21:38 Import directory: /tmp/blitzy/blitzy-kubernetes/blitzy5f91179c1/pkg/apis/core/helper
[gosec] 2026/02/05 17:21:38 Checking package: eviction
[gosec] 2026/02/05 17:21:38 Checking file: /tmp/blitzy/blitzy-kubernetes/blitzy5f91179c1/pkg/kubelet/eviction/defaults_linux.go
[gosec] 2026/02/05 17:21:38 Checking file: /tmp/blitzy/blitzy-kubernetes/blitzy5f91179c1/pkg/kubelet/eviction/doc.go
[gosec] 2026/02/05 17:21:38 Import directory: /tmp/blitzy/blitzy-kubernetes/blitzy5f91179c1/pkg/apis/policy/install
[gosec] 2026/02/05 17:21:38 Checking file: /tmp/blitzy/blitzy-kubernetes/blitzy5f91179c1/pkg/kubelet/eviction/eviction_manager.go
[gosec] 2026/02/05 17:21:39 Checking file: /tmp/blitzy/blitzy-kubernetes/blitzy5f91179c1/pkg/kubelet/eviction/helpers.go
[gosec] 2026/02/05 17:21:43 Checking file: /tmp/blitzy/blitzy-kubernetes/blitzy5f91179c1/pkg/kubelet/eviction/helpers_others.go
[gosec] 2026/02/05 17:21:43 Checking file: /tmp/blitzy/blitzy-kubernetes/blitzy5f91179c1/pkg/kubelet/eviction/memory_threshold_notifier.go
[gosec] 2026/02/05 17:21:43 Checking file: /tmp/blitzy/blitzy-kubernetes/blitzy5f91179c1/pkg/kubelet/eviction/memory_threshold_notifier_others.go
[gosec] 2026/02/05 17:21:43 Checking file: /tmp/blitzy/blitzy-kubernetes/blitzy5f91179c1/pkg/kubelet/eviction/threshold_notifier_linux.go
[gosec] 2026/02/05 17:21:44 Checking file: /tmp/blitzy/blitzy-kubernetes/blitzy5f91179c1/pkg/kubelet/eviction/types.go
[gosec] 2026/02/05 17:21:44 Checking package: servicecidr
[gosec] 2026/02/05 17:21:44 Checking file: /tmp/blitzy/blitzy-kubernetes/blitzy5f91179c1/pkg/api/servicecidr/servicecidr.go
[gosec] 2026/02/05 17:21:44 Import directory: /tmp/blitzy/blitzy-kubernetes/blitzy5f91179c1/pkg/controller/clusterroleaggregation
[gosec] 2026/02/05 17:21:44 Checking package: v1alpha1
[gosec] 2026/02/05 17:21:44 Checking file: /tmp/blitzy/blitzy-kubernetes/blitzy5f91179c1/pkg/controller/ttlafterfinished/config/v1alpha1/conversion.go
[gosec] 2026/02/05 17:21:44 Import directory: /tmp/blitzy/blitzy-kubernetes/blitzy5f91179c1/pkg/controller/endpointslicemirroring/config
[gosec] 2026/02/05 17:21:44 Checking file: /tmp/blitzy/blitzy-kubernetes/blitzy5f91179c1/pkg/controller/ttlafterfinished/config/v1alpha1/defaults.go
[gosec] 2026/02/05 17:21:44 Checking file: /tmp/blitzy/blitzy-kubernetes/blitzy5f91179c1/pkg/controller/ttlafterfinished/config/v1alpha1/doc.go
[gosec] 2026/02/05 17:21:44 Checking file: /tmp/blitzy/blitzy-kubernetes/blitzy5f91179c1/pkg/controller/ttlafterfinished/config/v1alpha1/register.go
[gosec] 2026/02/05 17:21:44 Checking file: /tmp/blitzy/blitzy-kubernetes/blitzy5f91179c1/pkg/controller/ttlafterfinished/config/v1alpha1/zz_generated.conversion.go
[gosec] 2026/02/05 17:21:45 Checking file: /tmp/blitzy/blitzy-kubernetes/blitzy5f91179c1/pkg/controller/ttlafterfinished/config/v1alpha1/zz_generated.deepcopy.go
[gosec] 2026/02/05 17:21:45 Checking package: validatingadmissionpolicybinding
[gosec] 2026/02/05 17:21:45 Checking file: /tmp/blitzy/blitzy-kubernetes/blitzy5f91179c1/pkg/registry/admissionregistration/validatingadmissionpolicybinding/authz.go
[gosec] 2026/02/05 17:21:45 Import directory: /tmp/blitzy/blitzy-kubernetes/blitzy5f91179c1/pkg/controller/volume/ephemeral/metrics
[gosec] 2026/02/05 17:21:45 Checking file: /tmp/blitzy/blitzy-kubernetes/blitzy5f91179c1/pkg/registry/admissionregistration/validatingadmissionpolicybinding/doc.go
[gosec] 2026/02/05 17:21:45 Checking file: /tmp/blitzy/blitzy-kubernetes/blitzy5f91179c1/pkg/registry/admissionregistration/validatingadmissionpolicybinding/strategy.go
[gosec] 2026/02/05 17:21:45 Checking package: parallelize
[gosec] 2026/02/05 17:21:45 Checking file: /tmp/blitzy/blitzy-kubernetes/blitzy5f91179c1/pkg/scheduler/framework/parallelize/error_channel.go
[gosec] 2026/02/05 17:21:45 Import directory: /tmp/blitzy/blitzy-kubernetes/blitzy5f91179c1/pkg/controlplane
[gosec] 2026/02/05 17:21:45 Checking file: /tmp/blitzy/blitzy-kubernetes/blitzy5f91179c1/pkg/scheduler/framework/parallelize/parallelism.go
[gosec] 2026/02/05 17:21:45 Checking package: storage
[gosec] 2026/02/05 17:21:45 Checking file: /tmp/blitzy/blitzy-kubernetes/blitzy5f91179c1/pkg/registry/core/secret/storage/storage.go
[gosec] 2026/02/05 17:21:45 Import directory: /tmp/blitzy/blitzy-kubernetes/blitzy5f91179c1/pkg/generated/openapi/cmd/models-schema
[gosec] 2026/02/05 17:21:45 Checking package: gangscheduling
[gosec] 2026/02/05 17:21:45 Checking file: /tmp/blitzy/blitzy-kubernetes/blitzy5f91179c1/pkg/scheduler/framework/plugins/gangscheduling/gangscheduling.go
[gosec] 2026/02/05 17:21:45 Import directory: /tmp/blitzy/blitzy-kubernetes/blitzy5f91179c1/pkg/registry/networking/ingress
[gosec] 2026/02/05 17:21:46 Checking package: helper
[gosec] 2026/02/05 17:21:46 Checking file: /tmp/blitzy/blitzy-kubernetes/blitzy5f91179c1/pkg/apis/core/helper/helpers.go
[gosec] 2026/02/05 17:21:46 Import directory: /tmp/blitzy/blitzy-kubernetes/blitzy5f91179c1/pkg/apis/batch/v1
[gosec] 2026/02/05 17:21:48 Checking package: install
[gosec] 2026/02/05 17:21:48 Checking file: /tmp/blitzy/blitzy-kubernetes/blitzy5f91179c1/pkg/apis/policy/install/install.go
[gosec] 2026/02/05 17:21:48 Import directory: /tmp/blitzy/blitzy-kubernetes/blitzy5f91179c1/pkg/apis/resource/v1
[gosec] 2026/02/05 17:21:48 Checking package: clusterroleaggregation
[gosec] 2026/02/05 17:21:48 Checking file: /tmp/blitzy/blitzy-kubernetes/blitzy5f91179c1/pkg/controller/clusterroleaggregation/clusterroleaggregation_controller.go
[gosec] 2026/02/05 17:21:48 Import directory: /tmp/blitzy/blitzy-kubernetes/blitzy5f91179c1/pkg/kubelet/status
[gosec] 2026/02/05 17:21:48 Checking package: config
[gosec] 2026/02/05 17:21:48 Checking file: /tmp/blitzy/blitzy-kubernetes/blitzy5f91179c1/pkg/controller/endpointslicemirroring/config/doc.go
[gosec] 2026/02/05 17:21:48 Checking file: /tmp/blitzy/blitzy-kubernetes/blitzy5f91179c1/pkg/controller/endpointslicemirroring/config/types.go
[gosec] 2026/02/05 17:21:48 Import directory: /tmp/blitzy/blitzy-kubernetes/blitzy5f91179c1/pkg/registry/node/rest
[gosec] 2026/02/05 17:21:48 Checking file: /tmp/blitzy/blitzy-kubernetes/blitzy5f91179c1/pkg/controller/endpointslicemirroring/config/zz_generated.deepcopy.go
[gosec] 2026/02/05 17:21:48 Checking package: metrics
[gosec] 2026/02/05 17:21:48 Checking file: /tmp/blitzy/blitzy-kubernetes/blitzy5f91179c1/pkg/controller/volume/ephemeral/metrics/metrics.go
[gosec] 2026/02/05 17:21:48 Import directory: /tmp/blitzy/blitzy-kubernetes/blitzy5f91179c1/pkg/scheduler/framework/plugins/nodedeclaredfeatures
[gosec] 2026/02/05 17:21:49 Checking package: ingress
[gosec] 2026/02/05 17:21:49 Checking file: /tmp/blitzy/blitzy-kubernetes/blitzy5f91179c1/pkg/registry/networking/ingress/doc.go
[gosec] 2026/02/05 17:21:49 Import directory: /tmp/blitzy/blitzy-kubernetes/blitzy5f91179c1/pkg/util/bandwidth
[gosec] 2026/02/05 17:21:49 Checking file: /tmp/blitzy/blitzy-kubernetes/blitzy5f91179c1/pkg/registry/networking/ingress/strategy.go
[gosec] 2026/02/05 17:21:49 Checking package: main
[gosec] 2026/02/05 17:21:49 Checking file: /tmp/blitzy/blitzy-kubernetes/blitzy5f91179c1/pkg/generated/openapi/cmd/models-schema/main.go
[gosec] 2026/02/05 17:21:49 Import directory: /tmp/blitzy/blitzy-kubernetes/blitzy5f91179c1/pkg/volume/util
[gosec] 2026/02/05 17:21:49 Checking package: controlplane
[gosec] 2026/02/05 17:21:49 Checking file: /tmp/blitzy/blitzy-kubernetes/blitzy5f91179c1/pkg/controlplane/doc.go
[gosec] 2026/02/05 17:21:49 Import directory: /tmp/blitzy/blitzy-kubernetes/blitzy5f91179c1/pkg/apis/networking/install
[gosec] 2026/02/05 17:21:49 Checking file: /tmp/blitzy/blitzy-kubernetes/blitzy5f91179c1/pkg/controlplane/import_known_versions.go
[gosec] 2026/02/05 17:21:49 Checking file: /tmp/blitzy/blitzy-kubernetes/blitzy5f91179c1/pkg/controlplane/instance.go
[gosec] 2026/02/05 17:21:49 Checking package: v1
[gosec] 2026/02/05 17:21:49 Checking file: /tmp/blitzy/blitzy-kubernetes/blitzy5f91179c1/pkg/apis/batch/v1/conversion.go
[gosec] 2026/02/05 17:21:49 Import directory: /tmp/blitzy/blitzy-kubernetes/blitzy5f91179c1/pkg/controller/endpointslice/config
[gosec] 2026/02/05 17:21:50 Checking file: /tmp/blitzy/blitzy-kubernetes/blitzy5f91179c1/pkg/apis/batch/v1/defaults.go
[gosec] 2026/02/05 17:21:50 Checking file: /tmp/blitzy/blitzy-kubernetes/blitzy5f91179c1/pkg/apis/batch/v1/doc.go
[gosec] 2026/02/05 17:21:50 Checking file: /tmp/blitzy/blitzy-kubernetes/blitzy5f91179c1/pkg/apis/batch/v1/register.go
[gosec] 2026/02/05 17:21:50 Checking file: /tmp/blitzy/blitzy-kubernetes/blitzy5f91179c1/pkg/apis/batch/v1/zz_generated.conversion.go
[gosec] 2026/02/05 17:21:53 Checking file: /tmp/blitzy/blitzy-kubernetes/blitzy5f91179c1/pkg/apis/batch/v1/zz_generated.defaults.go
[gosec] 2026/02/05 17:21:55 Checking package: status
[gosec] 2026/02/05 17:21:55 Checking file: /tmp/blitzy/blitzy-kubernetes/blitzy5f91179c1/pkg/kubelet/status/generate.go
[gosec] 2026/02/05 17:21:55 Import directory: /tmp/blitzy/blitzy-kubernetes/blitzy5f91179c1/pkg/kubelet/prober/testing
[gosec] 2026/02/05 17:21:56 Checking file: /tmp/blitzy/blitzy-kubernetes/blitzy5f91179c1/pkg/kubelet/status/status_manager.go
[gosec] 2026/02/05 17:21:59 Checking package: bandwidth
[gosec] 2026/02/05 17:21:59 Checking file: /tmp/blitzy/blitzy-kubernetes/blitzy5f91179c1/pkg/util/bandwidth/doc.go
[gosec] 2026/02/05 17:21:59 Import directory: /tmp/blitzy/blitzy-kubernetes/blitzy5f91179c1/pkg/registry/core/endpoint/storage
[gosec] 2026/02/05 17:21:59 Checking package: v1
[gosec] 2026/02/05 17:21:59 Checking file: /tmp/blitzy/blitzy-kubernetes/blitzy5f91179c1/pkg/apis/resource/v1/conversion.go
[gosec] 2026/02/05 17:21:59 Import directory: /tmp/blitzy/blitzy-kubernetes/blitzy5f91179c1/pkg/quota/v1/evaluator/core
[gosec] 2026/02/05 17:22:00 Checking file: /tmp/blitzy/blitzy-kubernetes/blitzy5f91179c1/pkg/apis/resource/v1/defaults.go
[gosec] 2026/02/05 17:22:00 Checking file: /tmp/blitzy/blitzy-kubernetes/blitzy5f91179c1/pkg/apis/resource/v1/doc.go
[gosec] 2026/02/05 17:22:00 Checking file: /tmp/blitzy/blitzy-kubernetes/blitzy5f91179c1/pkg/apis/resource/v1/register.go
[gosec] 2026/02/05 17:22:00 Checking file: /tmp/blitzy/blitzy-kubernetes/blitzy5f91179c1/pkg/apis/resource/v1/zz_generated.conversion.go
[gosec] 2026/02/05 17:22:08 Checking file: /tmp/blitzy/blitzy-kubernetes/blitzy5f91179c1/pkg/apis/resource/v1/zz_generated.defaults.go
[gosec] 2026/02/05 17:22:09 Checking file: /tmp/blitzy/blitzy-kubernetes/blitzy5f91179c1/pkg/apis/resource/v1/zz_generated.validations.go
[gosec] 2026/02/05 17:22:16 Checking package: install
[gosec] 2026/02/05 17:22:16 Checking file: /tmp/blitzy/blitzy-kubernetes/blitzy5f91179c1/pkg/apis/networking/install/install.go
[gosec] 2026/02/05 17:22:16 Import directory: /tmp/blitzy/blitzy-kubernetes/blitzy5f91179c1/pkg/registry/authentication/selfsubjectreview
[gosec] 2026/02/05 17:22:16 Checking package: nodedeclaredfeatures
[gosec] 2026/02/05 17:22:16 Checking file: /tmp/blitzy/blitzy-kubernetes/blitzy5f91179c1/pkg/scheduler/framework/plugins/nodedeclaredfeatures/nodedeclaredfeatures.go
[gosec] 2026/02/05 17:22:16 Import directory: /tmp/blitzy/blitzy-kubernetes/blitzy5f91179c1/pkg/serviceaccount/externaljwt/plugin/testing/v1
[gosec] 2026/02/05 17:22:17 Checking package: rest
[gosec] 2026/02/05 17:22:17 Checking file: /tmp/blitzy/blitzy-kubernetes/blitzy5f91179c1/pkg/registry/node/rest/runtime_class.go
[gosec] 2026/02/05 17:22:17 Import directory: /tmp/blitzy/blitzy-kubernetes/blitzy5f91179c1/pkg/apis/discovery/validation
[gosec] 2026/02/05 17:22:17 Checking package: config
[gosec] 2026/02/05 17:22:17 Checking file: /tmp/blitzy/blitzy-kubernetes/blitzy5f91179c1/pkg/controller/endpointslice/config/doc.go
[gosec] 2026/02/05 17:22:17 Checking file: /tmp/blitzy/blitzy-kubernetes/blitzy5f91179c1/pkg/controller/endpointslice/config/types.go
[gosec] 2026/02/05 17:22:17 Checking file: /tmp/blitzy/blitzy-kubernetes/blitzy5f91179c1/pkg/controller/endpointslice/config/zz_generated.deepcopy.go
[gosec] 2026/02/05 17:22:17 Import directory: /tmp/blitzy/blitzy-kubernetes/blitzy5f91179c1/pkg/apis/imagepolicy/install
[gosec] 2026/02/05 17:22:17 Checking package: util
[gosec] 2026/02/05 17:22:17 Checking file: /tmp/blitzy/blitzy-kubernetes/blitzy5f91179c1/pkg/volume/util/atomic_writer.go
[gosec] 2026/02/05 17:22:17 Import directory: /tmp/blitzy/blitzy-kubernetes/blitzy5f91179c1/pkg/apis/networking/v1
[gosec] 2026/02/05 17:22:18 Checking file: /tmp/blitzy/blitzy-kubernetes/blitzy5f91179c1/pkg/volume/util/atomic_writer_linux.go
[gosec] 2026/02/05 17:22:18 Checking file: /tmp/blitzy/blitzy-kubernetes/blitzy5f91179c1/pkg/volume/util/attach_limit.go
[gosec] 2026/02/05 17:22:18 Checking file: /tmp/blitzy/blitzy-kubernetes/blitzy5f91179c1/pkg/volume/util/device_util.go
[gosec] 2026/02/05 17:22:18 Checking file: /tmp/blitzy/blitzy-kubernetes/blitzy5f91179c1/pkg/volume/util/device_util_linux.go
[gosec] 2026/02/05 17:22:18 Checking file: /tmp/blitzy/blitzy-kubernetes/blitzy5f91179c1/pkg/volume/util/doc.go
[gosec] 2026/02/05 17:22:18 Checking file: /tmp/blitzy/blitzy-kubernetes/blitzy5f91179c1/pkg/volume/util/finalizer.go
[gosec] 2026/02/05 17:22:18 Checking file: /tmp/blitzy/blitzy-kubernetes/blitzy5f91179c1/pkg/volume/util/io_util.go
[gosec] 2026/02/05 17:22:19 Checking file: /tmp/blitzy/blitzy-kubernetes/blitzy5f91179c1/pkg/volume/util/metrics.go
[gosec] 2026/02/05 17:22:19 Checking file: /tmp/blitzy/blitzy-kubernetes/blitzy5f91179c1/pkg/volume/util/nested_volumes.go
[gosec] 2026/02/05 17:22:19 Checking file: /tmp/blitzy/blitzy-kubernetes/blitzy5f91179c1/pkg/volume/util/resize_util.go
[gosec] 2026/02/05 17:22:20 Checking file: /tmp/blitzy/blitzy-kubernetes/blitzy5f91179c1/pkg/volume/util/selinux.go
[gosec] 2026/02/05 17:22:21 Checking file: /tmp/blitzy/blitzy-kubernetes/blitzy5f91179c1/pkg/volume/util/storageclass.go
[gosec] 2026/02/05 17:22:21 Checking file: /tmp/blitzy/blitzy-kubernetes/blitzy5f91179c1/pkg/volume/util/util.go
[gosec] 2026/02/05 17:22:23 Checking package: testing
[gosec] 2026/02/05 17:22:23 Checking file: /tmp/blitzy/blitzy-kubernetes/blitzy5f91179c1/pkg/kubelet/prober/testing/fake_manager.go
[gosec] 2026/02/05 17:22:23 Import directory: /tmp/blitzy/blitzy-kubernetes/blitzy5f91179c1/pkg/apis/storagemigration/install
[gosec] 2026/02/05 17:22:23 Checking package: core
[gosec] 2026/02/05 17:22:23 Checking file: /tmp/blitzy/blitzy-kubernetes/blitzy5f91179c1/pkg/quota/v1/evaluator/core/doc.go
[gosec] 2026/02/05 17:22:23 Checking file: /tmp/blitzy/blitzy-kubernetes/blitzy5f91179c1/pkg/quota/v1/evaluator/core/persistent_volume_claims.go
[gosec] 2026/02/05 17:22:23 Import directory: /tmp/blitzy/blitzy-kubernetes/blitzy5f91179c1/pkg/controlplane/apiserver
[gosec] 2026/02/05 17:22:24 Checking file: /tmp/blitzy/blitzy-kubernetes/blitzy5f91179c1/pkg/quota/v1/evaluator/core/pods.go
[gosec] 2026/02/05 17:22:25 Checking file: /tmp/blitzy/blitzy-kubernetes/blitzy5f91179c1/pkg/quota/v1/evaluator/core/registry.go
[gosec] 2026/02/05 17:22:25 Checking file: /tmp/blitzy/blitzy-kubernetes/blitzy5f91179c1/pkg/quota/v1/evaluator/core/resource_claims.go
[gosec] 2026/02/05 17:22:26 Checking file: /tmp/blitzy/blitzy-kubernetes/blitzy5f91179c1/pkg/quota/v1/evaluator/core/services.go
[gosec] 2026/02/05 17:22:26 Checking package: storage
[gosec] 2026/02/05 17:22:26 Checking file: /tmp/blitzy/blitzy-kubernetes/blitzy5f91179c1/pkg/registry/core/endpoint/storage/storage.go
[gosec] 2026/02/05 17:22:26 Import directory: /tmp/blitzy/blitzy-kubernetes/blitzy5f91179c1/pkg/kubelet/cm/containermap
[gosec] 2026/02/05 17:22:27 Checking package: v1
[gosec] 2026/02/05 17:22:27 Checking file: /tmp/blitzy/blitzy-kubernetes/blitzy5f91179c1/pkg/serviceaccount/externaljwt/plugin/testing/v1/externalsigner_mock.go
[gosec] 2026/02/05 17:22:27 Import directory: /tmp/blitzy/blitzy-kubernetes/blitzy5f91179c1/pkg/kubelet/cm/resourceupdates
[gosec] 2026/02/05 17:22:27 Checking package: selfsubjectreview
[gosec] 2026/02/05 17:22:27 Checking file: /tmp/blitzy/blitzy-kubernetes/blitzy5f91179c1/pkg/registry/authentication/selfsubjectreview/rest.go
[gosec] 2026/02/05 17:22:27 Import directory: /tmp/blitzy/blitzy-kubernetes/blitzy5f91179c1/pkg/registry/apiserverinternal/storageversion/storage
[gosec] 2026/02/05 17:22:27 Checking package: validation
[gosec] 2026/02/05 17:22:27 Checking file: /tmp/blitzy/blitzy-kubernetes/blitzy5f91179c1/pkg/apis/discovery/validation/validation.go
[gosec] 2026/02/05 17:22:27 Import directory: /tmp/blitzy/blitzy-kubernetes/blitzy5f91179c1/pkg/apis/extensions/v1beta1
[gosec] 2026/02/05 17:22:28 Checking package: install
[gosec] 2026/02/05 17:22:28 Checking file: /tmp/blitzy/blitzy-kubernetes/blitzy5f91179c1/pkg/apis/imagepolicy/install/install.go
[gosec] 2026/02/05 17:22:28 Import directory: /tmp/blitzy/blitzy-kubernetes/blitzy5f91179c1/pkg/apis/scheduling/fuzzer
[gosec] 2026/02/05 17:22:28 Checking package: v1
[gosec] 2026/02/05 17:22:28 Checking file: /tmp/blitzy/blitzy-kubernetes/blitzy5f91179c1/pkg/apis/networking/v1/defaults.go
[gosec] 2026/02/05 17:22:28 Import directory: /tmp/blitzy/blitzy-kubernetes/blitzy5f91179c1/pkg/controller/replication/config/v1alpha1
[gosec] 2026/02/05 17:22:28 Checking file: /tmp/blitzy/blitzy-kubernetes/blitzy5f91179c1/pkg/apis/networking/v1/doc.go
[gosec] 2026/02/05 17:22:28 Checking file: /tmp/blitzy/blitzy-kubernetes/blitzy5f91179c1/pkg/apis/networking/v1/register.go
[gosec] 2026/02/05 17:22:28 Checking file: /tmp/blitzy/blitzy-kubernetes/blitzy5f91179c1/pkg/apis/networking/v1/zz_generated.conversion.go
[gosec] 2026/02/05 17:22:35 Checking file: /tmp/blitzy/blitzy-kubernetes/blitzy5f91179c1/pkg/apis/networking/v1/zz_generated.defaults.go
[gosec] 2026/02/05 17:22:35 Checking package: install
[gosec] 2026/02/05 17:22:35 Checking file: /tmp/blitzy/blitzy-kubernetes/blitzy5f91179c1/pkg/apis/storagemigration/install/install.go
[gosec] 2026/02/05 17:22:35 Import directory: /tmp/blitzy/blitzy-kubernetes/blitzy5f91179c1/pkg/kubelet/checkpointmanager/testing
[gosec] 2026/02/05 17:22:35 Checking package: apiserver
[gosec] 2026/02/05 17:22:35 Checking file: /tmp/blitzy/blitzy-kubernetes/blitzy5f91179c1/pkg/controlplane/apiserver/aggregator.go
[gosec] 2026/02/05 17:22:35 Import directory: /tmp/blitzy/blitzy-kubernetes/blitzy5f91179c1/pkg/kubelet/pleg
[gosec] 2026/02/05 17:22:36 Checking file: /tmp/blitzy/blitzy-kubernetes/blitzy5f91179c1/pkg/controlplane/apiserver/apiextensions.go
[gosec] 2026/02/05 17:22:36 Checking file: /tmp/blitzy/blitzy-kubernetes/blitzy5f91179c1/pkg/controlplane/apiserver/apis.go
[gosec] 2026/02/05 17:22:36 Checking file: /tmp/blitzy/blitzy-kubernetes/blitzy5f91179c1/pkg/controlplane/apiserver/completion.go
[gosec] 2026/02/05 17:22:36 Checking file: /tmp/blitzy/blitzy-kubernetes/blitzy5f91179c1/pkg/controlplane/apiserver/config.go
[gosec] 2026/02/05 17:22:37 Checking file: /tmp/blitzy/blitzy-kubernetes/blitzy5f91179c1/pkg/controlplane/apiserver/peer.go
[gosec] 2026/02/05 17:22:37 Checking file: /tmp/blitzy/blitzy-kubernetes/blitzy5f91179c1/pkg/controlplane/apiserver/server.go
[gosec] 2026/02/05 17:22:37 Checking package: containermap
[gosec] 2026/02/05 17:22:37 Checking file: /tmp/blitzy/blitzy-kubernetes/blitzy5f91179c1/pkg/kubelet/cm/containermap/container_map.go
[gosec] 2026/02/05 17:22:37 Import directory: /tmp/blitzy/blitzy-kubernetes/blitzy5f91179c1/pkg/kubelet/volumemanager/cache
[gosec] 2026/02/05 17:22:37 Checking package: resourceupdates
[gosec] 2026/02/05 17:22:37 Checking file: /tmp/blitzy/blitzy-kubernetes/blitzy5f91179c1/pkg/kubelet/cm/resourceupdates/updates.go
[gosec] 2026/02/05 17:22:37 Import directory: /tmp/blitzy/blitzy-kubernetes/blitzy5f91179c1/pkg/registry/admissionregistration/rest
[gosec] 2026/02/05 17:22:37 Checking package: storage
[gosec] 2026/02/05 17:22:37 Checking file: /tmp/blitzy/blitzy-kubernetes/blitzy5f91179c1/pkg/registry/apiserverinternal/storageversion/storage/storage.go
[gosec] 2026/02/05 17:22:37 Import directory: /tmp/blitzy/blitzy-kubernetes/blitzy5f91179c1/pkg/registry/core/componentstatus
[gosec] 2026/02/05 17:22:38 Checking package: v1beta1
[gosec] 2026/02/05 17:22:38 Checking file: /tmp/blitzy/blitzy-kubernetes/blitzy5f91179c1/pkg/apis/extensions/v1beta1/conversion.go
[gosec] 2026/02/05 17:22:38 Import directory: /tmp/blitzy/blitzy-kubernetes/blitzy5f91179c1/pkg/api/service
[gosec] 2026/02/05 17:22:38 Checking file: /tmp/blitzy/blitzy-kubernetes/blitzy5f91179c1/pkg/apis/extensions/v1beta1/defaults.go
[gosec] 2026/02/05 17:22:39 Checking file: /tmp/blitzy/blitzy-kubernetes/blitzy5f91179c1/pkg/apis/extensions/v1beta1/doc.go
[gosec] 2026/02/05 17:22:39 Checking file: /tmp/blitzy/blitzy-kubernetes/blitzy5f91179c1/pkg/apis/extensions/v1beta1/register.go
[gosec] 2026/02/05 17:22:39 Checking file: /tmp/blitzy/blitzy-kubernetes/blitzy5f91179c1/pkg/apis/extensions/v1beta1/zz_generated.conversion.go
[gosec] 2026/02/05 17:22:50 Checking file: /tmp/blitzy/blitzy-kubernetes/blitzy5f91179c1/pkg/apis/extensions/v1beta1/zz_generated.defaults.go
[gosec] 2026/02/05 17:22:53 Checking package: v1alpha1
[gosec] 2026/02/05 17:22:53 Checking file: /tmp/blitzy/blitzy-kubernetes/blitzy5f91179c1/pkg/controller/replication/config/v1alpha1/conversion.go
[gosec] 2026/02/05 17:22:53 Import directory: /tmp/blitzy/blitzy-kubernetes/blitzy5f91179c1/pkg/controller/cronjob/config
[gosec] 2026/02/05 17:22:53 Checking file: /tmp/blitzy/blitzy-kubernetes/blitzy5f91179c1/pkg/controller/replication/config/v1alpha1/defaults.go
[gosec] 2026/02/05 17:22:53 Checking file: /tmp/blitzy/blitzy-kubernetes/blitzy5f91179c1/pkg/controller/replication/config/v1alpha1/doc.go
[gosec] 2026/02/05 17:22:53 Checking file: /tmp/blitzy/blitzy-kubernetes/blitzy5f91179c1/pkg/controller/replication/config/v1alpha1/register.go
[gosec] 2026/02/05 17:22:53 Checking file: /tmp/blitzy/blitzy-kubernetes/blitzy5f91179c1/pkg/controller/replication/config/v1alpha1/zz_generated.conversion.go
[gosec] 2026/02/05 17:22:54 Checking file: /tmp/blitzy/blitzy-kubernetes/blitzy5f91179c1/pkg/controller/replication/config/v1alpha1/zz_generated.deepcopy.go
[gosec] 2026/02/05 17:22:54 Checking package: fuzzer
[gosec] 2026/02/05 17:22:54 Checking file: /tmp/blitzy/blitzy-kubernetes/blitzy5f91179c1/pkg/apis/scheduling/fuzzer/fuzzer.go
[gosec] 2026/02/05 17:22:54 Import directory: /tmp/blitzy/blitzy-kubernetes/blitzy5f91179c1/pkg/controller/volume/attachdetach/cache
[gosec] 2026/02/05 17:22:54 Checking package: testing
[gosec] 2026/02/05 17:22:54 Checking file: /tmp/blitzy/blitzy-kubernetes/blitzy5f91179c1/pkg/kubelet/checkpointmanager/testing/util.go
[gosec] 2026/02/05 17:22:54 Import directory: /tmp/blitzy/blitzy-kubernetes/blitzy5f91179c1/pkg/registry/apps/controllerrevision
[gosec] 2026/02/05 17:22:54 Checking package: pleg
[gosec] 2026/02/05 17:22:54 Checking file: /tmp/blitzy/blitzy-kubernetes/blitzy5f91179c1/pkg/kubelet/pleg/doc.go
[gosec] 2026/02/05 17:22:54 Import directory: /tmp/blitzy/blitzy-kubernetes/blitzy5f91179c1/pkg/scheduler/backend/cache/fake
[gosec] 2026/02/05 17:22:54 Checking file: /tmp/blitzy/blitzy-kubernetes/blitzy5f91179c1/pkg/kubelet/pleg/evented.go
[gosec] 2026/02/05 17:22:55 Checking file: /tmp/blitzy/blitzy-kubernetes/blitzy5f91179c1/pkg/kubelet/pleg/generic.go
[gosec] 2026/02/05 17:22:56 Checking file: /tmp/blitzy/blitzy-kubernetes/blitzy5f91179c1/pkg/kubelet/pleg/pleg.go
[gosec] 2026/02/05 17:22:56 Checking package: service
[gosec] 2026/02/05 17:22:56 Checking file: /tmp/blitzy/blitzy-kubernetes/blitzy5f91179c1/pkg/api/service/util.go
[gosec] 2026/02/05 17:22:56 Import directory: /tmp/blitzy/blitzy-kubernetes/blitzy5f91179c1/pkg/scheduler/framework/plugins/volumerestrictions
[gosec] 2026/02/05 17:22:56 Checking file: /tmp/blitzy/blitzy-kubernetes/blitzy5f91179c1/pkg/api/service/warnings.go
[gosec] 2026/02/05 17:22:56 Checking package: componentstatus
[gosec] 2026/02/05 17:22:56 Checking file: /tmp/blitzy/blitzy-kubernetes/blitzy5f91179c1/pkg/registry/core/componentstatus/doc.go
[gosec] 2026/02/05 17:22:56 Import directory: /tmp/blitzy/blitzy-kubernetes/blitzy5f91179c1/pkg/api/testing
[gosec] 2026/02/05 17:22:56 Checking file: /tmp/blitzy/blitzy-kubernetes/blitzy5f91179c1/pkg/registry/core/componentstatus/rest.go
[gosec] 2026/02/05 17:22:57 Checking file: /tmp/blitzy/blitzy-kubernetes/blitzy5f91179c1/pkg/registry/core/componentstatus/validator.go
[gosec] 2026/02/05 17:22:57 Checking package: cache
[gosec] 2026/02/05 17:22:57 Checking file: /tmp/blitzy/blitzy-kubernetes/blitzy5f91179c1/pkg/kubelet/volumemanager/cache/actual_state_of_world.go
[gosec] 2026/02/05 17:22:57 Import directory: /tmp/blitzy/blitzy-kubernetes/blitzy5f91179c1/pkg/apis/authentication/validation
[gosec] 2026/02/05 17:22:59 Checking file: /tmp/blitzy/blitzy-kubernetes/blitzy5f91179c1/pkg/kubelet/volumemanager/cache/desired_state_of_wold_selinux_metrics.go
[gosec] 2026/02/05 17:23:00 Checking file: /tmp/blitzy/blitzy-kubernetes/blitzy5f91179c1/pkg/kubelet/volumemanager/cache/desired_state_of_world.go
[gosec] 2026/02/05 17:23:01 Checking package: rest
[gosec] 2026/02/05 17:23:01 Checking file: /tmp/blitzy/blitzy-kubernetes/blitzy5f91179c1/pkg/registry/admissionregistration/rest/storage_apiserver.go
[gosec] 2026/02/05 17:23:01 Import directory: /tmp/blitzy/blitzy-kubernetes/blitzy5f91179c1/pkg/apis/resource/fuzzer
[gosec] 2026/02/05 17:23:01 Checking package: config
[gosec] 2026/02/05 17:23:01 Checking file: /tmp/blitzy/blitzy-kubernetes/blitzy5f91179c1/pkg/controller/cronjob/config/doc.go
[gosec] 2026/02/05 17:23:01 Import directory: /tmp/blitzy/blitzy-kubernetes/blitzy5f91179c1/pkg/controller/namespace/deletion
[gosec] 2026/02/05 17:23:01 Checking file: /tmp/blitzy/blitzy-kubernetes/blitzy5f91179c1/pkg/controller/cronjob/config/types.go
[gosec] 2026/02/05 17:23:01 Checking file: /tmp/blitzy/blitzy-kubernetes/blitzy5f91179c1/pkg/controller/cronjob/config/zz_generated.deepcopy.go
[gosec] 2026/02/05 17:23:01 Checking package: controllerrevision
[gosec] 2026/02/05 17:23:01 Checking file: /tmp/blitzy/blitzy-kubernetes/blitzy5f91179c1/pkg/registry/apps/controllerrevision/doc.go
[gosec] 2026/02/05 17:23:01 Import directory: /tmp/blitzy/blitzy-kubernetes/blitzy5f91179c1/pkg/controller/nodelifecycle/config/v1alpha1
[gosec] 2026/02/05 17:23:01 Checking file: /tmp/blitzy/blitzy-kubernetes/blitzy5f91179c1/pkg/registry/apps/controllerrevision/strategy.go
[gosec] 2026/02/05 17:23:01 Checking package: cache
[gosec] 2026/02/05 17:23:01 Checking file: /tmp/blitzy/blitzy-kubernetes/blitzy5f91179c1/pkg/controller/volume/attachdetach/cache/actual_state_of_world.go
[gosec] 2026/02/05 17:23:01 Import directory: /tmp/blitzy/blitzy-kubernetes/blitzy5f91179c1/pkg/controller/resourcequota/config/v1alpha1
[gosec] 2026/02/05 17:23:02 Checking file: /tmp/blitzy/blitzy-kubernetes/blitzy5f91179c1/pkg/controller/volume/attachdetach/cache/desired_state_of_world.go
[gosec] 2026/02/05 17:23:03 Checking package: fake
[gosec] 2026/02/05 17:23:03 Checking file: /tmp/blitzy/blitzy-kubernetes/blitzy5f91179c1/pkg/scheduler/backend/cache/fake/fake_cache.go
[gosec] 2026/02/05 17:23:03 Import directory: /tmp/blitzy/blitzy-kubernetes/blitzy5f91179c1/pkg/kubelet/watchdog
[gosec] 2026/02/05 17:23:03 Checking package: volumerestrictions
[gosec] 2026/02/05 17:23:03 Checking file: /tmp/blitzy/blitzy-kubernetes/blitzy5f91179c1/pkg/scheduler/framework/plugins/volumerestrictions/volume_restrictions.go
[gosec] 2026/02/05 17:23:03 Import directory: /tmp/blitzy/blitzy-kubernetes/blitzy5f91179c1/pkg/apis/resource/v1beta2
[gosec] 2026/02/05 17:23:04 Checking package: testing
[gosec] 2026/02/05 17:23:04 Checking file: /tmp/blitzy/blitzy-kubernetes/blitzy5f91179c1/pkg/api/testing/conversion.go
[gosec] 2026/02/05 17:23:04 Import directory: /tmp/blitzy/blitzy-kubernetes/blitzy5f91179c1/pkg/capabilities
[gosec] 2026/02/05 17:23:04 Checking file: /tmp/blitzy/blitzy-kubernetes/blitzy5f91179c1/pkg/api/testing/doc.go
[gosec] 2026/02/05 17:23:04 Checking file: /tmp/blitzy/blitzy-kubernetes/blitzy5f91179c1/pkg/api/testing/fuzzer.go
[gosec] 2026/02/05 17:23:05 Checking file: /tmp/blitzy/blitzy-kubernetes/blitzy5f91179c1/pkg/api/testing/install.go
[gosec] 2026/02/05 17:23:05 Checking file: /tmp/blitzy/blitzy-kubernetes/blitzy5f91179c1/pkg/api/testing/validation.go
[gosec] 2026/02/05 17:23:05 Checking package: validation
[gosec] 2026/02/05 17:23:05 Checking file: /tmp/blitzy/blitzy-kubernetes/blitzy5f91179c1/pkg/apis/authentication/validation/validation.go
[gosec] 2026/02/05 17:23:05 Import directory: /tmp/blitzy/blitzy-kubernetes/blitzy5f91179c1/pkg/kubeapiserver
[gosec] 2026/02/05 17:23:05 Checking package: fuzzer
[gosec] 2026/02/05 17:23:05 Checking file: /tmp/blitzy/blitzy-kubernetes/blitzy5f91179c1/pkg/apis/resource/fuzzer/fuzzer.go
[gosec] 2026/02/05 17:23:05 Import directory: /tmp/blitzy/blitzy-kubernetes/blitzy5f91179c1/pkg/kubelet/pluginmanager/cache
[gosec] 2026/02/05 17:23:05 Checking package: v1alpha1
[gosec] 2026/02/05 17:23:05 Checking file: /tmp/blitzy/blitzy-kubernetes/blitzy5f91179c1/pkg/controller/nodelifecycle/config/v1alpha1/conversion.go
[gosec] 2026/02/05 17:23:05 Import directory: /tmp/blitzy/blitzy-kubernetes/blitzy5f91179c1/pkg/registry/admissionregistration/validatingwebhookconfiguration/storage
[gosec] 2026/02/05 17:23:05 Checking file: /tmp/blitzy/blitzy-kubernetes/blitzy5f91179c1/pkg/controller/nodelifecycle/config/v1alpha1/defaults.go
[gosec] 2026/02/05 17:23:05 Checking file: /tmp/blitzy/blitzy-kubernetes/blitzy5f91179c1/pkg/controller/nodelifecycle/config/v1alpha1/doc.go
[gosec] 2026/02/05 17:23:05 Checking file: /tmp/blitzy/blitzy-kubernetes/blitzy5f91179c1/pkg/controller/nodelifecycle/config/v1alpha1/register.go
[gosec] 2026/02/05 17:23:05 Checking file: /tmp/blitzy/blitzy-kubernetes/blitzy5f91179c1/pkg/controller/nodelifecycle/config/v1alpha1/zz_generated.conversion.go
[gosec] 2026/02/05 17:23:06 Checking file: /tmp/blitzy/blitzy-kubernetes/blitzy5f91179c1/pkg/controller/nodelifecycle/config/v1alpha1/zz_generated.deepcopy.go
[gosec] 2026/02/05 17:23:06 Checking package: deletion
[gosec] 2026/02/05 17:23:06 Checking file: /tmp/blitzy/blitzy-kubernetes/blitzy5f91179c1/pkg/controller/namespace/deletion/namespaced_resources_deleter.go
[gosec] 2026/02/05 17:23:06 Import directory: /tmp/blitzy/blitzy-kubernetes/blitzy5f91179c1/pkg/registry/core/service
[gosec] 2026/02/05 17:23:07 Checking file: /tmp/blitzy/blitzy-kubernetes/blitzy5f91179c1/pkg/controller/namespace/deletion/status_condition_utils.go
[gosec] 2026/02/05 17:23:07 Checking package: v1alpha1
[gosec] 2026/02/05 17:23:07 Checking file: /tmp/blitzy/blitzy-kubernetes/blitzy5f91179c1/pkg/controller/resourcequota/config/v1alpha1/conversion.go
[gosec] 2026/02/05 17:23:07 Import directory: /tmp/blitzy/blitzy-kubernetes/blitzy5f91179c1/pkg/registry/storage/rest
[gosec] 2026/02/05 17:23:08 Checking file: /tmp/blitzy/blitzy-kubernetes/blitzy5f91179c1/pkg/controller/resourcequota/config/v1alpha1/defaults.go
[gosec] 2026/02/05 17:23:08 Checking file: /tmp/blitzy/blitzy-kubernetes/blitzy5f91179c1/pkg/controller/resourcequota/config/v1alpha1/doc.go
[gosec] 2026/02/05 17:23:08 Checking file: /tmp/blitzy/blitzy-kubernetes/blitzy5f91179c1/pkg/controller/resourcequota/config/v1alpha1/register.go
[gosec] 2026/02/05 17:23:08 Checking file: /tmp/blitzy/blitzy-kubernetes/blitzy5f91179c1/pkg/controller/resourcequota/config/v1alpha1/zz_generated.conversion.go
[gosec] 2026/02/05 17:23:08 Checking file: /tmp/blitzy/blitzy-kubernetes/blitzy5f91179c1/pkg/controller/resourcequota/config/v1alpha1/zz_generated.deepcopy.go
[gosec] 2026/02/05 17:23:08 Checking package: watchdog
[gosec] 2026/02/05 17:23:08 Checking file: /tmp/blitzy/blitzy-kubernetes/blitzy5f91179c1/pkg/kubelet/watchdog/types.go
[gosec] 2026/02/05 17:23:08 Checking file: /tmp/blitzy/blitzy-kubernetes/blitzy5f91179c1/pkg/kubelet/watchdog/watchdog_linux.go
[gosec] 2026/02/05 17:23:08 Import directory: /tmp/blitzy/blitzy-kubernetes/blitzy5f91179c1/pkg/scheduler/framework/runtime
[gosec] 2026/02/05 17:23:08 Checking package: v1beta2
[gosec] 2026/02/05 17:23:08 Checking file: /tmp/blitzy/blitzy-kubernetes/blitzy5f91179c1/pkg/apis/resource/v1beta2/conversion.go
[gosec] 2026/02/05 17:23:08 Import directory: /tmp/blitzy/blitzy-kubernetes/blitzy5f91179c1/pkg/apis/node/v1beta1
[gosec] 2026/02/05 17:23:08 Checking file: /tmp/blitzy/blitzy-kubernetes/blitzy5f91179c1/pkg/apis/resource/v1beta2/defaults.go
[gosec] 2026/02/05 17:23:08 Checking file: /tmp/blitzy/blitzy-kubernetes/blitzy5f91179c1/pkg/apis/resource/v1beta2/doc.go
[gosec] 2026/02/05 17:23:08 Checking file: /tmp/blitzy/blitzy-kubernetes/blitzy5f91179c1/pkg/apis/resource/v1beta2/register.go
[gosec] 2026/02/05 17:23:08 Checking file: /tmp/blitzy/blitzy-kubernetes/blitzy5f91179c1/pkg/apis/resource/v1beta2/zz_generated.conversion.go
[gosec] 2026/02/05 17:23:17 Checking file: /tmp/blitzy/blitzy-kubernetes/blitzy5f91179c1/pkg/apis/resource/v1beta2/zz_generated.defaults.go
[gosec] 2026/02/05 17:23:18 Checking file: /tmp/blitzy/blitzy-kubernetes/blitzy5f91179c1/pkg/apis/resource/v1beta2/zz_generated.validations.go
[gosec] 2026/02/05 17:23:24 Checking package: capabilities
[gosec] 2026/02/05 17:23:24 Checking file: /tmp/blitzy/blitzy-kubernetes/blitzy5f91179c1/pkg/capabilities/capabilities.go
[gosec] 2026/02/05 17:23:24 Import directory: /tmp/blitzy/blitzy-kubernetes/blitzy5f91179c1/pkg/controller/ttlafterfinished
[gosec] 2026/02/05 17:23:24 Checking file: /tmp/blitzy/blitzy-kubernetes/blitzy5f91179c1/pkg/capabilities/doc.go
[gosec] 2026/02/05 17:23:24 Checking package: cache
[gosec] 2026/02/05 17:23:24 Checking file: /tmp/blitzy/blitzy-kubernetes/blitzy5f91179c1/pkg/kubelet/pluginmanager/cache/actual_state_of_world.go
[gosec] 2026/02/05 17:23:24 Import directory: /tmp/blitzy/blitzy-kubernetes/blitzy5f91179c1/pkg/controller/validatingadmissionpolicystatus/config/v1alpha1
[gosec] 2026/02/05 17:23:25 Checking file: /tmp/blitzy/blitzy-kubernetes/blitzy5f91179c1/pkg/kubelet/pluginmanager/cache/desired_state_of_world.go
[gosec] 2026/02/05 17:23:25 Checking file: /tmp/blitzy/blitzy-kubernetes/blitzy5f91179c1/pkg/kubelet/pluginmanager/cache/types.go
[gosec] 2026/02/05 17:23:25 Checking package: storage
[gosec] 2026/02/05 17:23:25 Checking file: /tmp/blitzy/blitzy-kubernetes/blitzy5f91179c1/pkg/registry/admissionregistration/validatingwebhookconfiguration/storage/storage.go
[gosec] 2026/02/05 17:23:25 Import directory: /tmp/blitzy/blitzy-kubernetes/blitzy5f91179c1/pkg/registry/networking/networkpolicy/storage
[gosec] 2026/02/05 17:23:25 Checking package: service
[gosec] 2026/02/05 17:23:25 Checking file: /tmp/blitzy/blitzy-kubernetes/blitzy5f91179c1/pkg/registry/core/service/doc.go
[gosec] 2026/02/05 17:23:25 Checking file: /tmp/blitzy/blitzy-kubernetes/blitzy5f91179c1/pkg/registry/core/service/proxy.go
[gosec] 2026/02/05 17:23:25 Import directory: /tmp/blitzy/blitzy-kubernetes/blitzy5f91179c1/pkg/volume/csimigration
[gosec] 2026/02/05 17:23:25 Checking file: /tmp/blitzy/blitzy-kubernetes/blitzy5f91179c1/pkg/registry/core/service/strategy.go
[gosec] 2026/02/05 17:23:26 Checking package: kubeapiserver
[gosec] 2026/02/05 17:23:26 Checking file: /tmp/blitzy/blitzy-kubernetes/blitzy5f91179c1/pkg/kubeapiserver/default_storage_factory_builder.go
[gosec] 2026/02/05 17:23:26 Import directory: /tmp/blitzy/blitzy-kubernetes/blitzy5f91179c1/pkg/controller/nodeipam/ipam/sync
[gosec] 2026/02/05 17:23:26 Checking file: /tmp/blitzy/blitzy-kubernetes/blitzy5f91179c1/pkg/kubeapiserver/doc.go
[gosec] 2026/02/05 17:23:26 Checking package: rest
[gosec] 2026/02/05 17:23:26 Checking file: /tmp/blitzy/blitzy-kubernetes/blitzy5f91179c1/pkg/registry/storage/rest/storage_storage.go
[gosec] 2026/02/05 17:23:26 Import directory: /tmp/blitzy/blitzy-kubernetes/blitzy5f91179c1/pkg/fieldpath
[gosec] 2026/02/05 17:23:27 Checking package: v1beta1
[gosec] 2026/02/05 17:23:27 Checking file: /tmp/blitzy/blitzy-kubernetes/blitzy5f91179c1/pkg/apis/node/v1beta1/doc.go
[gosec] 2026/02/05 17:23:27 Checking file: /tmp/blitzy/blitzy-kubernetes/blitzy5f91179c1/pkg/apis/node/v1beta1/register.go
[gosec] 2026/02/05 17:23:27 Import directory: /tmp/blitzy/blitzy-kubernetes/blitzy5f91179c1/pkg/proxy/apis
[gosec] 2026/02/05 17:23:27 Checking file: /tmp/blitzy/blitzy-kubernetes/blitzy5f91179c1/pkg/apis/node/v1beta1/zz_generated.conversion.go
[gosec] 2026/02/05 17:23:27 Checking package: runtime
[gosec] 2026/02/05 17:23:27 Checking file: /tmp/blitzy/blitzy-kubernetes/blitzy5f91179c1/pkg/scheduler/framework/runtime/batch.go
[gosec] 2026/02/05 17:23:27 Import directory: /tmp/blitzy/blitzy-kubernetes/blitzy5f91179c1/pkg/registry/certificates/podcertificaterequest/storage
[gosec] 2026/02/05 17:23:28 Checking file: /tmp/blitzy/blitzy-kubernetes/blitzy5f91179c1/pkg/scheduler/framework/runtime/framework.go
[gosec] 2026/02/05 17:23:33 Checking file: /tmp/blitzy/blitzy-kubernetes/blitzy5f91179c1/pkg/scheduler/framework/runtime/instrumented_plugins.go
[gosec] 2026/02/05 17:23:33 Checking file: /tmp/blitzy/blitzy-kubernetes/blitzy5f91179c1/pkg/scheduler/framework/runtime/registry.go
[gosec] 2026/02/05 17:23:33 Checking file: /tmp/blitzy/blitzy-kubernetes/blitzy5f91179c1/pkg/scheduler/framework/runtime/waiting_pods_map.go
[gosec] 2026/02/05 17:23:34 Checking package: v1alpha1
[gosec] 2026/02/05 17:23:34 Checking file: /tmp/blitzy/blitzy-kubernetes/blitzy5f91179c1/pkg/controller/validatingadmissionpolicystatus/config/v1alpha1/conversion.go
[gosec] 2026/02/05 17:23:34 Import directory: /tmp/blitzy/blitzy-kubernetes/blitzy5f91179c1/pkg/registry/core/event/storage
[gosec] 2026/02/05 17:23:34 Checking file: /tmp/blitzy/blitzy-kubernetes/blitzy5f91179c1/pkg/controller/validatingadmissionpolicystatus/config/v1alpha1/defaults.go
[gosec] 2026/02/05 17:23:34 Checking file: /tmp/blitzy/blitzy-kubernetes/blitzy5f91179c1/pkg/controller/validatingadmissionpolicystatus/config/v1alpha1/doc.go
[gosec] 2026/02/05 17:23:34 Checking file: /tmp/blitzy/blitzy-kubernetes/blitzy5f91179c1/pkg/controller/validatingadmissionpolicystatus/config/v1alpha1/register.go
[gosec] 2026/02/05 17:23:34 Checking file: /tmp/blitzy/blitzy-kubernetes/blitzy5f91179c1/pkg/controller/validatingadmissionpolicystatus/config/v1alpha1/zz_generated.conversion.go
[gosec] 2026/02/05 17:23:34 Checking file: /tmp/blitzy/blitzy-kubernetes/blitzy5f91179c1/pkg/controller/validatingadmissionpolicystatus/config/v1alpha1/zz_generated.deepcopy.go
[gosec] 2026/02/05 17:23:34 Checking package: ttlafterfinished
[gosec] 2026/02/05 17:23:34 Checking file: /tmp/blitzy/blitzy-kubernetes/blitzy5f91179c1/pkg/controller/ttlafterfinished/ttlafterfinished_controller.go
[gosec] 2026/02/05 17:23:34 Import directory: /tmp/blitzy/blitzy-kubernetes/blitzy5f91179c1/pkg/util/removeall
[gosec] 2026/02/05 17:23:35 Checking package: storage
[gosec] 2026/02/05 17:23:35 Checking file: /tmp/blitzy/blitzy-kubernetes/blitzy5f91179c1/pkg/registry/networking/networkpolicy/storage/storage.go
[gosec] 2026/02/05 17:23:35 Import directory: /tmp/blitzy/blitzy-kubernetes/blitzy5f91179c1/pkg/apis/discovery/install
[gosec] 2026/02/05 17:23:35 Checking package: csimigration
[gosec] 2026/02/05 17:23:35 Checking file: /tmp/blitzy/blitzy-kubernetes/blitzy5f91179c1/pkg/volume/csimigration/plugin_manager.go
[gosec] 2026/02/05 17:23:35 Import directory: /tmp/blitzy/blitzy-kubernetes/blitzy5f91179c1/pkg/apis/extensions
[gosec] 2026/02/05 17:23:36 Checking package: sync
[gosec] 2026/02/05 17:23:36 Checking file: /tmp/blitzy/blitzy-kubernetes/blitzy5f91179c1/pkg/controller/nodeipam/ipam/sync/sync.go
[gosec] 2026/02/05 17:23:36 Import directory: /tmp/blitzy/blitzy-kubernetes/blitzy5f91179c1/pkg/apis/flowcontrol/v1beta3
[gosec] 2026/02/05 17:23:36 Checking package: fieldpath
[gosec] 2026/02/05 17:23:36 Checking file: /tmp/blitzy/blitzy-kubernetes/blitzy5f91179c1/pkg/fieldpath/doc.go
[gosec] 2026/02/05 17:23:36 Checking file: /tmp/blitzy/blitzy-kubernetes/blitzy5f91179c1/pkg/fieldpath/fieldpath.go
[gosec] 2026/02/05 17:23:36 Import directory: /tmp/blitzy/blitzy-kubernetes/blitzy5f91179c1/pkg/controller/job/util
[gosec] 2026/02/05 17:23:37 Checking package: apis
[gosec] 2026/02/05 17:23:37 Checking file: /tmp/blitzy/blitzy-kubernetes/blitzy5f91179c1/pkg/proxy/apis/well_known_labels.go
[gosec] 2026/02/05 17:23:37 Import directory: /tmp/blitzy/blitzy-kubernetes/blitzy5f91179c1/pkg/proxy/util
[gosec] 2026/02/05 17:23:37 Checking package: storage
[gosec] 2026/02/05 17:23:37 Checking file: /tmp/blitzy/blitzy-kubernetes/blitzy5f91179c1/pkg/registry/certificates/podcertificaterequest/storage/storage.go
[gosec] 2026/02/05 17:23:37 Import directory: /tmp/blitzy/blitzy-kubernetes/blitzy5f91179c1/pkg/registry/batch/job
[gosec] 2026/02/05 17:23:37 Checking package: removeall
[gosec] 2026/02/05 17:23:37 Checking file: /tmp/blitzy/blitzy-kubernetes/blitzy5f91179c1/pkg/util/removeall/removeall.go
[gosec] 2026/02/05 17:23:37 Import directory: /tmp/blitzy/blitzy-kubernetes/blitzy5f91179c1/pkg/registry/certificates/certificates/storage
[gosec] 2026/02/05 17:23:37 Checking package: storage
[gosec] 2026/02/05 17:23:37 Checking file: /tmp/blitzy/blitzy-kubernetes/blitzy5f91179c1/pkg/registry/core/event/storage/storage.go
[gosec] 2026/02/05 17:23:37 Import directory: /tmp/blitzy/blitzy-kubernetes/blitzy5f91179c1/pkg/registry/core/replicationcontroller/storage
[gosec] 2026/02/05 17:23:38 Checking package: install
[gosec] 2026/02/05 17:23:38 Checking file: /tmp/blitzy/blitzy-kubernetes/blitzy5f91179c1/pkg/apis/discovery/install/install.go
[gosec] 2026/02/05 17:23:38 Import directory: /tmp/blitzy/blitzy-kubernetes/blitzy5f91179c1/pkg/kubeapiserver/admission
[gosec] 2026/02/05 17:23:38 Checking package: extensions
[gosec] 2026/02/05 17:23:38 Checking file: /tmp/blitzy/blitzy-kubernetes/blitzy5f91179c1/pkg/apis/extensions/doc.go
[gosec] 2026/02/05 17:23:38 Checking file: /tmp/blitzy/blitzy-kubernetes/blitzy5f91179c1/pkg/apis/extensions/register.go
[gosec] 2026/02/05 17:23:38 Import directory: /tmp/blitzy/blitzy-kubernetes/blitzy5f91179c1/pkg/registry/core/service/ipallocator/controller
[gosec] 2026/02/05 17:23:38 Checking file: /tmp/blitzy/blitzy-kubernetes/blitzy5f91179c1/pkg/apis/extensions/types.go
[gosec] 2026/02/05 17:23:38 Checking file: /tmp/blitzy/blitzy-kubernetes/blitzy5f91179c1/pkg/apis/extensions/zz_generated.deepcopy.go
[gosec] 2026/02/05 17:23:38 Checking package: v1beta3
[gosec] 2026/02/05 17:23:38 Checking file: /tmp/blitzy/blitzy-kubernetes/blitzy5f91179c1/pkg/apis/flowcontrol/v1beta3/conversion.go
[gosec] 2026/02/05 17:23:38 Import directory: /tmp/blitzy/blitzy-kubernetes/blitzy5f91179c1/pkg/registry/registrytest
[gosec] 2026/02/05 17:23:38 Checking file: /tmp/blitzy/blitzy-kubernetes/blitzy5f91179c1/pkg/apis/flowcontrol/v1beta3/defaults.go
[gosec] 2026/02/05 17:23:38 Checking file: /tmp/blitzy/blitzy-kubernetes/blitzy5f91179c1/pkg/apis/flowcontrol/v1beta3/doc.go
[gosec] 2026/02/05 17:23:38 Checking file: /tmp/blitzy/blitzy-kubernetes/blitzy5f91179c1/pkg/apis/flowcontrol/v1beta3/register.go
[gosec] 2026/02/05 17:23:38 Checking file: /tmp/blitzy/blitzy-kubernetes/blitzy5f91179c1/pkg/apis/flowcontrol/v1beta3/zz_generated.conversion.go
[gosec] 2026/02/05 17:23:43 Checking file: /tmp/blitzy/blitzy-kubernetes/blitzy5f91179c1/pkg/apis/flowcontrol/v1beta3/zz_generated.defaults.go
[gosec] 2026/02/05 17:23:43 Checking package: util
[gosec] 2026/02/05 17:23:43 Checking file: /tmp/blitzy/blitzy-kubernetes/blitzy5f91179c1/pkg/controller/job/util/utils.go
[gosec] 2026/02/05 17:23:43 Import directory: /tmp/blitzy/blitzy-kubernetes/blitzy5f91179c1/pkg/registry/scheduling/priorityclass
[gosec] 2026/02/05 17:23:43 Checking package: util
[gosec] 2026/02/05 17:23:43 Checking file: /tmp/blitzy/blitzy-kubernetes/blitzy5f91179c1/pkg/proxy/util/endpoints.go
[gosec] 2026/02/05 17:23:43 Import directory: /tmp/blitzy/blitzy-kubernetes/blitzy5f91179c1/pkg/scheduler/apis/config/validation
[gosec] 2026/02/05 17:23:43 Checking file: /tmp/blitzy/blitzy-kubernetes/blitzy5f91179c1/pkg/proxy/util/linebuffer.go
[gosec] 2026/02/05 17:23:43 Checking file: /tmp/blitzy/blitzy-kubernetes/blitzy5f91179c1/pkg/proxy/util/localdetector.go
[gosec] 2026/02/05 17:23:44 Checking file: /tmp/blitzy/blitzy-kubernetes/blitzy5f91179c1/pkg/proxy/util/network.go
[gosec] 2026/02/05 17:23:44 Checking file: /tmp/blitzy/blitzy-kubernetes/blitzy5f91179c1/pkg/proxy/util/nodeport_addresses.go
[gosec] 2026/02/05 17:23:44 Checking file: /tmp/blitzy/blitzy-kubernetes/blitzy5f91179c1/pkg/proxy/util/utils.go
[gosec] 2026/02/05 17:23:44 Checking file: /tmp/blitzy/blitzy-kubernetes/blitzy5f91179c1/pkg/proxy/util/utils_linux.go
[gosec] 2026/02/05 17:23:44 Checking package: job
[gosec] 2026/02/05 17:23:44 Checking file: /tmp/blitzy/blitzy-kubernetes/blitzy5f91179c1/pkg/registry/batch/job/doc.go
[gosec] 2026/02/05 17:23:44 Import directory: /tmp/blitzy/blitzy-kubernetes/blitzy5f91179c1/pkg/scheduler/framework/preemption
[gosec] 2026/02/05 17:23:44 Checking file: /tmp/blitzy/blitzy-kubernetes/blitzy5f91179c1/pkg/registry/batch/job/strategy.go
[gosec] 2026/02/05 17:23:45 Checking package: admission
[gosec] 2026/02/05 17:23:45 Checking file: /tmp/blitzy/blitzy-kubernetes/blitzy5f91179c1/pkg/kubeapiserver/admission/config.go
[gosec] 2026/02/05 17:23:45 Import directory: /tmp/blitzy/blitzy-kubernetes/blitzy5f91179c1/pkg/util/async
[gosec] 2026/02/05 17:23:45 Checking file: /tmp/blitzy/blitzy-kubernetes/blitzy5f91179c1/pkg/kubeapiserver/admission/initializer.go
[gosec] 2026/02/05 17:23:45 Checking package: storage
[gosec] 2026/02/05 17:23:45 Checking file: /tmp/blitzy/blitzy-kubernetes/blitzy5f91179c1/pkg/registry/certificates/certificates/storage/metrics.go
[gosec] 2026/02/05 17:23:45 Import directory: /tmp/blitzy/blitzy-kubernetes/blitzy5f91179c1/pkg/controller/volume/attachdetach/config
[gosec] 2026/02/05 17:23:46 Checking file: /tmp/blitzy/blitzy-kubernetes/blitzy5f91179c1/pkg/registry/certificates/certificates/storage/storage.go
[gosec] 2026/02/05 17:23:46 Checking package: storage
[gosec] 2026/02/05 17:23:46 Checking file: /tmp/blitzy/blitzy-kubernetes/blitzy5f91179c1/pkg/registry/core/replicationcontroller/storage/storage.go
[gosec] 2026/02/05 17:23:46 Import directory: /tmp/blitzy/blitzy-kubernetes/blitzy5f91179c1/pkg/registry/core/podtemplate
[gosec] 2026/02/05 17:23:47 Checking package: controller
[gosec] 2026/02/05 17:23:47 Checking file: /tmp/blitzy/blitzy-kubernetes/blitzy5f91179c1/pkg/registry/core/service/ipallocator/controller/metrics.go
[gosec] 2026/02/05 17:23:47 Import directory: /tmp/blitzy/blitzy-kubernetes/blitzy5f91179c1/pkg/registry/storage/volumeattachment
[gosec] 2026/02/05 17:23:47 Checking file: /tmp/blitzy/blitzy-kubernetes/blitzy5f91179c1/pkg/registry/core/service/ipallocator/controller/repair.go
[gosec] 2026/02/05 17:23:48 Checking file: /tmp/blitzy/blitzy-kubernetes/blitzy5f91179c1/pkg/registry/core/service/ipallocator/controller/repairip.go
[gosec] 2026/02/05 17:23:49 Checking package: registrytest
[gosec] 2026/02/05 17:23:49 Checking file: /tmp/blitzy/blitzy-kubernetes/blitzy5f91179c1/pkg/registry/registrytest/categoriesProvider.go
[gosec] 2026/02/05 17:23:49 Import directory: /tmp/blitzy/blitzy-kubernetes/blitzy5f91179c1/pkg/scheduler/apis/config/v1
[gosec] 2026/02/05 17:23:49 Checking file: /tmp/blitzy/blitzy-kubernetes/blitzy5f91179c1/pkg/registry/registrytest/doc.go
[gosec] 2026/02/05 17:23:49 Checking file: /tmp/blitzy/blitzy-kubernetes/blitzy5f91179c1/pkg/registry/registrytest/endpoint.go
[gosec] 2026/02/05 17:23:50 Checking file: /tmp/blitzy/blitzy-kubernetes/blitzy5f91179c1/pkg/registry/registrytest/etcd.go
[gosec] 2026/02/05 17:23:50 Checking file: /tmp/blitzy/blitzy-kubernetes/blitzy5f91179c1/pkg/registry/registrytest/node.go
[gosec] 2026/02/05 17:23:50 Checking file: /tmp/blitzy/blitzy-kubernetes/blitzy5f91179c1/pkg/registry/registrytest/service.go
[gosec] 2026/02/05 17:23:50 Checking file: /tmp/blitzy/blitzy-kubernetes/blitzy5f91179c1/pkg/registry/registrytest/shortNamesProvider.go
[gosec] 2026/02/05 17:23:50 Checking file: /tmp/blitzy/blitzy-kubernetes/blitzy5f91179c1/pkg/registry/registrytest/validate.go
[gosec] 2026/02/05 17:23:50 Checking package: priorityclass
[gosec] 2026/02/05 17:23:50 Checking file: /tmp/blitzy/blitzy-kubernetes/blitzy5f91179c1/pkg/registry/scheduling/priorityclass/doc.go
[gosec] 2026/02/05 17:23:50 Checking file: /tmp/blitzy/blitzy-kubernetes/blitzy5f91179c1/pkg/registry/scheduling/priorityclass/strategy.go
[gosec] 2026/02/05 17:23:50 Import directory: /tmp/blitzy/blitzy-kubernetes/blitzy5f91179c1/pkg/apis/coordination
[gosec] 2026/02/05 17:23:50 Checking package: validation
[gosec] 2026/02/05 17:23:50 Checking file: /tmp/blitzy/blitzy-kubernetes/blitzy5f91179c1/pkg/scheduler/apis/config/validation/validation.go
[gosec] 2026/02/05 17:23:50 Import directory: /tmp/blitzy/blitzy-kubernetes/blitzy5f91179c1/pkg/api/node
[gosec] 2026/02/05 17:23:51 Checking file: /tmp/blitzy/blitzy-kubernetes/blitzy5f91179c1/pkg/scheduler/apis/config/validation/validation_pluginargs.go
[gosec] 2026/02/05 17:23:52 Checking package: preemption
[gosec] 2026/02/05 17:23:52 Checking file: /tmp/blitzy/blitzy-kubernetes/blitzy5f91179c1/pkg/scheduler/framework/preemption/preemption.go
[gosec] 2026/02/05 17:23:52 Import directory: /tmp/blitzy/blitzy-kubernetes/blitzy5f91179c1/pkg/apis/storagemigration/validation
[gosec] 2026/02/05 17:23:53 Checking package: async
[gosec] 2026/02/05 17:23:53 Checking file: /tmp/blitzy/blitzy-kubernetes/blitzy5f91179c1/pkg/util/async/runner.go
[gosec] 2026/02/05 17:23:53 Import directory: /tmp/blitzy/blitzy-kubernetes/blitzy5f91179c1/pkg/controller/podgc/config/v1alpha1
[gosec] 2026/02/05 17:23:53 Checking package: config
[gosec] 2026/02/05 17:23:53 Checking file: /tmp/blitzy/blitzy-kubernetes/blitzy5f91179c1/pkg/controller/volume/attachdetach/config/doc.go
[gosec] 2026/02/05 17:23:53 Checking file: /tmp/blitzy/blitzy-kubernetes/blitzy5f91179c1/pkg/controller/volume/attachdetach/config/types.go
[gosec] 2026/02/05 17:23:53 Import directory: /tmp/blitzy/blitzy-kubernetes/blitzy5f91179c1/pkg/controller/statefulset/metrics
[gosec] 2026/02/05 17:23:53 Checking file: /tmp/blitzy/blitzy-kubernetes/blitzy5f91179c1/pkg/controller/volume/attachdetach/config/zz_generated.deepcopy.go
[gosec] 2026/02/05 17:23:53 Checking package: podtemplate
[gosec] 2026/02/05 17:23:53 Checking file: /tmp/blitzy/blitzy-kubernetes/blitzy5f91179c1/pkg/registry/core/podtemplate/doc.go
[gosec] 2026/02/05 17:23:53 Checking file: /tmp/blitzy/blitzy-kubernetes/blitzy5f91179c1/pkg/registry/core/podtemplate/strategy.go
[gosec] 2026/02/05 17:23:53 Import directory: /tmp/blitzy/blitzy-kubernetes/blitzy5f91179c1/pkg/kubelet/cm/topologymanager
[gosec] 2026/02/05 17:23:54 Checking package: volumeattachment
[gosec] 2026/02/05 17:23:54 Checking file: /tmp/blitzy/blitzy-kubernetes/blitzy5f91179c1/pkg/registry/storage/volumeattachment/doc.go
[gosec] 2026/02/05 17:23:54 Checking file: /tmp/blitzy/blitzy-kubernetes/blitzy5f91179c1/pkg/registry/storage/volumeattachment/strategy.go
[gosec] 2026/02/05 17:23:54 Import directory: /tmp/blitzy/blitzy-kubernetes/blitzy5f91179c1/pkg/kubelet/pluginmanager/pluginwatcher
[gosec] 2026/02/05 17:23:54 Checking package: v1
[gosec] 2026/02/05 17:23:54 Checking file: /tmp/blitzy/blitzy-kubernetes/blitzy5f91179c1/pkg/scheduler/apis/config/v1/conversion.go
[gosec] 2026/02/05 17:23:54 Import directory: /tmp/blitzy/blitzy-kubernetes/blitzy5f91179c1/pkg/kubelet/pluginmanager/pluginwatcher/example_plugin_apis/v1beta2
[gosec] 2026/02/05 17:23:54 Checking file: /tmp/blitzy/blitzy-kubernetes/blitzy5f91179c1/pkg/scheduler/apis/config/v1/default_plugins.go
[gosec] 2026/02/05 17:23:54 Checking file: /tmp/blitzy/blitzy-kubernetes/blitzy5f91179c1/pkg/scheduler/apis/config/v1/defaults.go
[gosec] 2026/02/05 17:23:55 Checking file: /tmp/blitzy/blitzy-kubernetes/blitzy5f91179c1/pkg/scheduler/apis/config/v1/doc.go
[gosec] 2026/02/05 17:23:55 Checking file: /tmp/blitzy/blitzy-kubernetes/blitzy5f91179c1/pkg/scheduler/apis/config/v1/register.go
[gosec] 2026/02/05 17:23:55 Checking file: /tmp/blitzy/blitzy-kubernetes/blitzy5f91179c1/pkg/scheduler/apis/config/v1/zz_generated.conversion.go
[gosec] 2026/02/05 17:24:02 Checking file: /tmp/blitzy/blitzy-kubernetes/blitzy5f91179c1/pkg/scheduler/apis/config/v1/zz_generated.deepcopy.go
[gosec] 2026/02/05 17:24:02 Checking file: /tmp/blitzy/blitzy-kubernetes/blitzy5f91179c1/pkg/scheduler/apis/config/v1/zz_generated.defaults.go
[gosec] 2026/02/05 17:24:02 Checking package: coordination
[gosec] 2026/02/05 17:24:02 Checking file: /tmp/blitzy/blitzy-kubernetes/blitzy5f91179c1/pkg/apis/coordination/doc.go
[gosec] 2026/02/05 17:24:02 Checking file: /tmp/blitzy/blitzy-kubernetes/blitzy5f91179c1/pkg/apis/coordination/register.go
[gosec] 2026/02/05 17:24:02 Import directory: /tmp/blitzy/blitzy-kubernetes/blitzy5f91179c1/pkg/apis/core/v1
[gosec] 2026/02/05 17:24:02 Checking file: /tmp/blitzy/blitzy-kubernetes/blitzy5f91179c1/pkg/apis/coordination/types.go
[gosec] 2026/02/05 17:24:02 Checking file: /tmp/blitzy/blitzy-kubernetes/blitzy5f91179c1/pkg/apis/coordination/zz_generated.deepcopy.go
[gosec] 2026/02/05 17:24:03 Checking package: node
[gosec] 2026/02/05 17:24:03 Checking file: /tmp/blitzy/blitzy-kubernetes/blitzy5f91179c1/pkg/api/node/util.go
[gosec] 2026/02/05 17:24:03 Import directory: /tmp/blitzy/blitzy-kubernetes/blitzy5f91179c1/pkg/controlplane/controller/clusterauthenticationtrust
[gosec] 2026/02/05 17:24:03 Checking package: validation
[gosec] 2026/02/05 17:24:03 Checking file: /tmp/blitzy/blitzy-kubernetes/blitzy5f91179c1/pkg/apis/storagemigration/validation/validation.go
[gosec] 2026/02/05 17:24:03 Import directory: /tmp/blitzy/blitzy-kubernetes/blitzy5f91179c1/pkg/features
[gosec] 2026/02/05 17:24:03 Checking package: v1alpha1
[gosec] 2026/02/05 17:24:03 Checking file: /tmp/blitzy/blitzy-kubernetes/blitzy5f91179c1/pkg/controller/podgc/config/v1alpha1/conversion.go
[gosec] 2026/02/05 17:24:03 Import directory: /tmp/blitzy/blitzy-kubernetes/blitzy5f91179c1/pkg/registry/admissionregistration/mutatingwebhookconfiguration/storage
[gosec] 2026/02/05 17:24:03 Checking file: /tmp/blitzy/blitzy-kubernetes/blitzy5f91179c1/pkg/controller/podgc/config/v1alpha1/defaults.go
[gosec] 2026/02/05 17:24:03 Checking file: /tmp/blitzy/blitzy-kubernetes/blitzy5f91179c1/pkg/controller/podgc/config/v1alpha1/doc.go
[gosec] 2026/02/05 17:24:03 Checking file: /tmp/blitzy/blitzy-kubernetes/blitzy5f91179c1/pkg/controller/podgc/config/v1alpha1/register.go
[gosec] 2026/02/05 17:24:03 Checking file: /tmp/blitzy/blitzy-kubernetes/blitzy5f91179c1/pkg/controller/podgc/config/v1alpha1/zz_generated.conversion.go
[gosec] 2026/02/05 17:24:04 Checking file: /tmp/blitzy/blitzy-kubernetes/blitzy5f91179c1/pkg/controller/podgc/config/v1alpha1/zz_generated.deepcopy.go
[gosec] 2026/02/05 17:24:04 Checking package: metrics
[gosec] 2026/02/05 17:24:04 Checking file: /tmp/blitzy/blitzy-kubernetes/blitzy5f91179c1/pkg/controller/statefulset/metrics/metrics.go
[gosec] 2026/02/05 17:24:04 Import directory: /tmp/blitzy/blitzy-kubernetes/blitzy5f91179c1/pkg/registry/core/replicationcontroller
[gosec] 2026/02/05 17:24:04 Checking package: topologymanager
[gosec] 2026/02/05 17:24:04 Checking file: /tmp/blitzy/blitzy-kubernetes/blitzy5f91179c1/pkg/kubelet/cm/topologymanager/fake_topology_manager.go
[gosec] 2026/02/05 17:24:04 Import directory: /tmp/blitzy/blitzy-kubernetes/blitzy5f91179c1/pkg/registry/core/serviceaccount
[gosec] 2026/02/05 17:24:04 Checking file: /tmp/blitzy/blitzy-kubernetes/blitzy5f91179c1/pkg/kubelet/cm/topologymanager/numa_info.go
[gosec] 2026/02/05 17:24:04 Checking file: /tmp/blitzy/blitzy-kubernetes/blitzy5f91179c1/pkg/kubelet/cm/topologymanager/policy.go
[gosec] 2026/02/05 17:24:05 Checking file: /tmp/blitzy/blitzy-kubernetes/blitzy5f91179c1/pkg/kubelet/cm/topologymanager/policy_best_effort.go
[gosec] 2026/02/05 17:24:05 Checking file: /tmp/blitzy/blitzy-kubernetes/blitzy5f91179c1/pkg/kubelet/cm/topologymanager/policy_none.go
[gosec] 2026/02/05 17:24:05 Checking file: /tmp/blitzy/blitzy-kubernetes/blitzy5f91179c1/pkg/kubelet/cm/topologymanager/policy_options.go
[gosec] 2026/02/05 17:24:06 Checking file: /tmp/blitzy/blitzy-kubernetes/blitzy5f91179c1/pkg/kubelet/cm/topologymanager/policy_restricted.go
[gosec] 2026/02/05 17:24:06 Checking file: /tmp/blitzy/blitzy-kubernetes/blitzy5f91179c1/pkg/kubelet/cm/topologymanager/policy_single_numa_node.go
[gosec] 2026/02/05 17:24:06 Checking file: /tmp/blitzy/blitzy-kubernetes/blitzy5f91179c1/pkg/kubelet/cm/topologymanager/scope.go
[gosec] 2026/02/05 17:24:06 Checking file: /tmp/blitzy/blitzy-kubernetes/blitzy5f91179c1/pkg/kubelet/cm/topologymanager/scope_container.go
[gosec] 2026/02/05 17:24:06 Checking file: /tmp/blitzy/blitzy-kubernetes/blitzy5f91179c1/pkg/kubelet/cm/topologymanager/scope_none.go
[gosec] 2026/02/05 17:24:06 Checking file: /tmp/blitzy/blitzy-kubernetes/blitzy5f91179c1/pkg/kubelet/cm/topologymanager/scope_pod.go
[gosec] 2026/02/05 17:24:07 Checking file: /tmp/blitzy/blitzy-kubernetes/blitzy5f91179c1/pkg/kubelet/cm/topologymanager/topology_manager.go
[gosec] 2026/02/05 17:24:07 Checking package: v1beta2
[gosec] 2026/02/05 17:24:07 Checking file: /tmp/blitzy/blitzy-kubernetes/blitzy5f91179c1/pkg/kubelet/pluginmanager/pluginwatcher/example_plugin_apis/v1beta2/api.pb.go
[gosec] 2026/02/05 17:24:07 Import directory: /tmp/blitzy/blitzy-kubernetes/blitzy5f91179c1/pkg/registry/networking/ingressclass
[gosec] 2026/02/05 17:24:07 Checking file: /tmp/blitzy/blitzy-kubernetes/blitzy5f91179c1/pkg/kubelet/pluginmanager/pluginwatcher/example_plugin_apis/v1beta2/api_grpc.pb.go
[gosec] 2026/02/05 17:24:07 Checking package: pluginwatcher
[gosec] 2026/02/05 17:24:07 Checking file: /tmp/blitzy/blitzy-kubernetes/blitzy5f91179c1/pkg/kubelet/pluginmanager/pluginwatcher/example_handler.go
[gosec] 2026/02/05 17:24:07 Import directory: /tmp/blitzy/blitzy-kubernetes/blitzy5f91179c1/pkg/registry/resource/deviceclass/storage
[gosec] 2026/02/05 17:24:08 Checking file: /tmp/blitzy/blitzy-kubernetes/blitzy5f91179c1/pkg/kubelet/pluginmanager/pluginwatcher/example_plugin.go
[gosec] 2026/02/05 17:24:08 Checking file: /tmp/blitzy/blitzy-kubernetes/blitzy5f91179c1/pkg/kubelet/pluginmanager/pluginwatcher/plugin_watcher.go
[gosec] 2026/02/05 17:24:09 Checking file: /tmp/blitzy/blitzy-kubernetes/blitzy5f91179c1/pkg/kubelet/pluginmanager/pluginwatcher/plugin_watcher_others.go
[gosec] 2026/02/05 17:24:09 Checking package: v1
[gosec] 2026/02/05 17:24:09 Checking file: /tmp/blitzy/blitzy-kubernetes/blitzy5f91179c1/pkg/apis/core/v1/conversion.go
[gosec] 2026/02/05 17:24:09 Import directory: /tmp/blitzy/blitzy-kubernetes/blitzy5f91179c1/pkg/apis/node/validation
[gosec] 2026/02/05 17:24:11 Checking file: /tmp/blitzy/blitzy-kubernetes/blitzy5f91179c1/pkg/apis/core/v1/defaults.go
[gosec] 2026/02/05 17:24:12 Checking file: /tmp/blitzy/blitzy-kubernetes/blitzy5f91179c1/pkg/apis/core/v1/doc.go
[gosec] 2026/02/05 17:24:12 Checking file: /tmp/blitzy/blitzy-kubernetes/blitzy5f91179c1/pkg/apis/core/v1/register.go
[gosec] 2026/02/05 17:24:12 Checking file: /tmp/blitzy/blitzy-kubernetes/blitzy5f91179c1/pkg/apis/core/v1/zz_generated.conversion.go
[gosec] 2026/02/05 17:24:59 Checking file: /tmp/blitzy/blitzy-kubernetes/blitzy5f91179c1/pkg/apis/core/v1/zz_generated.defaults.go
[gosec] 2026/02/05 17:25:04 Checking file: /tmp/blitzy/blitzy-kubernetes/blitzy5f91179c1/pkg/apis/core/v1/zz_generated.validations.go
[gosec] 2026/02/05 17:25:04 Checking package: clusterauthenticationtrust
[gosec] 2026/02/05 17:25:04 Checking file: /tmp/blitzy/blitzy-kubernetes/blitzy5f91179c1/pkg/controlplane/controller/clusterauthenticationtrust/cluster_authentication_trust_controller.go
[gosec] 2026/02/05 17:25:04 Import directory: /tmp/blitzy/blitzy-kubernetes/blitzy5f91179c1/pkg/controller/validatingadmissionpolicystatus
[gosec] 2026/02/05 17:25:06 Checking package: features
[gosec] 2026/02/05 17:25:06 Checking file: /tmp/blitzy/blitzy-kubernetes/blitzy5f91179c1/pkg/features/client_adapter.go
[gosec] 2026/02/05 17:25:06 Import directory: /tmp/blitzy/blitzy-kubernetes/blitzy5f91179c1/pkg/controller/volume/attachdetach/populator
[gosec] 2026/02/05 17:25:06 Checking file: /tmp/blitzy/blitzy-kubernetes/blitzy5f91179c1/pkg/features/kube_features.go
[gosec] 2026/02/05 17:25:06 Checking package: storage
[gosec] 2026/02/05 17:25:06 Checking file: /tmp/blitzy/blitzy-kubernetes/blitzy5f91179c1/pkg/registry/admissionregistration/mutatingwebhookconfiguration/storage/storage.go
[gosec] 2026/02/05 17:25:06 Import directory: /tmp/blitzy/blitzy-kubernetes/blitzy5f91179c1/pkg/kubelet/apis/podresources/testing
[gosec] 2026/02/05 17:25:06 Checking package: serviceaccount
[gosec] 2026/02/05 17:25:06 Checking file: /tmp/blitzy/blitzy-kubernetes/blitzy5f91179c1/pkg/registry/core/serviceaccount/doc.go
[gosec] 2026/02/05 17:25:06 Import directory: /tmp/blitzy/blitzy-kubernetes/blitzy5f91179c1/pkg/registry/core/secret
[gosec] 2026/02/05 17:25:06 Checking file: /tmp/blitzy/blitzy-kubernetes/blitzy5f91179c1/pkg/registry/core/serviceaccount/strategy.go
[gosec] 2026/02/05 17:25:06 Checking package: replicationcontroller
[gosec] 2026/02/05 17:25:06 Checking file: /tmp/blitzy/blitzy-kubernetes/blitzy5f91179c1/pkg/registry/core/replicationcontroller/doc.go
[gosec] 2026/02/05 17:25:06 Import directory: /tmp/blitzy/blitzy-kubernetes/blitzy5f91179c1/pkg/registry/core/service/ipallocator
[gosec] 2026/02/05 17:25:06 Checking file: /tmp/blitzy/blitzy-kubernetes/blitzy5f91179c1/pkg/registry/core/replicationcontroller/strategy.go
[gosec] 2026/02/05 17:25:07 Checking package: ingressclass
[gosec] 2026/02/05 17:25:07 Checking file: /tmp/blitzy/blitzy-kubernetes/blitzy5f91179c1/pkg/registry/networking/ingressclass/doc.go
[gosec] 2026/02/05 17:25:07 Import directory: /tmp/blitzy/blitzy-kubernetes/blitzy5f91179c1/pkg/util/tolerations
[gosec] 2026/02/05 17:25:07 Checking file: /tmp/blitzy/blitzy-kubernetes/blitzy5f91179c1/pkg/registry/networking/ingressclass/strategy.go
[gosec] 2026/02/05 17:25:07 Checking package: storage
[gosec] 2026/02/05 17:25:07 Checking file: /tmp/blitzy/blitzy-kubernetes/blitzy5f91179c1/pkg/registry/resource/deviceclass/storage/storage.go
[gosec] 2026/02/05 17:25:07 Import directory: /tmp/blitzy/blitzy-kubernetes/blitzy5f91179c1/pkg/apis/authorization/v1
[gosec] 2026/02/05 17:25:07 Checking package: validation
[gosec] 2026/02/05 17:25:07 Checking file: /tmp/blitzy/blitzy-kubernetes/blitzy5f91179c1/pkg/apis/node/validation/validation.go
[gosec] 2026/02/05 17:25:07 Import directory: /tmp/blitzy/blitzy-kubernetes/blitzy5f91179c1/pkg/apis/core/validation
[gosec] 2026/02/05 17:25:07 Checking package: validatingadmissionpolicystatus
[gosec] 2026/02/05 17:25:07 Checking file: /tmp/blitzy/blitzy-kubernetes/blitzy5f91179c1/pkg/controller/validatingadmissionpolicystatus/controller.go
[gosec] 2026/02/05 17:25:07 Import directory: /tmp/blitzy/blitzy-kubernetes/blitzy5f91179c1/pkg/controller/certificates/approver
[gosec] 2026/02/05 17:25:08 Checking package: testing
[gosec] 2026/02/05 17:25:08 Checking file: /tmp/blitzy/blitzy-kubernetes/blitzy5f91179c1/pkg/kubelet/apis/podresources/testing/mocks.go
[gosec] 2026/02/05 17:25:08 Import directory: /tmp/blitzy/blitzy-kubernetes/blitzy5f91179c1/pkg/controller/cronjob/config/v1alpha1
[gosec] 2026/02/05 17:25:09 Checking package: populator
[gosec] 2026/02/05 17:25:09 Checking file: /tmp/blitzy/blitzy-kubernetes/blitzy5f91179c1/pkg/controller/volume/attachdetach/populator/desired_state_of_world_populator.go
[gosec] 2026/02/05 17:25:09 Import directory: /tmp/blitzy/blitzy-kubernetes/blitzy5f91179c1/pkg/controller/volume/attachdetach/statusupdater
[gosec] 2026/02/05 17:25:10 Checking package: secret
[gosec] 2026/02/05 17:25:10 Checking file: /tmp/blitzy/blitzy-kubernetes/blitzy5f91179c1/pkg/registry/core/secret/doc.go
[gosec] 2026/02/05 17:25:10 Import directory: /tmp/blitzy/blitzy-kubernetes/blitzy5f91179c1/pkg/kubelet/apis/podresources
[gosec] 2026/02/05 17:25:10 Checking file: /tmp/blitzy/blitzy-kubernetes/blitzy5f91179c1/pkg/registry/core/secret/strategy.go
[gosec] 2026/02/05 17:25:10 Checking package: ipallocator
[gosec] 2026/02/05 17:25:10 Checking file: /tmp/blitzy/blitzy-kubernetes/blitzy5f91179c1/pkg/registry/core/service/ipallocator/bitmap.go
[gosec] 2026/02/05 17:25:10 Import directory: /tmp/blitzy/blitzy-kubernetes/blitzy5f91179c1/pkg/apis/admission/fuzzer
[gosec] 2026/02/05 17:25:11 Checking file: /tmp/blitzy/blitzy-kubernetes/blitzy5f91179c1/pkg/registry/core/service/ipallocator/cidrallocator.go
[gosec] 2026/02/05 17:25:12 Checking file: /tmp/blitzy/blitzy-kubernetes/blitzy5f91179c1/pkg/registry/core/service/ipallocator/interfaces.go
[gosec] 2026/02/05 17:25:12 Checking file: /tmp/blitzy/blitzy-kubernetes/blitzy5f91179c1/pkg/registry/core/service/ipallocator/ipallocator.go
[gosec] 2026/02/05 17:25:14 Checking file: /tmp/blitzy/blitzy-kubernetes/blitzy5f91179c1/pkg/registry/core/service/ipallocator/metrics.go
[gosec] 2026/02/05 17:25:14 Checking package: tolerations
[gosec] 2026/02/05 17:25:14 Checking file: /tmp/blitzy/blitzy-kubernetes/blitzy5f91179c1/pkg/util/tolerations/doc.go
[gosec] 2026/02/05 17:25:14 Checking file: /tmp/blitzy/blitzy-kubernetes/blitzy5f91179c1/pkg/util/tolerations/tolerations.go
[gosec] 2026/02/05 17:25:14 Import directory: /tmp/blitzy/blitzy-kubernetes/blitzy5f91179c1/pkg/api/persistentvolume
[gosec] 2026/02/05 17:25:14 Checking package: v1
[gosec] 2026/02/05 17:25:14 Checking file: /tmp/blitzy/blitzy-kubernetes/blitzy5f91179c1/pkg/apis/authorization/v1/defaults.go
[gosec] 2026/02/05 17:25:14 Import directory: /tmp/blitzy/blitzy-kubernetes/blitzy5f91179c1/pkg/api/service/testing
[gosec] 2026/02/05 17:25:14 Checking file: /tmp/blitzy/blitzy-kubernetes/blitzy5f91179c1/pkg/apis/authorization/v1/doc.go
[gosec] 2026/02/05 17:25:14 Checking file: /tmp/blitzy/blitzy-kubernetes/blitzy5f91179c1/pkg/apis/authorization/v1/register.go
[gosec] 2026/02/05 17:25:14 Checking file: /tmp/blitzy/blitzy-kubernetes/blitzy5f91179c1/pkg/apis/authorization/v1/zz_generated.conversion.go
[gosec] 2026/02/05 17:25:18 Checking file: /tmp/blitzy/blitzy-kubernetes/blitzy5f91179c1/pkg/apis/authorization/v1/zz_generated.defaults.go
[gosec] 2026/02/05 17:25:18 Checking package: validation
[gosec] 2026/02/05 17:25:18 Checking file: /tmp/blitzy/blitzy-kubernetes/blitzy5f91179c1/pkg/apis/core/validation/doc.go
[gosec] 2026/02/05 17:25:18 Import directory: /tmp/blitzy/blitzy-kubernetes/blitzy5f91179c1/pkg/apis/imagepolicy
[gosec] 2026/02/05 17:25:18 Checking file: /tmp/blitzy/blitzy-kubernetes/blitzy5f91179c1/pkg/apis/core/validation/events.go
[gosec] 2026/02/05 17:25:18 Checking file: /tmp/blitzy/blitzy-kubernetes/blitzy5f91179c1/pkg/apis/core/validation/names.go
[gosec] 2026/02/05 17:25:18 Checking file: /tmp/blitzy/blitzy-kubernetes/blitzy5f91179c1/pkg/apis/core/validation/validation.go
[gosec] 2026/02/05 17:25:38 Checking package: v1alpha1
[gosec] 2026/02/05 17:25:38 Checking file: /tmp/blitzy/blitzy-kubernetes/blitzy5f91179c1/pkg/controller/cronjob/config/v1alpha1/conversion.go
[gosec] 2026/02/05 17:25:38 Import directory: /tmp/blitzy/blitzy-kubernetes/blitzy5f91179c1/pkg/util/tail
[gosec] 2026/02/05 17:25:38 Checking file: /tmp/blitzy/blitzy-kubernetes/blitzy5f91179c1/pkg/controller/cronjob/config/v1alpha1/defaults.go
[gosec] 2026/02/05 17:25:38 Checking file: /tmp/blitzy/blitzy-kubernetes/blitzy5f91179c1/pkg/controller/cronjob/config/v1alpha1/doc.go
[gosec] 2026/02/05 17:25:38 Checking file: /tmp/blitzy/blitzy-kubernetes/blitzy5f91179c1/pkg/controller/cronjob/config/v1alpha1/register.go
[gosec] 2026/02/05 17:25:38 Checking file: /tmp/blitzy/blitzy-kubernetes/blitzy5f91179c1/pkg/controller/cronjob/config/v1alpha1/zz_generated.conversion.go
[gosec] 2026/02/05 17:25:38 Checking file: /tmp/blitzy/blitzy-kubernetes/blitzy5f91179c1/pkg/controller/cronjob/config/v1alpha1/zz_generated.deepcopy.go
[gosec] 2026/02/05 17:25:38 Checking package: approver
[gosec] 2026/02/05 17:25:38 Checking file: /tmp/blitzy/blitzy-kubernetes/blitzy5f91179c1/pkg/controller/certificates/approver/sarapprove.go
[gosec] 2026/02/05 17:25:38 Import directory: /tmp/blitzy/blitzy-kubernetes/blitzy5f91179c1/pkg/apis/extensions/fuzzer
[gosec] 2026/02/05 17:25:39 Checking package: podresources
[gosec] 2026/02/05 17:25:39 Checking file: /tmp/blitzy/blitzy-kubernetes/blitzy5f91179c1/pkg/kubelet/apis/podresources/client.go
[gosec] 2026/02/05 17:25:39 Import directory: /tmp/blitzy/blitzy-kubernetes/blitzy5f91179c1/pkg/apis/node
[gosec] 2026/02/05 17:25:39 Checking file: /tmp/blitzy/blitzy-kubernetes/blitzy5f91179c1/pkg/kubelet/apis/podresources/constants.go
[gosec] 2026/02/05 17:25:39 Checking file: /tmp/blitzy/blitzy-kubernetes/blitzy5f91179c1/pkg/kubelet/apis/podresources/server_v1.go
[gosec] 2026/02/05 17:25:39 Checking file: /tmp/blitzy/blitzy-kubernetes/blitzy5f91179c1/pkg/kubelet/apis/podresources/server_v1alpha1.go
[gosec] 2026/02/05 17:25:40 Checking file: /tmp/blitzy/blitzy-kubernetes/blitzy5f91179c1/pkg/kubelet/apis/podresources/types.go
[gosec] 2026/02/05 17:25:40 Checking package: statusupdater
[gosec] 2026/02/05 17:25:40 Checking file: /tmp/blitzy/blitzy-kubernetes/blitzy5f91179c1/pkg/controller/volume/attachdetach/statusupdater/fake_node_status_updater.go
[gosec] 2026/02/05 17:25:40 Import directory: /tmp/blitzy/blitzy-kubernetes/blitzy5f91179c1/pkg/controller/daemon/config/v1alpha1
[gosec] 2026/02/05 17:25:40 Checking file: /tmp/blitzy/blitzy-kubernetes/blitzy5f91179c1/pkg/controller/volume/attachdetach/statusupdater/node_status_updater.go
[gosec] 2026/02/05 17:25:40 Checking package: fuzzer
[gosec] 2026/02/05 17:25:40 Checking file: /tmp/blitzy/blitzy-kubernetes/blitzy5f91179c1/pkg/apis/admission/fuzzer/fuzzer.go
[gosec] 2026/02/05 17:25:40 Import directory: /tmp/blitzy/blitzy-kubernetes/blitzy5f91179c1/pkg/controller/devicetainteviction/metrics
[gosec] 2026/02/05 17:25:40 Checking package: persistentvolume
[gosec] 2026/02/05 17:25:40 Checking file: /tmp/blitzy/blitzy-kubernetes/blitzy5f91179c1/pkg/api/persistentvolume/util.go
[gosec] 2026/02/05 17:25:40 Import directory: /tmp/blitzy/blitzy-kubernetes/blitzy5f91179c1/pkg/kubelet/configmap
[gosec] 2026/02/05 17:25:40 Checking package: testing
[gosec] 2026/02/05 17:25:40 Checking file: /tmp/blitzy/blitzy-kubernetes/blitzy5f91179c1/pkg/api/service/testing/make.go
[gosec] 2026/02/05 17:25:40 Import directory: /tmp/blitzy/blitzy-kubernetes/blitzy5f91179c1/pkg/quota/v1/install
[gosec] 2026/02/05 17:25:41 Checking package: imagepolicy
[gosec] 2026/02/05 17:25:41 Checking file: /tmp/blitzy/blitzy-kubernetes/blitzy5f91179c1/pkg/apis/imagepolicy/doc.go
[gosec] 2026/02/05 17:25:41 Checking file: /tmp/blitzy/blitzy-kubernetes/blitzy5f91179c1/pkg/apis/imagepolicy/register.go
[gosec] 2026/02/05 17:25:41 Import directory: /tmp/blitzy/blitzy-kubernetes/blitzy5f91179c1/pkg/serviceaccount/externaljwt/metrics
[gosec] 2026/02/05 17:25:41 Checking file: /tmp/blitzy/blitzy-kubernetes/blitzy5f91179c1/pkg/apis/imagepolicy/types.go
[gosec] 2026/02/05 17:25:41 Checking file: /tmp/blitzy/blitzy-kubernetes/blitzy5f91179c1/pkg/apis/imagepolicy/zz_generated.deepcopy.go
[gosec] 2026/02/05 17:25:41 Checking package: tail
[gosec] 2026/02/05 17:25:41 Checking file: /tmp/blitzy/blitzy-kubernetes/blitzy5f91179c1/pkg/util/tail/tail.go
[gosec] 2026/02/05 17:25:41 Import directory: /tmp/blitzy/blitzy-kubernetes/blitzy5f91179c1/pkg/volume/iscsi
[gosec] 2026/02/05 17:25:41 Checking package: fuzzer
[gosec] 2026/02/05 17:25:41 Checking file: /tmp/blitzy/blitzy-kubernetes/blitzy5f91179c1/pkg/apis/extensions/fuzzer/fuzzer.go
[gosec] 2026/02/05 17:25:41 Import directory: /tmp/blitzy/blitzy-kubernetes/blitzy5f91179c1/pkg/kubelet/util/manager
[gosec] 2026/02/05 17:25:41 Checking package: node
[gosec] 2026/02/05 17:25:41 Checking file: /tmp/blitzy/blitzy-kubernetes/blitzy5f91179c1/pkg/apis/node/doc.go
[gosec] 2026/02/05 17:25:41 Import directory: /tmp/blitzy/blitzy-kubernetes/blitzy5f91179c1/pkg/registry/autoscaling/horizontalpodautoscaler
[gosec] 2026/02/05 17:25:41 Checking file: /tmp/blitzy/blitzy-kubernetes/blitzy5f91179c1/pkg/apis/node/register.go
[gosec] 2026/02/05 17:25:41 Checking file: /tmp/blitzy/blitzy-kubernetes/blitzy5f91179c1/pkg/apis/node/types.go
[gosec] 2026/02/05 17:25:41 Checking file: /tmp/blitzy/blitzy-kubernetes/blitzy5f91179c1/pkg/apis/node/zz_generated.deepcopy.go
[gosec] 2026/02/05 17:25:42 Checking package: v1alpha1
[gosec] 2026/02/05 17:25:42 Checking file: /tmp/blitzy/blitzy-kubernetes/blitzy5f91179c1/pkg/controller/daemon/config/v1alpha1/conversion.go
[gosec] 2026/02/05 17:25:42 Import directory: /tmp/blitzy/blitzy-kubernetes/blitzy5f91179c1/pkg/registry/core/service/storage
[gosec] 2026/02/05 17:25:42 Checking file: /tmp/blitzy/blitzy-kubernetes/blitzy5f91179c1/pkg/controller/daemon/config/v1alpha1/defaults.go
[gosec] 2026/02/05 17:25:42 Checking file: /tmp/blitzy/blitzy-kubernetes/blitzy5f91179c1/pkg/controller/daemon/config/v1alpha1/doc.go
[gosec] 2026/02/05 17:25:42 Checking file: /tmp/blitzy/blitzy-kubernetes/blitzy5f91179c1/pkg/controller/daemon/config/v1alpha1/register.go
[gosec] 2026/02/05 17:25:42 Checking file: /tmp/blitzy/blitzy-kubernetes/blitzy5f91179c1/pkg/controller/daemon/config/v1alpha1/zz_generated.conversion.go
[gosec] 2026/02/05 17:25:42 Checking file: /tmp/blitzy/blitzy-kubernetes/blitzy5f91179c1/pkg/controller/daemon/config/v1alpha1/zz_generated.deepcopy.go
[gosec] 2026/02/05 17:25:42 Checking package: metrics
[gosec] 2026/02/05 17:25:42 Checking file: /tmp/blitzy/blitzy-kubernetes/blitzy5f91179c1/pkg/controller/devicetainteviction/metrics/metrics.go
[gosec] 2026/02/05 17:25:42 Import directory: /tmp/blitzy/blitzy-kubernetes/blitzy5f91179c1/pkg/registry/discovery/endpointslice/storage
[gosec] 2026/02/05 17:25:43 Checking package: configmap
[gosec] 2026/02/05 17:25:43 Checking file: /tmp/blitzy/blitzy-kubernetes/blitzy5f91179c1/pkg/kubelet/configmap/configmap_manager.go
[gosec] 2026/02/05 17:25:43 Import directory: /tmp/blitzy/blitzy-kubernetes/blitzy5f91179c1/pkg/scheduler/framework/plugins/tainttoleration
[gosec] 2026/02/05 17:25:43 Checking file: /tmp/blitzy/blitzy-kubernetes/blitzy5f91179c1/pkg/kubelet/configmap/fake_manager.go
[gosec] 2026/02/05 17:25:43 Checking package: metrics
[gosec] 2026/02/05 17:25:43 Checking file: /tmp/blitzy/blitzy-kubernetes/blitzy5f91179c1/pkg/serviceaccount/externaljwt/metrics/metrics.go
[gosec] 2026/02/05 17:25:43 Import directory: /tmp/blitzy/blitzy-kubernetes/blitzy5f91179c1/pkg/volume/hostpath
[gosec] 2026/02/05 17:25:43 Checking package: install
[gosec] 2026/02/05 17:25:43 Checking file: /tmp/blitzy/blitzy-kubernetes/blitzy5f91179c1/pkg/quota/v1/install/registry.go
[gosec] 2026/02/05 17:25:43 Import directory: /tmp/blitzy/blitzy-kubernetes/blitzy5f91179c1/pkg/volume/util/types
[gosec] 2026/02/05 17:25:43 Checking file: /tmp/blitzy/blitzy-kubernetes/blitzy5f91179c1/pkg/quota/v1/install/update_filter.go
[gosec] 2026/02/05 17:25:44 Checking package: horizontalpodautoscaler
[gosec] 2026/02/05 17:25:44 Checking file: /tmp/blitzy/blitzy-kubernetes/blitzy5f91179c1/pkg/registry/autoscaling/horizontalpodautoscaler/doc.go
[gosec] 2026/02/05 17:25:44 Checking file: /tmp/blitzy/blitzy-kubernetes/blitzy5f91179c1/pkg/registry/autoscaling/horizontalpodautoscaler/strategy.go
[gosec] 2026/02/05 17:25:44 Import directory: /tmp/blitzy/blitzy-kubernetes/blitzy5f91179c1/pkg/apis/autoscaling/v2beta1
[gosec] 2026/02/05 17:25:44 Checking package: manager
[gosec] 2026/02/05 17:25:44 Checking file: /tmp/blitzy/blitzy-kubernetes/blitzy5f91179c1/pkg/kubelet/util/manager/cache_based_manager.go
[gosec] 2026/02/05 17:25:44 Import directory: /tmp/blitzy/blitzy-kubernetes/blitzy5f91179c1/pkg/apis/extensions/install
[gosec] 2026/02/05 17:25:45 Checking file: /tmp/blitzy/blitzy-kubernetes/blitzy5f91179c1/pkg/kubelet/util/manager/manager.go
[gosec] 2026/02/05 17:25:45 Checking file: /tmp/blitzy/blitzy-kubernetes/blitzy5f91179c1/pkg/kubelet/util/manager/watch_based_manager.go
[gosec] 2026/02/05 17:25:45 Checking package: iscsi
[gosec] 2026/02/05 17:25:45 Checking file: /tmp/blitzy/blitzy-kubernetes/blitzy5f91179c1/pkg/volume/iscsi/attacher.go
[gosec] 2026/02/05 17:25:45 Import directory: /tmp/blitzy/blitzy-kubernetes/blitzy5f91179c1/pkg/controller/ttlafterfinished/config
[gosec] 2026/02/05 17:25:46 Checking file: /tmp/blitzy/blitzy-kubernetes/blitzy5f91179c1/pkg/volume/iscsi/disk_manager.go
[gosec] 2026/02/05 17:25:46 Checking file: /tmp/blitzy/blitzy-kubernetes/blitzy5f91179c1/pkg/volume/iscsi/doc.go
[gosec] 2026/02/05 17:25:46 Checking file: /tmp/blitzy/blitzy-kubernetes/blitzy5f91179c1/pkg/volume/iscsi/iscsi.go
[gosec] 2026/02/05 17:25:49 Checking file: /tmp/blitzy/blitzy-kubernetes/blitzy5f91179c1/pkg/volume/iscsi/iscsi_util.go
[gosec] 2026/02/05 17:25:51 Checking package: storage
[gosec] 2026/02/05 17:25:51 Checking file: /tmp/blitzy/blitzy-kubernetes/blitzy5f91179c1/pkg/registry/core/service/storage/alloc.go
[gosec] 2026/02/05 17:25:51 Import directory: /tmp/blitzy/blitzy-kubernetes/blitzy5f91179c1/pkg/kubelet/kuberuntime
[gosec] 2026/02/05 17:25:53 Checking file: /tmp/blitzy/blitzy-kubernetes/blitzy5f91179c1/pkg/registry/core/service/storage/storage.go
[gosec] 2026/02/05 17:25:55 Checking file: /tmp/blitzy/blitzy-kubernetes/blitzy5f91179c1/pkg/registry/core/service/storage/transaction.go
[gosec] 2026/02/05 17:25:55 Checking package: storage
[gosec] 2026/02/05 17:25:55 Checking file: /tmp/blitzy/blitzy-kubernetes/blitzy5f91179c1/pkg/registry/discovery/endpointslice/storage/storage.go
[gosec] 2026/02/05 17:25:55 Import directory: /tmp/blitzy/blitzy-kubernetes/blitzy5f91179c1/pkg/registry/apps/statefulset
[gosec] 2026/02/05 17:25:55 Checking package: types
[gosec] 2026/02/05 17:25:55 Checking file: /tmp/blitzy/blitzy-kubernetes/blitzy5f91179c1/pkg/volume/util/types/types.go
[gosec] 2026/02/05 17:25:55 Import directory: /tmp/blitzy/blitzy-kubernetes/blitzy5f91179c1/pkg/apis/authentication/fuzzer
[gosec] 2026/02/05 17:25:56 Checking package: tainttoleration
[gosec] 2026/02/05 17:25:56 Checking file: /tmp/blitzy/blitzy-kubernetes/blitzy5f91179c1/pkg/scheduler/framework/plugins/tainttoleration/taint_toleration.go
[gosec] 2026/02/05 17:25:56 Import directory: /tmp/blitzy/blitzy-kubernetes/blitzy5f91179c1/pkg/apis/autoscaling
[gosec] 2026/02/05 17:25:56 Checking package: v2beta1
[gosec] 2026/02/05 17:25:56 Checking file: /tmp/blitzy/blitzy-kubernetes/blitzy5f91179c1/pkg/apis/autoscaling/v2beta1/conversion.go
[gosec] 2026/02/05 17:25:56 Import directory: /tmp/blitzy/blitzy-kubernetes/blitzy5f91179c1/pkg/client/conditions
[gosec] 2026/02/05 17:25:57 Checking file: /tmp/blitzy/blitzy-kubernetes/blitzy5f91179c1/pkg/apis/autoscaling/v2beta1/defaults.go
[gosec] 2026/02/05 17:25:57 Checking file: /tmp/blitzy/blitzy-kubernetes/blitzy5f91179c1/pkg/apis/autoscaling/v2beta1/doc.go
[gosec] 2026/02/05 17:25:57 Checking file: /tmp/blitzy/blitzy-kubernetes/blitzy5f91179c1/pkg/apis/autoscaling/v2beta1/register.go
[gosec] 2026/02/05 17:25:57 Checking file: /tmp/blitzy/blitzy-kubernetes/blitzy5f91179c1/pkg/apis/autoscaling/v2beta1/zz_generated.conversion.go
[gosec] 2026/02/05 17:26:01 Checking file: /tmp/blitzy/blitzy-kubernetes/blitzy5f91179c1/pkg/apis/autoscaling/v2beta1/zz_generated.defaults.go
[gosec] 2026/02/05 17:26:01 Checking package: hostpath
[gosec] 2026/02/05 17:26:01 Checking file: /tmp/blitzy/blitzy-kubernetes/blitzy5f91179c1/pkg/volume/hostpath/doc.go
[gosec] 2026/02/05 17:26:01 Checking file: /tmp/blitzy/blitzy-kubernetes/blitzy5f91179c1/pkg/volume/hostpath/host_path.go
[gosec] 2026/02/05 17:26:01 Import directory: /tmp/blitzy/blitzy-kubernetes/blitzy5f91179c1/pkg/controller/replicaset/config
[gosec] 2026/02/05 17:26:03 Checking package: install
[gosec] 2026/02/05 17:26:03 Checking file: /tmp/blitzy/blitzy-kubernetes/blitzy5f91179c1/pkg/apis/extensions/install/install.go
[gosec] 2026/02/05 17:26:03 Import directory: /tmp/blitzy/blitzy-kubernetes/blitzy5f91179c1/pkg/registry/rbac/role
[gosec] 2026/02/05 17:26:03 Checking package: config
[gosec] 2026/02/05 17:26:03 Checking file: /tmp/blitzy/blitzy-kubernetes/blitzy5f91179c1/pkg/controller/ttlafterfinished/config/doc.go
[gosec] 2026/02/05 17:26:03 Checking file: /tmp/blitzy/blitzy-kubernetes/blitzy5f91179c1/pkg/controller/ttlafterfinished/config/types.go
[gosec] 2026/02/05 17:26:03 Import directory: /tmp/blitzy/blitzy-kubernetes/blitzy5f91179c1/pkg/routes
[gosec] 2026/02/05 17:26:03 Checking file: /tmp/blitzy/blitzy-kubernetes/blitzy5f91179c1/pkg/controller/ttlafterfinished/config/zz_generated.deepcopy.go
[gosec] 2026/02/05 17:26:03 Checking package: kuberuntime
[gosec] 2026/02/05 17:26:03 Checking file: /tmp/blitzy/blitzy-kubernetes/blitzy5f91179c1/pkg/kubelet/kuberuntime/convert.go
[gosec] 2026/02/05 17:26:03 Import directory: /tmp/blitzy/blitzy-kubernetes/blitzy5f91179c1/pkg/scheduler/profile
[gosec] 2026/02/05 17:26:04 Checking file: /tmp/blitzy/blitzy-kubernetes/blitzy5f91179c1/pkg/kubelet/kuberuntime/doc.go
[gosec] 2026/02/05 17:26:04 Checking file: /tmp/blitzy/blitzy-kubernetes/blitzy5f91179c1/pkg/kubelet/kuberuntime/fake_kuberuntime_manager.go
[gosec] 2026/02/05 17:26:04 Checking file: /tmp/blitzy/blitzy-kubernetes/blitzy5f91179c1/pkg/kubelet/kuberuntime/helpers.go
[gosec] 2026/02/05 17:26:05 Checking file: /tmp/blitzy/blitzy-kubernetes/blitzy5f91179c1/pkg/kubelet/kuberuntime/helpers_linux.go
[gosec] 2026/02/05 17:26:06 Checking file: /tmp/blitzy/blitzy-kubernetes/blitzy5f91179c1/pkg/kubelet/kuberuntime/instrumented_services.go
[gosec] 2026/02/05 17:26:06 Checking file: /tmp/blitzy/blitzy-kubernetes/blitzy5f91179c1/pkg/kubelet/kuberuntime/kuberuntime_container.go
[gosec] 2026/02/05 17:26:09 Checking file: /tmp/blitzy/blitzy-kubernetes/blitzy5f91179c1/pkg/kubelet/kuberuntime/kuberuntime_container_linux.go
[gosec] 2026/02/05 17:26:10 Checking file: /tmp/blitzy/blitzy-kubernetes/blitzy5f91179c1/pkg/kubelet/kuberuntime/kuberuntime_gc.go
[gosec] 2026/02/05 17:26:11 Checking file: /tmp/blitzy/blitzy-kubernetes/blitzy5f91179c1/pkg/kubelet/kuberuntime/kuberuntime_image.go
[gosec] 2026/02/05 17:26:11 Checking file: /tmp/blitzy/blitzy-kubernetes/blitzy5f91179c1/pkg/kubelet/kuberuntime/kuberuntime_logs.go
[gosec] 2026/02/05 17:26:11 Checking file: /tmp/blitzy/blitzy-kubernetes/blitzy5f91179c1/pkg/kubelet/kuberuntime/kuberuntime_manager.go
[gosec] 2026/02/05 17:26:15 Checking file: /tmp/blitzy/blitzy-kubernetes/blitzy5f91179c1/pkg/kubelet/kuberuntime/kuberuntime_sandbox.go
[gosec] 2026/02/05 17:26:16 Checking file: /tmp/blitzy/blitzy-kubernetes/blitzy5f91179c1/pkg/kubelet/kuberuntime/kuberuntime_sandbox_linux.go
[gosec] 2026/02/05 17:26:16 Checking file: /tmp/blitzy/blitzy-kubernetes/blitzy5f91179c1/pkg/kubelet/kuberuntime/kuberuntime_termination_order.go
[gosec] 2026/02/05 17:26:17 Checking file: /tmp/blitzy/blitzy-kubernetes/blitzy5f91179c1/pkg/kubelet/kuberuntime/labels.go
[gosec] 2026/02/05 17:26:17 Checking file: /tmp/blitzy/blitzy-kubernetes/blitzy5f91179c1/pkg/kubelet/kuberuntime/legacy.go
[gosec] 2026/02/05 17:26:17 Checking file: /tmp/blitzy/blitzy-kubernetes/blitzy5f91179c1/pkg/kubelet/kuberuntime/security_context.go
[gosec] 2026/02/05 17:26:18 Checking file: /tmp/blitzy/blitzy-kubernetes/blitzy5f91179c1/pkg/kubelet/kuberuntime/security_context_others.go
[gosec] 2026/02/05 17:26:18 Checking package: fuzzer
[gosec] 2026/02/05 17:26:18 Checking file: /tmp/blitzy/blitzy-kubernetes/blitzy5f91179c1/pkg/apis/authentication/fuzzer/fuzzer.go
[gosec] 2026/02/05 17:26:18 Import directory: /tmp/blitzy/blitzy-kubernetes/blitzy5f91179c1/pkg/volume/git_repo
[gosec] 2026/02/05 17:26:18 Checking package: statefulset
[gosec] 2026/02/05 17:26:18 Checking file: /tmp/blitzy/blitzy-kubernetes/blitzy5f91179c1/pkg/registry/apps/statefulset/doc.go
[gosec] 2026/02/05 17:26:18 Import directory: /tmp/blitzy/blitzy-kubernetes/blitzy5f91179c1/pkg/apis/apidiscovery
[gosec] 2026/02/05 17:26:18 Checking file: /tmp/blitzy/blitzy-kubernetes/blitzy5f91179c1/pkg/registry/apps/statefulset/strategy.go
[gosec] 2026/02/05 17:26:18 Checking package: autoscaling
[gosec] 2026/02/05 17:26:18 Checking file: /tmp/blitzy/blitzy-kubernetes/blitzy5f91179c1/pkg/apis/autoscaling/annotations.go
[gosec] 2026/02/05 17:26:18 Import directory: /tmp/blitzy/blitzy-kubernetes/blitzy5f91179c1/pkg/apis/certificates/install
[gosec] 2026/02/05 17:26:18 Checking file: /tmp/blitzy/blitzy-kubernetes/blitzy5f91179c1/pkg/apis/autoscaling/doc.go
[gosec] 2026/02/05 17:26:18 Checking file: /tmp/blitzy/blitzy-kubernetes/blitzy5f91179c1/pkg/apis/autoscaling/helpers.go
[gosec] 2026/02/05 17:26:18 Checking file: /tmp/blitzy/blitzy-kubernetes/blitzy5f91179c1/pkg/apis/autoscaling/register.go
[gosec] 2026/02/05 17:26:19 Checking file: /tmp/blitzy/blitzy-kubernetes/blitzy5f91179c1/pkg/apis/autoscaling/types.go
[gosec] 2026/02/05 17:26:19 Checking file: /tmp/blitzy/blitzy-kubernetes/blitzy5f91179c1/pkg/apis/autoscaling/zz_generated.deepcopy.go
[gosec] 2026/02/05 17:26:22 Checking package: conditions
[gosec] 2026/02/05 17:26:22 Checking file: /tmp/blitzy/blitzy-kubernetes/blitzy5f91179c1/pkg/client/conditions/conditions.go
[gosec] 2026/02/05 17:26:22 Import directory: /tmp/blitzy/blitzy-kubernetes/blitzy5f91179c1/pkg/apis/events/v1
[gosec] 2026/02/05 17:26:22 Checking package: config
[gosec] 2026/02/05 17:26:22 Checking file: /tmp/blitzy/blitzy-kubernetes/blitzy5f91179c1/pkg/controller/replicaset/config/doc.go
[gosec] 2026/02/05 17:26:22 Import directory: /tmp/blitzy/blitzy-kubernetes/blitzy5f91179c1/pkg/controller/volume/persistentvolume
[gosec] 2026/02/05 17:26:22 Checking file: /tmp/blitzy/blitzy-kubernetes/blitzy5f91179c1/pkg/controller/replicaset/config/types.go
[gosec] 2026/02/05 17:26:22 Checking file: /tmp/blitzy/blitzy-kubernetes/blitzy5f91179c1/pkg/controller/replicaset/config/zz_generated.deepcopy.go
[gosec] 2026/02/05 17:26:22 Checking package: role
[gosec] 2026/02/05 17:26:22 Checking file: /tmp/blitzy/blitzy-kubernetes/blitzy5f91179c1/pkg/registry/rbac/role/doc.go
[gosec] 2026/02/05 17:26:22 Checking file: /tmp/blitzy/blitzy-kubernetes/blitzy5f91179c1/pkg/registry/rbac/role/registry.go
[gosec] 2026/02/05 17:26:22 Import directory: /tmp/blitzy/blitzy-kubernetes/blitzy5f91179c1/pkg/kubeapiserver/authenticator
[gosec] 2026/02/05 17:26:22 Checking file: /tmp/blitzy/blitzy-kubernetes/blitzy5f91179c1/pkg/registry/rbac/role/strategy.go
[gosec] 2026/02/05 17:26:22 Checking package: routes
[gosec] 2026/02/05 17:26:22 Checking file: /tmp/blitzy/blitzy-kubernetes/blitzy5f91179c1/pkg/routes/const_other.go
[gosec] 2026/02/05 17:26:22 Checking file: /tmp/blitzy/blitzy-kubernetes/blitzy5f91179c1/pkg/routes/doc.go
[gosec] 2026/02/05 17:26:22 Import directory: /tmp/blitzy/blitzy-kubernetes/blitzy5f91179c1/pkg/kubelet/apis/config/v1beta1
[gosec] 2026/02/05 17:26:22 Checking file: /tmp/blitzy/blitzy-kubernetes/blitzy5f91179c1/pkg/routes/logs.go
[gosec] 2026/02/05 17:26:22 Checking file: /tmp/blitzy/blitzy-kubernetes/blitzy5f91179c1/pkg/routes/openidmetadata.go
[gosec] 2026/02/05 17:26:22 Checking package: profile
[gosec] 2026/02/05 17:26:22 Checking file: /tmp/blitzy/blitzy-kubernetes/blitzy5f91179c1/pkg/scheduler/profile/profile.go
[gosec] 2026/02/05 17:26:22 Import directory: /tmp/blitzy/blitzy-kubernetes/blitzy5f91179c1/pkg/registry/networking/ingress/storage
[gosec] 2026/02/05 17:26:23 Checking package: apidiscovery
[gosec] 2026/02/05 17:26:23 Checking file: /tmp/blitzy/blitzy-kubernetes/blitzy5f91179c1/pkg/apis/apidiscovery/doc.go
[gosec] 2026/02/05 17:26:23 Checking file: /tmp/blitzy/blitzy-kubernetes/blitzy5f91179c1/pkg/apis/apidiscovery/register.go
[gosec] 2026/02/05 17:26:23 Import directory: /tmp/blitzy/blitzy-kubernetes/blitzy5f91179c1/pkg/registry/scheduling/workload/storage
[gosec] 2026/02/05 17:26:23 Checking file: /tmp/blitzy/blitzy-kubernetes/blitzy5f91179c1/pkg/apis/apidiscovery/types.go
[gosec] 2026/02/05 17:26:23 Checking file: /tmp/blitzy/blitzy-kubernetes/blitzy5f91179c1/pkg/apis/apidiscovery/zz_generated.deepcopy.go
[gosec] 2026/02/05 17:26:24 Checking package: git_repo
[gosec] 2026/02/05 17:26:24 Checking file: /tmp/blitzy/blitzy-kubernetes/blitzy5f91179c1/pkg/volume/git_repo/doc.go
[gosec] 2026/02/05 17:26:24 Import directory: /tmp/blitzy/blitzy-kubernetes/blitzy5f91179c1/pkg/api/testing/compat
[gosec] 2026/02/05 17:26:24 Checking file: /tmp/blitzy/blitzy-kubernetes/blitzy5f91179c1/pkg/volume/git_repo/git_repo.go
[gosec] 2026/02/05 17:26:25 Checking package: install
[gosec] 2026/02/05 17:26:25 Checking file: /tmp/blitzy/blitzy-kubernetes/blitzy5f91179c1/pkg/apis/certificates/install/install.go
[gosec] 2026/02/05 17:26:25 Import directory: /tmp/blitzy/blitzy-kubernetes/blitzy5f91179c1/pkg/apis/apps
[gosec] 2026/02/05 17:26:25 Checking package: v1
[gosec] 2026/02/05 17:26:25 Checking file: /tmp/blitzy/blitzy-kubernetes/blitzy5f91179c1/pkg/apis/events/v1/conversion.go
[gosec] 2026/02/05 17:26:25 Import directory: /tmp/blitzy/blitzy-kubernetes/blitzy5f91179c1/pkg/apis/batch
[gosec] 2026/02/05 17:26:25 Checking file: /tmp/blitzy/blitzy-kubernetes/blitzy5f91179c1/pkg/apis/events/v1/doc.go
[gosec] 2026/02/05 17:26:25 Checking file: /tmp/blitzy/blitzy-kubernetes/blitzy5f91179c1/pkg/apis/events/v1/register.go
[gosec] 2026/02/05 17:26:25 Checking file: /tmp/blitzy/blitzy-kubernetes/blitzy5f91179c1/pkg/apis/events/v1/zz_generated.conversion.go
[gosec] 2026/02/05 17:26:26 Checking file: /tmp/blitzy/blitzy-kubernetes/blitzy5f91179c1/pkg/apis/events/v1/zz_generated.defaults.go
[gosec] 2026/02/05 17:26:26 Checking package: authenticator
[gosec] 2026/02/05 17:26:26 Checking file: /tmp/blitzy/blitzy-kubernetes/blitzy5f91179c1/pkg/kubeapiserver/authenticator/config.go
[gosec] 2026/02/05 17:26:26 Import directory: /tmp/blitzy/blitzy-kubernetes/blitzy5f91179c1/pkg/apis/networking/validation
[gosec] 2026/02/05 17:26:27 Checking package: storage
[gosec] 2026/02/05 17:26:27 Checking file: /tmp/blitzy/blitzy-kubernetes/blitzy5f91179c1/pkg/registry/networking/ingress/storage/storage.go
[gosec] 2026/02/05 17:26:27 Import directory: /tmp/blitzy/blitzy-kubernetes/blitzy5f91179c1/pkg/controller/storageversiongc
[gosec] 2026/02/05 17:26:27 Checking package: persistentvolume
[gosec] 2026/02/05 17:26:27 Checking file: /tmp/blitzy/blitzy-kubernetes/blitzy5f91179c1/pkg/controller/volume/persistentvolume/index.go
[gosec] 2026/02/05 17:26:27 Import directory: /tmp/blitzy/blitzy-kubernetes/blitzy5f91179c1/pkg/registry/core/rangeallocation
[gosec] 2026/02/05 17:26:27 Checking file: /tmp/blitzy/blitzy-kubernetes/blitzy5f91179c1/pkg/controller/volume/persistentvolume/pv_controller.go
[gosec] 2026/02/05 17:26:32 Checking file: /tmp/blitzy/blitzy-kubernetes/blitzy5f91179c1/pkg/controller/volume/persistentvolume/pv_controller_base.go
[gosec] 2026/02/05 17:26:34 Checking file: /tmp/blitzy/blitzy-kubernetes/blitzy5f91179c1/pkg/controller/volume/persistentvolume/volume_host.go
[gosec] 2026/02/05 17:26:34 Checking package: v1beta1
[gosec] 2026/02/05 17:26:34 Checking file: /tmp/blitzy/blitzy-kubernetes/blitzy5f91179c1/pkg/kubelet/apis/config/v1beta1/conversion.go
[gosec] 2026/02/05 17:26:34 Import directory: /tmp/blitzy/blitzy-kubernetes/blitzy5f91179c1/pkg/registry/storage/csidriver/storage
[gosec] 2026/02/05 17:26:34 Checking file: /tmp/blitzy/blitzy-kubernetes/blitzy5f91179c1/pkg/kubelet/apis/config/v1beta1/defaults.go
[gosec] 2026/02/05 17:26:34 Checking file: /tmp/blitzy/blitzy-kubernetes/blitzy5f91179c1/pkg/kubelet/apis/config/v1beta1/doc.go
[gosec] 2026/02/05 17:26:34 Checking file: /tmp/blitzy/blitzy-kubernetes/blitzy5f91179c1/pkg/kubelet/apis/config/v1beta1/register.go
[gosec] 2026/02/05 17:26:34 Checking file: /tmp/blitzy/blitzy-kubernetes/blitzy5f91179c1/pkg/kubelet/apis/config/v1beta1/zz_generated.conversion.go
[gosec] 2026/02/05 17:26:43 Checking file: /tmp/blitzy/blitzy-kubernetes/blitzy5f91179c1/pkg/kubelet/apis/config/v1beta1/zz_generated.deepcopy.go
[gosec] 2026/02/05 17:26:43 Checking file: /tmp/blitzy/blitzy-kubernetes/blitzy5f91179c1/pkg/kubelet/apis/config/v1beta1/zz_generated.defaults.go
[gosec] 2026/02/05 17:26:43 Checking package: storage
[gosec] 2026/02/05 17:26:43 Checking file: /tmp/blitzy/blitzy-kubernetes/blitzy5f91179c1/pkg/registry/scheduling/workload/storage/storage.go
[gosec] 2026/02/05 17:26:43 Import directory: /tmp/blitzy/blitzy-kubernetes/blitzy5f91179c1/pkg/scheduler/framework/plugins/volumebinding/metrics
[gosec] 2026/02/05 17:26:43 Checking package: compat
[gosec] 2026/02/05 17:26:43 Checking file: /tmp/blitzy/blitzy-kubernetes/blitzy5f91179c1/pkg/api/testing/compat/compatibility_tester.go
[gosec] 2026/02/05 17:26:43 Import directory: /tmp/blitzy/blitzy-kubernetes/blitzy5f91179c1/pkg/controller/devicetainteviction
[gosec] 2026/02/05 17:26:43 Checking package: apps
[gosec] 2026/02/05 17:26:43 Checking file: /tmp/blitzy/blitzy-kubernetes/blitzy5f91179c1/pkg/apis/apps/doc.go
[gosec] 2026/02/05 17:26:43 Import directory: /tmp/blitzy/blitzy-kubernetes/blitzy5f91179c1/pkg/apis/apiserverinternal/v1alpha1
[gosec] 2026/02/05 17:26:43 Checking file: /tmp/blitzy/blitzy-kubernetes/blitzy5f91179c1/pkg/apis/apps/register.go
[gosec] 2026/02/05 17:26:43 Checking file: /tmp/blitzy/blitzy-kubernetes/blitzy5f91179c1/pkg/apis/apps/types.go
[gosec] 2026/02/05 17:26:43 Checking file: /tmp/blitzy/blitzy-kubernetes/blitzy5f91179c1/pkg/apis/apps/zz_generated.deepcopy.go
[gosec] 2026/02/05 17:26:48 Checking package: batch
[gosec] 2026/02/05 17:26:48 Checking file: /tmp/blitzy/blitzy-kubernetes/blitzy5f91179c1/pkg/apis/batch/doc.go
[gosec] 2026/02/05 17:26:48 Checking file: /tmp/blitzy/blitzy-kubernetes/blitzy5f91179c1/pkg/apis/batch/register.go
[gosec] 2026/02/05 17:26:48 Import directory: /tmp/blitzy/blitzy-kubernetes/blitzy5f91179c1/pkg/controller/podautoscaler/config
[gosec] 2026/02/05 17:26:48 Checking file: /tmp/blitzy/blitzy-kubernetes/blitzy5f91179c1/pkg/apis/batch/types.go
[gosec] 2026/02/05 17:26:48 Checking file: /tmp/blitzy/blitzy-kubernetes/blitzy5f91179c1/pkg/apis/batch/zz_generated.deepcopy.go
[gosec] 2026/02/05 17:26:51 Checking package: validation
[gosec] 2026/02/05 17:26:51 Checking file: /tmp/blitzy/blitzy-kubernetes/blitzy5f91179c1/pkg/apis/networking/validation/validation.go
[gosec] 2026/02/05 17:26:51 Import directory: /tmp/blitzy/blitzy-kubernetes/blitzy5f91179c1/pkg/registry/apps/deployment
[gosec] 2026/02/05 17:26:53 Checking package: rangeallocation
[gosec] 2026/02/05 17:26:53 Checking file: /tmp/blitzy/blitzy-kubernetes/blitzy5f91179c1/pkg/registry/core/rangeallocation/doc.go
[gosec] 2026/02/05 17:26:53 Checking file: /tmp/blitzy/blitzy-kubernetes/blitzy5f91179c1/pkg/registry/core/rangeallocation/registry.go
[gosec] 2026/02/05 17:26:53 Import directory: /tmp/blitzy/blitzy-kubernetes/blitzy5f91179c1/pkg/registry/resource/devicetaintrule
[gosec] 2026/02/05 17:26:53 Checking package: storageversiongc
[gosec] 2026/02/05 17:26:53 Checking file: /tmp/blitzy/blitzy-kubernetes/blitzy5f91179c1/pkg/controller/storageversiongc/gc_controller.go
[gosec] 2026/02/05 17:26:53 Import directory: /tmp/blitzy/blitzy-kubernetes/blitzy5f91179c1/pkg/scheduler/backend/heap
[gosec] 2026/02/05 17:26:54 Checking package: storage
[gosec] 2026/02/05 17:26:54 Checking file: /tmp/blitzy/blitzy-kubernetes/blitzy5f91179c1/pkg/registry/storage/csidriver/storage/storage.go
[gosec] 2026/02/05 17:26:54 Import directory: /tmp/blitzy/blitzy-kubernetes/blitzy5f91179c1/pkg/scheduler/framework/plugins/feature
[gosec] 2026/02/05 17:26:54 Checking package: metrics
[gosec] 2026/02/05 17:26:54 Checking file: /tmp/blitzy/blitzy-kubernetes/blitzy5f91179c1/pkg/scheduler/framework/plugins/volumebinding/metrics/metrics.go
[gosec] 2026/02/05 17:26:54 Import directory: /tmp/blitzy/blitzy-kubernetes/blitzy5f91179c1/pkg/util/filesystem
[gosec] 2026/02/05 17:26:54 Checking package: v1alpha1
[gosec] 2026/02/05 17:26:54 Checking file: /tmp/blitzy/blitzy-kubernetes/blitzy5f91179c1/pkg/apis/apiserverinternal/v1alpha1/doc.go
[gosec] 2026/02/05 17:26:54 Checking file: /tmp/blitzy/blitzy-kubernetes/blitzy5f91179c1/pkg/apis/apiserverinternal/v1alpha1/register.go
[gosec] 2026/02/05 17:26:54 Import directory: /tmp/blitzy/blitzy-kubernetes/blitzy5f91179c1/pkg/apis/discovery/fuzzer
[gosec] 2026/02/05 17:26:54 Checking file: /tmp/blitzy/blitzy-kubernetes/blitzy5f91179c1/pkg/apis/apiserverinternal/v1alpha1/zz_generated.conversion.go
[gosec] 2026/02/05 17:26:55 Checking file: /tmp/blitzy/blitzy-kubernetes/blitzy5f91179c1/pkg/apis/apiserverinternal/v1alpha1/zz_generated.defaults.go
[gosec] 2026/02/05 17:26:55 Checking package: devicetainteviction
[gosec] 2026/02/05 17:26:55 Checking file: /tmp/blitzy/blitzy-kubernetes/blitzy5f91179c1/pkg/controller/devicetainteviction/device_taint_eviction.go
[gosec] 2026/02/05 17:26:55 Import directory: /tmp/blitzy/blitzy-kubernetes/blitzy5f91179c1/pkg/apis/resource/v1beta1
[gosec] 2026/02/05 17:26:59 Checking file: /tmp/blitzy/blitzy-kubernetes/blitzy5f91179c1/pkg/controller/devicetainteviction/doc.go
[gosec] 2026/02/05 17:26:59 Checking file: /tmp/blitzy/blitzy-kubernetes/blitzy5f91179c1/pkg/controller/devicetainteviction/nopqueue.go
[gosec] 2026/02/05 17:26:59 Checking package: config
[gosec] 2026/02/05 17:26:59 Checking file: /tmp/blitzy/blitzy-kubernetes/blitzy5f91179c1/pkg/controller/podautoscaler/config/doc.go
[gosec] 2026/02/05 17:26:59 Checking file: /tmp/blitzy/blitzy-kubernetes/blitzy5f91179c1/pkg/controller/podautoscaler/config/types.go
[gosec] 2026/02/05 17:26:59 Import directory: /tmp/blitzy/blitzy-kubernetes/blitzy5f91179c1/pkg/controller/daemon/util
[gosec] 2026/02/05 17:26:59 Checking file: /tmp/blitzy/blitzy-kubernetes/blitzy5f91179c1/pkg/controller/podautoscaler/config/zz_generated.deepcopy.go
[gosec] 2026/02/05 17:26:59 Checking package: deployment
[gosec] 2026/02/05 17:26:59 Checking file: /tmp/blitzy/blitzy-kubernetes/blitzy5f91179c1/pkg/registry/apps/deployment/doc.go
[gosec] 2026/02/05 17:26:59 Checking file: /tmp/blitzy/blitzy-kubernetes/blitzy5f91179c1/pkg/registry/apps/deployment/strategy.go
[gosec] 2026/02/05 17:26:59 Import directory: /tmp/blitzy/blitzy-kubernetes/blitzy5f91179c1/pkg/controller/util/node
[gosec] 2026/02/05 17:26:59 Checking package: heap
[gosec] 2026/02/05 17:26:59 Checking file: /tmp/blitzy/blitzy-kubernetes/blitzy5f91179c1/pkg/scheduler/backend/heap/heap.go
[gosec] 2026/02/05 17:26:59 Import directory: /tmp/blitzy/blitzy-kubernetes/blitzy5f91179c1/pkg/kubeapiserver/options
[gosec] 2026/02/05 17:27:00 Checking package: devicetaintrule
[gosec] 2026/02/05 17:27:00 Checking file: /tmp/blitzy/blitzy-kubernetes/blitzy5f91179c1/pkg/registry/resource/devicetaintrule/strategy.go
[gosec] 2026/02/05 17:27:00 Import directory: /tmp/blitzy/blitzy-kubernetes/blitzy5f91179c1/pkg/proxy/kubemark
[gosec] 2026/02/05 17:27:00 Checking package: feature
[gosec] 2026/02/05 17:27:00 Checking file: /tmp/blitzy/blitzy-kubernetes/blitzy5f91179c1/pkg/scheduler/framework/plugins/feature/feature.go
[gosec] 2026/02/05 17:27:00 Import directory: /tmp/blitzy/blitzy-kubernetes/blitzy5f91179c1/pkg/registry/rbac/validation
[gosec] 2026/02/05 17:27:00 Checking package: filesystem
[gosec] 2026/02/05 17:27:00 Checking file: /tmp/blitzy/blitzy-kubernetes/blitzy5f91179c1/pkg/util/filesystem/defaultfs.go
[gosec] 2026/02/05 17:27:00 Import directory: /tmp/blitzy/blitzy-kubernetes/blitzy5f91179c1/pkg/volume
[gosec] 2026/02/05 17:27:01 Checking file: /tmp/blitzy/blitzy-kubernetes/blitzy5f91179c1/pkg/util/filesystem/filesystem.go
[gosec] 2026/02/05 17:27:01 Checking file: /tmp/blitzy/blitzy-kubernetes/blitzy5f91179c1/pkg/util/filesystem/util.go
[gosec] 2026/02/05 17:27:01 Checking file: /tmp/blitzy/blitzy-kubernetes/blitzy5f91179c1/pkg/util/filesystem/util_unix.go
[gosec] 2026/02/05 17:27:01 Checking file: /tmp/blitzy/blitzy-kubernetes/blitzy5f91179c1/pkg/util/filesystem/watcher.go
[gosec] 2026/02/05 17:27:01 Checking package: fuzzer
[gosec] 2026/02/05 17:27:01 Checking file: /tmp/blitzy/blitzy-kubernetes/blitzy5f91179c1/pkg/apis/discovery/fuzzer/fuzzer.go
[gosec] 2026/02/05 17:27:01 Import directory: /tmp/blitzy/blitzy-kubernetes/blitzy5f91179c1/pkg/apis/batch/validation
[gosec] 2026/02/05 17:27:01 Checking package: v1beta1
[gosec] 2026/02/05 17:27:01 Checking file: /tmp/blitzy/blitzy-kubernetes/blitzy5f91179c1/pkg/apis/resource/v1beta1/conversion.go
[gosec] 2026/02/05 17:27:01 Import directory: /tmp/blitzy/blitzy-kubernetes/blitzy5f91179c1/pkg/apis/node/v1
[gosec] 2026/02/05 17:27:03 Checking file: /tmp/blitzy/blitzy-kubernetes/blitzy5f91179c1/pkg/apis/resource/v1beta1/defaults.go
[gosec] 2026/02/05 17:27:03 Checking file: /tmp/blitzy/blitzy-kubernetes/blitzy5f91179c1/pkg/apis/resource/v1beta1/doc.go
[gosec] 2026/02/05 17:27:03 Checking file: /tmp/blitzy/blitzy-kubernetes/blitzy5f91179c1/pkg/apis/resource/v1beta1/register.go
[gosec] 2026/02/05 17:27:03 Checking file: /tmp/blitzy/blitzy-kubernetes/blitzy5f91179c1/pkg/apis/resource/v1beta1/zz_generated.conversion.go
[gosec] 2026/02/05 17:27:12 Checking file: /tmp/blitzy/blitzy-kubernetes/blitzy5f91179c1/pkg/apis/resource/v1beta1/zz_generated.defaults.go
[gosec] 2026/02/05 17:27:13 Checking file: /tmp/blitzy/blitzy-kubernetes/blitzy5f91179c1/pkg/apis/resource/v1beta1/zz_generated.validations.go
[gosec] 2026/02/05 17:27:19 Checking package: util
[gosec] 2026/02/05 17:27:19 Checking file: /tmp/blitzy/blitzy-kubernetes/blitzy5f91179c1/pkg/controller/daemon/util/daemonset_util.go
[gosec] 2026/02/05 17:27:19 Import directory: /tmp/blitzy/blitzy-kubernetes/blitzy5f91179c1/pkg/registry/core/node/rest
[gosec] 2026/02/05 17:27:20 Checking package: node
[gosec] 2026/02/05 17:27:20 Checking file: /tmp/blitzy/blitzy-kubernetes/blitzy5f91179c1/pkg/controller/util/node/controller_utils.go
[gosec] 2026/02/05 17:27:20 Import directory: /tmp/blitzy/blitzy-kubernetes/blitzy5f91179c1/pkg/volume/csi/testing
[gosec] 2026/02/05 17:27:21 Checking package: options
[gosec] 2026/02/05 17:27:21 Checking file: /tmp/blitzy/blitzy-kubernetes/blitzy5f91179c1/pkg/kubeapiserver/options/admission.go
[gosec] 2026/02/05 17:27:21 Import directory: /tmp/blitzy/blitzy-kubernetes/blitzy5f91179c1/pkg/controller/devicetainteviction/config/v1alpha1
[gosec] 2026/02/05 17:27:21 Checking file: /tmp/blitzy/blitzy-kubernetes/blitzy5f91179c1/pkg/kubeapiserver/options/authentication.go
[gosec] 2026/02/05 17:27:23 Checking file: /tmp/blitzy/blitzy-kubernetes/blitzy5f91179c1/pkg/kubeapiserver/options/authorization.go
[gosec] 2026/02/05 17:27:23 Checking file: /tmp/blitzy/blitzy-kubernetes/blitzy5f91179c1/pkg/kubeapiserver/options/options.go
[gosec] 2026/02/05 17:27:23 Checking file: /tmp/blitzy/blitzy-kubernetes/blitzy5f91179c1/pkg/kubeapiserver/options/plugins.go
[gosec] 2026/02/05 17:27:23 Checking file: /tmp/blitzy/blitzy-kubernetes/blitzy5f91179c1/pkg/kubeapiserver/options/serving.go
[gosec] 2026/02/05 17:27:23 Checking package: validation
[gosec] 2026/02/05 17:27:23 Checking file: /tmp/blitzy/blitzy-kubernetes/blitzy5f91179c1/pkg/registry/rbac/validation/internal_version_adapter.go
[gosec] 2026/02/05 17:27:23 Import directory: /tmp/blitzy/blitzy-kubernetes/blitzy5f91179c1/pkg/controller/podautoscaler/config/v1alpha1
[gosec] 2026/02/05 17:27:24 Checking file: /tmp/blitzy/blitzy-kubernetes/blitzy5f91179c1/pkg/registry/rbac/validation/policy_compact.go
[gosec] 2026/02/05 17:27:24 Checking file: /tmp/blitzy/blitzy-kubernetes/blitzy5f91179c1/pkg/registry/rbac/validation/rule.go
[gosec] 2026/02/05 17:27:25 Checking package: volume
[gosec] 2026/02/05 17:27:25 Checking file: /tmp/blitzy/blitzy-kubernetes/blitzy5f91179c1/pkg/volume/doc.go
[gosec] 2026/02/05 17:27:25 Import directory: /tmp/blitzy/blitzy-kubernetes/blitzy5f91179c1/pkg/controller/volume/ephemeral/config/v1alpha1
[gosec] 2026/02/05 17:27:25 Checking file: /tmp/blitzy/blitzy-kubernetes/blitzy5f91179c1/pkg/volume/metrics_block.go
[gosec] 2026/02/05 17:27:25 Checking file: /tmp/blitzy/blitzy-kubernetes/blitzy5f91179c1/pkg/volume/metrics_cached.go
[gosec] 2026/02/05 17:27:25 Checking file: /tmp/blitzy/blitzy-kubernetes/blitzy5f91179c1/pkg/volume/metrics_du.go
[gosec] 2026/02/05 17:27:25 Checking file: /tmp/blitzy/blitzy-kubernetes/blitzy5f91179c1/pkg/volume/metrics_errors.go
[gosec] 2026/02/05 17:27:26 Checking file: /tmp/blitzy/blitzy-kubernetes/blitzy5f91179c1/pkg/volume/metrics_nil.go
[gosec] 2026/02/05 17:27:26 Checking file: /tmp/blitzy/blitzy-kubernetes/blitzy5f91179c1/pkg/volume/metrics_statfs.go
[gosec] 2026/02/05 17:27:26 Checking file: /tmp/blitzy/blitzy-kubernetes/blitzy5f91179c1/pkg/volume/noop_expandable_plugin.go
[gosec] 2026/02/05 17:27:26 Checking file: /tmp/blitzy/blitzy-kubernetes/blitzy5f91179c1/pkg/volume/plugins.go
[gosec] 2026/02/05 17:27:28 Checking file: /tmp/blitzy/blitzy-kubernetes/blitzy5f91179c1/pkg/volume/volume.go
[gosec] 2026/02/05 17:27:28 Checking file: /tmp/blitzy/blitzy-kubernetes/blitzy5f91179c1/pkg/volume/volume_linux.go
[gosec] 2026/02/05 17:27:28 Checking package: kubemark
[gosec] 2026/02/05 17:27:28 Checking file: /tmp/blitzy/blitzy-kubernetes/blitzy5f91179c1/pkg/proxy/kubemark/hollow_proxy.go
[gosec] 2026/02/05 17:27:28 Import directory: /tmp/blitzy/blitzy-kubernetes/blitzy5f91179c1/pkg/controlplane/controller/crdregistration
[gosec] 2026/02/05 17:27:29 Checking package: validation
[gosec] 2026/02/05 17:27:29 Checking file: /tmp/blitzy/blitzy-kubernetes/blitzy5f91179c1/pkg/apis/batch/validation/validation.go
[gosec] 2026/02/05 17:27:29 Import directory: /tmp/blitzy/blitzy-kubernetes/blitzy5f91179c1/pkg/kubelet/apis/config/fuzzer
[gosec] 2026/02/05 17:27:31 Checking package: v1
[gosec] 2026/02/05 17:27:31 Checking file: /tmp/blitzy/blitzy-kubernetes/blitzy5f91179c1/pkg/apis/node/v1/doc.go
[gosec] 2026/02/05 17:27:31 Checking file: /tmp/blitzy/blitzy-kubernetes/blitzy5f91179c1/pkg/apis/node/v1/register.go
[gosec] 2026/02/05 17:27:31 Import directory: /tmp/blitzy/blitzy-kubernetes/blitzy5f91179c1/pkg/scheduler/framework/plugins/schedulinggates
[gosec] 2026/02/05 17:27:31 Checking file: /tmp/blitzy/blitzy-kubernetes/blitzy5f91179c1/pkg/apis/node/v1/zz_generated.conversion.go
[gosec] 2026/02/05 17:27:32 Checking package: node
[gosec] 2026/02/05 17:27:32 Checking file: /tmp/blitzy/blitzy-kubernetes/blitzy5f91179c1/pkg/registry/core/node/rest/proxy.go
[gosec] 2026/02/05 17:27:32 Import directory: /tmp/blitzy/blitzy-kubernetes/blitzy5f91179c1/pkg/volume/nfs
[gosec] 2026/02/05 17:27:32 Checking package: v1alpha1
[gosec] 2026/02/05 17:27:32 Checking file: /tmp/blitzy/blitzy-kubernetes/blitzy5f91179c1/pkg/controller/devicetainteviction/config/v1alpha1/conversion.go
[gosec] 2026/02/05 17:27:32 Import directory: /tmp/blitzy/blitzy-kubernetes/blitzy5f91179c1/pkg/apis/autoscaling/fuzzer
[gosec] 2026/02/05 17:27:32 Checking file: /tmp/blitzy/blitzy-kubernetes/blitzy5f91179c1/pkg/controller/devicetainteviction/config/v1alpha1/defaults.go
[gosec] 2026/02/05 17:27:32 Checking file: /tmp/blitzy/blitzy-kubernetes/blitzy5f91179c1/pkg/controller/devicetainteviction/config/v1alpha1/doc.go
[gosec] 2026/02/05 17:27:32 Checking file: /tmp/blitzy/blitzy-kubernetes/blitzy5f91179c1/pkg/controller/devicetainteviction/config/v1alpha1/register.go
[gosec] 2026/02/05 17:27:32 Checking file: /tmp/blitzy/blitzy-kubernetes/blitzy5f91179c1/pkg/controller/devicetainteviction/config/v1alpha1/zz_generated.conversion.go
[gosec] 2026/02/05 17:27:32 Checking file: /tmp/blitzy/blitzy-kubernetes/blitzy5f91179c1/pkg/controller/devicetainteviction/config/v1alpha1/zz_generated.deepcopy.go
[gosec] 2026/02/05 17:27:32 Checking package: testing
[gosec] 2026/02/05 17:27:32 Checking file: /tmp/blitzy/blitzy-kubernetes/blitzy5f91179c1/pkg/volume/csi/testing/testing.go
[gosec] 2026/02/05 17:27:32 Import directory: /tmp/blitzy/blitzy-kubernetes/blitzy5f91179c1/pkg/client/tests
[gosec] 2026/02/05 17:27:32 Checking package: v1alpha1
[gosec] 2026/02/05 17:27:32 Checking file: /tmp/blitzy/blitzy-kubernetes/blitzy5f91179c1/pkg/controller/podautoscaler/config/v1alpha1/conversion.go
[gosec] 2026/02/05 17:27:32 Import directory: /tmp/blitzy/blitzy-kubernetes/blitzy5f91179c1/pkg/controller/endpointslicemirroring
[gosec] 2026/02/05 17:27:32 Checking file: /tmp/blitzy/blitzy-kubernetes/blitzy5f91179c1/pkg/controller/podautoscaler/config/v1alpha1/defaults.go
[gosec] 2026/02/05 17:27:32 Checking file: /tmp/blitzy/blitzy-kubernetes/blitzy5f91179c1/pkg/controller/podautoscaler/config/v1alpha1/doc.go
[gosec] 2026/02/05 17:27:32 Checking file: /tmp/blitzy/blitzy-kubernetes/blitzy5f91179c1/pkg/controller/podautoscaler/config/v1alpha1/register.go
[gosec] 2026/02/05 17:27:32 Checking file: /tmp/blitzy/blitzy-kubernetes/blitzy5f91179c1/pkg/controller/podautoscaler/config/v1alpha1/zz_generated.conversion.go
[gosec] 2026/02/05 17:27:33 Checking file: /tmp/blitzy/blitzy-kubernetes/blitzy5f91179c1/pkg/controller/podautoscaler/config/v1alpha1/zz_generated.deepcopy.go
[gosec] 2026/02/05 17:27:33 Checking package: v1alpha1
[gosec] 2026/02/05 17:27:33 Checking file: /tmp/blitzy/blitzy-kubernetes/blitzy5f91179c1/pkg/controller/volume/ephemeral/config/v1alpha1/conversion.go
[gosec] 2026/02/05 17:27:33 Import directory: /tmp/blitzy/blitzy-kubernetes/blitzy5f91179c1/pkg/kubelet/winstats
[gosec] 2026/02/05 17:27:33 Checking file: /tmp/blitzy/blitzy-kubernetes/blitzy5f91179c1/pkg/controller/volume/ephemeral/config/v1alpha1/defaults.go
[gosec] 2026/02/05 17:27:33 Checking file: /tmp/blitzy/blitzy-kubernetes/blitzy5f91179c1/pkg/controller/volume/ephemeral/config/v1alpha1/doc.go
[gosec] 2026/02/05 17:27:33 Checking file: /tmp/blitzy/blitzy-kubernetes/blitzy5f91179c1/pkg/controller/volume/ephemeral/config/v1alpha1/register.go
[gosec] 2026/02/05 17:27:33 Checking file: /tmp/blitzy/blitzy-kubernetes/blitzy5f91179c1/pkg/controller/volume/ephemeral/config/v1alpha1/zz_generated.conversion.go
[gosec] 2026/02/05 17:27:33 Checking file: /tmp/blitzy/blitzy-kubernetes/blitzy5f91179c1/pkg/controller/volume/ephemeral/config/v1alpha1/zz_generated.deepcopy.go
[gosec] 2026/02/05 17:27:33 Checking package: crdregistration
[gosec] 2026/02/05 17:27:33 Checking file: /tmp/blitzy/blitzy-kubernetes/blitzy5f91179c1/pkg/controlplane/controller/crdregistration/crdregistration_controller.go
[gosec] 2026/02/05 17:27:33 Import directory: /tmp/blitzy/blitzy-kubernetes/blitzy5f91179c1/pkg/proxy
[gosec] 2026/02/05 17:27:33 Checking package: fuzzer
[gosec] 2026/02/05 17:27:33 Checking file: /tmp/blitzy/blitzy-kubernetes/blitzy5f91179c1/pkg/kubelet/apis/config/fuzzer/fuzzer.go
[gosec] 2026/02/05 17:27:33 Import directory: /tmp/blitzy/blitzy-kubernetes/blitzy5f91179c1/pkg/apis/core/v1/validation
[gosec] 2026/02/05 17:27:33 Checking package: schedulinggates
[gosec] 2026/02/05 17:27:33 Checking file: /tmp/blitzy/blitzy-kubernetes/blitzy5f91179c1/pkg/scheduler/framework/plugins/schedulinggates/scheduling_gates.go
[gosec] 2026/02/05 17:27:33 Import directory: /tmp/blitzy/blitzy-kubernetes/blitzy5f91179c1/pkg/api/resourceclaimspec
[gosec] 2026/02/05 17:27:34 Checking package: fuzzer
[gosec] 2026/02/05 17:27:34 Checking file: /tmp/blitzy/blitzy-kubernetes/blitzy5f91179c1/pkg/apis/autoscaling/fuzzer/fuzzer.go
[gosec] 2026/02/05 17:27:34 Import directory: /tmp/blitzy/blitzy-kubernetes/blitzy5f91179c1/pkg/kubelet/apis/config/v1alpha1
[gosec] 2026/02/05 17:27:34 Checking package: tests
[gosec] 2026/02/05 17:27:34 Checking file: /tmp/blitzy/blitzy-kubernetes/blitzy5f91179c1/pkg/client/tests/doc.go
[gosec] 2026/02/05 17:27:34 Import directory: /tmp/blitzy/blitzy-kubernetes/blitzy5f91179c1/pkg/kubelet/volumemanager
[gosec] 2026/02/05 17:27:34 Checking package: nfs
[gosec] 2026/02/05 17:27:34 Checking file: /tmp/blitzy/blitzy-kubernetes/blitzy5f91179c1/pkg/volume/nfs/doc.go
[gosec] 2026/02/05 17:27:34 Checking file: /tmp/blitzy/blitzy-kubernetes/blitzy5f91179c1/pkg/volume/nfs/nfs.go
[gosec] 2026/02/05 17:27:34 Import directory: /tmp/blitzy/blitzy-kubernetes/blitzy5f91179c1/pkg/registry/apps/rest
[gosec] 2026/02/05 17:27:35 Checking package: winstats
[gosec] 2026/02/05 17:27:35 Checking file: /tmp/blitzy/blitzy-kubernetes/blitzy5f91179c1/pkg/kubelet/winstats/doc.go
[gosec] 2026/02/05 17:27:35 Checking package: endpointslicemirroring
[gosec] 2026/02/05 17:27:35 Checking file: /tmp/blitzy/blitzy-kubernetes/blitzy5f91179c1/pkg/controller/endpointslicemirroring/endpointslicemirroring_controller.go
[gosec] 2026/02/05 17:27:35 Import directory: /tmp/blitzy/blitzy-kubernetes/blitzy5f91179c1/pkg/registry/scheduling/priorityclass/storage
[gosec] 2026/02/05 17:27:35 Import directory: /tmp/blitzy/blitzy-kubernetes/blitzy5f91179c1/pkg/registry/storagemigration/storagemigration/storage
[gosec] 2026/02/05 17:27:36 Checking file: /tmp/blitzy/blitzy-kubernetes/blitzy5f91179c1/pkg/controller/endpointslicemirroring/events.go
[gosec] 2026/02/05 17:27:36 Checking file: /tmp/blitzy/blitzy-kubernetes/blitzy5f91179c1/pkg/controller/endpointslicemirroring/reconciler.go
[gosec] 2026/02/05 17:27:37 Checking file: /tmp/blitzy/blitzy-kubernetes/blitzy5f91179c1/pkg/controller/endpointslicemirroring/reconciler_helpers.go
[gosec] 2026/02/05 17:27:37 Checking file: /tmp/blitzy/blitzy-kubernetes/blitzy5f91179c1/pkg/controller/endpointslicemirroring/utils.go
[gosec] 2026/02/05 17:27:38 Checking package: proxy
[gosec] 2026/02/05 17:27:38 Checking file: /tmp/blitzy/blitzy-kubernetes/blitzy5f91179c1/pkg/proxy/doc.go
[gosec] 2026/02/05 17:27:38 Checking file: /tmp/blitzy/blitzy-kubernetes/blitzy5f91179c1/pkg/proxy/endpoint.go
[gosec] 2026/02/05 17:27:38 Import directory: /tmp/blitzy/blitzy-kubernetes/blitzy5f91179c1/pkg/scheduler/framework/plugins/volumezone
[gosec] 2026/02/05 17:27:38 Checking file: /tmp/blitzy/blitzy-kubernetes/blitzy5f91179c1/pkg/proxy/endpointschangetracker.go
[gosec] 2026/02/05 17:27:39 Checking file: /tmp/blitzy/blitzy-kubernetes/blitzy5f91179c1/pkg/proxy/endpointslicecache.go
[gosec] 2026/02/05 17:27:39 Checking file: /tmp/blitzy/blitzy-kubernetes/blitzy5f91179c1/pkg/proxy/node.go
[gosec] 2026/02/05 17:27:40 Checking file: /tmp/blitzy/blitzy-kubernetes/blitzy5f91179c1/pkg/proxy/servicechangetracker.go
[gosec] 2026/02/05 17:27:40 Checking file: /tmp/blitzy/blitzy-kubernetes/blitzy5f91179c1/pkg/proxy/serviceport.go
[gosec] 2026/02/05 17:27:40 Checking file: /tmp/blitzy/blitzy-kubernetes/blitzy5f91179c1/pkg/proxy/topology.go
[gosec] 2026/02/05 17:27:41 Checking file: /tmp/blitzy/blitzy-kubernetes/blitzy5f91179c1/pkg/proxy/types.go
[gosec] 2026/02/05 17:27:41 Checking package: resourceclaimspec
[gosec] 2026/02/05 17:27:41 Checking file: /tmp/blitzy/blitzy-kubernetes/blitzy5f91179c1/pkg/api/resourceclaimspec/util.go
[gosec] 2026/02/05 17:27:41 Import directory: /tmp/blitzy/blitzy-kubernetes/blitzy5f91179c1/pkg/apis/events/install
[gosec] 2026/02/05 17:27:42 Checking package: validation
[gosec] 2026/02/05 17:27:42 Checking file: /tmp/blitzy/blitzy-kubernetes/blitzy5f91179c1/pkg/apis/core/v1/validation/validation.go
[gosec] 2026/02/05 17:27:42 Import directory: /tmp/blitzy/blitzy-kubernetes/blitzy5f91179c1/pkg/apis/scheduling/v1
[gosec] 2026/02/05 17:27:42 Checking package: v1alpha1
[gosec] 2026/02/05 17:27:42 Checking file: /tmp/blitzy/blitzy-kubernetes/blitzy5f91179c1/pkg/kubelet/apis/config/v1alpha1/conversion.go
[gosec] 2026/02/05 17:27:42 Import directory: /tmp/blitzy/blitzy-kubernetes/blitzy5f91179c1/pkg/scheduler/testing/framework
[gosec] 2026/02/05 17:27:42 Checking file: /tmp/blitzy/blitzy-kubernetes/blitzy5f91179c1/pkg/kubelet/apis/config/v1alpha1/doc.go
[gosec] 2026/02/05 17:27:42 Checking file: /tmp/blitzy/blitzy-kubernetes/blitzy5f91179c1/pkg/kubelet/apis/config/v1alpha1/register.go
[gosec] 2026/02/05 17:27:42 Checking file: /tmp/blitzy/blitzy-kubernetes/blitzy5f91179c1/pkg/kubelet/apis/config/v1alpha1/zz_generated.conversion.go
[gosec] 2026/02/05 17:27:43 Checking file: /tmp/blitzy/blitzy-kubernetes/blitzy5f91179c1/pkg/kubelet/apis/config/v1alpha1/zz_generated.deepcopy.go
[gosec] 2026/02/05 17:27:43 Checking file: /tmp/blitzy/blitzy-kubernetes/blitzy5f91179c1/pkg/kubelet/apis/config/v1alpha1/zz_generated.defaults.go
[gosec] 2026/02/05 17:27:43 Checking package: volumemanager
[gosec] 2026/02/05 17:27:43 Checking file: /tmp/blitzy/blitzy-kubernetes/blitzy5f91179c1/pkg/kubelet/volumemanager/volume_manager.go
[gosec] 2026/02/05 17:27:43 Import directory: /tmp/blitzy/blitzy-kubernetes/blitzy5f91179c1/pkg/util/parsers
[gosec] 2026/02/05 17:27:44 Checking file: /tmp/blitzy/blitzy-kubernetes/blitzy5f91179c1/pkg/kubelet/volumemanager/volume_manager_fake.go
[gosec] 2026/02/05 17:27:45 Checking package: rest
[gosec] 2026/02/05 17:27:45 Checking file: /tmp/blitzy/blitzy-kubernetes/blitzy5f91179c1/pkg/registry/apps/rest/storage_apps.go
[gosec] 2026/02/05 17:27:45 Import directory: /tmp/blitzy/blitzy-kubernetes/blitzy5f91179c1/pkg/api/v1/service
[gosec] 2026/02/05 17:27:45 Checking package: storage
[gosec] 2026/02/05 17:27:45 Checking file: /tmp/blitzy/blitzy-kubernetes/blitzy5f91179c1/pkg/registry/storagemigration/storagemigration/storage/storage.go
[gosec] 2026/02/05 17:27:45 Import directory: /tmp/blitzy/blitzy-kubernetes/blitzy5f91179c1/pkg/apis/imagepolicy/v1alpha1
[gosec] 2026/02/05 17:27:45 Checking package: storage
[gosec] 2026/02/05 17:27:45 Checking file: /tmp/blitzy/blitzy-kubernetes/blitzy5f91179c1/pkg/registry/scheduling/priorityclass/storage/storage.go
[gosec] 2026/02/05 17:27:45 Import directory: /tmp/blitzy/blitzy-kubernetes/blitzy5f91179c1/pkg/apis/storage
[gosec] 2026/02/05 17:27:46 Checking package: volumezone
[gosec] 2026/02/05 17:27:46 Checking file: /tmp/blitzy/blitzy-kubernetes/blitzy5f91179c1/pkg/scheduler/framework/plugins/volumezone/volume_zone.go
[gosec] 2026/02/05 17:27:46 Import directory: /tmp/blitzy/blitzy-kubernetes/blitzy5f91179c1/pkg/registry/admissionregistration/mutatingadmissionpolicybinding/storage
[gosec] 2026/02/05 17:27:47 Checking package: install
[gosec] 2026/02/05 17:27:47 Checking file: /tmp/blitzy/blitzy-kubernetes/blitzy5f91179c1/pkg/apis/events/install/install.go
[gosec] 2026/02/05 17:27:47 Import directory: /tmp/blitzy/blitzy-kubernetes/blitzy5f91179c1/pkg/registry/apps/replicaset
[gosec] 2026/02/05 17:27:47 Checking package: v1
[gosec] 2026/02/05 17:27:47 Checking file: /tmp/blitzy/blitzy-kubernetes/blitzy5f91179c1/pkg/apis/scheduling/v1/defaults.go
[gosec] 2026/02/05 17:27:47 Import directory: /tmp/blitzy/blitzy-kubernetes/blitzy5f91179c1/pkg/registry/coordination/lease/storage
[gosec] 2026/02/05 17:27:47 Checking file: /tmp/blitzy/blitzy-kubernetes/blitzy5f91179c1/pkg/apis/scheduling/v1/doc.go
[gosec] 2026/02/05 17:27:47 Checking file: /tmp/blitzy/blitzy-kubernetes/blitzy5f91179c1/pkg/apis/scheduling/v1/helpers.go
[gosec] 2026/02/05 17:27:47 Checking file: /tmp/blitzy/blitzy-kubernetes/blitzy5f91179c1/pkg/apis/scheduling/v1/register.go
[gosec] 2026/02/05 17:27:47 Checking file: /tmp/blitzy/blitzy-kubernetes/blitzy5f91179c1/pkg/apis/scheduling/v1/zz_generated.conversion.go
[gosec] 2026/02/05 17:27:47 Checking file: /tmp/blitzy/blitzy-kubernetes/blitzy5f91179c1/pkg/apis/scheduling/v1/zz_generated.defaults.go
[gosec] 2026/02/05 17:27:48 Checking package: framework
[gosec] 2026/02/05 17:27:48 Checking file: /tmp/blitzy/blitzy-kubernetes/blitzy5f91179c1/pkg/scheduler/testing/framework/fake_extender.go
[gosec] 2026/02/05 17:27:48 Import directory: /tmp/blitzy/blitzy-kubernetes/blitzy5f91179c1/pkg/registry/resource
[gosec] 2026/02/05 17:27:49 Checking file: /tmp/blitzy/blitzy-kubernetes/blitzy5f91179c1/pkg/scheduler/testing/framework/fake_listers.go
[gosec] 2026/02/05 17:27:50 Checking file: /tmp/blitzy/blitzy-kubernetes/blitzy5f91179c1/pkg/scheduler/testing/framework/fake_plugins.go
[gosec] 2026/02/05 17:27:51 Checking file: /tmp/blitzy/blitzy-kubernetes/blitzy5f91179c1/pkg/scheduler/testing/framework/framework_helpers.go
[gosec] 2026/02/05 17:27:51 Checking package: parsers
[gosec] 2026/02/05 17:27:51 Checking file: /tmp/blitzy/blitzy-kubernetes/blitzy5f91179c1/pkg/util/parsers/parsers.go
[gosec] 2026/02/05 17:27:51 Import directory: /tmp/blitzy/blitzy-kubernetes/blitzy5f91179c1/pkg/apis/apps/v1beta1
[gosec] 2026/02/05 17:27:51 Checking package: service
[gosec] 2026/02/05 17:27:51 Checking file: /tmp/blitzy/blitzy-kubernetes/blitzy5f91179c1/pkg/api/v1/service/util.go
[gosec] 2026/02/05 17:27:51 Import directory: /tmp/blitzy/blitzy-kubernetes/blitzy5f91179c1/pkg/apis/authentication/install
[gosec] 2026/02/05 17:27:52 Checking package: v1alpha1
[gosec] 2026/02/05 17:27:52 Checking file: /tmp/blitzy/blitzy-kubernetes/blitzy5f91179c1/pkg/apis/imagepolicy/v1alpha1/doc.go
[gosec] 2026/02/05 17:27:52 Import directory: /tmp/blitzy/blitzy-kubernetes/blitzy5f91179c1/pkg/controlplane/controller/apiserverleasegc
[gosec] 2026/02/05 17:27:52 Checking file: /tmp/blitzy/blitzy-kubernetes/blitzy5f91179c1/pkg/apis/imagepolicy/v1alpha1/register.go
[gosec] 2026/02/05 17:27:52 Checking file: /tmp/blitzy/blitzy-kubernetes/blitzy5f91179c1/pkg/apis/imagepolicy/v1alpha1/zz_generated.conversion.go
[gosec] 2026/02/05 17:27:53 Checking file: /tmp/blitzy/blitzy-kubernetes/blitzy5f91179c1/pkg/apis/imagepolicy/v1alpha1/zz_generated.defaults.go
[gosec] 2026/02/05 17:27:53 Checking package: storage
[gosec] 2026/02/05 17:27:53 Checking file: /tmp/blitzy/blitzy-kubernetes/blitzy5f91179c1/pkg/apis/storage/doc.go
[gosec] 2026/02/05 17:27:53 Import directory: /tmp/blitzy/blitzy-kubernetes/blitzy5f91179c1/pkg/registry/apps/deployment/storage
[gosec] 2026/02/05 17:27:53 Checking file: /tmp/blitzy/blitzy-kubernetes/blitzy5f91179c1/pkg/apis/storage/register.go
[gosec] 2026/02/05 17:27:53 Checking file: /tmp/blitzy/blitzy-kubernetes/blitzy5f91179c1/pkg/apis/storage/types.go
[gosec] 2026/02/05 17:27:53 Checking file: /tmp/blitzy/blitzy-kubernetes/blitzy5f91179c1/pkg/apis/storage/zz_generated.deepcopy.go
[gosec] 2026/02/05 17:27:56 Checking package: storage
[gosec] 2026/02/05 17:27:56 Checking file: /tmp/blitzy/blitzy-kubernetes/blitzy5f91179c1/pkg/registry/admissionregistration/mutatingadmissionpolicybinding/storage/storage.go
[gosec] 2026/02/05 17:27:56 Import directory: /tmp/blitzy/blitzy-kubernetes/blitzy5f91179c1/pkg/registry/core/configmap/storage
[gosec] 2026/02/05 17:27:57 Checking package: storage
[gosec] 2026/02/05 17:27:57 Checking file: /tmp/blitzy/blitzy-kubernetes/blitzy5f91179c1/pkg/registry/coordination/lease/storage/storage.go
[gosec] 2026/02/05 17:27:57 Import directory: /tmp/blitzy/blitzy-kubernetes/blitzy5f91179c1/pkg/api/v1/pod
[gosec] 2026/02/05 17:27:57 Checking package: replicaset
[gosec] 2026/02/05 17:27:57 Checking file: /tmp/blitzy/blitzy-kubernetes/blitzy5f91179c1/pkg/registry/apps/replicaset/doc.go
[gosec] 2026/02/05 17:27:57 Import directory: /tmp/blitzy/blitzy-kubernetes/blitzy5f91179c1/pkg/apis/abac/latest
[gosec] 2026/02/05 17:27:57 Checking file: /tmp/blitzy/blitzy-kubernetes/blitzy5f91179c1/pkg/registry/apps/replicaset/strategy.go
[gosec] 2026/02/05 17:27:57 Checking package: resource
[gosec] 2026/02/05 17:27:57 Checking file: /tmp/blitzy/blitzy-kubernetes/blitzy5f91179c1/pkg/registry/resource/utils.go
[gosec] 2026/02/05 17:27:57 Import directory: /tmp/blitzy/blitzy-kubernetes/blitzy5f91179c1/pkg/apis/rbac/fuzzer
[gosec] 2026/02/05 17:27:58 Checking package: install
[gosec] 2026/02/05 17:27:58 Checking file: /tmp/blitzy/blitzy-kubernetes/blitzy5f91179c1/pkg/apis/authentication/install/install.go
[gosec] 2026/02/05 17:27:58 Import directory: /tmp/blitzy/blitzy-kubernetes/blitzy5f91179c1/pkg/controller/podautoscaler
[gosec] 2026/02/05 17:27:58 Checking package: v1beta1
[gosec] 2026/02/05 17:27:58 Checking file: /tmp/blitzy/blitzy-kubernetes/blitzy5f91179c1/pkg/apis/apps/v1beta1/conversion.go
[gosec] 2026/02/05 17:27:58 Import directory: /tmp/blitzy/blitzy-kubernetes/blitzy5f91179c1/pkg/generated/openapi
[gosec] 2026/02/05 17:27:58 Checking file: /tmp/blitzy/blitzy-kubernetes/blitzy5f91179c1/pkg/apis/apps/v1beta1/defaults.go
[gosec] 2026/02/05 17:27:58 Checking file: /tmp/blitzy/blitzy-kubernetes/blitzy5f91179c1/pkg/apis/apps/v1beta1/doc.go
[gosec] 2026/02/05 17:27:58 Checking file: /tmp/blitzy/blitzy-kubernetes/blitzy5f91179c1/pkg/apis/apps/v1beta1/register.go
[gosec] 2026/02/05 17:27:58 Checking file: /tmp/blitzy/blitzy-kubernetes/blitzy5f91179c1/pkg/apis/apps/v1beta1/zz_generated.conversion.go
[gosec] 2026/02/05 17:28:04 Checking file: /tmp/blitzy/blitzy-kubernetes/blitzy5f91179c1/pkg/apis/apps/v1beta1/zz_generated.defaults.go
[gosec] 2026/02/05 17:28:06 Checking file: /tmp/blitzy/blitzy-kubernetes/blitzy5f91179c1/pkg/apis/apps/v1beta1/zz_generated.validations.go
[gosec] 2026/02/05 17:28:06 Checking package: apiserverleasegc
[gosec] 2026/02/05 17:28:06 Checking file: /tmp/blitzy/blitzy-kubernetes/blitzy5f91179c1/pkg/controlplane/controller/apiserverleasegc/gc_controller.go
[gosec] 2026/02/05 17:28:06 Import directory: /tmp/blitzy/blitzy-kubernetes/blitzy5f91179c1/pkg/kubelet/cm/devicemanager/checkpoint
[gosec] 2026/02/05 17:28:06 Checking package: storage
[gosec] 2026/02/05 17:28:06 Checking file: /tmp/blitzy/blitzy-kubernetes/blitzy5f91179c1/pkg/registry/apps/deployment/storage/storage.go
[gosec] 2026/02/05 17:28:06 Import directory: /tmp/blitzy/blitzy-kubernetes/blitzy5f91179c1/pkg/volume/portworx
[gosec] 2026/02/05 17:28:08 Checking package: pod
[gosec] 2026/02/05 17:28:08 Checking file: /tmp/blitzy/blitzy-kubernetes/blitzy5f91179c1/pkg/api/v1/pod/util.go
[gosec] 2026/02/05 17:28:08 Import directory: /tmp/blitzy/blitzy-kubernetes/blitzy5f91179c1/pkg/apis/admission/v1beta1
[gosec] 2026/02/05 17:28:10 Checking package: latest
[gosec] 2026/02/05 17:28:10 Checking file: /tmp/blitzy/blitzy-kubernetes/blitzy5f91179c1/pkg/apis/abac/latest/latest.go
[gosec] 2026/02/05 17:28:10 Import directory: /tmp/blitzy/blitzy-kubernetes/blitzy5f91179c1/pkg/controller/volume/persistentvolume/config/v1alpha1
[gosec] 2026/02/05 17:28:10 Checking package: storage
[gosec] 2026/02/05 17:28:10 Checking file: /tmp/blitzy/blitzy-kubernetes/blitzy5f91179c1/pkg/registry/core/configmap/storage/storage.go
[gosec] 2026/02/05 17:28:10 Import directory: /tmp/blitzy/blitzy-kubernetes/blitzy5f91179c1/pkg/kubectl/cmd/convert
[gosec] 2026/02/05 17:28:11 Checking package: fuzzer
[gosec] 2026/02/05 17:28:11 Checking file: /tmp/blitzy/blitzy-kubernetes/blitzy5f91179c1/pkg/apis/rbac/fuzzer/fuzzer.go
[gosec] 2026/02/05 17:28:11 Import directory: /tmp/blitzy/blitzy-kubernetes/blitzy5f91179c1/pkg/kubelet/cm/cpumanager
[gosec] 2026/02/05 17:28:11 Checking package: openapi
[gosec] 2026/02/05 17:28:11 Checking file: /tmp/blitzy/blitzy-kubernetes/blitzy5f91179c1/pkg/generated/openapi/doc.go
[gosec] 2026/02/05 17:28:11 Import directory: /tmp/blitzy/blitzy-kubernetes/blitzy5f91179c1/pkg/kubelet/logs
[gosec] 2026/02/05 17:28:11 Checking file: /tmp/blitzy/blitzy-kubernetes/blitzy5f91179c1/pkg/generated/openapi/zz_generated.openapi.go
[gosec] 2026/02/05 17:29:07 Checking package: podautoscaler
[gosec] 2026/02/05 17:29:07 Checking file: /tmp/blitzy/blitzy-kubernetes/blitzy5f91179c1/pkg/controller/podautoscaler/doc.go
[gosec] 2026/02/05 17:29:07 Import directory: /tmp/blitzy/blitzy-kubernetes/blitzy5f91179c1/pkg/kubelet/runtimeclass/testing
[gosec] 2026/02/05 17:29:07 Checking file: /tmp/blitzy/blitzy-kubernetes/blitzy5f91179c1/pkg/controller/podautoscaler/horizontal.go
[gosec] 2026/02/05 17:29:10 Checking file: /tmp/blitzy/blitzy-kubernetes/blitzy5f91179c1/pkg/controller/podautoscaler/rate_limiters.go
[gosec] 2026/02/05 17:29:10 Checking file: /tmp/blitzy/blitzy-kubernetes/blitzy5f91179c1/pkg/controller/podautoscaler/replica_calculator.go
[gosec] 2026/02/05 17:29:11 Checking package: checkpoint
[gosec] 2026/02/05 17:29:11 Checking file: /tmp/blitzy/blitzy-kubernetes/blitzy5f91179c1/pkg/kubelet/cm/devicemanager/checkpoint/checkpoint.go
[gosec] 2026/02/05 17:29:11 Import directory: /tmp/blitzy/blitzy-kubernetes/blitzy5f91179c1/pkg/registry/certificates/podcertificaterequest
[gosec] 2026/02/05 17:29:11 Checking package: portworx
[gosec] 2026/02/05 17:29:11 Checking file: /tmp/blitzy/blitzy-kubernetes/blitzy5f91179c1/pkg/volume/portworx/doc.go
[gosec] 2026/02/05 17:29:11 Import directory: /tmp/blitzy/blitzy-kubernetes/blitzy5f91179c1/pkg/registry/coordination/leasecandidate
[gosec] 2026/02/05 17:29:11 Checking file: /tmp/blitzy/blitzy-kubernetes/blitzy5f91179c1/pkg/volume/portworx/portworx.go
[gosec] 2026/02/05 17:29:13 Checking file: /tmp/blitzy/blitzy-kubernetes/blitzy5f91179c1/pkg/volume/portworx/portworx_util.go
[gosec] 2026/02/05 17:29:13 Checking package: v1beta1
[gosec] 2026/02/05 17:29:13 Checking file: /tmp/blitzy/blitzy-kubernetes/blitzy5f91179c1/pkg/apis/admission/v1beta1/doc.go
[gosec] 2026/02/05 17:29:13 Checking file: /tmp/blitzy/blitzy-kubernetes/blitzy5f91179c1/pkg/apis/admission/v1beta1/register.go
[gosec] 2026/02/05 17:29:13 Import directory: /tmp/blitzy/blitzy-kubernetes/blitzy5f91179c1/pkg/apis/apps/v1
[gosec] 2026/02/05 17:29:13 Checking file: /tmp/blitzy/blitzy-kubernetes/blitzy5f91179c1/pkg/apis/admission/v1beta1/zz_generated.conversion.go
[gosec] 2026/02/05 17:29:15 Checking file: /tmp/blitzy/blitzy-kubernetes/blitzy5f91179c1/pkg/apis/admission/v1beta1/zz_generated.defaults.go
[gosec] 2026/02/05 17:29:15 Checking package: v1alpha1
[gosec] 2026/02/05 17:29:15 Checking file: /tmp/blitzy/blitzy-kubernetes/blitzy5f91179c1/pkg/controller/volume/persistentvolume/config/v1alpha1/conversion.go
[gosec] 2026/02/05 17:29:15 Import directory: /tmp/blitzy/blitzy-kubernetes/blitzy5f91179c1/pkg/kubelet/pluginmanager/operationexecutor
[gosec] 2026/02/05 17:29:15 Checking file: /tmp/blitzy/blitzy-kubernetes/blitzy5f91179c1/pkg/controller/volume/persistentvolume/config/v1alpha1/defaults.go
[gosec] 2026/02/05 17:29:15 Checking file: /tmp/blitzy/blitzy-kubernetes/blitzy5f91179c1/pkg/controller/volume/persistentvolume/config/v1alpha1/doc.go
[gosec] 2026/02/05 17:29:15 Checking file: /tmp/blitzy/blitzy-kubernetes/blitzy5f91179c1/pkg/controller/volume/persistentvolume/config/v1alpha1/register.go
[gosec] 2026/02/05 17:29:15 Checking file: /tmp/blitzy/blitzy-kubernetes/blitzy5f91179c1/pkg/controller/volume/persistentvolume/config/v1alpha1/zz_generated.conversion.go
[gosec] 2026/02/05 17:29:16 Checking file: /tmp/blitzy/blitzy-kubernetes/blitzy5f91179c1/pkg/controller/volume/persistentvolume/config/v1alpha1/zz_generated.deepcopy.go
[gosec] 2026/02/05 17:29:16 Checking package: convert
[gosec] 2026/02/05 17:29:16 Checking file: /tmp/blitzy/blitzy-kubernetes/blitzy5f91179c1/pkg/kubectl/cmd/convert/convert.go
[gosec] 2026/02/05 17:29:16 Import directory: /tmp/blitzy/blitzy-kubernetes/blitzy5f91179c1/pkg/registry/events/rest
[gosec] 2026/02/05 17:29:16 Checking file: /tmp/blitzy/blitzy-kubernetes/blitzy5f91179c1/pkg/kubectl/cmd/convert/import_known_versions.go
[gosec] 2026/02/05 17:29:16 Checking package: logs
[gosec] 2026/02/05 17:29:16 Checking file: /tmp/blitzy/blitzy-kubernetes/blitzy5f91179c1/pkg/kubelet/logs/container_log_manager.go
[gosec] 2026/02/05 17:29:16 Import directory: /tmp/blitzy/blitzy-kubernetes/blitzy5f91179c1/pkg/registry/flowcontrol/rest
[gosec] 2026/02/05 17:29:17 Checking file: /tmp/blitzy/blitzy-kubernetes/blitzy5f91179c1/pkg/kubelet/logs/container_log_manager_stub.go
[gosec] 2026/02/05 17:29:17 Checking package: cpumanager
[gosec] 2026/02/05 17:29:17 Checking file: /tmp/blitzy/blitzy-kubernetes/blitzy5f91179c1/pkg/kubelet/cm/cpumanager/cpu_assignment.go
[gosec] 2026/02/05 17:29:17 Import directory: /tmp/blitzy/blitzy-kubernetes/blitzy5f91179c1/pkg/scheduler/framework/plugins/testing
[gosec] 2026/02/05 17:29:19 Checking file: /tmp/blitzy/blitzy-kubernetes/blitzy5f91179c1/pkg/kubelet/cm/cpumanager/cpu_manager.go
[gosec] 2026/02/05 17:29:20 Checking file: /tmp/blitzy/blitzy-kubernetes/blitzy5f91179c1/pkg/kubelet/cm/cpumanager/cpu_manager_others.go
[gosec] 2026/02/05 17:29:20 Checking file: /tmp/blitzy/blitzy-kubernetes/blitzy5f91179c1/pkg/kubelet/cm/cpumanager/fake_cpu_manager.go
[gosec] 2026/02/05 17:29:21 Checking file: /tmp/blitzy/blitzy-kubernetes/blitzy5f91179c1/pkg/kubelet/cm/cpumanager/policy.go
[gosec] 2026/02/05 17:29:21 Checking file: /tmp/blitzy/blitzy-kubernetes/blitzy5f91179c1/pkg/kubelet/cm/cpumanager/policy_none.go
[gosec] 2026/02/05 17:29:21 Checking file: /tmp/blitzy/blitzy-kubernetes/blitzy5f91179c1/pkg/kubelet/cm/cpumanager/policy_options.go
[gosec] 2026/02/05 17:29:21 Checking file: /tmp/blitzy/blitzy-kubernetes/blitzy5f91179c1/pkg/kubelet/cm/cpumanager/policy_static.go
[gosec] 2026/02/05 17:29:23 Checking package: testing
[gosec] 2026/02/05 17:29:23 Checking file: /tmp/blitzy/blitzy-kubernetes/blitzy5f91179c1/pkg/kubelet/runtimeclass/testing/fake_manager.go
[gosec] 2026/02/05 17:29:23 Import directory: /tmp/blitzy/blitzy-kubernetes/blitzy5f91179c1/pkg/apis/authorization/v1beta1
[gosec] 2026/02/05 17:29:23 Checking package: podcertificaterequest
[gosec] 2026/02/05 17:29:23 Checking file: /tmp/blitzy/blitzy-kubernetes/blitzy5f91179c1/pkg/registry/certificates/podcertificaterequest/strategy.go
[gosec] 2026/02/05 17:29:23 Import directory: /tmp/blitzy/blitzy-kubernetes/blitzy5f91179c1/pkg/apis/core/v1/helper
[gosec] 2026/02/05 17:29:23 Checking package: leasecandidate
[gosec] 2026/02/05 17:29:23 Checking file: /tmp/blitzy/blitzy-kubernetes/blitzy5f91179c1/pkg/registry/coordination/leasecandidate/doc.go
[gosec] 2026/02/05 17:29:23 Checking file: /tmp/blitzy/blitzy-kubernetes/blitzy5f91179c1/pkg/registry/coordination/leasecandidate/strategy.go
[gosec] 2026/02/05 17:29:23 Import directory: /tmp/blitzy/blitzy-kubernetes/blitzy5f91179c1/pkg/controller/job
[gosec] 2026/02/05 17:29:24 Checking package: v1
[gosec] 2026/02/05 17:29:24 Checking file: /tmp/blitzy/blitzy-kubernetes/blitzy5f91179c1/pkg/apis/apps/v1/conversion.go
[gosec] 2026/02/05 17:29:24 Import directory: /tmp/blitzy/blitzy-kubernetes/blitzy5f91179c1/pkg/scheduler/framework/plugins/imagelocality
[gosec] 2026/02/05 17:29:24 Checking file: /tmp/blitzy/blitzy-kubernetes/blitzy5f91179c1/pkg/apis/apps/v1/defaults.go
[gosec] 2026/02/05 17:29:24 Checking file: /tmp/blitzy/blitzy-kubernetes/blitzy5f91179c1/pkg/apis/apps/v1/doc.go
[gosec] 2026/02/05 17:29:24 Checking file: /tmp/blitzy/blitzy-kubernetes/blitzy5f91179c1/pkg/apis/apps/v1/register.go
[gosec] 2026/02/05 17:29:24 Checking file: /tmp/blitzy/blitzy-kubernetes/blitzy5f91179c1/pkg/apis/apps/v1/zz_generated.conversion.go
[gosec] 2026/02/05 17:29:32 Checking file: /tmp/blitzy/blitzy-kubernetes/blitzy5f91179c1/pkg/apis/apps/v1/zz_generated.defaults.go
[gosec] 2026/02/05 17:29:36 Checking package: operationexecutor
[gosec] 2026/02/05 17:29:36 Checking file: /tmp/blitzy/blitzy-kubernetes/blitzy5f91179c1/pkg/kubelet/pluginmanager/operationexecutor/operation_executor.go
[gosec] 2026/02/05 17:29:36 Import directory: /tmp/blitzy/blitzy-kubernetes/blitzy5f91179c1/pkg/scheduler/framework/plugins/nodeunschedulable
[gosec] 2026/02/05 17:29:36 Checking file: /tmp/blitzy/blitzy-kubernetes/blitzy5f91179c1/pkg/kubelet/pluginmanager/operationexecutor/operation_generator.go
[gosec] 2026/02/05 17:29:37 Checking package: rest
[gosec] 2026/02/05 17:29:37 Checking file: /tmp/blitzy/blitzy-kubernetes/blitzy5f91179c1/pkg/registry/events/rest/storage_events.go
[gosec] 2026/02/05 17:29:37 Import directory: /tmp/blitzy/blitzy-kubernetes/blitzy5f91179c1/pkg/util/slice
[gosec] 2026/02/05 17:29:37 Checking package: rest
[gosec] 2026/02/05 17:29:37 Checking file: /tmp/blitzy/blitzy-kubernetes/blitzy5f91179c1/pkg/registry/flowcontrol/rest/storage_flowcontrol.go
[gosec] 2026/02/05 17:29:37 Import directory: /tmp/blitzy/blitzy-kubernetes/blitzy5f91179c1/pkg/controller/nodeipam/ipam/cidrset
[gosec] 2026/02/05 17:29:37 Checking package: testing
[gosec] 2026/02/05 17:29:37 Checking file: /tmp/blitzy/blitzy-kubernetes/blitzy5f91179c1/pkg/scheduler/framework/plugins/testing/testing.go
[gosec] 2026/02/05 17:29:37 Import directory: /tmp/blitzy/blitzy-kubernetes/blitzy5f91179c1/pkg/controller/tainteviction
[gosec] 2026/02/05 17:29:37 Checking package: v1beta1
[gosec] 2026/02/05 17:29:37 Checking file: /tmp/blitzy/blitzy-kubernetes/blitzy5f91179c1/pkg/apis/authorization/v1beta1/defaults.go
[gosec] 2026/02/05 17:29:37 Import directory: /tmp/blitzy/blitzy-kubernetes/blitzy5f91179c1/pkg/registry/admissionregistration/validatingadmissionpolicy
[gosec] 2026/02/05 17:29:37 Checking file: /tmp/blitzy/blitzy-kubernetes/blitzy5f91179c1/pkg/apis/authorization/v1beta1/doc.go
[gosec] 2026/02/05 17:29:37 Checking file: /tmp/blitzy/blitzy-kubernetes/blitzy5f91179c1/pkg/apis/authorization/v1beta1/register.go
[gosec] 2026/02/05 17:29:37 Checking file: /tmp/blitzy/blitzy-kubernetes/blitzy5f91179c1/pkg/apis/authorization/v1beta1/zz_generated.conversion.go
[gosec] 2026/02/05 17:29:41 Checking file: /tmp/blitzy/blitzy-kubernetes/blitzy5f91179c1/pkg/apis/authorization/v1beta1/zz_generated.defaults.go
[gosec] 2026/02/05 17:29:41 Checking package: helper
[gosec] 2026/02/05 17:29:41 Checking file: /tmp/blitzy/blitzy-kubernetes/blitzy5f91179c1/pkg/apis/core/v1/helper/helpers.go
[gosec] 2026/02/05 17:29:41 Import directory: /tmp/blitzy/blitzy-kubernetes/blitzy5f91179c1/pkg/registry/discovery/rest
[gosec] 2026/02/05 17:29:42 Checking package: job
[gosec] 2026/02/05 17:29:42 Checking file: /tmp/blitzy/blitzy-kubernetes/blitzy5f91179c1/pkg/controller/job/backoff_utils.go
[gosec] 2026/02/05 17:29:42 Import directory: /tmp/blitzy/blitzy-kubernetes/blitzy5f91179c1/pkg/kubelet/pluginmanager/metrics
[gosec] 2026/02/05 17:29:43 Checking file: /tmp/blitzy/blitzy-kubernetes/blitzy5f91179c1/pkg/controller/job/doc.go
[gosec] 2026/02/05 17:29:43 Checking file: /tmp/blitzy/blitzy-kubernetes/blitzy5f91179c1/pkg/controller/job/indexed_job_utils.go
[gosec] 2026/02/05 17:29:44 Checking file: /tmp/blitzy/blitzy-kubernetes/blitzy5f91179c1/pkg/controller/job/job_controller.go
[gosec] 2026/02/05 17:29:48 Checking file: /tmp/blitzy/blitzy-kubernetes/blitzy5f91179c1/pkg/controller/job/pod_failure_policy.go
[gosec] 2026/02/05 17:29:49 Checking file: /tmp/blitzy/blitzy-kubernetes/blitzy5f91179c1/pkg/controller/job/success_policy.go
[gosec] 2026/02/05 17:29:49 Checking file: /tmp/blitzy/blitzy-kubernetes/blitzy5f91179c1/pkg/controller/job/tracking_utils.go
[gosec] 2026/02/05 17:29:50 Checking package: imagelocality
[gosec] 2026/02/05 17:29:50 Checking file: /tmp/blitzy/blitzy-kubernetes/blitzy5f91179c1/pkg/scheduler/framework/plugins/imagelocality/image_locality.go
[gosec] 2026/02/05 17:29:50 Import directory: /tmp/blitzy/blitzy-kubernetes/blitzy5f91179c1/pkg/util/hash
[gosec] 2026/02/05 17:29:50 Checking package: nodeunschedulable
[gosec] 2026/02/05 17:29:50 Checking file: /tmp/blitzy/blitzy-kubernetes/blitzy5f91179c1/pkg/scheduler/framework/plugins/nodeunschedulable/node_unschedulable.go
[gosec] 2026/02/05 17:29:50 Import directory: /tmp/blitzy/blitzy-kubernetes/blitzy5f91179c1/pkg/util/taints
[gosec] 2026/02/05 17:29:50 Checking package: slice
[gosec] 2026/02/05 17:29:50 Checking file: /tmp/blitzy/blitzy-kubernetes/blitzy5f91179c1/pkg/util/slice/slice.go
[gosec] 2026/02/05 17:29:50 Import directory: /tmp/blitzy/blitzy-kubernetes/blitzy5f91179c1/pkg/kubelet/volumemanager/metrics
[gosec] 2026/02/05 17:29:51 Checking package: cidrset
[gosec] 2026/02/05 17:29:51 Checking file: /tmp/blitzy/blitzy-kubernetes/blitzy5f91179c1/pkg/controller/nodeipam/ipam/cidrset/cidr_set.go
[gosec] 2026/02/05 17:29:51 Import directory: /tmp/blitzy/blitzy-kubernetes/blitzy5f91179c1/pkg/scheduler/backend/workloadmanager
[gosec] 2026/02/05 17:29:51 Checking file: /tmp/blitzy/blitzy-kubernetes/blitzy5f91179c1/pkg/controller/nodeipam/ipam/cidrset/metrics.go
[gosec] 2026/02/05 17:29:51 Checking package: validatingadmissionpolicy
[gosec] 2026/02/05 17:29:51 Checking file: /tmp/blitzy/blitzy-kubernetes/blitzy5f91179c1/pkg/registry/admissionregistration/validatingadmissionpolicy/authz.go
[gosec] 2026/02/05 17:29:51 Import directory: /tmp/blitzy/blitzy-kubernetes/blitzy5f91179c1/pkg/util/kernel
[gosec] 2026/02/05 17:29:52 Checking file: /tmp/blitzy/blitzy-kubernetes/blitzy5f91179c1/pkg/registry/admissionregistration/validatingadmissionpolicy/doc.go
[gosec] 2026/02/05 17:29:52 Checking file: /tmp/blitzy/blitzy-kubernetes/blitzy5f91179c1/pkg/registry/admissionregistration/validatingadmissionpolicy/strategy.go
[gosec] 2026/02/05 17:29:52 Checking package: tainteviction
[gosec] 2026/02/05 17:29:52 Checking file: /tmp/blitzy/blitzy-kubernetes/blitzy5f91179c1/pkg/controller/tainteviction/doc.go
[gosec] 2026/02/05 17:29:52 Checking file: /tmp/blitzy/blitzy-kubernetes/blitzy5f91179c1/pkg/controller/tainteviction/namespacedobject.go
[gosec] 2026/02/05 17:29:52 Import directory: /tmp/blitzy/blitzy-kubernetes/blitzy5f91179c1/pkg/apis/admissionregistration/v1alpha1
[gosec] 2026/02/05 17:29:52 Checking file: /tmp/blitzy/blitzy-kubernetes/blitzy5f91179c1/pkg/controller/tainteviction/taint_eviction.go
[gosec] 2026/02/05 17:29:53 Checking file: /tmp/blitzy/blitzy-kubernetes/blitzy5f91179c1/pkg/controller/tainteviction/timed_workers.go
[gosec] 2026/02/05 17:29:53 Checking package: rest
[gosec] 2026/02/05 17:29:53 Checking file: /tmp/blitzy/blitzy-kubernetes/blitzy5f91179c1/pkg/registry/discovery/rest/storage_discovery.go
[gosec] 2026/02/05 17:29:53 Import directory: /tmp/blitzy/blitzy-kubernetes/blitzy5f91179c1/pkg/controller/serviceaccount/config/v1alpha1
[gosec] 2026/02/05 17:29:54 Checking package: metrics
[gosec] 2026/02/05 17:29:54 Checking file: /tmp/blitzy/blitzy-kubernetes/blitzy5f91179c1/pkg/kubelet/pluginmanager/metrics/metrics.go
[gosec] 2026/02/05 17:29:54 Import directory: /tmp/blitzy/blitzy-kubernetes/blitzy5f91179c1/pkg/kubeapiserver/authorizer/modes
[gosec] 2026/02/05 17:29:54 Checking package: hash
[gosec] 2026/02/05 17:29:54 Checking file: /tmp/blitzy/blitzy-kubernetes/blitzy5f91179c1/pkg/util/hash/hash.go
[gosec] 2026/02/05 17:29:54 Import directory: /tmp/blitzy/blitzy-kubernetes/blitzy5f91179c1/pkg/kubelet/cm/cpumanager/state/testing
[gosec] 2026/02/05 17:29:54 Checking package: taints
[gosec] 2026/02/05 17:29:54 Checking file: /tmp/blitzy/blitzy-kubernetes/blitzy5f91179c1/pkg/util/taints/taints.go
[gosec] 2026/02/05 17:29:54 Import directory: /tmp/blitzy/blitzy-kubernetes/blitzy5f91179c1/pkg/registry/authorization/rest
[gosec] 2026/02/05 17:29:55 Checking package: workloadmanager
[gosec] 2026/02/05 17:29:55 Checking file: /tmp/blitzy/blitzy-kubernetes/blitzy5f91179c1/pkg/scheduler/backend/workloadmanager/podgroupinfo.go
[gosec] 2026/02/05 17:29:55 Import directory: /tmp/blitzy/blitzy-kubernetes/blitzy5f91179c1/pkg/scheduler/framework/plugins/dynamicresources
[gosec] 2026/02/05 17:29:55 Checking file: /tmp/blitzy/blitzy-kubernetes/blitzy5f91179c1/pkg/scheduler/backend/workloadmanager/workloadmanager.go
[gosec] 2026/02/05 17:29:55 Checking package: metrics
[gosec] 2026/02/05 17:29:55 Checking file: /tmp/blitzy/blitzy-kubernetes/blitzy5f91179c1/pkg/kubelet/volumemanager/metrics/metrics.go
[gosec] 2026/02/05 17:29:55 Import directory: /tmp/blitzy/blitzy-kubernetes/blitzy5f91179c1/pkg/volume/secret
[gosec] 2026/02/05 17:29:55 Checking package: kernel
[gosec] 2026/02/05 17:29:55 Checking file: /tmp/blitzy/blitzy-kubernetes/blitzy5f91179c1/pkg/util/kernel/constants.go
[gosec] 2026/02/05 17:29:55 Import directory: /tmp/blitzy/blitzy-kubernetes/blitzy5f91179c1/pkg/apis/core
[gosec] 2026/02/05 17:29:55 Checking file: /tmp/blitzy/blitzy-kubernetes/blitzy5f91179c1/pkg/util/kernel/version.go
[gosec] 2026/02/05 17:29:55 Checking package: v1alpha1
[gosec] 2026/02/05 17:29:55 Checking file: /tmp/blitzy/blitzy-kubernetes/blitzy5f91179c1/pkg/apis/admissionregistration/v1alpha1/defaults.go
[gosec] 2026/02/05 17:29:55 Import directory: /tmp/blitzy/blitzy-kubernetes/blitzy5f91179c1/pkg/controller/apis/config/scheme
[gosec] 2026/02/05 17:29:56 Checking file: /tmp/blitzy/blitzy-kubernetes/blitzy5f91179c1/pkg/apis/admissionregistration/v1alpha1/doc.go
[gosec] 2026/02/05 17:29:56 Checking file: /tmp/blitzy/blitzy-kubernetes/blitzy5f91179c1/pkg/apis/admissionregistration/v1alpha1/register.go
[gosec] 2026/02/05 17:29:56 Checking file: /tmp/blitzy/blitzy-kubernetes/blitzy5f91179c1/pkg/apis/admissionregistration/v1alpha1/zz_generated.conversion.go
[gosec] 2026/02/05 17:30:02 Checking file: /tmp/blitzy/blitzy-kubernetes/blitzy5f91179c1/pkg/apis/admissionregistration/v1alpha1/zz_generated.defaults.go
[gosec] 2026/02/05 17:30:03 Checking package: modes
[gosec] 2026/02/05 17:30:03 Checking file: /tmp/blitzy/blitzy-kubernetes/blitzy5f91179c1/pkg/kubeapiserver/authorizer/modes/modes.go
[gosec] 2026/02/05 17:30:03 Import directory: /tmp/blitzy/blitzy-kubernetes/blitzy5f91179c1/pkg/controller/validatingadmissionpolicystatus/config
[gosec] 2026/02/05 17:30:03 Checking package: v1alpha1
[gosec] 2026/02/05 17:30:03 Checking file: /tmp/blitzy/blitzy-kubernetes/blitzy5f91179c1/pkg/controller/serviceaccount/config/v1alpha1/conversion.go
[gosec] 2026/02/05 17:30:03 Import directory: /tmp/blitzy/blitzy-kubernetes/blitzy5f91179c1/pkg/kubelet/checkpointmanager/checksum
[gosec] 2026/02/05 17:30:03 Checking file: /tmp/blitzy/blitzy-kubernetes/blitzy5f91179c1/pkg/controller/serviceaccount/config/v1alpha1/defaults.go
[gosec] 2026/02/05 17:30:03 Checking file: /tmp/blitzy/blitzy-kubernetes/blitzy5f91179c1/pkg/controller/serviceaccount/config/v1alpha1/doc.go
[gosec] 2026/02/05 17:30:03 Checking file: /tmp/blitzy/blitzy-kubernetes/blitzy5f91179c1/pkg/controller/serviceaccount/config/v1alpha1/register.go
[gosec] 2026/02/05 17:30:03 Checking file: /tmp/blitzy/blitzy-kubernetes/blitzy5f91179c1/pkg/controller/serviceaccount/config/v1alpha1/zz_generated.conversion.go
[gosec] 2026/02/05 17:30:03 Checking file: /tmp/blitzy/blitzy-kubernetes/blitzy5f91179c1/pkg/controller/serviceaccount/config/v1alpha1/zz_generated.deepcopy.go
[gosec] 2026/02/05 17:30:03 Checking package: testing
[gosec] 2026/02/05 17:30:03 Checking file: /tmp/blitzy/blitzy-kubernetes/blitzy5f91179c1/pkg/kubelet/cm/cpumanager/state/testing/util.go
[gosec] 2026/02/05 17:30:03 Import directory: /tmp/blitzy/blitzy-kubernetes/blitzy5f91179c1/pkg/registry/certificates/clustertrustbundle
[gosec] 2026/02/05 17:30:03 Checking package: rest
[gosec] 2026/02/05 17:30:03 Checking file: /tmp/blitzy/blitzy-kubernetes/blitzy5f91179c1/pkg/registry/authorization/rest/storage_authorization.go
[gosec] 2026/02/05 17:30:03 Import directory: /tmp/blitzy/blitzy-kubernetes/blitzy5f91179c1/pkg/volume/fc
[gosec] 2026/02/05 17:30:03 Checking package: scheme
[gosec] 2026/02/05 17:30:03 Checking file: /tmp/blitzy/blitzy-kubernetes/blitzy5f91179c1/pkg/controller/apis/config/scheme/scheme.go
[gosec] 2026/02/05 17:30:03 Import directory: /tmp/blitzy/blitzy-kubernetes/blitzy5f91179c1/pkg/api/pod
[gosec] 2026/02/05 17:30:03 Checking package: secret
[gosec] 2026/02/05 17:30:03 Checking file: /tmp/blitzy/blitzy-kubernetes/blitzy5f91179c1/pkg/volume/secret/doc.go
[gosec] 2026/02/05 17:30:03 Checking file: /tmp/blitzy/blitzy-kubernetes/blitzy5f91179c1/pkg/volume/secret/secret.go
[gosec] 2026/02/05 17:30:03 Import directory: /tmp/blitzy/blitzy-kubernetes/blitzy5f91179c1/pkg/registry/admissionregistration/mutatingadmissionpolicybinding
[gosec] 2026/02/05 17:30:04 Checking package: dynamicresources
[gosec] 2026/02/05 17:30:04 Checking file: /tmp/blitzy/blitzy-kubernetes/blitzy5f91179c1/pkg/scheduler/framework/plugins/dynamicresources/allocateddevices.go
[gosec] 2026/02/05 17:30:04 Import directory: /tmp/blitzy/blitzy-kubernetes/blitzy5f91179c1/pkg/registry/core/persistentvolumeclaim/storage
[gosec] 2026/02/05 17:30:05 Checking file: /tmp/blitzy/blitzy-kubernetes/blitzy5f91179c1/pkg/scheduler/framework/plugins/dynamicresources/claims.go
[gosec] 2026/02/05 17:30:05 Checking file: /tmp/blitzy/blitzy-kubernetes/blitzy5f91179c1/pkg/scheduler/framework/plugins/dynamicresources/dra_manager.go
[gosec] 2026/02/05 17:30:06 Checking file: /tmp/blitzy/blitzy-kubernetes/blitzy5f91179c1/pkg/scheduler/framework/plugins/dynamicresources/dynamicresources.go
[gosec] 2026/02/05 17:30:10 Checking file: /tmp/blitzy/blitzy-kubernetes/blitzy5f91179c1/pkg/scheduler/framework/plugins/dynamicresources/extendeddynamicresources.go
[gosec] 2026/02/05 17:30:11 Checking package: core
[gosec] 2026/02/05 17:30:11 Checking file: /tmp/blitzy/blitzy-kubernetes/blitzy5f91179c1/pkg/apis/core/annotation_key_constants.go
[gosec] 2026/02/05 17:30:11 Import directory: /tmp/blitzy/blitzy-kubernetes/blitzy5f91179c1/pkg/registry/rbac/rolebinding
[gosec] 2026/02/05 17:30:11 Checking file: /tmp/blitzy/blitzy-kubernetes/blitzy5f91179c1/pkg/apis/core/doc.go
[gosec] 2026/02/05 17:30:11 Checking file: /tmp/blitzy/blitzy-kubernetes/blitzy5f91179c1/pkg/apis/core/json.go
[gosec] 2026/02/05 17:30:11 Checking file: /tmp/blitzy/blitzy-kubernetes/blitzy5f91179c1/pkg/apis/core/objectreference.go
[gosec] 2026/02/05 17:30:11 Checking file: /tmp/blitzy/blitzy-kubernetes/blitzy5f91179c1/pkg/apis/core/register.go
[gosec] 2026/02/05 17:30:12 Checking file: /tmp/blitzy/blitzy-kubernetes/blitzy5f91179c1/pkg/apis/core/resource.go
[gosec] 2026/02/05 17:30:12 Checking file: /tmp/blitzy/blitzy-kubernetes/blitzy5f91179c1/pkg/apis/core/taint.go
[gosec] 2026/02/05 17:30:12 Checking file: /tmp/blitzy/blitzy-kubernetes/blitzy5f91179c1/pkg/apis/core/toleration.go
[gosec] 2026/02/05 17:30:12 Checking file: /tmp/blitzy/blitzy-kubernetes/blitzy5f91179c1/pkg/apis/core/types.go
[gosec] 2026/02/05 17:30:12 Checking file: /tmp/blitzy/blitzy-kubernetes/blitzy5f91179c1/pkg/apis/core/zz_generated.deepcopy.go
[gosec] 2026/02/05 17:30:46 Checking package: config
[gosec] 2026/02/05 17:30:46 Checking file: /tmp/blitzy/blitzy-kubernetes/blitzy5f91179c1/pkg/controller/validatingadmissionpolicystatus/config/doc.go
[gosec] 2026/02/05 17:30:46 Checking file: /tmp/blitzy/blitzy-kubernetes/blitzy5f91179c1/pkg/controller/validatingadmissionpolicystatus/config/types.go
[gosec] 2026/02/05 17:30:46 Import directory: /tmp/blitzy/blitzy-kubernetes/blitzy5f91179c1/pkg/registry/resource/resourceslice
[gosec] 2026/02/05 17:30:46 Checking file: /tmp/blitzy/blitzy-kubernetes/blitzy5f91179c1/pkg/controller/validatingadmissionpolicystatus/config/zz_generated.deepcopy.go
[gosec] 2026/02/05 17:30:46 Checking package: checksum
[gosec] 2026/02/05 17:30:46 Checking file: /tmp/blitzy/blitzy-kubernetes/blitzy5f91179c1/pkg/kubelet/checkpointmanager/checksum/checksum.go
[gosec] 2026/02/05 17:30:46 Import directory: /tmp/blitzy/blitzy-kubernetes/blitzy5f91179c1/pkg/scheduler/apis/config/testing/defaults
[gosec] 2026/02/05 17:30:46 Checking package: clustertrustbundle
[gosec] 2026/02/05 17:30:46 Checking file: /tmp/blitzy/blitzy-kubernetes/blitzy5f91179c1/pkg/registry/certificates/clustertrustbundle/strategy.go
[gosec] 2026/02/05 17:30:46 Import directory: /tmp/blitzy/blitzy-kubernetes/blitzy5f91179c1/pkg/util/procfs
[gosec] 2026/02/05 17:30:47 Checking package: pod
[gosec] 2026/02/05 17:30:47 Checking file: /tmp/blitzy/blitzy-kubernetes/blitzy5f91179c1/pkg/api/pod/util.go
[gosec] 2026/02/05 17:30:47 Import directory: /tmp/blitzy/blitzy-kubernetes/blitzy5f91179c1/pkg/volume/util/operationexecutor
[gosec] 2026/02/05 17:30:54 Checking file: /tmp/blitzy/blitzy-kubernetes/blitzy5f91179c1/pkg/api/pod/warnings.go
[gosec] 2026/02/05 17:30:55 Checking package: mutatingadmissionpolicybinding
[gosec] 2026/02/05 17:30:55 Checking file: /tmp/blitzy/blitzy-kubernetes/blitzy5f91179c1/pkg/registry/admissionregistration/mutatingadmissionpolicybinding/authz.go
[gosec] 2026/02/05 17:30:55 Import directory: /tmp/blitzy/blitzy-kubernetes/blitzy5f91179c1/pkg/controller/apis/config/v1alpha1
[gosec] 2026/02/05 17:30:56 Checking file: /tmp/blitzy/blitzy-kubernetes/blitzy5f91179c1/pkg/registry/admissionregistration/mutatingadmissionpolicybinding/doc.go
[gosec] 2026/02/05 17:30:56 Checking file: /tmp/blitzy/blitzy-kubernetes/blitzy5f91179c1/pkg/registry/admissionregistration/mutatingadmissionpolicybinding/strategy.go
[gosec] 2026/02/05 17:30:56 Checking package: fc
[gosec] 2026/02/05 17:30:56 Checking file: /tmp/blitzy/blitzy-kubernetes/blitzy5f91179c1/pkg/volume/fc/attacher.go
[gosec] 2026/02/05 17:30:56 Import directory: /tmp/blitzy/blitzy-kubernetes/blitzy5f91179c1/pkg/controller/certificates/authority
[gosec] 2026/02/05 17:30:57 Checking file: /tmp/blitzy/blitzy-kubernetes/blitzy5f91179c1/pkg/volume/fc/disk_manager.go
[gosec] 2026/02/05 17:30:57 Checking file: /tmp/blitzy/blitzy-kubernetes/blitzy5f91179c1/pkg/volume/fc/doc.go
[gosec] 2026/02/05 17:30:57 Checking file: /tmp/blitzy/blitzy-kubernetes/blitzy5f91179c1/pkg/volume/fc/fc.go
[gosec] 2026/02/05 17:30:59 Checking file: /tmp/blitzy/blitzy-kubernetes/blitzy5f91179c1/pkg/volume/fc/fc_util.go
[gosec] 2026/02/05 17:31:00 Checking package: storage
[gosec] 2026/02/05 17:31:00 Checking file: /tmp/blitzy/blitzy-kubernetes/blitzy5f91179c1/pkg/registry/core/persistentvolumeclaim/storage/storage.go
[gosec] 2026/02/05 17:31:00 Import directory: /tmp/blitzy/blitzy-kubernetes/blitzy5f91179c1/pkg/controller/nodeipam/ipam
[gosec] 2026/02/05 17:31:00 Checking package: rolebinding
[gosec] 2026/02/05 17:31:00 Checking file: /tmp/blitzy/blitzy-kubernetes/blitzy5f91179c1/pkg/registry/rbac/rolebinding/doc.go
[gosec] 2026/02/05 17:31:00 Import directory: /tmp/blitzy/blitzy-kubernetes/blitzy5f91179c1/pkg/controller/nodelifecycle/scheduler
[gosec] 2026/02/05 17:31:00 Checking file: /tmp/blitzy/blitzy-kubernetes/blitzy5f91179c1/pkg/registry/rbac/rolebinding/registry.go
[gosec] 2026/02/05 17:31:00 Checking file: /tmp/blitzy/blitzy-kubernetes/blitzy5f91179c1/pkg/registry/rbac/rolebinding/strategy.go
[gosec] 2026/02/05 17:31:01 Checking package: defaults
[gosec] 2026/02/05 17:31:01 Checking file: /tmp/blitzy/blitzy-kubernetes/blitzy5f91179c1/pkg/scheduler/apis/config/testing/defaults/defaults.go
[gosec] 2026/02/05 17:31:01 Import directory: /tmp/blitzy/blitzy-kubernetes/blitzy5f91179c1/pkg/controller/volume/attachdetach/testing
[gosec] 2026/02/05 17:31:01 Checking package: procfs
[gosec] 2026/02/05 17:31:01 Checking file: /tmp/blitzy/blitzy-kubernetes/blitzy5f91179c1/pkg/util/procfs/doc.go
[gosec] 2026/02/05 17:31:01 Checking file: /tmp/blitzy/blitzy-kubernetes/blitzy5f91179c1/pkg/util/procfs/procfs.go
[gosec] 2026/02/05 17:31:01 Import directory: /tmp/blitzy/blitzy-kubernetes/blitzy5f91179c1/pkg/registry/core/pod/rest
[gosec] 2026/02/05 17:31:01 Checking file: /tmp/blitzy/blitzy-kubernetes/blitzy5f91179c1/pkg/util/procfs/procfs_fake.go
[gosec] 2026/02/05 17:31:01 Checking file: /tmp/blitzy/blitzy-kubernetes/blitzy5f91179c1/pkg/util/procfs/procfs_linux.go
[gosec] 2026/02/05 17:31:01 Checking package: resourceslice
[gosec] 2026/02/05 17:31:01 Checking file: /tmp/blitzy/blitzy-kubernetes/blitzy5f91179c1/pkg/registry/resource/resourceslice/strategy.go
[gosec] 2026/02/05 17:31:01 Import directory: /tmp/blitzy/blitzy-kubernetes/blitzy5f91179c1/pkg/volume/csi/fake
[gosec] 2026/02/05 17:31:02 Checking package: operationexecutor
[gosec] 2026/02/05 17:31:02 Checking file: /tmp/blitzy/blitzy-kubernetes/blitzy5f91179c1/pkg/volume/util/operationexecutor/fakegenerator.go
[gosec] 2026/02/05 17:31:02 Import directory: /tmp/blitzy/blitzy-kubernetes/blitzy5f91179c1/pkg/volume/util/fsquota
[gosec] 2026/02/05 17:31:02 Checking file: /tmp/blitzy/blitzy-kubernetes/blitzy5f91179c1/pkg/volume/util/operationexecutor/node_expander.go
[gosec] 2026/02/05 17:31:03 Checking file: /tmp/blitzy/blitzy-kubernetes/blitzy5f91179c1/pkg/volume/util/operationexecutor/operation_executor.go
[gosec] 2026/02/05 17:31:04 Checking file: /tmp/blitzy/blitzy-kubernetes/blitzy5f91179c1/pkg/volume/util/operationexecutor/operation_generator.go
[gosec] 2026/02/05 17:31:08 Checking package: v1alpha1
[gosec] 2026/02/05 17:31:08 Checking file: /tmp/blitzy/blitzy-kubernetes/blitzy5f91179c1/pkg/controller/apis/config/v1alpha1/defaults.go
[gosec] 2026/02/05 17:31:08 Import directory: /tmp/blitzy/blitzy-kubernetes/blitzy5f91179c1/pkg/apis/admissionregistration
[gosec] 2026/02/05 17:31:08 Checking file: /tmp/blitzy/blitzy-kubernetes/blitzy5f91179c1/pkg/controller/apis/config/v1alpha1/doc.go
[gosec] 2026/02/05 17:31:08 Checking file: /tmp/blitzy/blitzy-kubernetes/blitzy5f91179c1/pkg/controller/apis/config/v1alpha1/register.go
[gosec] 2026/02/05 17:31:08 Checking file: /tmp/blitzy/blitzy-kubernetes/blitzy5f91179c1/pkg/controller/apis/config/v1alpha1/zz_generated.conversion.go
[gosec] 2026/02/05 17:31:12 Checking file: /tmp/blitzy/blitzy-kubernetes/blitzy5f91179c1/pkg/controller/apis/config/v1alpha1/zz_generated.deepcopy.go
[gosec] 2026/02/05 17:31:12 Checking file: /tmp/blitzy/blitzy-kubernetes/blitzy5f91179c1/pkg/controller/apis/config/v1alpha1/zz_generated.defaults.go
[gosec] 2026/02/05 17:31:12 Checking package: authority
[gosec] 2026/02/05 17:31:12 Checking file: /tmp/blitzy/blitzy-kubernetes/blitzy5f91179c1/pkg/controller/certificates/authority/authority.go
[gosec] 2026/02/05 17:31:12 Import directory: /tmp/blitzy/blitzy-kubernetes/blitzy5f91179c1/pkg/controller/volume/persistentvolume/config
[gosec] 2026/02/05 17:31:12 Checking file: /tmp/blitzy/blitzy-kubernetes/blitzy5f91179c1/pkg/controller/certificates/authority/policies.go
[gosec] 2026/02/05 17:31:12 Checking package: ipam
[gosec] 2026/02/05 17:31:12 Checking file: /tmp/blitzy/blitzy-kubernetes/blitzy5f91179c1/pkg/controller/nodeipam/ipam/cidr_allocator.go
[gosec] 2026/02/05 17:31:12 Import directory: /tmp/blitzy/blitzy-kubernetes/blitzy5f91179c1/pkg/kubelet/apis/config/validation
[gosec] 2026/02/05 17:31:12 Checking file: /tmp/blitzy/blitzy-kubernetes/blitzy5f91179c1/pkg/controller/nodeipam/ipam/doc.go
[gosec] 2026/02/05 17:31:12 Checking file: /tmp/blitzy/blitzy-kubernetes/blitzy5f91179c1/pkg/controller/nodeipam/ipam/range_allocator.go
[gosec] 2026/02/05 17:31:13 Checking file: /tmp/blitzy/blitzy-kubernetes/blitzy5f91179c1/pkg/controller/nodeipam/ipam/timeout.go
[gosec] 2026/02/05 17:31:13 Checking package: scheduler
[gosec] 2026/02/05 17:31:13 Checking file: /tmp/blitzy/blitzy-kubernetes/blitzy5f91179c1/pkg/controller/nodelifecycle/scheduler/rate_limited_queue.go
[gosec] 2026/02/05 17:31:13 Import directory: /tmp/blitzy/blitzy-kubernetes/blitzy5f91179c1/pkg/registry/core/node
[gosec] 2026/02/05 17:31:14 Checking package: fake
[gosec] 2026/02/05 17:31:14 Checking file: /tmp/blitzy/blitzy-kubernetes/blitzy5f91179c1/pkg/volume/csi/fake/fake_client.go
[gosec] 2026/02/05 17:31:14 Import directory: /tmp/blitzy/blitzy-kubernetes/blitzy5f91179c1/pkg/registry/rbac/role/storage
[gosec] 2026/02/05 17:31:16 Checking file: /tmp/blitzy/blitzy-kubernetes/blitzy5f91179c1/pkg/volume/csi/fake/fake_closer.go
[gosec] 2026/02/05 17:31:16 Checking package: rest
[gosec] 2026/02/05 17:31:16 Checking file: /tmp/blitzy/blitzy-kubernetes/blitzy5f91179c1/pkg/registry/core/pod/rest/authorize.go
[gosec] 2026/02/05 17:31:16 Import directory: /tmp/blitzy/blitzy-kubernetes/blitzy5f91179c1/pkg/registry/testapigroup/rest
[gosec] 2026/02/05 17:31:16 Checking file: /tmp/blitzy/blitzy-kubernetes/blitzy5f91179c1/pkg/registry/core/pod/rest/log.go
[gosec] 2026/02/05 17:31:16 Checking file: /tmp/blitzy/blitzy-kubernetes/blitzy5f91179c1/pkg/registry/core/pod/rest/metrics.go
[gosec] 2026/02/05 17:31:16 Checking file: /tmp/blitzy/blitzy-kubernetes/blitzy5f91179c1/pkg/registry/core/pod/rest/subresources.go
[gosec] 2026/02/05 17:31:17 Checking package: testing
[gosec] 2026/02/05 17:31:17 Checking file: /tmp/blitzy/blitzy-kubernetes/blitzy5f91179c1/pkg/controller/volume/attachdetach/testing/plugin.go
[gosec] 2026/02/05 17:31:17 Import directory: /tmp/blitzy/blitzy-kubernetes/blitzy5f91179c1/pkg/scheduler/framework/plugins/noderesources
[gosec] 2026/02/05 17:31:18 Checking file: /tmp/blitzy/blitzy-kubernetes/blitzy5f91179c1/pkg/controller/volume/attachdetach/testing/testvolumespec.go
[gosec] 2026/02/05 17:31:19 Checking package: fsquota
[gosec] 2026/02/05 17:31:19 Checking file: /tmp/blitzy/blitzy-kubernetes/blitzy5f91179c1/pkg/volume/util/fsquota/project.go
[gosec] 2026/02/05 17:31:19 Import directory: /tmp/blitzy/blitzy-kubernetes/blitzy5f91179c1/pkg/volume/util/volumepathhandler
[gosec] 2026/02/05 17:31:20 Checking file: /tmp/blitzy/blitzy-kubernetes/blitzy5f91179c1/pkg/volume/util/fsquota/quota.go
[gosec] 2026/02/05 17:31:20 Checking file: /tmp/blitzy/blitzy-kubernetes/blitzy5f91179c1/pkg/volume/util/fsquota/quota_linux.go
[gosec] 2026/02/05 17:31:21 Checking package: admissionregistration
[gosec] 2026/02/05 17:31:21 Checking file: /tmp/blitzy/blitzy-kubernetes/blitzy5f91179c1/pkg/apis/admissionregistration/doc.go
[gosec] 2026/02/05 17:31:21 Checking file: /tmp/blitzy/blitzy-kubernetes/blitzy5f91179c1/pkg/apis/admissionregistration/register.go
[gosec] 2026/02/05 17:31:21 Import directory: /tmp/blitzy/blitzy-kubernetes/blitzy5f91179c1/pkg/apis/autoscaling/v2
[gosec] 2026/02/05 17:31:21 Checking file: /tmp/blitzy/blitzy-kubernetes/blitzy5f91179c1/pkg/apis/admissionregistration/types.go
[gosec] 2026/02/05 17:31:21 Checking file: /tmp/blitzy/blitzy-kubernetes/blitzy5f91179c1/pkg/apis/admissionregistration/zz_generated.deepcopy.go
[gosec] 2026/02/05 17:31:26 Checking package: config
[gosec] 2026/02/05 17:31:26 Checking file: /tmp/blitzy/blitzy-kubernetes/blitzy5f91179c1/pkg/controller/volume/persistentvolume/config/doc.go
[gosec] 2026/02/05 17:31:26 Checking file: /tmp/blitzy/blitzy-kubernetes/blitzy5f91179c1/pkg/controller/volume/persistentvolume/config/types.go
[gosec] 2026/02/05 17:31:26 Import directory: /tmp/blitzy/blitzy-kubernetes/blitzy5f91179c1/pkg/controller/replicaset
[gosec] 2026/02/05 17:31:26 Checking file: /tmp/blitzy/blitzy-kubernetes/blitzy5f91179c1/pkg/controller/volume/persistentvolume/config/zz_generated.deepcopy.go
[gosec] 2026/02/05 17:31:27 Checking package: validation
[gosec] 2026/02/05 17:31:27 Checking file: /tmp/blitzy/blitzy-kubernetes/blitzy5f91179c1/pkg/kubelet/apis/config/validation/validation.go
[gosec] 2026/02/05 17:31:27 Import directory: /tmp/blitzy/blitzy-kubernetes/blitzy5f91179c1/pkg/scheduler/util
[gosec] 2026/02/05 17:31:27 Checking file: /tmp/blitzy/blitzy-kubernetes/blitzy5f91179c1/pkg/kubelet/apis/config/validation/validation_linux.go
[gosec] 2026/02/05 17:31:27 Checking file: /tmp/blitzy/blitzy-kubernetes/blitzy5f91179c1/pkg/kubelet/apis/config/validation/validation_reserved_memory.go
[gosec] 2026/02/05 17:31:27 Checking package: node
[gosec] 2026/02/05 17:31:27 Checking file: /tmp/blitzy/blitzy-kubernetes/blitzy5f91179c1/pkg/registry/core/node/doc.go
[gosec] 2026/02/05 17:31:27 Checking file: /tmp/blitzy/blitzy-kubernetes/blitzy5f91179c1/pkg/registry/core/node/strategy.go
[gosec] 2026/02/05 17:31:27 Import directory: /tmp/blitzy/blitzy-kubernetes/blitzy5f91179c1/pkg/controlplane/controller/systemnamespaces
[gosec] 2026/02/05 17:31:28 Checking package: storage
[gosec] 2026/02/05 17:31:28 Checking file: /tmp/blitzy/blitzy-kubernetes/blitzy5f91179c1/pkg/registry/rbac/role/storage/storage.go
[gosec] 2026/02/05 17:31:28 Import directory: /tmp/blitzy/blitzy-kubernetes/blitzy5f91179c1/pkg/kubelet/cm/dra/plugin
[gosec] 2026/02/05 17:31:28 Checking package: rest
[gosec] 2026/02/05 17:31:28 Checking file: /tmp/blitzy/blitzy-kubernetes/blitzy5f91179c1/pkg/registry/testapigroup/rest/storage_resource.go
[gosec] 2026/02/05 17:31:28 Import directory: /tmp/blitzy/blitzy-kubernetes/blitzy5f91179c1/pkg/kubelet/pod
[gosec] 2026/02/05 17:31:28 Checking package: noderesources
[gosec] 2026/02/05 17:31:28 Checking file: /tmp/blitzy/blitzy-kubernetes/blitzy5f91179c1/pkg/scheduler/framework/plugins/noderesources/balanced_allocation.go
[gosec] 2026/02/05 17:31:28 Import directory: /tmp/blitzy/blitzy-kubernetes/blitzy5f91179c1/pkg/registry/policy/rest
[gosec] 2026/02/05 17:31:29 Checking file: /tmp/blitzy/blitzy-kubernetes/blitzy5f91179c1/pkg/scheduler/framework/plugins/noderesources/fit.go
[gosec] 2026/02/05 17:31:31 Checking file: /tmp/blitzy/blitzy-kubernetes/blitzy5f91179c1/pkg/scheduler/framework/plugins/noderesources/least_allocated.go
[gosec] 2026/02/05 17:31:31 Checking file: /tmp/blitzy/blitzy-kubernetes/blitzy5f91179c1/pkg/scheduler/framework/plugins/noderesources/most_allocated.go
[gosec] 2026/02/05 17:31:31 Checking file: /tmp/blitzy/blitzy-kubernetes/blitzy5f91179c1/pkg/scheduler/framework/plugins/noderesources/requested_to_capacity_ratio.go
[gosec] 2026/02/05 17:31:31 Checking file: /tmp/blitzy/blitzy-kubernetes/blitzy5f91179c1/pkg/scheduler/framework/plugins/noderesources/resource_allocation.go
[gosec] 2026/02/05 17:31:32 Checking file: /tmp/blitzy/blitzy-kubernetes/blitzy5f91179c1/pkg/scheduler/framework/plugins/noderesources/test_util.go
[gosec] 2026/02/05 17:31:32 Checking package: volumepathhandler
[gosec] 2026/02/05 17:31:32 Checking file: /tmp/blitzy/blitzy-kubernetes/blitzy5f91179c1/pkg/volume/util/volumepathhandler/volume_path_handler.go
[gosec] 2026/02/05 17:31:32 Import directory: /tmp/blitzy/blitzy-kubernetes/blitzy5f91179c1/pkg/apis/autoscaling/install
[gosec] 2026/02/05 17:31:33 Checking file: /tmp/blitzy/blitzy-kubernetes/blitzy5f91179c1/pkg/volume/util/volumepathhandler/volume_path_handler_linux.go
[gosec] 2026/02/05 17:31:34 Checking package: v2
[gosec] 2026/02/05 17:31:34 Checking file: /tmp/blitzy/blitzy-kubernetes/blitzy5f91179c1/pkg/apis/autoscaling/v2/conversion.go
[gosec] 2026/02/05 17:31:34 Import directory: /tmp/blitzy/blitzy-kubernetes/blitzy5f91179c1/pkg/apis/networking/fuzzer
[gosec] 2026/02/05 17:31:34 Checking file: /tmp/blitzy/blitzy-kubernetes/blitzy5f91179c1/pkg/apis/autoscaling/v2/defaults.go
[gosec] 2026/02/05 17:31:34 Checking file: /tmp/blitzy/blitzy-kubernetes/blitzy5f91179c1/pkg/apis/autoscaling/v2/doc.go
[gosec] 2026/02/05 17:31:34 Checking file: /tmp/blitzy/blitzy-kubernetes/blitzy5f91179c1/pkg/apis/autoscaling/v2/register.go
[gosec] 2026/02/05 17:31:34 Checking file: /tmp/blitzy/blitzy-kubernetes/blitzy5f91179c1/pkg/apis/autoscaling/v2/zz_generated.conversion.go
[gosec] 2026/02/05 17:31:40 Checking file: /tmp/blitzy/blitzy-kubernetes/blitzy5f91179c1/pkg/apis/autoscaling/v2/zz_generated.defaults.go
[gosec] 2026/02/05 17:31:40 Checking package: util
[gosec] 2026/02/05 17:31:40 Checking file: /tmp/blitzy/blitzy-kubernetes/blitzy5f91179c1/pkg/scheduler/util/pod_resources.go
[gosec] 2026/02/05 17:31:40 Import directory: /tmp/blitzy/blitzy-kubernetes/blitzy5f91179c1/pkg/apis/policy/fuzzer
[gosec] 2026/02/05 17:31:40 Checking file: /tmp/blitzy/blitzy-kubernetes/blitzy5f91179c1/pkg/scheduler/util/utils.go
[gosec] 2026/02/05 17:31:41 Checking package: replicaset
[gosec] 2026/02/05 17:31:41 Checking file: /tmp/blitzy/blitzy-kubernetes/blitzy5f91179c1/pkg/controller/replicaset/doc.go
[gosec] 2026/02/05 17:31:41 Checking file: /tmp/blitzy/blitzy-kubernetes/blitzy5f91179c1/pkg/controller/replicaset/replica_set.go
[gosec] 2026/02/05 17:31:41 Import directory: /tmp/blitzy/blitzy-kubernetes/blitzy5f91179c1/pkg/controller/deployment/config
[gosec] 2026/02/05 17:31:43 Checking file: /tmp/blitzy/blitzy-kubernetes/blitzy5f91179c1/pkg/controller/replicaset/replica_set_utils.go
[gosec] 2026/02/05 17:31:43 Checking package: systemnamespaces
[gosec] 2026/02/05 17:31:43 Checking file: /tmp/blitzy/blitzy-kubernetes/blitzy5f91179c1/pkg/controlplane/controller/systemnamespaces/system_namespaces_controller.go
[gosec] 2026/02/05 17:31:43 Import directory: /tmp/blitzy/blitzy-kubernetes/blitzy5f91179c1/pkg/kubelet/qos
[gosec] 2026/02/05 17:31:43 Checking package: pod
[gosec] 2026/02/05 17:31:43 Checking file: /tmp/blitzy/blitzy-kubernetes/blitzy5f91179c1/pkg/kubelet/pod/mirror_client.go
[gosec] 2026/02/05 17:31:43 Import directory: /tmp/blitzy/blitzy-kubernetes/blitzy5f91179c1/pkg/registry/networking/ipaddress
[gosec] 2026/02/05 17:31:43 Checking file: /tmp/blitzy/blitzy-kubernetes/blitzy5f91179c1/pkg/kubelet/pod/pod_manager.go
[gosec] 2026/02/05 17:31:44 Checking package: plugin
[gosec] 2026/02/05 17:31:44 Checking file: /tmp/blitzy/blitzy-kubernetes/blitzy5f91179c1/pkg/kubelet/cm/dra/plugin/dra_plugin.go
[gosec] 2026/02/05 17:31:44 Import directory: /tmp/blitzy/blitzy-kubernetes/blitzy5f91179c1/pkg/registry/storage/storageclass/storage
[gosec] 2026/02/05 17:31:44 Checking file: /tmp/blitzy/blitzy-kubernetes/blitzy5f91179c1/pkg/kubelet/cm/dra/plugin/dra_plugin_manager.go
[gosec] 2026/02/05 17:31:45 Checking file: /tmp/blitzy/blitzy-kubernetes/blitzy5f91179c1/pkg/kubelet/cm/dra/plugin/types.go
[gosec] 2026/02/05 17:31:45 Checking package: rest
[gosec] 2026/02/05 17:31:45 Checking file: /tmp/blitzy/blitzy-kubernetes/blitzy5f91179c1/pkg/registry/policy/rest/storage_policy.go
[gosec] 2026/02/05 17:31:45 Import directory: /tmp/blitzy/blitzy-kubernetes/blitzy5f91179c1/pkg/scheduler/framework/plugins/podtopologyspread
[gosec] 2026/02/05 17:31:45 Checking package: install
[gosec] 2026/02/05 17:31:45 Checking file: /tmp/blitzy/blitzy-kubernetes/blitzy5f91179c1/pkg/apis/autoscaling/install/install.go
[gosec] 2026/02/05 17:31:45 Import directory: /tmp/blitzy/blitzy-kubernetes/blitzy5f91179c1/pkg/apis/admission/v1
[gosec] 2026/02/05 17:31:45 Checking package: fuzzer
[gosec] 2026/02/05 17:31:45 Checking file: /tmp/blitzy/blitzy-kubernetes/blitzy5f91179c1/pkg/apis/networking/fuzzer/fuzzer.go
[gosec] 2026/02/05 17:31:45 Import directory: /tmp/blitzy/blitzy-kubernetes/blitzy5f91179c1/pkg/apis/certificates/v1
[gosec] 2026/02/05 17:31:45 Checking package: fuzzer
[gosec] 2026/02/05 17:31:45 Checking file: /tmp/blitzy/blitzy-kubernetes/blitzy5f91179c1/pkg/apis/policy/fuzzer/fuzzer.go
[gosec] 2026/02/05 17:31:45 Import directory: /tmp/blitzy/blitzy-kubernetes/blitzy5f91179c1/pkg/apis/policy/v1
[gosec] 2026/02/05 17:31:45 Checking package: config
[gosec] 2026/02/05 17:31:45 Checking file: /tmp/blitzy/blitzy-kubernetes/blitzy5f91179c1/pkg/controller/deployment/config/doc.go
[gosec] 2026/02/05 17:31:45 Checking file: /tmp/blitzy/blitzy-kubernetes/blitzy5f91179c1/pkg/controller/deployment/config/types.go
[gosec] 2026/02/05 17:31:45 Import directory: /tmp/blitzy/blitzy-kubernetes/blitzy5f91179c1/pkg/controller/resourcequota
[gosec] 2026/02/05 17:31:45 Checking file: /tmp/blitzy/blitzy-kubernetes/blitzy5f91179c1/pkg/controller/deployment/config/zz_generated.deepcopy.go
[gosec] 2026/02/05 17:31:45 Checking package: qos
[gosec] 2026/02/05 17:31:45 Checking file: /tmp/blitzy/blitzy-kubernetes/blitzy5f91179c1/pkg/kubelet/qos/doc.go
[gosec] 2026/02/05 17:31:45 Import directory: /tmp/blitzy/blitzy-kubernetes/blitzy5f91179c1/pkg/kubelet/apis/config/scheme
[gosec] 2026/02/05 17:31:45 Checking file: /tmp/blitzy/blitzy-kubernetes/blitzy5f91179c1/pkg/kubelet/qos/helpers.go
[gosec] 2026/02/05 17:31:46 Checking file: /tmp/blitzy/blitzy-kubernetes/blitzy5f91179c1/pkg/kubelet/qos/policy.go
[gosec] 2026/02/05 17:31:46 Checking package: ipaddress
[gosec] 2026/02/05 17:31:46 Checking file: /tmp/blitzy/blitzy-kubernetes/blitzy5f91179c1/pkg/registry/networking/ipaddress/doc.go
[gosec] 2026/02/05 17:31:46 Checking file: /tmp/blitzy/blitzy-kubernetes/blitzy5f91179c1/pkg/registry/networking/ipaddress/strategy.go
[gosec] 2026/02/05 17:31:46 Import directory: /tmp/blitzy/blitzy-kubernetes/blitzy5f91179c1/pkg/kubelet/metrics
[gosec] 2026/02/05 17:31:46 Checking package: storage
[gosec] 2026/02/05 17:31:46 Checking file: /tmp/blitzy/blitzy-kubernetes/blitzy5f91179c1/pkg/registry/storage/storageclass/storage/storage.go
[gosec] 2026/02/05 17:31:46 Import directory: /tmp/blitzy/blitzy-kubernetes/blitzy5f91179c1/pkg/kubelet/server/stats
[gosec] 2026/02/05 17:31:46 Checking package: v1
[gosec] 2026/02/05 17:31:46 Checking file: /tmp/blitzy/blitzy-kubernetes/blitzy5f91179c1/pkg/apis/admission/v1/doc.go
[gosec] 2026/02/05 17:31:46 Import directory: /tmp/blitzy/blitzy-kubernetes/blitzy5f91179c1/pkg/proxy/metaproxier
[gosec] 2026/02/05 17:31:46 Checking file: /tmp/blitzy/blitzy-kubernetes/blitzy5f91179c1/pkg/apis/admission/v1/register.go
[gosec] 2026/02/05 17:31:46 Checking file: /tmp/blitzy/blitzy-kubernetes/blitzy5f91179c1/pkg/apis/admission/v1/zz_generated.conversion.go
[gosec] 2026/02/05 17:31:47 Checking file: /tmp/blitzy/blitzy-kubernetes/blitzy5f91179c1/pkg/apis/admission/v1/zz_generated.defaults.go
[gosec] 2026/02/05 17:31:47 Checking package: v1
[gosec] 2026/02/05 17:31:47 Checking file: /tmp/blitzy/blitzy-kubernetes/blitzy5f91179c1/pkg/apis/certificates/v1/conversion.go
[gosec] 2026/02/05 17:31:47 Import directory: /tmp/blitzy/blitzy-kubernetes/blitzy5f91179c1/pkg/apis/scheduling/v1alpha1
[gosec] 2026/02/05 17:31:48 Checking file: /tmp/blitzy/blitzy-kubernetes/blitzy5f91179c1/pkg/apis/certificates/v1/defaults.go
[gosec] 2026/02/05 17:31:48 Checking file: /tmp/blitzy/blitzy-kubernetes/blitzy5f91179c1/pkg/apis/certificates/v1/doc.go
[gosec] 2026/02/05 17:31:48 Checking file: /tmp/blitzy/blitzy-kubernetes/blitzy5f91179c1/pkg/apis/certificates/v1/helpers.go
[gosec] 2026/02/05 17:31:48 Checking file: /tmp/blitzy/blitzy-kubernetes/blitzy5f91179c1/pkg/apis/certificates/v1/register.go
[gosec] 2026/02/05 17:31:48 Checking file: /tmp/blitzy/blitzy-kubernetes/blitzy5f91179c1/pkg/apis/certificates/v1/zz_generated.conversion.go
[gosec] 2026/02/05 17:31:49 Checking file: /tmp/blitzy/blitzy-kubernetes/blitzy5f91179c1/pkg/apis/certificates/v1/zz_generated.defaults.go
[gosec] 2026/02/05 17:31:49 Checking file: /tmp/blitzy/blitzy-kubernetes/blitzy5f91179c1/pkg/apis/certificates/v1/zz_generated.validations.go
[gosec] 2026/02/05 17:31:49 Checking package: v1
[gosec] 2026/02/05 17:31:49 Checking file: /tmp/blitzy/blitzy-kubernetes/blitzy5f91179c1/pkg/apis/policy/v1/conversion.go
[gosec] 2026/02/05 17:31:49 Import directory: /tmp/blitzy/blitzy-kubernetes/blitzy5f91179c1/pkg/controller/nodeipam
[gosec] 2026/02/05 17:31:49 Checking file: /tmp/blitzy/blitzy-kubernetes/blitzy5f91179c1/pkg/apis/policy/v1/doc.go
[gosec] 2026/02/05 17:31:49 Checking file: /tmp/blitzy/blitzy-kubernetes/blitzy5f91179c1/pkg/apis/policy/v1/register.go
[gosec] 2026/02/05 17:31:49 Checking file: /tmp/blitzy/blitzy-kubernetes/blitzy5f91179c1/pkg/apis/policy/v1/zz_generated.conversion.go
[gosec] 2026/02/05 17:31:51 Checking file: /tmp/blitzy/blitzy-kubernetes/blitzy5f91179c1/pkg/apis/policy/v1/zz_generated.defaults.go
[gosec] 2026/02/05 17:31:51 Checking package: podtopologyspread
[gosec] 2026/02/05 17:31:51 Checking file: /tmp/blitzy/blitzy-kubernetes/blitzy5f91179c1/pkg/scheduler/framework/plugins/podtopologyspread/common.go
[gosec] 2026/02/05 17:31:51 Import directory: /tmp/blitzy/blitzy-kubernetes/blitzy5f91179c1/pkg/kubelet/apis/grpc
[gosec] 2026/02/05 17:31:51 Checking file: /tmp/blitzy/blitzy-kubernetes/blitzy5f91179c1/pkg/scheduler/framework/plugins/podtopologyspread/filtering.go
[gosec] 2026/02/05 17:31:52 Checking file: /tmp/blitzy/blitzy-kubernetes/blitzy5f91179c1/pkg/scheduler/framework/plugins/podtopologyspread/plugin.go
[gosec] 2026/02/05 17:31:53 Checking file: /tmp/blitzy/blitzy-kubernetes/blitzy5f91179c1/pkg/scheduler/framework/plugins/podtopologyspread/scoring.go
[gosec] 2026/02/05 17:31:54 Checking package: metrics
[gosec] 2026/02/05 17:31:54 Checking file: /tmp/blitzy/blitzy-kubernetes/blitzy5f91179c1/pkg/kubelet/metrics/metrics.go
[gosec] 2026/02/05 17:31:54 Import directory: /tmp/blitzy/blitzy-kubernetes/blitzy5f91179c1/pkg/kubelet/volumemanager/reconciler
[gosec] 2026/02/05 17:31:55 Checking package: resourcequota
[gosec] 2026/02/05 17:31:55 Checking file: /tmp/blitzy/blitzy-kubernetes/blitzy5f91179c1/pkg/controller/resourcequota/doc.go
[gosec] 2026/02/05 17:31:55 Checking file: /tmp/blitzy/blitzy-kubernetes/blitzy5f91179c1/pkg/controller/resourcequota/resource_quota_controller.go
[gosec] 2026/02/05 17:31:55 Import directory: /tmp/blitzy/blitzy-kubernetes/blitzy5f91179c1/pkg/registry/core/event
[gosec] 2026/02/05 17:31:56 Checking file: /tmp/blitzy/blitzy-kubernetes/blitzy5f91179c1/pkg/controller/resourcequota/resource_quota_monitor.go
[gosec] 2026/02/05 17:31:57 Checking package: scheme
[gosec] 2026/02/05 17:31:57 Checking file: /tmp/blitzy/blitzy-kubernetes/blitzy5f91179c1/pkg/kubelet/apis/config/scheme/scheme.go
[gosec] 2026/02/05 17:31:57 Import directory: /tmp/blitzy/blitzy-kubernetes/blitzy5f91179c1/pkg/registry/core/serviceaccount/storage
[gosec] 2026/02/05 17:31:57 Checking package: metaproxier
[gosec] 2026/02/05 17:31:57 Checking file: /tmp/blitzy/blitzy-kubernetes/blitzy5f91179c1/pkg/proxy/metaproxier/meta_proxier.go
[gosec] 2026/02/05 17:31:57 Import directory: /tmp/blitzy/blitzy-kubernetes/blitzy5f91179c1/pkg/registry/networking/ipaddress/storage
[gosec] 2026/02/05 17:31:57 Checking package: stats
[gosec] 2026/02/05 17:31:57 Checking file: /tmp/blitzy/blitzy-kubernetes/blitzy5f91179c1/pkg/kubelet/server/stats/doc.go
[gosec] 2026/02/05 17:31:57 Import directory: /tmp/blitzy/blitzy-kubernetes/blitzy5f91179c1/pkg/registry/resource/deviceclass
[gosec] 2026/02/05 17:31:57 Checking file: /tmp/blitzy/blitzy-kubernetes/blitzy5f91179c1/pkg/kubelet/server/stats/fs_resource_analyzer.go
[gosec] 2026/02/05 17:31:57 Checking file: /tmp/blitzy/blitzy-kubernetes/blitzy5f91179c1/pkg/kubelet/server/stats/handler.go
[gosec] 2026/02/05 17:31:57 Checking file: /tmp/blitzy/blitzy-kubernetes/blitzy5f91179c1/pkg/kubelet/server/stats/resource_analyzer.go
[gosec] 2026/02/05 17:31:57 Checking file: /tmp/blitzy/blitzy-kubernetes/blitzy5f91179c1/pkg/kubelet/server/stats/summary.go
[gosec] 2026/02/05 17:31:58 Checking file: /tmp/blitzy/blitzy-kubernetes/blitzy5f91179c1/pkg/kubelet/server/stats/summary_sys_containers.go
[gosec] 2026/02/05 17:31:58 Checking file: /tmp/blitzy/blitzy-kubernetes/blitzy5f91179c1/pkg/kubelet/server/stats/volume_stat_calculator.go
[gosec] 2026/02/05 17:31:58 Checking package: v1alpha1
[gosec] 2026/02/05 17:31:58 Checking file: /tmp/blitzy/blitzy-kubernetes/blitzy5f91179c1/pkg/apis/scheduling/v1alpha1/defaults.go
[gosec] 2026/02/05 17:31:58 Import directory: /tmp/blitzy/blitzy-kubernetes/blitzy5f91179c1/pkg/apis/apps/install
[gosec] 2026/02/05 17:31:58 Checking file: /tmp/blitzy/blitzy-kubernetes/blitzy5f91179c1/pkg/apis/scheduling/v1alpha1/doc.go
[gosec] 2026/02/05 17:31:58 Checking file: /tmp/blitzy/blitzy-kubernetes/blitzy5f91179c1/pkg/apis/scheduling/v1alpha1/register.go
[gosec] 2026/02/05 17:31:58 Checking file: /tmp/blitzy/blitzy-kubernetes/blitzy5f91179c1/pkg/apis/scheduling/v1alpha1/zz_generated.conversion.go
[gosec] 2026/02/05 17:32:00 Checking file: /tmp/blitzy/blitzy-kubernetes/blitzy5f91179c1/pkg/apis/scheduling/v1alpha1/zz_generated.defaults.go
[gosec] 2026/02/05 17:32:00 Checking package: nodeipam
[gosec] 2026/02/05 17:32:00 Checking file: /tmp/blitzy/blitzy-kubernetes/blitzy5f91179c1/pkg/controller/nodeipam/doc.go
[gosec] 2026/02/05 17:32:00 Import directory: /tmp/blitzy/blitzy-kubernetes/blitzy5f91179c1/pkg/apis/flowcontrol/fuzzer
[gosec] 2026/02/05 17:32:00 Checking file: /tmp/blitzy/blitzy-kubernetes/blitzy5f91179c1/pkg/controller/nodeipam/node_ipam_controller.go
[gosec] 2026/02/05 17:32:00 Checking file: /tmp/blitzy/blitzy-kubernetes/blitzy5f91179c1/pkg/controller/nodeipam/nolegacyprovider.go
[gosec] 2026/02/05 17:32:00 Checking package: grpc
[gosec] 2026/02/05 17:32:00 Checking file: /tmp/blitzy/blitzy-kubernetes/blitzy5f91179c1/pkg/kubelet/apis/grpc/ratelimit.go
[gosec] 2026/02/05 17:32:00 Import directory: /tmp/blitzy/blitzy-kubernetes/blitzy5f91179c1/pkg/controller/statefulset/config/v1alpha1
[gosec] 2026/02/05 17:32:00 Checking package: reconciler
[gosec] 2026/02/05 17:32:00 Checking file: /tmp/blitzy/blitzy-kubernetes/blitzy5f91179c1/pkg/kubelet/volumemanager/reconciler/reconciler.go
[gosec] 2026/02/05 17:32:00 Import directory: /tmp/blitzy/blitzy-kubernetes/blitzy5f91179c1/pkg/kubelet/kubeletconfig
[gosec] 2026/02/05 17:32:00 Checking file: /tmp/blitzy/blitzy-kubernetes/blitzy5f91179c1/pkg/kubelet/volumemanager/reconciler/reconciler_common.go
[gosec] 2026/02/05 17:32:01 Checking file: /tmp/blitzy/blitzy-kubernetes/blitzy5f91179c1/pkg/kubelet/volumemanager/reconciler/reconstruct.go
[gosec] 2026/02/05 17:32:01 Checking file: /tmp/blitzy/blitzy-kubernetes/blitzy5f91179c1/pkg/kubelet/volumemanager/reconciler/reconstruct_common.go
[gosec] 2026/02/05 17:32:02 Checking package: event
[gosec] 2026/02/05 17:32:02 Checking file: /tmp/blitzy/blitzy-kubernetes/blitzy5f91179c1/pkg/registry/core/event/doc.go
[gosec] 2026/02/05 17:32:02 Checking file: /tmp/blitzy/blitzy-kubernetes/blitzy5f91179c1/pkg/registry/core/event/strategy.go
[gosec] 2026/02/05 17:32:02 Import directory: /tmp/blitzy/blitzy-kubernetes/blitzy5f91179c1/pkg/registry/core/service/portallocator/storage
[gosec] 2026/02/05 17:32:02 Checking package: deviceclass
[gosec] 2026/02/05 17:32:02 Checking file: /tmp/blitzy/blitzy-kubernetes/blitzy5f91179c1/pkg/registry/resource/deviceclass/strategy.go
[gosec] 2026/02/05 17:32:02 Import directory: /tmp/blitzy/blitzy-kubernetes/blitzy5f91179c1/pkg/registry/networking/ingressclass/storage
[gosec] 2026/02/05 17:32:02 Checking package: storage
[gosec] 2026/02/05 17:32:02 Checking file: /tmp/blitzy/blitzy-kubernetes/blitzy5f91179c1/pkg/registry/core/serviceaccount/storage/storage.go
[gosec] 2026/02/05 17:32:02 Import directory: /tmp/blitzy/blitzy-kubernetes/blitzy5f91179c1/pkg/serviceaccount
[gosec] 2026/02/05 17:32:02 Checking file: /tmp/blitzy/blitzy-kubernetes/blitzy5f91179c1/pkg/registry/core/serviceaccount/storage/token.go
[gosec] 2026/02/05 17:32:03 Checking package: storage
[gosec] 2026/02/05 17:32:03 Checking file: /tmp/blitzy/blitzy-kubernetes/blitzy5f91179c1/pkg/registry/networking/ipaddress/storage/storage.go
[gosec] 2026/02/05 17:32:03 Import directory: /tmp/blitzy/blitzy-kubernetes/blitzy5f91179c1/pkg/util/flock
[gosec] 2026/02/05 17:32:03 Checking package: install
[gosec] 2026/02/05 17:32:03 Checking file: /tmp/blitzy/blitzy-kubernetes/blitzy5f91179c1/pkg/apis/apps/install/install.go
[gosec] 2026/02/05 17:32:03 Import directory: /tmp/blitzy/blitzy-kubernetes/blitzy5f91179c1/pkg/apis/events
[gosec] 2026/02/05 17:32:03 Checking package: fuzzer
[gosec] 2026/02/05 17:32:03 Checking file: /tmp/blitzy/blitzy-kubernetes/blitzy5f91179c1/pkg/apis/flowcontrol/fuzzer/fuzzer.go
[gosec] 2026/02/05 17:32:03 Import directory: /tmp/blitzy/blitzy-kubernetes/blitzy5f91179c1/pkg/apis/flowcontrol/v1beta1
[gosec] 2026/02/05 17:32:03 Checking package: kubeletconfig
[gosec] 2026/02/05 17:32:03 Checking file: /tmp/blitzy/blitzy-kubernetes/blitzy5f91179c1/pkg/kubelet/kubeletconfig/defaults.go
[gosec] 2026/02/05 17:32:03 Import directory: /tmp/blitzy/blitzy-kubernetes/blitzy5f91179c1/pkg/controller/endpointslicemirroring/metrics
[gosec] 2026/02/05 17:32:03 Checking file: /tmp/blitzy/blitzy-kubernetes/blitzy5f91179c1/pkg/kubelet/kubeletconfig/types.go
[gosec] 2026/02/05 17:32:03 Checking package: v1alpha1
[gosec] 2026/02/05 17:32:03 Checking file: /tmp/blitzy/blitzy-kubernetes/blitzy5f91179c1/pkg/controller/statefulset/config/v1alpha1/conversion.go
[gosec] 2026/02/05 17:32:03 Import directory: /tmp/blitzy/blitzy-kubernetes/blitzy5f91179c1/pkg/controller/job/config
[gosec] 2026/02/05 17:32:03 Checking file: /tmp/blitzy/blitzy-kubernetes/blitzy5f91179c1/pkg/controller/statefulset/config/v1alpha1/defaults.go
[gosec] 2026/02/05 17:32:03 Checking file: /tmp/blitzy/blitzy-kubernetes/blitzy5f91179c1/pkg/controller/statefulset/config/v1alpha1/doc.go
[gosec] 2026/02/05 17:32:03 Checking file: /tmp/blitzy/blitzy-kubernetes/blitzy5f91179c1/pkg/controller/statefulset/config/v1alpha1/register.go
[gosec] 2026/02/05 17:32:03 Checking file: /tmp/blitzy/blitzy-kubernetes/blitzy5f91179c1/pkg/controller/statefulset/config/v1alpha1/zz_generated.conversion.go
[gosec] 2026/02/05 17:32:04 Checking file: /tmp/blitzy/blitzy-kubernetes/blitzy5f91179c1/pkg/controller/statefulset/config/v1alpha1/zz_generated.deepcopy.go
[gosec] 2026/02/05 17:32:04 Checking package: storage
[gosec] 2026/02/05 17:32:04 Checking file: /tmp/blitzy/blitzy-kubernetes/blitzy5f91179c1/pkg/registry/core/service/portallocator/storage/storage.go
[gosec] 2026/02/05 17:32:04 Import directory: /tmp/blitzy/blitzy-kubernetes/blitzy5f91179c1/pkg/registry/resource/resourceclaim
[gosec] 2026/02/05 17:32:04 Checking package: storage
[gosec] 2026/02/05 17:32:04 Checking file: /tmp/blitzy/blitzy-kubernetes/blitzy5f91179c1/pkg/registry/networking/ingressclass/storage/storage.go
[gosec] 2026/02/05 17:32:04 Import directory: /tmp/blitzy/blitzy-kubernetes/blitzy5f91179c1/pkg/registry/resource/resourceslice/storage
[gosec] 2026/02/05 17:32:04 Checking package: serviceaccount
[gosec] 2026/02/05 17:32:04 Checking file: /tmp/blitzy/blitzy-kubernetes/blitzy5f91179c1/pkg/serviceaccount/claims.go
[gosec] 2026/02/05 17:32:04 Import directory: /tmp/blitzy/blitzy-kubernetes/blitzy5f91179c1/pkg/util/iptables/testing
[gosec] 2026/02/05 17:32:04 Checking file: /tmp/blitzy/blitzy-kubernetes/blitzy5f91179c1/pkg/serviceaccount/jwt.go
[gosec] 2026/02/05 17:32:05 Checking file: /tmp/blitzy/blitzy-kubernetes/blitzy5f91179c1/pkg/serviceaccount/legacy.go
[gosec] 2026/02/05 17:32:06 Checking file: /tmp/blitzy/blitzy-kubernetes/blitzy5f91179c1/pkg/serviceaccount/metrics.go
[gosec] 2026/02/05 17:32:06 Checking file: /tmp/blitzy/blitzy-kubernetes/blitzy5f91179c1/pkg/serviceaccount/openidmetadata.go
[gosec] 2026/02/05 17:32:07 Checking package: flock
[gosec] 2026/02/05 17:32:07 Checking file: /tmp/blitzy/blitzy-kubernetes/blitzy5f91179c1/pkg/util/flock/flock_unix.go
[gosec] 2026/02/05 17:32:07 Import directory: /tmp/blitzy/blitzy-kubernetes/blitzy5f91179c1/pkg/volume/downwardapi
[gosec] 2026/02/05 17:32:07 Checking package: config
[gosec] 2026/02/05 17:32:07 Checking file: /tmp/blitzy/blitzy-kubernetes/blitzy5f91179c1/pkg/controller/job/config/doc.go
[gosec] 2026/02/05 17:32:07 Checking file: /tmp/blitzy/blitzy-kubernetes/blitzy5f91179c1/pkg/controller/job/config/types.go
[gosec] 2026/02/05 17:32:07 Checking file: /tmp/blitzy/blitzy-kubernetes/blitzy5f91179c1/pkg/controller/job/config/zz_generated.deepcopy.go
[gosec] 2026/02/05 17:32:07 Import directory: /tmp/blitzy/blitzy-kubernetes/blitzy5f91179c1/pkg/apis/coordination/validation
[gosec] 2026/02/05 17:32:07 Checking package: v1beta1
[gosec] 2026/02/05 17:32:07 Checking file: /tmp/blitzy/blitzy-kubernetes/blitzy5f91179c1/pkg/apis/flowcontrol/v1beta1/conversion.go
[gosec] 2026/02/05 17:32:07 Import directory: /tmp/blitzy/blitzy-kubernetes/blitzy5f91179c1/pkg/apis/storage/v1alpha1
[gosec] 2026/02/05 17:32:07 Checking file: /tmp/blitzy/blitzy-kubernetes/blitzy5f91179c1/pkg/apis/flowcontrol/v1beta1/defaults.go
[gosec] 2026/02/05 17:32:07 Checking file: /tmp/blitzy/blitzy-kubernetes/blitzy5f91179c1/pkg/apis/flowcontrol/v1beta1/doc.go
[gosec] 2026/02/05 17:32:07 Checking file: /tmp/blitzy/blitzy-kubernetes/blitzy5f91179c1/pkg/apis/flowcontrol/v1beta1/register.go
[gosec] 2026/02/05 17:32:07 Checking file: /tmp/blitzy/blitzy-kubernetes/blitzy5f91179c1/pkg/apis/flowcontrol/v1beta1/zz_generated.conversion.go
[gosec] 2026/02/05 17:32:12 Checking file: /tmp/blitzy/blitzy-kubernetes/blitzy5f91179c1/pkg/apis/flowcontrol/v1beta1/zz_generated.defaults.go
[gosec] 2026/02/05 17:32:12 Checking package: events
[gosec] 2026/02/05 17:32:12 Checking file: /tmp/blitzy/blitzy-kubernetes/blitzy5f91179c1/pkg/apis/events/doc.go
[gosec] 2026/02/05 17:32:12 Import directory: /tmp/blitzy/blitzy-kubernetes/blitzy5f91179c1/pkg/controller/namespace/config
[gosec] 2026/02/05 17:32:12 Checking file: /tmp/blitzy/blitzy-kubernetes/blitzy5f91179c1/pkg/apis/events/register.go
[gosec] 2026/02/05 17:32:12 Checking package: metrics
[gosec] 2026/02/05 17:32:12 Checking file: /tmp/blitzy/blitzy-kubernetes/blitzy5f91179c1/pkg/controller/endpointslicemirroring/metrics/cache.go
[gosec] 2026/02/05 17:32:12 Import directory: /tmp/blitzy/blitzy-kubernetes/blitzy5f91179c1/pkg/controller/volume/persistentvolume/metrics
[gosec] 2026/02/05 17:32:12 Checking file: /tmp/blitzy/blitzy-kubernetes/blitzy5f91179c1/pkg/controller/endpointslicemirroring/metrics/metrics.go
[gosec] 2026/02/05 17:32:12 Checking package: testing
[gosec] 2026/02/05 17:32:12 Checking file: /tmp/blitzy/blitzy-kubernetes/blitzy5f91179c1/pkg/util/iptables/testing/doc.go
[gosec] 2026/02/05 17:32:12 Checking file: /tmp/blitzy/blitzy-kubernetes/blitzy5f91179c1/pkg/util/iptables/testing/fake.go
[gosec] 2026/02/05 17:32:12 Import directory: /tmp/blitzy/blitzy-kubernetes/blitzy5f91179c1/pkg/controlplane/reconcilers
[gosec] 2026/02/05 17:32:13 Checking file: /tmp/blitzy/blitzy-kubernetes/blitzy5f91179c1/pkg/util/iptables/testing/parse.go
[gosec] 2026/02/05 17:32:14 Checking package: storage
[gosec] 2026/02/05 17:32:14 Checking file: /tmp/blitzy/blitzy-kubernetes/blitzy5f91179c1/pkg/registry/resource/resourceslice/storage/storage.go
[gosec] 2026/02/05 17:32:14 Import directory: /tmp/blitzy/blitzy-kubernetes/blitzy5f91179c1/pkg/kubelet/events
[gosec] 2026/02/05 17:32:14 Checking package: resourceclaim
[gosec] 2026/02/05 17:32:14 Checking file: /tmp/blitzy/blitzy-kubernetes/blitzy5f91179c1/pkg/registry/resource/resourceclaim/strategy.go
[gosec] 2026/02/05 17:32:14 Import directory: /tmp/blitzy/blitzy-kubernetes/blitzy5f91179c1/pkg/kubelet/nodestatus
[gosec] 2026/02/05 17:32:15 Checking package: validation
[gosec] 2026/02/05 17:32:15 Checking file: /tmp/blitzy/blitzy-kubernetes/blitzy5f91179c1/pkg/apis/coordination/validation/validation.go
[gosec] 2026/02/05 17:32:15 Import directory: /tmp/blitzy/blitzy-kubernetes/blitzy5f91179c1/pkg/kubelet/pluginmanager/pluginwatcher/example_plugin_apis/v1beta1
[gosec] 2026/02/05 17:32:16 Checking package: v1alpha1
[gosec] 2026/02/05 17:32:16 Checking file: /tmp/blitzy/blitzy-kubernetes/blitzy5f91179c1/pkg/apis/storage/v1alpha1/doc.go
[gosec] 2026/02/05 17:32:16 Checking file: /tmp/blitzy/blitzy-kubernetes/blitzy5f91179c1/pkg/apis/storage/v1alpha1/register.go
[gosec] 2026/02/05 17:32:16 Import directory: /tmp/blitzy/blitzy-kubernetes/blitzy5f91179c1/pkg/proxy/ipvs/util/testing
[gosec] 2026/02/05 17:32:16 Checking file: /tmp/blitzy/blitzy-kubernetes/blitzy5f91179c1/pkg/apis/storage/v1alpha1/zz_generated.conversion.go
[gosec] 2026/02/05 17:32:18 Checking file: /tmp/blitzy/blitzy-kubernetes/blitzy5f91179c1/pkg/apis/storage/v1alpha1/zz_generated.defaults.go
[gosec] 2026/02/05 17:32:18 Checking file: /tmp/blitzy/blitzy-kubernetes/blitzy5f91179c1/pkg/apis/storage/v1alpha1/zz_generated.validations.go
[gosec] 2026/02/05 17:32:18 Checking package: downwardapi
[gosec] 2026/02/05 17:32:18 Checking file: /tmp/blitzy/blitzy-kubernetes/blitzy5f91179c1/pkg/volume/downwardapi/downwardapi.go
[gosec] 2026/02/05 17:32:18 Import directory: /tmp/blitzy/blitzy-kubernetes/blitzy5f91179c1/pkg/registry/coordination/leasecandidate/storage
[gosec] 2026/02/05 17:32:19 Checking package: config
[gosec] 2026/02/05 17:32:19 Checking file: /tmp/blitzy/blitzy-kubernetes/blitzy5f91179c1/pkg/controller/namespace/config/doc.go
[gosec] 2026/02/05 17:32:19 Checking file: /tmp/blitzy/blitzy-kubernetes/blitzy5f91179c1/pkg/controller/namespace/config/types.go
[gosec] 2026/02/05 17:32:19 Import directory: /tmp/blitzy/blitzy-kubernetes/blitzy5f91179c1/pkg/util/labels
[gosec] 2026/02/05 17:32:19 Checking file: /tmp/blitzy/blitzy-kubernetes/blitzy5f91179c1/pkg/controller/namespace/config/zz_generated.deepcopy.go
[gosec] 2026/02/05 17:32:19 Checking package: metrics
[gosec] 2026/02/05 17:32:19 Checking file: /tmp/blitzy/blitzy-kubernetes/blitzy5f91179c1/pkg/controller/volume/persistentvolume/metrics/metrics.go
[gosec] 2026/02/05 17:32:19 Import directory: /tmp/blitzy/blitzy-kubernetes/blitzy5f91179c1/pkg/apis/coordination/v1
[gosec] 2026/02/05 17:32:19 Checking package: reconcilers
[gosec] 2026/02/05 17:32:19 Checking file: /tmp/blitzy/blitzy-kubernetes/blitzy5f91179c1/pkg/controlplane/reconcilers/doc.go
[gosec] 2026/02/05 17:32:19 Checking file: /tmp/blitzy/blitzy-kubernetes/blitzy5f91179c1/pkg/controlplane/reconcilers/endpointsadapter.go
[gosec] 2026/02/05 17:32:19 Import directory: /tmp/blitzy/blitzy-kubernetes/blitzy5f91179c1/pkg/controller/certificates/clustertrustbundlepublisher
[gosec] 2026/02/05 17:32:20 Checking file: /tmp/blitzy/blitzy-kubernetes/blitzy5f91179c1/pkg/controlplane/reconcilers/instancecount.go
[gosec] 2026/02/05 17:32:20 Checking file: /tmp/blitzy/blitzy-kubernetes/blitzy5f91179c1/pkg/controlplane/reconcilers/lease.go
[gosec] 2026/02/05 17:32:21 Checking file: /tmp/blitzy/blitzy-kubernetes/blitzy5f91179c1/pkg/controlplane/reconcilers/none.go
[gosec] 2026/02/05 17:32:21 Checking file: /tmp/blitzy/blitzy-kubernetes/blitzy5f91179c1/pkg/controlplane/reconcilers/reconcilers.go
[gosec] 2026/02/05 17:32:21 Checking package: events
[gosec] 2026/02/05 17:32:21 Checking file: /tmp/blitzy/blitzy-kubernetes/blitzy5f91179c1/pkg/kubelet/events/event.go
[gosec] 2026/02/05 17:32:21 Import directory: /tmp/blitzy/blitzy-kubernetes/blitzy5f91179c1/pkg/registry/autoscaling/horizontalpodautoscaler/storage
[gosec] 2026/02/05 17:32:21 Checking file: /tmp/blitzy/blitzy-kubernetes/blitzy5f91179c1/pkg/kubelet/events/resize.go
[gosec] 2026/02/05 17:32:21 Checking package: nodestatus
[gosec] 2026/02/05 17:32:21 Checking file: /tmp/blitzy/blitzy-kubernetes/blitzy5f91179c1/pkg/kubelet/nodestatus/setters.go
[gosec] 2026/02/05 17:32:21 Import directory: /tmp/blitzy/blitzy-kubernetes/blitzy5f91179c1/pkg/registry/core/persistentvolume/storage
[gosec] 2026/02/05 17:32:23 Checking package: v1beta1
[gosec] 2026/02/05 17:32:23 Checking file: /tmp/blitzy/blitzy-kubernetes/blitzy5f91179c1/pkg/kubelet/pluginmanager/pluginwatcher/example_plugin_apis/v1beta1/api.pb.go
[gosec] 2026/02/05 17:32:23 Import directory: /tmp/blitzy/blitzy-kubernetes/blitzy5f91179c1/pkg/util/pod
[gosec] 2026/02/05 17:32:23 Checking file: /tmp/blitzy/blitzy-kubernetes/blitzy5f91179c1/pkg/kubelet/pluginmanager/pluginwatcher/example_plugin_apis/v1beta1/api_grpc.pb.go
[gosec] 2026/02/05 17:32:23 Checking package: testing
[gosec] 2026/02/05 17:32:23 Checking file: /tmp/blitzy/blitzy-kubernetes/blitzy5f91179c1/pkg/proxy/ipvs/util/testing/doc.go
[gosec] 2026/02/05 17:32:23 Checking file: /tmp/blitzy/blitzy-kubernetes/blitzy5f91179c1/pkg/proxy/ipvs/util/testing/fake.go
[gosec] 2026/02/05 17:32:23 Import directory: /tmp/blitzy/blitzy-kubernetes/blitzy5f91179c1/pkg/apis/apiserverinternal
[gosec] 2026/02/05 17:32:24 Checking package: storage
[gosec] 2026/02/05 17:32:24 Checking file: /tmp/blitzy/blitzy-kubernetes/blitzy5f91179c1/pkg/registry/coordination/leasecandidate/storage/storage.go
[gosec] 2026/02/05 17:32:24 Import directory: /tmp/blitzy/blitzy-kubernetes/blitzy5f91179c1/pkg/apis/coordination/v1beta1
[gosec] 2026/02/05 17:32:24 Checking package: labels
[gosec] 2026/02/05 17:32:24 Checking file: /tmp/blitzy/blitzy-kubernetes/blitzy5f91179c1/pkg/util/labels/doc.go
[gosec] 2026/02/05 17:32:24 Checking file: /tmp/blitzy/blitzy-kubernetes/blitzy5f91179c1/pkg/util/labels/labels.go
[gosec] 2026/02/05 17:32:24 Import directory: /tmp/blitzy/blitzy-kubernetes/blitzy5f91179c1/pkg/apis/rbac/v1alpha1
[gosec] 2026/02/05 17:32:25 Checking package: v1
[gosec] 2026/02/05 17:32:25 Checking file: /tmp/blitzy/blitzy-kubernetes/blitzy5f91179c1/pkg/apis/coordination/v1/doc.go
[gosec] 2026/02/05 17:32:25 Checking file: /tmp/blitzy/blitzy-kubernetes/blitzy5f91179c1/pkg/apis/coordination/v1/register.go
[gosec] 2026/02/05 17:32:25 Import directory: /tmp/blitzy/blitzy-kubernetes/blitzy5f91179c1/pkg/controller/endpoint/config/v1alpha1
[gosec] 2026/02/05 17:32:25 Checking file: /tmp/blitzy/blitzy-kubernetes/blitzy5f91179c1/pkg/apis/coordination/v1/zz_generated.conversion.go
[gosec] 2026/02/05 17:32:25 Checking file: /tmp/blitzy/blitzy-kubernetes/blitzy5f91179c1/pkg/apis/coordination/v1/zz_generated.defaults.go
[gosec] 2026/02/05 17:32:25 Checking package: clustertrustbundlepublisher
[gosec] 2026/02/05 17:32:25 Checking file: /tmp/blitzy/blitzy-kubernetes/blitzy5f91179c1/pkg/controller/certificates/clustertrustbundlepublisher/metrics.go
[gosec] 2026/02/05 17:32:25 Import directory: /tmp/blitzy/blitzy-kubernetes/blitzy5f91179c1/pkg/controller/nodelifecycle/config
[gosec] 2026/02/05 17:32:25 Checking file: /tmp/blitzy/blitzy-kubernetes/blitzy5f91179c1/pkg/controller/certificates/clustertrustbundlepublisher/publisher.go
[gosec] 2026/02/05 17:32:26 Checking package: storage
[gosec] 2026/02/05 17:32:26 Checking file: /tmp/blitzy/blitzy-kubernetes/blitzy5f91179c1/pkg/registry/autoscaling/horizontalpodautoscaler/storage/storage.go
[gosec] 2026/02/05 17:32:26 Import directory: /tmp/blitzy/blitzy-kubernetes/blitzy5f91179c1/pkg/kubelet/allocation
[gosec] 2026/02/05 17:32:26 Checking package: storage
[gosec] 2026/02/05 17:32:26 Checking file: /tmp/blitzy/blitzy-kubernetes/blitzy5f91179c1/pkg/registry/core/persistentvolume/storage/storage.go
[gosec] 2026/02/05 17:32:26 Import directory: /tmp/blitzy/blitzy-kubernetes/blitzy5f91179c1/pkg/kubelet/cadvisor/testing
[gosec] 2026/02/05 17:32:27 Checking package: apiserverinternal
[gosec] 2026/02/05 17:32:27 Checking file: /tmp/blitzy/blitzy-kubernetes/blitzy5f91179c1/pkg/apis/apiserverinternal/doc.go
[gosec] 2026/02/05 17:32:27 Checking file: /tmp/blitzy/blitzy-kubernetes/blitzy5f91179c1/pkg/apis/apiserverinternal/register.go
[gosec] 2026/02/05 17:32:27 Import directory: /tmp/blitzy/blitzy-kubernetes/blitzy5f91179c1/pkg/proxy/config
[gosec] 2026/02/05 17:32:27 Checking file: /tmp/blitzy/blitzy-kubernetes/blitzy5f91179c1/pkg/apis/apiserverinternal/types.go
[gosec] 2026/02/05 17:32:27 Checking file: /tmp/blitzy/blitzy-kubernetes/blitzy5f91179c1/pkg/apis/apiserverinternal/zz_generated.deepcopy.go
[gosec] 2026/02/05 17:32:27 Checking package: pod
[gosec] 2026/02/05 17:32:27 Checking file: /tmp/blitzy/blitzy-kubernetes/blitzy5f91179c1/pkg/util/pod/pod.go
[gosec] 2026/02/05 17:32:27 Import directory: /tmp/blitzy/blitzy-kubernetes/blitzy5f91179c1/pkg/apis/rbac/install
[gosec] 2026/02/05 17:32:28 Checking package: v1beta1
[gosec] 2026/02/05 17:32:28 Checking file: /tmp/blitzy/blitzy-kubernetes/blitzy5f91179c1/pkg/apis/coordination/v1beta1/doc.go
[gosec] 2026/02/05 17:32:28 Checking file: /tmp/blitzy/blitzy-kubernetes/blitzy5f91179c1/pkg/apis/coordination/v1beta1/register.go
[gosec] 2026/02/05 17:32:28 Import directory: /tmp/blitzy/blitzy-kubernetes/blitzy5f91179c1/pkg/controller/certificates/signer/config/v1alpha1
[gosec] 2026/02/05 17:32:28 Checking file: /tmp/blitzy/blitzy-kubernetes/blitzy5f91179c1/pkg/apis/coordination/v1beta1/zz_generated.conversion.go
[gosec] 2026/02/05 17:32:29 Checking file: /tmp/blitzy/blitzy-kubernetes/blitzy5f91179c1/pkg/apis/coordination/v1beta1/zz_generated.defaults.go
[gosec] 2026/02/05 17:32:29 Checking package: v1alpha1
[gosec] 2026/02/05 17:32:29 Checking file: /tmp/blitzy/blitzy-kubernetes/blitzy5f91179c1/pkg/apis/rbac/v1alpha1/conversion.go
[gosec] 2026/02/05 17:32:29 Import directory: /tmp/blitzy/blitzy-kubernetes/blitzy5f91179c1/pkg/kubelet/server/stats/testing
[gosec] 2026/02/05 17:32:29 Checking file: /tmp/blitzy/blitzy-kubernetes/blitzy5f91179c1/pkg/apis/rbac/v1alpha1/defaults.go
[gosec] 2026/02/05 17:32:29 Checking file: /tmp/blitzy/blitzy-kubernetes/blitzy5f91179c1/pkg/apis/rbac/v1alpha1/doc.go
[gosec] 2026/02/05 17:32:29 Checking file: /tmp/blitzy/blitzy-kubernetes/blitzy5f91179c1/pkg/apis/rbac/v1alpha1/helpers.go
[gosec] 2026/02/05 17:32:29 Checking file: /tmp/blitzy/blitzy-kubernetes/blitzy5f91179c1/pkg/apis/rbac/v1alpha1/register.go
[gosec] 2026/02/05 17:32:29 Checking file: /tmp/blitzy/blitzy-kubernetes/blitzy5f91179c1/pkg/apis/rbac/v1alpha1/zz_generated.conversion.go
[gosec] 2026/02/05 17:32:32 Checking file: /tmp/blitzy/blitzy-kubernetes/blitzy5f91179c1/pkg/apis/rbac/v1alpha1/zz_generated.defaults.go
[gosec] 2026/02/05 17:32:33 Checking file: /tmp/blitzy/blitzy-kubernetes/blitzy5f91179c1/pkg/apis/rbac/v1alpha1/zz_generated.validations.go
[gosec] 2026/02/05 17:32:33 Checking package: v1alpha1
[gosec] 2026/02/05 17:32:33 Checking file: /tmp/blitzy/blitzy-kubernetes/blitzy5f91179c1/pkg/controller/endpoint/config/v1alpha1/conversion.go
[gosec] 2026/02/05 17:32:33 Import directory: /tmp/blitzy/blitzy-kubernetes/blitzy5f91179c1/pkg/proxy/healthcheck
[gosec] 2026/02/05 17:32:33 Checking file: /tmp/blitzy/blitzy-kubernetes/blitzy5f91179c1/pkg/controller/endpoint/config/v1alpha1/defaults.go
[gosec] 2026/02/05 17:32:33 Checking file: /tmp/blitzy/blitzy-kubernetes/blitzy5f91179c1/pkg/controller/endpoint/config/v1alpha1/doc.go
[gosec] 2026/02/05 17:32:33 Checking file: /tmp/blitzy/blitzy-kubernetes/blitzy5f91179c1/pkg/controller/endpoint/config/v1alpha1/register.go
[gosec] 2026/02/05 17:32:33 Checking file: /tmp/blitzy/blitzy-kubernetes/blitzy5f91179c1/pkg/controller/endpoint/config/v1alpha1/zz_generated.conversion.go
[gosec] 2026/02/05 17:32:34 Checking file: /tmp/blitzy/blitzy-kubernetes/blitzy5f91179c1/pkg/controller/endpoint/config/v1alpha1/zz_generated.deepcopy.go
[gosec] 2026/02/05 17:32:34 Checking package: config
[gosec] 2026/02/05 17:32:34 Checking file: /tmp/blitzy/blitzy-kubernetes/blitzy5f91179c1/pkg/controller/nodelifecycle/config/doc.go
[gosec] 2026/02/05 17:32:34 Checking file: /tmp/blitzy/blitzy-kubernetes/blitzy5f91179c1/pkg/controller/nodelifecycle/config/types.go
[gosec] 2026/02/05 17:32:34 Import directory: /tmp/blitzy/blitzy-kubernetes/blitzy5f91179c1/pkg/registry/batch/rest
[gosec] 2026/02/05 17:32:34 Checking file: /tmp/blitzy/blitzy-kubernetes/blitzy5f91179c1/pkg/controller/nodelifecycle/config/zz_generated.deepcopy.go
[gosec] 2026/02/05 17:32:34 Checking package: testing
[gosec] 2026/02/05 17:32:34 Checking file: /tmp/blitzy/blitzy-kubernetes/blitzy5f91179c1/pkg/kubelet/cadvisor/testing/cadvisor_fake.go
[gosec] 2026/02/05 17:32:34 Import directory: /tmp/blitzy/blitzy-kubernetes/blitzy5f91179c1/pkg/registry/coordination/rest
[gosec] 2026/02/05 17:32:34 Checking file: /tmp/blitzy/blitzy-kubernetes/blitzy5f91179c1/pkg/kubelet/cadvisor/testing/mocks.go
[gosec] 2026/02/05 17:32:35 Checking package: allocation
[gosec] 2026/02/05 17:32:35 Checking file: /tmp/blitzy/blitzy-kubernetes/blitzy5f91179c1/pkg/kubelet/allocation/allocation_manager.go
[gosec] 2026/02/05 17:32:35 Import directory: /tmp/blitzy/blitzy-kubernetes/blitzy5f91179c1/pkg/registry/core/pod
[gosec] 2026/02/05 17:32:37 Checking file: /tmp/blitzy/blitzy-kubernetes/blitzy5f91179c1/pkg/kubelet/allocation/doc.go
[gosec] 2026/02/05 17:32:37 Checking file: /tmp/blitzy/blitzy-kubernetes/blitzy5f91179c1/pkg/kubelet/allocation/features_linux.go
[gosec] 2026/02/05 17:32:38 Checking package: config
[gosec] 2026/02/05 17:32:38 Checking file: /tmp/blitzy/blitzy-kubernetes/blitzy5f91179c1/pkg/proxy/config/config.go
[gosec] 2026/02/05 17:32:38 Import directory: /tmp/blitzy/blitzy-kubernetes/blitzy5f91179c1/pkg/scheduler/backend/queue
[gosec] 2026/02/05 17:32:39 Checking file: /tmp/blitzy/blitzy-kubernetes/blitzy5f91179c1/pkg/proxy/config/doc.go
[gosec] 2026/02/05 17:32:39 Checking package: install
[gosec] 2026/02/05 17:32:39 Checking file: /tmp/blitzy/blitzy-kubernetes/blitzy5f91179c1/pkg/apis/rbac/install/install.go
[gosec] 2026/02/05 17:32:39 Import directory: /tmp/blitzy/blitzy-kubernetes/blitzy5f91179c1/pkg/apis/policy
[gosec] 2026/02/05 17:32:39 Checking package: v1alpha1
[gosec] 2026/02/05 17:32:39 Checking file: /tmp/blitzy/blitzy-kubernetes/blitzy5f91179c1/pkg/controller/certificates/signer/config/v1alpha1/conversion.go
[gosec] 2026/02/05 17:32:39 Import directory: /tmp/blitzy/blitzy-kubernetes/blitzy5f91179c1/pkg/apis/scheduling/v1beta1
[gosec] 2026/02/05 17:32:39 Checking file: /tmp/blitzy/blitzy-kubernetes/blitzy5f91179c1/pkg/controller/certificates/signer/config/v1alpha1/defaults.go
[gosec] 2026/02/05 17:32:39 Checking file: /tmp/blitzy/blitzy-kubernetes/blitzy5f91179c1/pkg/controller/certificates/signer/config/v1alpha1/doc.go
[gosec] 2026/02/05 17:32:39 Checking file: /tmp/blitzy/blitzy-kubernetes/blitzy5f91179c1/pkg/controller/certificates/signer/config/v1alpha1/register.go
[gosec] 2026/02/05 17:32:39 Checking file: /tmp/blitzy/blitzy-kubernetes/blitzy5f91179c1/pkg/controller/certificates/signer/config/v1alpha1/zz_generated.conversion.go
[gosec] 2026/02/05 17:32:40 Checking file: /tmp/blitzy/blitzy-kubernetes/blitzy5f91179c1/pkg/controller/certificates/signer/config/v1alpha1/zz_generated.deepcopy.go
[gosec] 2026/02/05 17:32:40 Checking package: testing
[gosec] 2026/02/05 17:32:40 Checking file: /tmp/blitzy/blitzy-kubernetes/blitzy5f91179c1/pkg/kubelet/server/stats/testing/mocks.go
[gosec] 2026/02/05 17:32:40 Import directory: /tmp/blitzy/blitzy-kubernetes/blitzy5f91179c1/pkg/controlplane/apiserver/samples
[gosec] 2026/02/05 17:32:42 Checking package: healthcheck
[gosec] 2026/02/05 17:32:42 Checking file: /tmp/blitzy/blitzy-kubernetes/blitzy5f91179c1/pkg/proxy/healthcheck/common.go
[gosec] 2026/02/05 17:32:42 Import directory: /tmp/blitzy/blitzy-kubernetes/blitzy5f91179c1/pkg/proxy/apis/config
[gosec] 2026/02/05 17:32:42 Checking file: /tmp/blitzy/blitzy-kubernetes/blitzy5f91179c1/pkg/proxy/healthcheck/doc.go
[gosec] 2026/02/05 17:32:42 Checking file: /tmp/blitzy/blitzy-kubernetes/blitzy5f91179c1/pkg/proxy/healthcheck/proxy_health.go
[gosec] 2026/02/05 17:32:42 Checking file: /tmp/blitzy/blitzy-kubernetes/blitzy5f91179c1/pkg/proxy/healthcheck/service_health.go
[gosec] 2026/02/05 17:32:43 Checking package: rest
[gosec] 2026/02/05 17:32:43 Checking file: /tmp/blitzy/blitzy-kubernetes/blitzy5f91179c1/pkg/registry/batch/rest/storage_batch.go
[gosec] 2026/02/05 17:32:43 Import directory: /tmp/blitzy/blitzy-kubernetes/blitzy5f91179c1/pkg/proxy/apis/config/v1alpha1
[gosec] 2026/02/05 17:32:43 Checking package: rest
[gosec] 2026/02/05 17:32:43 Checking file: /tmp/blitzy/blitzy-kubernetes/blitzy5f91179c1/pkg/registry/coordination/rest/storage_coordination.go
[gosec] 2026/02/05 17:32:43 Import directory: /tmp/blitzy/blitzy-kubernetes/blitzy5f91179c1/pkg/registry/apps/daemonset
[gosec] 2026/02/05 17:32:43 Checking package: pod
[gosec] 2026/02/05 17:32:43 Checking file: /tmp/blitzy/blitzy-kubernetes/blitzy5f91179c1/pkg/registry/core/pod/doc.go
[gosec] 2026/02/05 17:32:43 Checking file: /tmp/blitzy/blitzy-kubernetes/blitzy5f91179c1/pkg/registry/core/pod/strategy.go
[gosec] 2026/02/05 17:32:43 Import directory: /tmp/blitzy/blitzy-kubernetes/blitzy5f91179c1/pkg/registry/authorization/util
[gosec] 2026/02/05 17:32:46 Checking package: queue
[gosec] 2026/02/05 17:32:46 Checking file: /tmp/blitzy/blitzy-kubernetes/blitzy5f91179c1/pkg/scheduler/backend/queue/active_queue.go
[gosec] 2026/02/05 17:32:46 Import directory: /tmp/blitzy/blitzy-kubernetes/blitzy5f91179c1/pkg/registry
[gosec] 2026/02/05 17:32:47 Checking file: /tmp/blitzy/blitzy-kubernetes/blitzy5f91179c1/pkg/scheduler/backend/queue/backoff_queue.go
[gosec] 2026/02/05 17:32:47 Checking file: /tmp/blitzy/blitzy-kubernetes/blitzy5f91179c1/pkg/scheduler/backend/queue/nominator.go
[gosec] 2026/02/05 17:32:48 Checking file: /tmp/blitzy/blitzy-kubernetes/blitzy5f91179c1/pkg/scheduler/backend/queue/scheduling_queue.go
[gosec] 2026/02/05 17:32:50 Checking file: /tmp/blitzy/blitzy-kubernetes/blitzy5f91179c1/pkg/scheduler/backend/queue/testing.go
[gosec] 2026/02/05 17:32:50 Checking file: /tmp/blitzy/blitzy-kubernetes/blitzy5f91179c1/pkg/scheduler/backend/queue/unschedulable_pods.go
[gosec] 2026/02/05 17:32:50 Checking package: policy
[gosec] 2026/02/05 17:32:50 Checking file: /tmp/blitzy/blitzy-kubernetes/blitzy5f91179c1/pkg/apis/policy/doc.go
[gosec] 2026/02/05 17:32:50 Checking file: /tmp/blitzy/blitzy-kubernetes/blitzy5f91179c1/pkg/apis/policy/helper.go
[gosec] 2026/02/05 17:32:50 Import directory: /tmp/blitzy/blitzy-kubernetes/blitzy5f91179c1/pkg/apis/flowcontrol/v1beta2
[gosec] 2026/02/05 17:32:50 Checking file: /tmp/blitzy/blitzy-kubernetes/blitzy5f91179c1/pkg/apis/policy/register.go
[gosec] 2026/02/05 17:32:51 Checking file: /tmp/blitzy/blitzy-kubernetes/blitzy5f91179c1/pkg/apis/policy/types.go
[gosec] 2026/02/05 17:32:51 Checking file: /tmp/blitzy/blitzy-kubernetes/blitzy5f91179c1/pkg/apis/policy/zz_generated.deepcopy.go
[gosec] 2026/02/05 17:32:51 Checking package: v1beta1
[gosec] 2026/02/05 17:32:51 Checking file: /tmp/blitzy/blitzy-kubernetes/blitzy5f91179c1/pkg/apis/scheduling/v1beta1/defaults.go
[gosec] 2026/02/05 17:32:51 Import directory: /tmp/blitzy/blitzy-kubernetes/blitzy5f91179c1/pkg/kubelet/nodeshutdown
[gosec] 2026/02/05 17:32:51 Checking file: /tmp/blitzy/blitzy-kubernetes/blitzy5f91179c1/pkg/apis/scheduling/v1beta1/doc.go
[gosec] 2026/02/05 17:32:51 Checking file: /tmp/blitzy/blitzy-kubernetes/blitzy5f91179c1/pkg/apis/scheduling/v1beta1/register.go
[gosec] 2026/02/05 17:32:51 Checking file: /tmp/blitzy/blitzy-kubernetes/blitzy5f91179c1/pkg/apis/scheduling/v1beta1/zz_generated.conversion.go
[gosec] 2026/02/05 17:32:52 Checking file: /tmp/blitzy/blitzy-kubernetes/blitzy5f91179c1/pkg/apis/scheduling/v1beta1/zz_generated.defaults.go
[gosec] 2026/02/05 17:32:52 Checking package: samples
[gosec] 2026/02/05 17:32:52 Checking file: /tmp/blitzy/blitzy-kubernetes/blitzy5f91179c1/pkg/controlplane/apiserver/samples/doc.go
[gosec] 2026/02/05 17:32:52 Import directory: /tmp/blitzy/blitzy-kubernetes/blitzy5f91179c1/pkg/kubelet/prober/results
[gosec] 2026/02/05 17:32:52 Checking package: config
[gosec] 2026/02/05 17:32:52 Checking file: /tmp/blitzy/blitzy-kubernetes/blitzy5f91179c1/pkg/proxy/apis/config/doc.go
[gosec] 2026/02/05 17:32:52 Checking file: /tmp/blitzy/blitzy-kubernetes/blitzy5f91179c1/pkg/proxy/apis/config/register.go
[gosec] 2026/02/05 17:32:52 Import directory: /tmp/blitzy/blitzy-kubernetes/blitzy5f91179c1/pkg/proxy/apis/config/validation
[gosec] 2026/02/05 17:32:52 Checking file: /tmp/blitzy/blitzy-kubernetes/blitzy5f91179c1/pkg/proxy/apis/config/types.go
[gosec] 2026/02/05 17:32:52 Checking file: /tmp/blitzy/blitzy-kubernetes/blitzy5f91179c1/pkg/proxy/apis/config/zz_generated.deepcopy.go
[gosec] 2026/02/05 17:32:53 Checking package: daemonset
[gosec] 2026/02/05 17:32:53 Checking file: /tmp/blitzy/blitzy-kubernetes/blitzy5f91179c1/pkg/registry/apps/daemonset/doc.go
[gosec] 2026/02/05 17:32:53 Checking file: /tmp/blitzy/blitzy-kubernetes/blitzy5f91179c1/pkg/registry/apps/daemonset/strategy.go
[gosec] 2026/02/05 17:32:53 Import directory: /tmp/blitzy/blitzy-kubernetes/blitzy5f91179c1/pkg/registry/core/pod/storage
[gosec] 2026/02/05 17:32:54 Checking package: util
[gosec] 2026/02/05 17:32:54 Checking file: /tmp/blitzy/blitzy-kubernetes/blitzy5f91179c1/pkg/registry/authorization/util/helpers.go
[gosec] 2026/02/05 17:32:54 Import directory: /tmp/blitzy/blitzy-kubernetes/blitzy5f91179c1/pkg/registry/rbac/clusterrolebinding/storage
[gosec] 2026/02/05 17:32:54 Checking package: v1alpha1
[gosec] 2026/02/05 17:32:54 Checking file: /tmp/blitzy/blitzy-kubernetes/blitzy5f91179c1/pkg/proxy/apis/config/v1alpha1/conversion.go
[gosec] 2026/02/05 17:32:54 Import directory: /tmp/blitzy/blitzy-kubernetes/blitzy5f91179c1/pkg/registry/storage/csistoragecapacity/storage
[gosec] 2026/02/05 17:32:54 Checking file: /tmp/blitzy/blitzy-kubernetes/blitzy5f91179c1/pkg/proxy/apis/config/v1alpha1/defaults.go
[gosec] 2026/02/05 17:32:54 Checking file: /tmp/blitzy/blitzy-kubernetes/blitzy5f91179c1/pkg/proxy/apis/config/v1alpha1/doc.go
[gosec] 2026/02/05 17:32:54 Checking file: /tmp/blitzy/blitzy-kubernetes/blitzy5f91179c1/pkg/proxy/apis/config/v1alpha1/register.go
[gosec] 2026/02/05 17:32:54 Checking file: /tmp/blitzy/blitzy-kubernetes/blitzy5f91179c1/pkg/proxy/apis/config/v1alpha1/zz_generated.conversion.go
[gosec] 2026/02/05 17:32:56 Checking file: /tmp/blitzy/blitzy-kubernetes/blitzy5f91179c1/pkg/proxy/apis/config/v1alpha1/zz_generated.deepcopy.go
[gosec] 2026/02/05 17:32:56 Checking file: /tmp/blitzy/blitzy-kubernetes/blitzy5f91179c1/pkg/proxy/apis/config/v1alpha1/zz_generated.defaults.go
[gosec] 2026/02/05 17:32:56 Checking package: registry
[gosec] 2026/02/05 17:32:56 Checking file: /tmp/blitzy/blitzy-kubernetes/blitzy5f91179c1/pkg/registry/doc.go
[gosec] 2026/02/05 17:32:56 Import directory: /tmp/blitzy/blitzy-kubernetes/blitzy5f91179c1/pkg/scheduler/backend/api_dispatcher
[gosec] 2026/02/05 17:32:56 Checking package: v1beta2
[gosec] 2026/02/05 17:32:56 Checking file: /tmp/blitzy/blitzy-kubernetes/blitzy5f91179c1/pkg/apis/flowcontrol/v1beta2/conversion.go
[gosec] 2026/02/05 17:32:56 Import directory: /tmp/blitzy/blitzy-kubernetes/blitzy5f91179c1/pkg/apis/apps/v1beta2
[gosec] 2026/02/05 17:32:56 Checking file: /tmp/blitzy/blitzy-kubernetes/blitzy5f91179c1/pkg/apis/flowcontrol/v1beta2/defaults.go
[gosec] 2026/02/05 17:32:56 Checking file: /tmp/blitzy/blitzy-kubernetes/blitzy5f91179c1/pkg/apis/flowcontrol/v1beta2/doc.go
[gosec] 2026/02/05 17:32:56 Checking file: /tmp/blitzy/blitzy-kubernetes/blitzy5f91179c1/pkg/apis/flowcontrol/v1beta2/register.go
[gosec] 2026/02/05 17:32:56 Checking file: /tmp/blitzy/blitzy-kubernetes/blitzy5f91179c1/pkg/apis/flowcontrol/v1beta2/zz_generated.conversion.go
[gosec] 2026/02/05 17:33:01 Checking file: /tmp/blitzy/blitzy-kubernetes/blitzy5f91179c1/pkg/apis/flowcontrol/v1beta2/zz_generated.defaults.go
[gosec] 2026/02/05 17:33:01 Checking package: validation
[gosec] 2026/02/05 17:33:01 Checking file: /tmp/blitzy/blitzy-kubernetes/blitzy5f91179c1/pkg/proxy/apis/config/validation/validation.go
[gosec] 2026/02/05 17:33:01 Import directory: /tmp/blitzy/blitzy-kubernetes/blitzy5f91179c1/pkg/controller/certificates/cleaner
[gosec] 2026/02/05 17:33:01 Checking package: nodeshutdown
[gosec] 2026/02/05 17:33:01 Checking file: /tmp/blitzy/blitzy-kubernetes/blitzy5f91179c1/pkg/kubelet/nodeshutdown/nodeshutdown_manager.go
[gosec] 2026/02/05 17:33:01 Import directory: /tmp/blitzy/blitzy-kubernetes/blitzy5f91179c1/pkg/kubelet/util/sliceutils
[gosec] 2026/02/05 17:33:02 Checking file: /tmp/blitzy/blitzy-kubernetes/blitzy5f91179c1/pkg/kubelet/nodeshutdown/nodeshutdown_manager_linux.go
[gosec] 2026/02/05 17:33:02 Checking file: /tmp/blitzy/blitzy-kubernetes/blitzy5f91179c1/pkg/kubelet/nodeshutdown/storage.go
[gosec] 2026/02/05 17:33:03 Checking package: results
[gosec] 2026/02/05 17:33:03 Checking file: /tmp/blitzy/blitzy-kubernetes/blitzy5f91179c1/pkg/kubelet/prober/results/results_manager.go
[gosec] 2026/02/05 17:33:03 Import directory: /tmp/blitzy/blitzy-kubernetes/blitzy5f91179c1/pkg/registry/core/service/portallocator
[gosec] 2026/02/05 17:33:03 Checking package: storage
[gosec] 2026/02/05 17:33:03 Checking file: /tmp/blitzy/blitzy-kubernetes/blitzy5f91179c1/pkg/registry/core/pod/storage/eviction.go
[gosec] 2026/02/05 17:33:03 Import directory: /tmp/blitzy/blitzy-kubernetes/blitzy5f91179c1/pkg/registry/storage/storageclass
[gosec] 2026/02/05 17:33:05 Checking file: /tmp/blitzy/blitzy-kubernetes/blitzy5f91179c1/pkg/registry/core/pod/storage/storage.go
[gosec] 2026/02/05 17:33:06 Checking package: storage
[gosec] 2026/02/05 17:33:06 Checking file: /tmp/blitzy/blitzy-kubernetes/blitzy5f91179c1/pkg/registry/rbac/clusterrolebinding/storage/storage.go
[gosec] 2026/02/05 17:33:06 Import directory: /tmp/blitzy/blitzy-kubernetes/blitzy5f91179c1/pkg/scheduler/framework/plugins/interpodaffinity
[gosec] 2026/02/05 17:33:06 Checking package: storage
[gosec] 2026/02/05 17:33:06 Checking file: /tmp/blitzy/blitzy-kubernetes/blitzy5f91179c1/pkg/registry/storage/csistoragecapacity/storage/storage.go
[gosec] 2026/02/05 17:33:06 Import directory: /tmp/blitzy/blitzy-kubernetes/blitzy5f91179c1/pkg/scheduler/framework/plugins/names
[gosec] 2026/02/05 17:33:06 Checking package: v1beta2
[gosec] 2026/02/05 17:33:06 Checking file: /tmp/blitzy/blitzy-kubernetes/blitzy5f91179c1/pkg/apis/apps/v1beta2/conversion.go
[gosec] 2026/02/05 17:33:06 Import directory: /tmp/blitzy/blitzy-kubernetes/blitzy5f91179c1/pkg/apis/policy/v1beta1
[gosec] 2026/02/05 17:33:07 Checking file: /tmp/blitzy/blitzy-kubernetes/blitzy5f91179c1/pkg/apis/apps/v1beta2/defaults.go
[gosec] 2026/02/05 17:33:07 Checking file: /tmp/blitzy/blitzy-kubernetes/blitzy5f91179c1/pkg/apis/apps/v1beta2/doc.go
[gosec] 2026/02/05 17:33:07 Checking file: /tmp/blitzy/blitzy-kubernetes/blitzy5f91179c1/pkg/apis/apps/v1beta2/register.go
[gosec] 2026/02/05 17:33:07 Checking file: /tmp/blitzy/blitzy-kubernetes/blitzy5f91179c1/pkg/apis/apps/v1beta2/zz_generated.conversion.go
[gosec] 2026/02/05 17:33:15 Checking file: /tmp/blitzy/blitzy-kubernetes/blitzy5f91179c1/pkg/apis/apps/v1beta2/zz_generated.defaults.go
[gosec] 2026/02/05 17:33:19 Checking file: /tmp/blitzy/blitzy-kubernetes/blitzy5f91179c1/pkg/apis/apps/v1beta2/zz_generated.validations.go
[gosec] 2026/02/05 17:33:20 Checking package: apidispatcher
[gosec] 2026/02/05 17:33:20 Checking file: /tmp/blitzy/blitzy-kubernetes/blitzy5f91179c1/pkg/scheduler/backend/api_dispatcher/api_dispatcher.go
[gosec] 2026/02/05 17:33:20 Import directory: /tmp/blitzy/blitzy-kubernetes/blitzy5f91179c1/pkg/controller/endpointslice/config/v1alpha1
[gosec] 2026/02/05 17:33:20 Checking file: /tmp/blitzy/blitzy-kubernetes/blitzy5f91179c1/pkg/scheduler/backend/api_dispatcher/call_queue.go
[gosec] 2026/02/05 17:33:20 Checking file: /tmp/blitzy/blitzy-kubernetes/blitzy5f91179c1/pkg/scheduler/backend/api_dispatcher/goroutines_limiter.go
[gosec] 2026/02/05 17:33:20 Checking package: cleaner
[gosec] 2026/02/05 17:33:20 Checking file: /tmp/blitzy/blitzy-kubernetes/blitzy5f91179c1/pkg/controller/certificates/cleaner/cleaner.go
[gosec] 2026/02/05 17:33:20 Import directory: /tmp/blitzy/blitzy-kubernetes/blitzy5f91179c1/pkg/controller/endpointslice
[gosec] 2026/02/05 17:33:21 Checking file: /tmp/blitzy/blitzy-kubernetes/blitzy5f91179c1/pkg/controller/certificates/cleaner/pcrcleaner.go
[gosec] 2026/02/05 17:33:21 Checking package: sliceutils
[gosec] 2026/02/05 17:33:21 Checking file: /tmp/blitzy/blitzy-kubernetes/blitzy5f91179c1/pkg/kubelet/util/sliceutils/sliceutils.go
[gosec] 2026/02/05 17:33:21 Import directory: /tmp/blitzy/blitzy-kubernetes/blitzy5f91179c1/pkg/kubelet/server/metrics
[gosec] 2026/02/05 17:33:21 Checking package: portallocator
[gosec] 2026/02/05 17:33:21 Checking file: /tmp/blitzy/blitzy-kubernetes/blitzy5f91179c1/pkg/registry/core/service/portallocator/allocator.go
[gosec] 2026/02/05 17:33:21 Import directory: /tmp/blitzy/blitzy-kubernetes/blitzy5f91179c1/pkg/proxy/ipvs/testing
[gosec] 2026/02/05 17:33:22 Checking file: /tmp/blitzy/blitzy-kubernetes/blitzy5f91179c1/pkg/registry/core/service/portallocator/metrics.go
[gosec] 2026/02/05 17:33:22 Checking file: /tmp/blitzy/blitzy-kubernetes/blitzy5f91179c1/pkg/registry/core/service/portallocator/operation.go
[gosec] 2026/02/05 17:33:23 Checking package: storageclass
[gosec] 2026/02/05 17:33:23 Checking file: /tmp/blitzy/blitzy-kubernetes/blitzy5f91179c1/pkg/registry/storage/storageclass/doc.go
[gosec] 2026/02/05 17:33:23 Import directory: /tmp/blitzy/blitzy-kubernetes/blitzy5f91179c1/pkg/registry/apps/daemonset/storage
[gosec] 2026/02/05 17:33:23 Checking file: /tmp/blitzy/blitzy-kubernetes/blitzy5f91179c1/pkg/registry/storage/storageclass/strategy.go
[gosec] 2026/02/05 17:33:23 Checking package: names
[gosec] 2026/02/05 17:33:23 Checking file: /tmp/blitzy/blitzy-kubernetes/blitzy5f91179c1/pkg/scheduler/framework/plugins/names/names.go
[gosec] 2026/02/05 17:33:23 Import directory: /tmp/blitzy/blitzy-kubernetes/blitzy5f91179c1/pkg/volume/util/recyclerclient
[gosec] 2026/02/05 17:33:23 Checking package: v1beta1
[gosec] 2026/02/05 17:33:23 Checking file: /tmp/blitzy/blitzy-kubernetes/blitzy5f91179c1/pkg/apis/policy/v1beta1/conversion.go
[gosec] 2026/02/05 17:33:23 Import directory: /tmp/blitzy/blitzy-kubernetes/blitzy5f91179c1/pkg/controller/podgc
[gosec] 2026/02/05 17:33:23 Checking file: /tmp/blitzy/blitzy-kubernetes/blitzy5f91179c1/pkg/apis/policy/v1beta1/doc.go
[gosec] 2026/02/05 17:33:23 Checking file: /tmp/blitzy/blitzy-kubernetes/blitzy5f91179c1/pkg/apis/policy/v1beta1/register.go
[gosec] 2026/02/05 17:33:23 Checking file: /tmp/blitzy/blitzy-kubernetes/blitzy5f91179c1/pkg/apis/policy/v1beta1/zz_generated.conversion.go
[gosec] 2026/02/05 17:33:24 Checking file: /tmp/blitzy/blitzy-kubernetes/blitzy5f91179c1/pkg/apis/policy/v1beta1/zz_generated.defaults.go
[gosec] 2026/02/05 17:33:24 Checking package: interpodaffinity
[gosec] 2026/02/05 17:33:24 Checking file: /tmp/blitzy/blitzy-kubernetes/blitzy5f91179c1/pkg/scheduler/framework/plugins/interpodaffinity/filtering.go
[gosec] 2026/02/05 17:33:24 Import directory: /tmp/blitzy/blitzy-kubernetes/blitzy5f91179c1/pkg/kubelet/eviction/api
[gosec] 2026/02/05 17:33:25 Checking file: /tmp/blitzy/blitzy-kubernetes/blitzy5f91179c1/pkg/scheduler/framework/plugins/interpodaffinity/plugin.go
[gosec] 2026/02/05 17:33:26 Checking file: /tmp/blitzy/blitzy-kubernetes/blitzy5f91179c1/pkg/scheduler/framework/plugins/interpodaffinity/scoring.go
[gosec] 2026/02/05 17:33:27 Checking package: v1alpha1
[gosec] 2026/02/05 17:33:27 Checking file: /tmp/blitzy/blitzy-kubernetes/blitzy5f91179c1/pkg/controller/endpointslice/config/v1alpha1/conversion.go
[gosec] 2026/02/05 17:33:27 Import directory: /tmp/blitzy/blitzy-kubernetes/blitzy5f91179c1/pkg/kubelet/network/dns
[gosec] 2026/02/05 17:33:27 Checking file: /tmp/blitzy/blitzy-kubernetes/blitzy5f91179c1/pkg/controller/endpointslice/config/v1alpha1/defaults.go
[gosec] 2026/02/05 17:33:27 Checking file: /tmp/blitzy/blitzy-kubernetes/blitzy5f91179c1/pkg/controller/endpointslice/config/v1alpha1/doc.go
[gosec] 2026/02/05 17:33:27 Checking file: /tmp/blitzy/blitzy-kubernetes/blitzy5f91179c1/pkg/controller/endpointslice/config/v1alpha1/register.go
[gosec] 2026/02/05 17:33:27 Checking file: /tmp/blitzy/blitzy-kubernetes/blitzy5f91179c1/pkg/controller/endpointslice/config/v1alpha1/zz_generated.conversion.go
[gosec] 2026/02/05 17:33:27 Checking file: /tmp/blitzy/blitzy-kubernetes/blitzy5f91179c1/pkg/controller/endpointslice/config/v1alpha1/zz_generated.deepcopy.go
[gosec] 2026/02/05 17:33:27 Checking package: metrics
[gosec] 2026/02/05 17:33:27 Checking file: /tmp/blitzy/blitzy-kubernetes/blitzy5f91179c1/pkg/kubelet/server/metrics/metrics.go
[gosec] 2026/02/05 17:33:27 Import directory: /tmp/blitzy/blitzy-kubernetes/blitzy5f91179c1/pkg/registry/apiserverinternal/storageversion
[gosec] 2026/02/05 17:33:27 Checking package: testing
[gosec] 2026/02/05 17:33:27 Checking file: /tmp/blitzy/blitzy-kubernetes/blitzy5f91179c1/pkg/proxy/ipvs/testing/doc.go
[gosec] 2026/02/05 17:33:27 Checking file: /tmp/blitzy/blitzy-kubernetes/blitzy5f91179c1/pkg/proxy/ipvs/testing/fake.go
[gosec] 2026/02/05 17:33:27 Import directory: /tmp/blitzy/blitzy-kubernetes/blitzy5f91179c1/pkg/scheduler/framework/api_calls
[gosec] 2026/02/05 17:33:28 Checking file: /tmp/blitzy/blitzy-kubernetes/blitzy5f91179c1/pkg/proxy/ipvs/testing/util.go
[gosec] 2026/02/05 17:33:28 Checking package: endpointslice
[gosec] 2026/02/05 17:33:28 Checking file: /tmp/blitzy/blitzy-kubernetes/blitzy5f91179c1/pkg/controller/endpointslice/endpointslice_controller.go
[gosec] 2026/02/05 17:33:28 Import directory: /tmp/blitzy/blitzy-kubernetes/blitzy5f91179c1/pkg/volume/util/hostutil
[gosec] 2026/02/05 17:33:29 Checking package: storage
[gosec] 2026/02/05 17:33:29 Checking file: /tmp/blitzy/blitzy-kubernetes/blitzy5f91179c1/pkg/registry/apps/daemonset/storage/storage.go
[gosec] 2026/02/05 17:33:29 Import directory: /tmp/blitzy/blitzy-kubernetes/blitzy5f91179c1/pkg/apis/certificates/v1beta1
[gosec] 2026/02/05 17:33:29 Checking package: recyclerclient
[gosec] 2026/02/05 17:33:29 Checking file: /tmp/blitzy/blitzy-kubernetes/blitzy5f91179c1/pkg/volume/util/recyclerclient/recycler_client.go
[gosec] 2026/02/05 17:33:29 Import directory: /tmp/blitzy/blitzy-kubernetes/blitzy5f91179c1/pkg/apis/resource
[gosec] 2026/02/05 17:33:30 Checking package: podgc
[gosec] 2026/02/05 17:33:30 Checking file: /tmp/blitzy/blitzy-kubernetes/blitzy5f91179c1/pkg/controller/podgc/doc.go
[gosec] 2026/02/05 17:33:30 Checking file: /tmp/blitzy/blitzy-kubernetes/blitzy5f91179c1/pkg/controller/podgc/gc_controller.go
[gosec] 2026/02/05 17:33:30 Import directory: /tmp/blitzy/blitzy-kubernetes/blitzy5f91179c1/pkg/apis/resource/validation
[gosec] 2026/02/05 17:33:31 Checking package: api
[gosec] 2026/02/05 17:33:31 Checking file: /tmp/blitzy/blitzy-kubernetes/blitzy5f91179c1/pkg/kubelet/eviction/api/types.go
[gosec] 2026/02/05 17:33:31 Import directory: /tmp/blitzy/blitzy-kubernetes/blitzy5f91179c1/pkg/kubemark
[gosec] 2026/02/05 17:33:31 Checking package: dns
[gosec] 2026/02/05 17:33:31 Checking file: /tmp/blitzy/blitzy-kubernetes/blitzy5f91179c1/pkg/kubelet/network/dns/dns.go
[gosec] 2026/02/05 17:33:31 Import directory: /tmp/blitzy/blitzy-kubernetes/blitzy5f91179c1/pkg/proxy/ipvs
[gosec] 2026/02/05 17:33:32 Checking file: /tmp/blitzy/blitzy-kubernetes/blitzy5f91179c1/pkg/kubelet/network/dns/dns_other.go
[gosec] 2026/02/05 17:33:32 Checking package: storageversion
[gosec] 2026/02/05 17:33:32 Checking file: /tmp/blitzy/blitzy-kubernetes/blitzy5f91179c1/pkg/registry/apiserverinternal/storageversion/doc.go
[gosec] 2026/02/05 17:33:32 Checking file: /tmp/blitzy/blitzy-kubernetes/blitzy5f91179c1/pkg/registry/apiserverinternal/storageversion/strategy.go
[gosec] 2026/02/05 17:33:32 Import directory: /tmp/blitzy/blitzy-kubernetes/blitzy5f91179c1/pkg/registry/apps/statefulset/storage
[gosec] 2026/02/05 17:33:32 Checking package: apicalls
[gosec] 2026/02/05 17:33:32 Checking file: /tmp/blitzy/blitzy-kubernetes/blitzy5f91179c1/pkg/scheduler/framework/api_calls/api_calls.go
[gosec] 2026/02/05 17:33:32 Import directory: /tmp/blitzy/blitzy-kubernetes/blitzy5f91179c1/pkg/apis/apiserverinternal/install
[gosec] 2026/02/05 17:33:32 Checking file: /tmp/blitzy/blitzy-kubernetes/blitzy5f91179c1/pkg/scheduler/framework/api_calls/pod_binding.go
[gosec] 2026/02/05 17:33:32 Checking file: /tmp/blitzy/blitzy-kubernetes/blitzy5f91179c1/pkg/scheduler/framework/api_calls/pod_status_patch.go
[gosec] 2026/02/05 17:33:33 Checking package: hostutil
[gosec] 2026/02/05 17:33:33 Checking file: /tmp/blitzy/blitzy-kubernetes/blitzy5f91179c1/pkg/volume/util/hostutil/fake_hostutil.go
[gosec] 2026/02/05 17:33:33 Import directory: /tmp/blitzy/blitzy-kubernetes/blitzy5f91179c1/pkg/apis/core/install
[gosec] 2026/02/05 17:33:33 Checking file: /tmp/blitzy/blitzy-kubernetes/blitzy5f91179c1/pkg/volume/util/hostutil/hostutil.go
[gosec] 2026/02/05 17:33:33 Checking file: /tmp/blitzy/blitzy-kubernetes/blitzy5f91179c1/pkg/volume/util/hostutil/hostutil_linux.go
