[gosec] 2026/02/05 17:51:41 Including rules: default
[gosec] 2026/02/05 17:51:41 Excluding rules: G104
[gosec] 2026/02/05 17:51:41 Including analyzers: default
[gosec] 2026/02/05 17:51:41 Excluding analyzers: G104
[gosec] 2026/02/05 17:51:41 Import directory: /tmp/blitzy/blitzy-kubernetes/blitzy5f91179c1/staging/src/k8s.io/apiserver/pkg/admission/plugin/resourcequota/apis/resourcequota/v1alpha1
[gosec] 2026/02/05 17:51:41 Import directory: /tmp/blitzy/blitzy-kubernetes/blitzy5f91179c1/staging/src/k8s.io/apiserver/pkg/authorization/metrics
[gosec] 2026/02/05 17:51:41 Import directory: /tmp/blitzy/blitzy-kubernetes/blitzy5f91179c1/staging/src/k8s.io/apiserver/pkg/storage/etcd3/testing
[gosec] 2026/02/05 17:51:41 Import directory: /tmp/blitzy/blitzy-kubernetes/blitzy5f91179c1/staging/src/k8s.io/apiserver/pkg/storage/testing
[gosec] 2026/02/05 17:51:41 Import directory: /tmp/blitzy/blitzy-kubernetes/blitzy5f91179c1/staging/src/k8s.io/apiserver/pkg/util/apihelpers
[gosec] 2026/02/05 17:51:41 Import directory: /tmp/blitzy/blitzy-kubernetes/blitzy5f91179c1/staging/src/k8s.io/apiserver/pkg/admission/plugin/webhook/matchconditions
[gosec] 2026/02/05 17:51:41 Import directory: /tmp/blitzy/blitzy-kubernetes/blitzy5f91179c1/staging/src/k8s.io/apiserver/pkg/apis/audit/install
[gosec] 2026/02/05 17:51:41 Import directory: /tmp/blitzy/blitzy-kubernetes/blitzy5f91179c1/staging/src/k8s.io/apiserver/pkg/apis/example2
[gosec] 2026/02/05 17:51:42 Import directory: /tmp/blitzy/blitzy-kubernetes/blitzy5f91179c1/staging/src/k8s.io/apiserver/pkg/authentication/cel
[gosec] 2026/02/05 17:51:42 Checking package: install
[gosec] 2026/02/05 17:51:42 Checking file: /tmp/blitzy/blitzy-kubernetes/blitzy5f91179c1/staging/src/k8s.io/apiserver/pkg/apis/audit/install/install.go
[gosec] 2026/02/05 17:51:42 Checking package: example2
[gosec] 2026/02/05 17:51:42 Checking file: /tmp/blitzy/blitzy-kubernetes/blitzy5f91179c1/staging/src/k8s.io/apiserver/pkg/apis/example2/doc.go
[gosec] 2026/02/05 17:51:42 Checking file: /tmp/blitzy/blitzy-kubernetes/blitzy5f91179c1/staging/src/k8s.io/apiserver/pkg/apis/example2/register.go
[gosec] 2026/02/05 17:51:42 Import directory: /tmp/blitzy/blitzy-kubernetes/blitzy5f91179c1/staging/src/k8s.io/apiserver/pkg/storage/names
[gosec] 2026/02/05 17:51:42 Checking file: /tmp/blitzy/blitzy-kubernetes/blitzy5f91179c1/staging/src/k8s.io/apiserver/pkg/apis/example2/zz_generated.deepcopy.go
[gosec] 2026/02/05 17:51:42 Checking package: v1alpha1
[gosec] 2026/02/05 17:51:42 Checking file: /tmp/blitzy/blitzy-kubernetes/blitzy5f91179c1/staging/src/k8s.io/apiserver/pkg/admission/plugin/resourcequota/apis/resourcequota/v1alpha1/defaults.go
[gosec] 2026/02/05 17:51:42 Import directory: /tmp/blitzy/blitzy-kubernetes/blitzy5f91179c1/staging/src/k8s.io/apiserver/pkg/util/feature
[gosec] 2026/02/05 17:51:42 Checking file: /tmp/blitzy/blitzy-kubernetes/blitzy5f91179c1/staging/src/k8s.io/apiserver/pkg/admission/plugin/resourcequota/apis/resourcequota/v1alpha1/doc.go
[gosec] 2026/02/05 17:51:42 Checking file: /tmp/blitzy/blitzy-kubernetes/blitzy5f91179c1/staging/src/k8s.io/apiserver/pkg/admission/plugin/resourcequota/apis/resourcequota/v1alpha1/register.go
[gosec] 2026/02/05 17:51:42 Checking file: /tmp/blitzy/blitzy-kubernetes/blitzy5f91179c1/staging/src/k8s.io/apiserver/pkg/admission/plugin/resourcequota/apis/resourcequota/v1alpha1/types.go
[gosec] 2026/02/05 17:51:42 Checking file: /tmp/blitzy/blitzy-kubernetes/blitzy5f91179c1/staging/src/k8s.io/apiserver/pkg/admission/plugin/resourcequota/apis/resourcequota/v1alpha1/zz_generated.conversion.go
[gosec] 2026/02/05 17:51:43 Checking file: /tmp/blitzy/blitzy-kubernetes/blitzy5f91179c1/staging/src/k8s.io/apiserver/pkg/admission/plugin/resourcequota/apis/resourcequota/v1alpha1/zz_generated.deepcopy.go
[gosec] 2026/02/05 17:51:43 Checking file: /tmp/blitzy/blitzy-kubernetes/blitzy5f91179c1/staging/src/k8s.io/apiserver/pkg/admission/plugin/resourcequota/apis/resourcequota/v1alpha1/zz_generated.defaults.go
[gosec] 2026/02/05 17:51:43 Checking package: metrics
[gosec] 2026/02/05 17:51:43 Checking file: /tmp/blitzy/blitzy-kubernetes/blitzy5f91179c1/staging/src/k8s.io/apiserver/pkg/authorization/metrics/metrics.go
[gosec] 2026/02/05 17:51:43 Import directory: /tmp/blitzy/blitzy-kubernetes/blitzy5f91179c1/staging/src/k8s.io/apiserver/pkg/cel/openapi
[gosec] 2026/02/05 17:51:43 Checking package: apihelpers
[gosec] 2026/02/05 17:51:43 Checking file: /tmp/blitzy/blitzy-kubernetes/blitzy5f91179c1/staging/src/k8s.io/apiserver/pkg/util/apihelpers/helpers.go
[gosec] 2026/02/05 17:51:43 Import directory: /tmp/blitzy/blitzy-kubernetes/blitzy5f91179c1/staging/src/k8s.io/apiserver/pkg/apis/apiserver/v1beta1
[gosec] 2026/02/05 17:51:43 Checking package: names
[gosec] 2026/02/05 17:51:43 Checking file: /tmp/blitzy/blitzy-kubernetes/blitzy5f91179c1/staging/src/k8s.io/apiserver/pkg/storage/names/generate.go
[gosec] 2026/02/05 17:51:43 Import directory: /tmp/blitzy/blitzy-kubernetes/blitzy5f91179c1/staging/src/k8s.io/apiserver/pkg/authentication/token/tokenfile
[gosec] 2026/02/05 17:51:43 Checking package: matchconditions
[gosec] 2026/02/05 17:51:43 Checking file: /tmp/blitzy/blitzy-kubernetes/blitzy5f91179c1/staging/src/k8s.io/apiserver/pkg/admission/plugin/webhook/matchconditions/interface.go
[gosec] 2026/02/05 17:51:43 Import directory: /tmp/blitzy/blitzy-kubernetes/blitzy5f91179c1/staging/src/k8s.io/apiserver/pkg/cel/environment
[gosec] 2026/02/05 17:51:43 Checking file: /tmp/blitzy/blitzy-kubernetes/blitzy5f91179c1/staging/src/k8s.io/apiserver/pkg/admission/plugin/webhook/matchconditions/matcher.go
[gosec] 2026/02/05 17:51:44 Checking package: feature
[gosec] 2026/02/05 17:51:44 Checking file: /tmp/blitzy/blitzy-kubernetes/blitzy5f91179c1/staging/src/k8s.io/apiserver/pkg/util/feature/feature_gate.go
[gosec] 2026/02/05 17:51:44 Import directory: /tmp/blitzy/blitzy-kubernetes/blitzy5f91179c1/staging/src/k8s.io/apiserver/pkg/endpoints/request
[gosec] 2026/02/05 17:51:44 Checking package: cel
[gosec] 2026/02/05 17:51:44 Checking file: /tmp/blitzy/blitzy-kubernetes/blitzy5f91179c1/staging/src/k8s.io/apiserver/pkg/authentication/cel/compile.go
[gosec] 2026/02/05 17:51:44 Import directory: /tmp/blitzy/blitzy-kubernetes/blitzy5f91179c1/staging/src/k8s.io/apiserver/plugin/pkg/authorizer/webhook/metrics
[gosec] 2026/02/05 17:51:44 Checking file: /tmp/blitzy/blitzy-kubernetes/blitzy5f91179c1/staging/src/k8s.io/apiserver/pkg/authentication/cel/interface.go
[gosec] 2026/02/05 17:51:44 Checking file: /tmp/blitzy/blitzy-kubernetes/blitzy5f91179c1/staging/src/k8s.io/apiserver/pkg/authentication/cel/mapper.go
[gosec] 2026/02/05 17:51:45 Checking package: testing
[gosec] 2026/02/05 17:51:45 Checking file: /tmp/blitzy/blitzy-kubernetes/blitzy5f91179c1/staging/src/k8s.io/apiserver/pkg/storage/etcd3/testing/test_server.go
[gosec] 2026/02/05 17:51:45 Import directory: /tmp/blitzy/blitzy-kubernetes/blitzy5f91179c1/staging/src/k8s.io/apiserver/pkg/admission/plugin/authorizer
[gosec] 2026/02/05 17:51:45 Checking file: /tmp/blitzy/blitzy-kubernetes/blitzy5f91179c1/staging/src/k8s.io/apiserver/pkg/storage/etcd3/testing/utils.go
[gosec] 2026/02/05 17:51:45 Checking package: testing
[gosec] 2026/02/05 17:51:45 Checking file: /tmp/blitzy/blitzy-kubernetes/blitzy5f91179c1/staging/src/k8s.io/apiserver/pkg/storage/testing/recorder.go
[gosec] 2026/02/05 17:51:45 Import directory: /tmp/blitzy/blitzy-kubernetes/blitzy5f91179c1/staging/src/k8s.io/apiserver/pkg/admission/plugin/resourcequota/apis/resourcequota/v1beta1
[gosec] 2026/02/05 17:51:45 Checking file: /tmp/blitzy/blitzy-kubernetes/blitzy5f91179c1/staging/src/k8s.io/apiserver/pkg/storage/testing/store_benchmarks.go
[gosec] 2026/02/05 17:51:45 Checking file: /tmp/blitzy/blitzy-kubernetes/blitzy5f91179c1/staging/src/k8s.io/apiserver/pkg/storage/testing/store_tests.go
[gosec] 2026/02/05 17:51:53 Checking file: /tmp/blitzy/blitzy-kubernetes/blitzy5f91179c1/staging/src/k8s.io/apiserver/pkg/storage/testing/utils.go
[gosec] 2026/02/05 17:51:54 Checking file: /tmp/blitzy/blitzy-kubernetes/blitzy5f91179c1/staging/src/k8s.io/apiserver/pkg/storage/testing/watcher_tests.go
[gosec] 2026/02/05 17:51:57 Checking package: openapi
[gosec] 2026/02/05 17:51:57 Checking file: /tmp/blitzy/blitzy-kubernetes/blitzy5f91179c1/staging/src/k8s.io/apiserver/pkg/cel/openapi/adaptor.go
[gosec] 2026/02/05 17:51:57 Import directory: /tmp/blitzy/blitzy-kubernetes/blitzy5f91179c1/staging/src/k8s.io/apiserver/pkg/admission/plugin/webhook/config
[gosec] 2026/02/05 17:51:58 Checking file: /tmp/blitzy/blitzy-kubernetes/blitzy5f91179c1/staging/src/k8s.io/apiserver/pkg/cel/openapi/extensions.go
[gosec] 2026/02/05 17:51:58 Checking package: v1beta1
[gosec] 2026/02/05 17:51:58 Checking file: /tmp/blitzy/blitzy-kubernetes/blitzy5f91179c1/staging/src/k8s.io/apiserver/pkg/apis/apiserver/v1beta1/conversion.go
[gosec] 2026/02/05 17:51:58 Import directory: /tmp/blitzy/blitzy-kubernetes/blitzy5f91179c1/staging/src/k8s.io/apiserver/pkg/admission/testing
[gosec] 2026/02/05 17:51:58 Checking file: /tmp/blitzy/blitzy-kubernetes/blitzy5f91179c1/staging/src/k8s.io/apiserver/pkg/apis/apiserver/v1beta1/defaults.go
[gosec] 2026/02/05 17:51:58 Checking file: /tmp/blitzy/blitzy-kubernetes/blitzy5f91179c1/staging/src/k8s.io/apiserver/pkg/apis/apiserver/v1beta1/doc.go
[gosec] 2026/02/05 17:51:58 Checking file: /tmp/blitzy/blitzy-kubernetes/blitzy5f91179c1/staging/src/k8s.io/apiserver/pkg/apis/apiserver/v1beta1/register.go
[gosec] 2026/02/05 17:51:58 Checking file: /tmp/blitzy/blitzy-kubernetes/blitzy5f91179c1/staging/src/k8s.io/apiserver/pkg/apis/apiserver/v1beta1/types.go
[gosec] 2026/02/05 17:51:58 Checking file: /tmp/blitzy/blitzy-kubernetes/blitzy5f91179c1/staging/src/k8s.io/apiserver/pkg/apis/apiserver/v1beta1/zz_generated.conversion.go
[gosec] 2026/02/05 17:52:04 Checking file: /tmp/blitzy/blitzy-kubernetes/blitzy5f91179c1/staging/src/k8s.io/apiserver/pkg/apis/apiserver/v1beta1/zz_generated.deepcopy.go
[gosec] 2026/02/05 17:52:06 Checking file: /tmp/blitzy/blitzy-kubernetes/blitzy5f91179c1/staging/src/k8s.io/apiserver/pkg/apis/apiserver/v1beta1/zz_generated.defaults.go
[gosec] 2026/02/05 17:52:06 Checking package: tokenfile
[gosec] 2026/02/05 17:52:06 Checking file: /tmp/blitzy/blitzy-kubernetes/blitzy5f91179c1/staging/src/k8s.io/apiserver/pkg/authentication/token/tokenfile/tokenfile.go
[gosec] 2026/02/05 17:52:06 Import directory: /tmp/blitzy/blitzy-kubernetes/blitzy5f91179c1/staging/src/k8s.io/apiserver/pkg/cel/mutation
[gosec] 2026/02/05 17:52:06 Checking package: environment
[gosec] 2026/02/05 17:52:06 Checking file: /tmp/blitzy/blitzy-kubernetes/blitzy5f91179c1/staging/src/k8s.io/apiserver/pkg/cel/environment/base.go
[gosec] 2026/02/05 17:52:06 Import directory: /tmp/blitzy/blitzy-kubernetes/blitzy5f91179c1/staging/src/k8s.io/apiserver/pkg/server/resourceconfig
[gosec] 2026/02/05 17:52:06 Checking file: /tmp/blitzy/blitzy-kubernetes/blitzy5f91179c1/staging/src/k8s.io/apiserver/pkg/cel/environment/environment.go
[gosec] 2026/02/05 17:52:07 Checking package: request
[gosec] 2026/02/05 17:52:07 Checking file: /tmp/blitzy/blitzy-kubernetes/blitzy5f91179c1/staging/src/k8s.io/apiserver/pkg/endpoints/request/context.go
[gosec] 2026/02/05 17:52:07 Import directory: /tmp/blitzy/blitzy-kubernetes/blitzy5f91179c1/staging/src/k8s.io/apiserver/pkg/util/proxy/metrics
[gosec] 2026/02/05 17:52:07 Checking file: /tmp/blitzy/blitzy-kubernetes/blitzy5f91179c1/staging/src/k8s.io/apiserver/pkg/endpoints/request/doc.go
[gosec] 2026/02/05 17:52:07 Checking file: /tmp/blitzy/blitzy-kubernetes/blitzy5f91179c1/staging/src/k8s.io/apiserver/pkg/endpoints/request/methods.go
[gosec] 2026/02/05 17:52:07 Checking file: /tmp/blitzy/blitzy-kubernetes/blitzy5f91179c1/staging/src/k8s.io/apiserver/pkg/endpoints/request/received_time.go
[gosec] 2026/02/05 17:52:07 Checking file: /tmp/blitzy/blitzy-kubernetes/blitzy5f91179c1/staging/src/k8s.io/apiserver/pkg/endpoints/request/requestinfo.go
[gosec] 2026/02/05 17:52:07 Checking file: /tmp/blitzy/blitzy-kubernetes/blitzy5f91179c1/staging/src/k8s.io/apiserver/pkg/endpoints/request/server_shutdown_signal.go
[gosec] 2026/02/05 17:52:07 Checking file: /tmp/blitzy/blitzy-kubernetes/blitzy5f91179c1/staging/src/k8s.io/apiserver/pkg/endpoints/request/webhook_duration.go
[gosec] 2026/02/05 17:52:08 Checking package: metrics
[gosec] 2026/02/05 17:52:08 Checking file: /tmp/blitzy/blitzy-kubernetes/blitzy5f91179c1/staging/src/k8s.io/apiserver/plugin/pkg/authorizer/webhook/metrics/metrics.go
[gosec] 2026/02/05 17:52:08 Import directory: /tmp/blitzy/blitzy-kubernetes/blitzy5f91179c1/staging/src/k8s.io/apiserver/pkg/admission/plugin/resourcequota
[gosec] 2026/02/05 17:52:08 Checking package: authorizer
[gosec] 2026/02/05 17:52:08 Checking file: /tmp/blitzy/blitzy-kubernetes/blitzy5f91179c1/staging/src/k8s.io/apiserver/pkg/admission/plugin/authorizer/caching_authorizer.go
[gosec] 2026/02/05 17:52:08 Import directory: /tmp/blitzy/blitzy-kubernetes/blitzy5f91179c1/staging/src/k8s.io/apiserver/pkg/admission/plugin/webhook/testing
[gosec] 2026/02/05 17:52:08 Checking package: v1beta1
[gosec] 2026/02/05 17:52:08 Checking file: /tmp/blitzy/blitzy-kubernetes/blitzy5f91179c1/staging/src/k8s.io/apiserver/pkg/admission/plugin/resourcequota/apis/resourcequota/v1beta1/defaults.go
[gosec] 2026/02/05 17:52:08 Import directory: /tmp/blitzy/blitzy-kubernetes/blitzy5f91179c1/staging/src/k8s.io/apiserver/pkg/authentication/request/bearertoken
[gosec] 2026/02/05 17:52:08 Checking file: /tmp/blitzy/blitzy-kubernetes/blitzy5f91179c1/staging/src/k8s.io/apiserver/pkg/admission/plugin/resourcequota/apis/resourcequota/v1beta1/doc.go
[gosec] 2026/02/05 17:52:08 Checking file: /tmp/blitzy/blitzy-kubernetes/blitzy5f91179c1/staging/src/k8s.io/apiserver/pkg/admission/plugin/resourcequota/apis/resourcequota/v1beta1/register.go
[gosec] 2026/02/05 17:52:08 Checking file: /tmp/blitzy/blitzy-kubernetes/blitzy5f91179c1/staging/src/k8s.io/apiserver/pkg/admission/plugin/resourcequota/apis/resourcequota/v1beta1/types.go
[gosec] 2026/02/05 17:52:08 Checking file: /tmp/blitzy/blitzy-kubernetes/blitzy5f91179c1/staging/src/k8s.io/apiserver/pkg/admission/plugin/resourcequota/apis/resourcequota/v1beta1/zz_generated.conversion.go
[gosec] 2026/02/05 17:52:09 Checking file: /tmp/blitzy/blitzy-kubernetes/blitzy5f91179c1/staging/src/k8s.io/apiserver/pkg/admission/plugin/resourcequota/apis/resourcequota/v1beta1/zz_generated.deepcopy.go
[gosec] 2026/02/05 17:52:09 Checking file: /tmp/blitzy/blitzy-kubernetes/blitzy5f91179c1/staging/src/k8s.io/apiserver/pkg/admission/plugin/resourcequota/apis/resourcequota/v1beta1/zz_generated.defaults.go
[gosec] 2026/02/05 17:52:09 Checking package: config
[gosec] 2026/02/05 17:52:09 Checking file: /tmp/blitzy/blitzy-kubernetes/blitzy5f91179c1/staging/src/k8s.io/apiserver/pkg/admission/plugin/webhook/config/kubeconfig.go
[gosec] 2026/02/05 17:52:09 Import directory: /tmp/blitzy/blitzy-kubernetes/blitzy5f91179c1/staging/src/k8s.io/apiserver/pkg/storage/etcd3
[gosec] 2026/02/05 17:52:09 Checking package: testing
[gosec] 2026/02/05 17:52:09 Checking file: /tmp/blitzy/blitzy-kubernetes/blitzy5f91179c1/staging/src/k8s.io/apiserver/pkg/admission/testing/helpers.go
[gosec] 2026/02/05 17:52:09 Import directory: /tmp/blitzy/blitzy-kubernetes/blitzy5f91179c1/staging/src/k8s.io/apiserver/pkg/util/shufflesharding
[gosec] 2026/02/05 17:52:09 Checking package: mutation
[gosec] 2026/02/05 17:52:09 Checking file: /tmp/blitzy/blitzy-kubernetes/blitzy5f91179c1/staging/src/k8s.io/apiserver/pkg/cel/mutation/jsonpatch.go
[gosec] 2026/02/05 17:52:09 Import directory: /tmp/blitzy/blitzy-kubernetes/blitzy5f91179c1/staging/src/k8s.io/apiserver/pkg/authentication/authenticator
[gosec] 2026/02/05 17:52:10 Checking file: /tmp/blitzy/blitzy-kubernetes/blitzy5f91179c1/staging/src/k8s.io/apiserver/pkg/cel/mutation/typeresolver.go
[gosec] 2026/02/05 17:52:10 Checking package: resourceconfig
[gosec] 2026/02/05 17:52:10 Checking file: /tmp/blitzy/blitzy-kubernetes/blitzy5f91179c1/staging/src/k8s.io/apiserver/pkg/server/resourceconfig/doc.go
[gosec] 2026/02/05 17:52:10 Import directory: /tmp/blitzy/blitzy-kubernetes/blitzy5f91179c1/staging/src/k8s.io/apiserver/pkg/admission
[gosec] 2026/02/05 17:52:10 Checking file: /tmp/blitzy/blitzy-kubernetes/blitzy5f91179c1/staging/src/k8s.io/apiserver/pkg/server/resourceconfig/helpers.go
[gosec] 2026/02/05 17:52:11 Checking package: metrics
[gosec] 2026/02/05 17:52:11 Checking file: /tmp/blitzy/blitzy-kubernetes/blitzy5f91179c1/staging/src/k8s.io/apiserver/pkg/util/proxy/metrics/metrics.go
[gosec] 2026/02/05 17:52:11 Import directory: /tmp/blitzy/blitzy-kubernetes/blitzy5f91179c1/staging/src/k8s.io/apiserver/pkg/endpoints/handlers/finisher
[gosec] 2026/02/05 17:52:11 Checking package: bearertoken
[gosec] 2026/02/05 17:52:11 Checking file: /tmp/blitzy/blitzy-kubernetes/blitzy5f91179c1/staging/src/k8s.io/apiserver/pkg/authentication/request/bearertoken/bearertoken.go
[gosec] 2026/02/05 17:52:11 Import directory: /tmp/blitzy/blitzy-kubernetes/blitzy5f91179c1/staging/src/k8s.io/apiserver/pkg/server/healthz
[gosec] 2026/02/05 17:52:11 Checking package: resourcequota
[gosec] 2026/02/05 17:52:11 Checking file: /tmp/blitzy/blitzy-kubernetes/blitzy5f91179c1/staging/src/k8s.io/apiserver/pkg/admission/plugin/resourcequota/admission.go
[gosec] 2026/02/05 17:52:11 Import directory: /tmp/blitzy/blitzy-kubernetes/blitzy5f91179c1/staging/src/k8s.io/apiserver/pkg/storage/value
[gosec] 2026/02/05 17:52:11 Checking file: /tmp/blitzy/blitzy-kubernetes/blitzy5f91179c1/staging/src/k8s.io/apiserver/pkg/admission/plugin/resourcequota/config.go
[gosec] 2026/02/05 17:52:11 Checking file: /tmp/blitzy/blitzy-kubernetes/blitzy5f91179c1/staging/src/k8s.io/apiserver/pkg/admission/plugin/resourcequota/controller.go
[gosec] 2026/02/05 17:52:13 Checking file: /tmp/blitzy/blitzy-kubernetes/blitzy5f91179c1/staging/src/k8s.io/apiserver/pkg/admission/plugin/resourcequota/doc.go
[gosec] 2026/02/05 17:52:13 Checking file: /tmp/blitzy/blitzy-kubernetes/blitzy5f91179c1/staging/src/k8s.io/apiserver/pkg/admission/plugin/resourcequota/resource_access.go
[gosec] 2026/02/05 17:52:13 Checking package: testing
[gosec] 2026/02/05 17:52:13 Checking file: /tmp/blitzy/blitzy-kubernetes/blitzy5f91179c1/staging/src/k8s.io/apiserver/pkg/admission/plugin/webhook/testing/authentication_info_resolver.go
[gosec] 2026/02/05 17:52:13 Import directory: /tmp/blitzy/blitzy-kubernetes/blitzy5f91179c1/staging/src/k8s.io/apiserver/pkg/util/flowcontrol/fairqueuing/testing/promise
[gosec] 2026/02/05 17:52:14 Checking file: /tmp/blitzy/blitzy-kubernetes/blitzy5f91179c1/staging/src/k8s.io/apiserver/pkg/admission/plugin/webhook/testing/service_resolver.go
[gosec] 2026/02/05 17:52:14 Checking file: /tmp/blitzy/blitzy-kubernetes/blitzy5f91179c1/staging/src/k8s.io/apiserver/pkg/admission/plugin/webhook/testing/testcase.go
[gosec] 2026/02/05 17:52:17 Checking file: /tmp/blitzy/blitzy-kubernetes/blitzy5f91179c1/staging/src/k8s.io/apiserver/pkg/admission/plugin/webhook/testing/webhook_server.go
[gosec] 2026/02/05 17:52:18 Checking package: shufflesharding
[gosec] 2026/02/05 17:52:18 Checking file: /tmp/blitzy/blitzy-kubernetes/blitzy5f91179c1/staging/src/k8s.io/apiserver/pkg/util/shufflesharding/shufflesharding.go
[gosec] 2026/02/05 17:52:18 Import directory: /tmp/blitzy/blitzy-kubernetes/blitzy5f91179c1/staging/src/k8s.io/apiserver/pkg/apis/apidiscovery/v2beta1
[gosec] 2026/02/05 17:52:18 Checking package: authenticator
[gosec] 2026/02/05 17:52:18 Checking file: /tmp/blitzy/blitzy-kubernetes/blitzy5f91179c1/staging/src/k8s.io/apiserver/pkg/authentication/authenticator/audagnostic.go
[gosec] 2026/02/05 17:52:18 Import directory: /tmp/blitzy/blitzy-kubernetes/blitzy5f91179c1/staging/src/k8s.io/apiserver/pkg/apis/apiserver
[gosec] 2026/02/05 17:52:18 Checking file: /tmp/blitzy/blitzy-kubernetes/blitzy5f91179c1/staging/src/k8s.io/apiserver/pkg/authentication/authenticator/audiences.go
[gosec] 2026/02/05 17:52:18 Checking file: /tmp/blitzy/blitzy-kubernetes/blitzy5f91179c1/staging/src/k8s.io/apiserver/pkg/authentication/authenticator/interfaces.go
[gosec] 2026/02/05 17:52:18 Checking package: etcd3
[gosec] 2026/02/05 17:52:18 Checking file: /tmp/blitzy/blitzy-kubernetes/blitzy5f91179c1/staging/src/k8s.io/apiserver/pkg/storage/etcd3/compact.go
[gosec] 2026/02/05 17:52:18 Import directory: /tmp/blitzy/blitzy-kubernetes/blitzy5f91179c1/staging/src/k8s.io/apiserver/pkg/apis/apiserver/v1
[gosec] 2026/02/05 17:52:19 Checking file: /tmp/blitzy/blitzy-kubernetes/blitzy5f91179c1/staging/src/k8s.io/apiserver/pkg/storage/etcd3/corrupt_obj_deleter.go
[gosec] 2026/02/05 17:52:20 Checking file: /tmp/blitzy/blitzy-kubernetes/blitzy5f91179c1/staging/src/k8s.io/apiserver/pkg/storage/etcd3/decoder.go
[gosec] 2026/02/05 17:52:20 Checking file: /tmp/blitzy/blitzy-kubernetes/blitzy5f91179c1/staging/src/k8s.io/apiserver/pkg/storage/etcd3/errors.go
[gosec] 2026/02/05 17:52:20 Checking file: /tmp/blitzy/blitzy-kubernetes/blitzy5f91179c1/staging/src/k8s.io/apiserver/pkg/storage/etcd3/event.go
[gosec] 2026/02/05 17:52:20 Checking file: /tmp/blitzy/blitzy-kubernetes/blitzy5f91179c1/staging/src/k8s.io/apiserver/pkg/storage/etcd3/healthcheck.go
[gosec] 2026/02/05 17:52:20 Checking file: /tmp/blitzy/blitzy-kubernetes/blitzy5f91179c1/staging/src/k8s.io/apiserver/pkg/storage/etcd3/latency_tracker.go
[gosec] 2026/02/05 17:52:20 Checking file: /tmp/blitzy/blitzy-kubernetes/blitzy5f91179c1/staging/src/k8s.io/apiserver/pkg/storage/etcd3/lease_manager.go
[gosec] 2026/02/05 17:52:21 Checking file: /tmp/blitzy/blitzy-kubernetes/blitzy5f91179c1/staging/src/k8s.io/apiserver/pkg/storage/etcd3/logger.go
[gosec] 2026/02/05 17:52:21 Checking file: /tmp/blitzy/blitzy-kubernetes/blitzy5f91179c1/staging/src/k8s.io/apiserver/pkg/storage/etcd3/stats.go
[gosec] 2026/02/05 17:52:21 Checking file: /tmp/blitzy/blitzy-kubernetes/blitzy5f91179c1/staging/src/k8s.io/apiserver/pkg/storage/etcd3/store.go
[gosec] 2026/02/05 17:52:24 Checking file: /tmp/blitzy/blitzy-kubernetes/blitzy5f91179c1/staging/src/k8s.io/apiserver/pkg/storage/etcd3/watcher.go
[gosec] 2026/02/05 17:52:26 Checking package: admission
[gosec] 2026/02/05 17:52:26 Checking file: /tmp/blitzy/blitzy-kubernetes/blitzy5f91179c1/staging/src/k8s.io/apiserver/pkg/admission/attributes.go
[gosec] 2026/02/05 17:52:26 Import directory: /tmp/blitzy/blitzy-kubernetes/blitzy5f91179c1/staging/src/k8s.io/apiserver/pkg/authentication/request/headerrequest
[gosec] 2026/02/05 17:52:26 Checking file: /tmp/blitzy/blitzy-kubernetes/blitzy5f91179c1/staging/src/k8s.io/apiserver/pkg/admission/audit.go
[gosec] 2026/02/05 17:52:26 Checking file: /tmp/blitzy/blitzy-kubernetes/blitzy5f91179c1/staging/src/k8s.io/apiserver/pkg/admission/chain.go
[gosec] 2026/02/05 17:52:27 Checking file: /tmp/blitzy/blitzy-kubernetes/blitzy5f91179c1/staging/src/k8s.io/apiserver/pkg/admission/config.go
[gosec] 2026/02/05 17:52:27 Checking file: /tmp/blitzy/blitzy-kubernetes/blitzy5f91179c1/staging/src/k8s.io/apiserver/pkg/admission/conversion.go
[gosec] 2026/02/05 17:52:27 Checking file: /tmp/blitzy/blitzy-kubernetes/blitzy5f91179c1/staging/src/k8s.io/apiserver/pkg/admission/decorator.go
[gosec] 2026/02/05 17:52:27 Checking file: /tmp/blitzy/blitzy-kubernetes/blitzy5f91179c1/staging/src/k8s.io/apiserver/pkg/admission/errors.go
[gosec] 2026/02/05 17:52:28 Checking file: /tmp/blitzy/blitzy-kubernetes/blitzy5f91179c1/staging/src/k8s.io/apiserver/pkg/admission/handler.go
[gosec] 2026/02/05 17:52:28 Checking file: /tmp/blitzy/blitzy-kubernetes/blitzy5f91179c1/staging/src/k8s.io/apiserver/pkg/admission/interfaces.go
[gosec] 2026/02/05 17:52:28 Checking file: /tmp/blitzy/blitzy-kubernetes/blitzy5f91179c1/staging/src/k8s.io/apiserver/pkg/admission/plugins.go
[gosec] 2026/02/05 17:52:28 Checking file: /tmp/blitzy/blitzy-kubernetes/blitzy5f91179c1/staging/src/k8s.io/apiserver/pkg/admission/reinvocation.go
[gosec] 2026/02/05 17:52:28 Checking file: /tmp/blitzy/blitzy-kubernetes/blitzy5f91179c1/staging/src/k8s.io/apiserver/pkg/admission/util.go
[gosec] 2026/02/05 17:52:28 Checking package: finisher
[gosec] 2026/02/05 17:52:28 Checking file: /tmp/blitzy/blitzy-kubernetes/blitzy5f91179c1/staging/src/k8s.io/apiserver/pkg/endpoints/handlers/finisher/finisher.go
[gosec] 2026/02/05 17:52:28 Import directory: /tmp/blitzy/blitzy-kubernetes/blitzy5f91179c1/staging/src/k8s.io/apiserver/pkg/storage/etcd3/metrics
[gosec] 2026/02/05 17:52:29 Checking package: healthz
[gosec] 2026/02/05 17:52:29 Checking file: /tmp/blitzy/blitzy-kubernetes/blitzy5f91179c1/staging/src/k8s.io/apiserver/pkg/server/healthz/doc.go
[gosec] 2026/02/05 17:52:29 Import directory: /tmp/blitzy/blitzy-kubernetes/blitzy5f91179c1/staging/src/k8s.io/apiserver/pkg/storage/etcd3/testing/testingcert
[gosec] 2026/02/05 17:52:29 Checking file: /tmp/blitzy/blitzy-kubernetes/blitzy5f91179c1/staging/src/k8s.io/apiserver/pkg/server/healthz/healthz.go
[gosec] 2026/02/05 17:52:30 Checking package: value
[gosec] 2026/02/05 17:52:30 Checking file: /tmp/blitzy/blitzy-kubernetes/blitzy5f91179c1/staging/src/k8s.io/apiserver/pkg/storage/value/metrics.go
[gosec] 2026/02/05 17:52:30 Import directory: /tmp/blitzy/blitzy-kubernetes/blitzy5f91179c1/staging/src/k8s.io/apiserver/pkg/util/peerproxy/metrics
[gosec] 2026/02/05 17:52:30 Checking file: /tmp/blitzy/blitzy-kubernetes/blitzy5f91179c1/staging/src/k8s.io/apiserver/pkg/storage/value/transformer.go
[gosec] 2026/02/05 17:52:30 Checking package: promise
[gosec] 2026/02/05 17:52:30 Checking file: /tmp/blitzy/blitzy-kubernetes/blitzy5f91179c1/staging/src/k8s.io/apiserver/pkg/util/flowcontrol/fairqueuing/testing/promise/counting.go
[gosec] 2026/02/05 17:52:30 Import directory: /tmp/blitzy/blitzy-kubernetes/blitzy5f91179c1/staging/src/k8s.io/apiserver/pkg/admission/plugin/policy/matching
[gosec] 2026/02/05 17:52:30 Checking package: v2beta1
[gosec] 2026/02/05 17:52:30 Checking file: /tmp/blitzy/blitzy-kubernetes/blitzy5f91179c1/staging/src/k8s.io/apiserver/pkg/apis/apidiscovery/v2beta1/doc.go
[gosec] 2026/02/05 17:52:30 Checking file: /tmp/blitzy/blitzy-kubernetes/blitzy5f91179c1/staging/src/k8s.io/apiserver/pkg/apis/apidiscovery/v2beta1/register.go
[gosec] 2026/02/05 17:52:30 Import directory: /tmp/blitzy/blitzy-kubernetes/blitzy5f91179c1/staging/src/k8s.io/apiserver/pkg/apis/audit
[gosec] 2026/02/05 17:52:30 Checking package: apiserver
[gosec] 2026/02/05 17:52:30 Checking file: /tmp/blitzy/blitzy-kubernetes/blitzy5f91179c1/staging/src/k8s.io/apiserver/pkg/apis/apiserver/doc.go
[gosec] 2026/02/05 17:52:30 Checking file: /tmp/blitzy/blitzy-kubernetes/blitzy5f91179c1/staging/src/k8s.io/apiserver/pkg/apis/apiserver/register.go
[gosec] 2026/02/05 17:52:30 Import directory: /tmp/blitzy/blitzy-kubernetes/blitzy5f91179c1/staging/src/k8s.io/apiserver/pkg/cel/openapi/resolver
[gosec] 2026/02/05 17:52:30 Checking file: /tmp/blitzy/blitzy-kubernetes/blitzy5f91179c1/staging/src/k8s.io/apiserver/pkg/apis/apiserver/types.go
[gosec] 2026/02/05 17:52:30 Checking file: /tmp/blitzy/blitzy-kubernetes/blitzy5f91179c1/staging/src/k8s.io/apiserver/pkg/apis/apiserver/types_encryption.go
[gosec] 2026/02/05 17:52:30 Checking file: /tmp/blitzy/blitzy-kubernetes/blitzy5f91179c1/staging/src/k8s.io/apiserver/pkg/apis/apiserver/zz_generated.deepcopy.go
[gosec] 2026/02/05 17:52:34 Checking package: v1
[gosec] 2026/02/05 17:52:34 Checking file: /tmp/blitzy/blitzy-kubernetes/blitzy5f91179c1/staging/src/k8s.io/apiserver/pkg/apis/apiserver/v1/defaults.go
[gosec] 2026/02/05 17:52:34 Import directory: /tmp/blitzy/blitzy-kubernetes/blitzy5f91179c1/staging/src/k8s.io/apiserver/pkg/storage/value/encrypt/envelope/testing/v2
[gosec] 2026/02/05 17:52:34 Checking file: /tmp/blitzy/blitzy-kubernetes/blitzy5f91179c1/staging/src/k8s.io/apiserver/pkg/apis/apiserver/v1/doc.go
[gosec] 2026/02/05 17:52:34 Checking file: /tmp/blitzy/blitzy-kubernetes/blitzy5f91179c1/staging/src/k8s.io/apiserver/pkg/apis/apiserver/v1/register.go
[gosec] 2026/02/05 17:52:34 Checking file: /tmp/blitzy/blitzy-kubernetes/blitzy5f91179c1/staging/src/k8s.io/apiserver/pkg/apis/apiserver/v1/types.go
[gosec] 2026/02/05 17:52:34 Checking file: /tmp/blitzy/blitzy-kubernetes/blitzy5f91179c1/staging/src/k8s.io/apiserver/pkg/apis/apiserver/v1/types_encryption.go
[gosec] 2026/02/05 17:52:34 Checking file: /tmp/blitzy/blitzy-kubernetes/blitzy5f91179c1/staging/src/k8s.io/apiserver/pkg/apis/apiserver/v1/zz_generated.conversion.go
[gosec] 2026/02/05 17:52:40 Checking file: /tmp/blitzy/blitzy-kubernetes/blitzy5f91179c1/staging/src/k8s.io/apiserver/pkg/apis/apiserver/v1/zz_generated.deepcopy.go
[gosec] 2026/02/05 17:52:42 Checking file: /tmp/blitzy/blitzy-kubernetes/blitzy5f91179c1/staging/src/k8s.io/apiserver/pkg/apis/apiserver/v1/zz_generated.defaults.go
[gosec] 2026/02/05 17:52:43 Checking package: headerrequest
[gosec] 2026/02/05 17:52:43 Checking file: /tmp/blitzy/blitzy-kubernetes/blitzy5f91179c1/staging/src/k8s.io/apiserver/pkg/authentication/request/headerrequest/requestheader.go
[gosec] 2026/02/05 17:52:43 Import directory: /tmp/blitzy/blitzy-kubernetes/blitzy5f91179c1/staging/src/k8s.io/apiserver/plugin/pkg/authenticator/token/tokentest
[gosec] 2026/02/05 17:52:43 Checking file: /tmp/blitzy/blitzy-kubernetes/blitzy5f91179c1/staging/src/k8s.io/apiserver/pkg/authentication/request/headerrequest/requestheader_controller.go
[gosec] 2026/02/05 17:52:44 Checking package: testingcert
[gosec] 2026/02/05 17:52:44 Checking file: /tmp/blitzy/blitzy-kubernetes/blitzy5f91179c1/staging/src/k8s.io/apiserver/pkg/storage/etcd3/testing/testingcert/certificates.go
[gosec] 2026/02/05 17:52:44 Import directory: /tmp/blitzy/blitzy-kubernetes/blitzy5f91179c1/staging/src/k8s.io/apiserver/pkg/reconcilers
[gosec] 2026/02/05 17:52:44 Checking package: metrics
[gosec] 2026/02/05 17:52:44 Checking file: /tmp/blitzy/blitzy-kubernetes/blitzy5f91179c1/staging/src/k8s.io/apiserver/pkg/storage/etcd3/metrics/metrics.go
[gosec] 2026/02/05 17:52:44 Import directory: /tmp/blitzy/blitzy-kubernetes/blitzy5f91179c1/staging/src/k8s.io/apiserver/pkg/server/options
[gosec] 2026/02/05 17:52:44 Checking package: metrics
[gosec] 2026/02/05 17:52:44 Checking file: /tmp/blitzy/blitzy-kubernetes/blitzy5f91179c1/staging/src/k8s.io/apiserver/pkg/util/peerproxy/metrics/metrics.go
[gosec] 2026/02/05 17:52:45 Import directory: /tmp/blitzy/blitzy-kubernetes/blitzy5f91179c1/staging/src/k8s.io/apiserver/plugin/pkg/audit/fake
[gosec] 2026/02/05 17:52:45 Checking package: audit
[gosec] 2026/02/05 17:52:45 Checking file: /tmp/blitzy/blitzy-kubernetes/blitzy5f91179c1/staging/src/k8s.io/apiserver/pkg/apis/audit/doc.go
[gosec] 2026/02/05 17:52:45 Checking file: /tmp/blitzy/blitzy-kubernetes/blitzy5f91179c1/staging/src/k8s.io/apiserver/pkg/apis/audit/helpers.go
[gosec] 2026/02/05 17:52:45 Import directory: /tmp/blitzy/blitzy-kubernetes/blitzy5f91179c1/staging/src/k8s.io/apiserver/plugin/pkg/audit/truncate
[gosec] 2026/02/05 17:52:45 Checking file: /tmp/blitzy/blitzy-kubernetes/blitzy5f91179c1/staging/src/k8s.io/apiserver/pkg/apis/audit/register.go
[gosec] 2026/02/05 17:52:45 Checking file: /tmp/blitzy/blitzy-kubernetes/blitzy5f91179c1/staging/src/k8s.io/apiserver/pkg/apis/audit/types.go
[gosec] 2026/02/05 17:52:45 Checking file: /tmp/blitzy/blitzy-kubernetes/blitzy5f91179c1/staging/src/k8s.io/apiserver/pkg/apis/audit/zz_generated.deepcopy.go
[gosec] 2026/02/05 17:52:46 Checking package: resolver
[gosec] 2026/02/05 17:52:46 Checking file: /tmp/blitzy/blitzy-kubernetes/blitzy5f91179c1/staging/src/k8s.io/apiserver/pkg/cel/openapi/resolver/combined.go
[gosec] 2026/02/05 17:52:46 Import directory: /tmp/blitzy/blitzy-kubernetes/blitzy5f91179c1/staging/src/k8s.io/apiserver/pkg/admission/plugin/resourcequota/apis/resourcequota/install
[gosec] 2026/02/05 17:52:47 Checking file: /tmp/blitzy/blitzy-kubernetes/blitzy5f91179c1/staging/src/k8s.io/apiserver/pkg/cel/openapi/resolver/definitions.go
[gosec] 2026/02/05 17:52:47 Checking file: /tmp/blitzy/blitzy-kubernetes/blitzy5f91179c1/staging/src/k8s.io/apiserver/pkg/cel/openapi/resolver/discovery.go
[gosec] 2026/02/05 17:52:47 Checking file: /tmp/blitzy/blitzy-kubernetes/blitzy5f91179c1/staging/src/k8s.io/apiserver/pkg/cel/openapi/resolver/refs.go
[gosec] 2026/02/05 17:52:48 Checking file: /tmp/blitzy/blitzy-kubernetes/blitzy5f91179c1/staging/src/k8s.io/apiserver/pkg/cel/openapi/resolver/resolver.go
[gosec] 2026/02/05 17:52:48 Checking package: matching
[gosec] 2026/02/05 17:52:48 Checking file: /tmp/blitzy/blitzy-kubernetes/blitzy5f91179c1/staging/src/k8s.io/apiserver/pkg/admission/plugin/policy/matching/matching.go
[gosec] 2026/02/05 17:52:48 Import directory: /tmp/blitzy/blitzy-kubernetes/blitzy5f91179c1/staging/src/k8s.io/apiserver/pkg/apis/apiserver/validation
[gosec] 2026/02/05 17:52:48 Checking package: v2
[gosec] 2026/02/05 17:52:48 Checking file: /tmp/blitzy/blitzy-kubernetes/blitzy5f91179c1/staging/src/k8s.io/apiserver/pkg/storage/value/encrypt/envelope/testing/v2/kms_plugin_mock.go
[gosec] 2026/02/05 17:52:48 Import directory: /tmp/blitzy/blitzy-kubernetes/blitzy5f91179c1/staging/src/k8s.io/apiserver/pkg/authentication/request/x509
[gosec] 2026/02/05 17:52:49 Checking package: tokentest
[gosec] 2026/02/05 17:52:49 Checking file: /tmp/blitzy/blitzy-kubernetes/blitzy5f91179c1/staging/src/k8s.io/apiserver/plugin/pkg/authenticator/token/tokentest/tokentest.go
[gosec] 2026/02/05 17:52:49 Import directory: /tmp/blitzy/blitzy-kubernetes/blitzy5f91179c1/staging/src/k8s.io/apiserver/pkg/cel/lazy
[gosec] 2026/02/05 17:52:49 Checking package: fake
[gosec] 2026/02/05 17:52:49 Checking file: /tmp/blitzy/blitzy-kubernetes/blitzy5f91179c1/staging/src/k8s.io/apiserver/plugin/pkg/audit/fake/doc.go
[gosec] 2026/02/05 17:52:49 Import directory: /tmp/blitzy/blitzy-kubernetes/blitzy5f91179c1/staging/src/k8s.io/apiserver/pkg/util/flowcontrol/request
[gosec] 2026/02/05 17:52:49 Checking file: /tmp/blitzy/blitzy-kubernetes/blitzy5f91179c1/staging/src/k8s.io/apiserver/plugin/pkg/audit/fake/fake.go
[gosec] 2026/02/05 17:52:49 Checking package: truncate
[gosec] 2026/02/05 17:52:49 Checking file: /tmp/blitzy/blitzy-kubernetes/blitzy5f91179c1/staging/src/k8s.io/apiserver/plugin/pkg/audit/truncate/doc.go
[gosec] 2026/02/05 17:52:49 Checking file: /tmp/blitzy/blitzy-kubernetes/blitzy5f91179c1/staging/src/k8s.io/apiserver/plugin/pkg/audit/truncate/truncate.go
[gosec] 2026/02/05 17:52:49 Import directory: /tmp/blitzy/blitzy-kubernetes/blitzy5f91179c1/staging/src/k8s.io/apiserver/pkg/util/webhook
[gosec] 2026/02/05 17:52:49 Checking package: reconcilers
[gosec] 2026/02/05 17:52:49 Checking file: /tmp/blitzy/blitzy-kubernetes/blitzy5f91179c1/staging/src/k8s.io/apiserver/pkg/reconcilers/peer_endpoint_lease.go
[gosec] 2026/02/05 17:52:49 Import directory: /tmp/blitzy/blitzy-kubernetes/blitzy5f91179c1/staging/src/k8s.io/apiserver/pkg/audit
[gosec] 2026/02/05 17:52:50 Checking package: options
[gosec] 2026/02/05 17:52:50 Checking file: /tmp/blitzy/blitzy-kubernetes/blitzy5f91179c1/staging/src/k8s.io/apiserver/pkg/server/options/admission.go
[gosec] 2026/02/05 17:52:50 Import directory: /tmp/blitzy/blitzy-kubernetes/blitzy5f91179c1/staging/src/k8s.io/apiserver/pkg/authentication/authenticatorfactory
[gosec] 2026/02/05 17:52:50 Checking file: /tmp/blitzy/blitzy-kubernetes/blitzy5f91179c1/staging/src/k8s.io/apiserver/pkg/server/options/api_enablement.go
[gosec] 2026/02/05 17:52:51 Checking file: /tmp/blitzy/blitzy-kubernetes/blitzy5f91179c1/staging/src/k8s.io/apiserver/pkg/server/options/audit.go
[gosec] 2026/02/05 17:52:52 Checking file: /tmp/blitzy/blitzy-kubernetes/blitzy5f91179c1/staging/src/k8s.io/apiserver/pkg/server/options/authentication.go
[gosec] 2026/02/05 17:52:53 Checking file: /tmp/blitzy/blitzy-kubernetes/blitzy5f91179c1/staging/src/k8s.io/apiserver/pkg/server/options/authentication_dynamic_request_header.go
[gosec] 2026/02/05 17:52:53 Checking file: /tmp/blitzy/blitzy-kubernetes/blitzy5f91179c1/staging/src/k8s.io/apiserver/pkg/server/options/authorization.go
[gosec] 2026/02/05 17:52:54 Checking file: /tmp/blitzy/blitzy-kubernetes/blitzy5f91179c1/staging/src/k8s.io/apiserver/pkg/server/options/coreapi.go
[gosec] 2026/02/05 17:52:54 Checking file: /tmp/blitzy/blitzy-kubernetes/blitzy5f91179c1/staging/src/k8s.io/apiserver/pkg/server/options/doc.go
[gosec] 2026/02/05 17:52:54 Checking file: /tmp/blitzy/blitzy-kubernetes/blitzy5f91179c1/staging/src/k8s.io/apiserver/pkg/server/options/egress_selector.go
[gosec] 2026/02/05 17:52:54 Checking file: /tmp/blitzy/blitzy-kubernetes/blitzy5f91179c1/staging/src/k8s.io/apiserver/pkg/server/options/etcd.go
[gosec] 2026/02/05 17:52:56 Checking file: /tmp/blitzy/blitzy-kubernetes/blitzy5f91179c1/staging/src/k8s.io/apiserver/pkg/server/options/feature.go
[gosec] 2026/02/05 17:52:56 Checking file: /tmp/blitzy/blitzy-kubernetes/blitzy5f91179c1/staging/src/k8s.io/apiserver/pkg/server/options/recommended.go
[gosec] 2026/02/05 17:52:57 Checking file: /tmp/blitzy/blitzy-kubernetes/blitzy5f91179c1/staging/src/k8s.io/apiserver/pkg/server/options/server_run_options.go
[gosec] 2026/02/05 17:52:57 Checking file: /tmp/blitzy/blitzy-kubernetes/blitzy5f91179c1/staging/src/k8s.io/apiserver/pkg/server/options/serving.go
[gosec] 2026/02/05 17:52:58 Checking file: /tmp/blitzy/blitzy-kubernetes/blitzy5f91179c1/staging/src/k8s.io/apiserver/pkg/server/options/serving_unix.go
[gosec] 2026/02/05 17:52:58 Checking file: /tmp/blitzy/blitzy-kubernetes/blitzy5f91179c1/staging/src/k8s.io/apiserver/pkg/server/options/serving_with_loopback.go
[gosec] 2026/02/05 17:52:58 Checking file: /tmp/blitzy/blitzy-kubernetes/blitzy5f91179c1/staging/src/k8s.io/apiserver/pkg/server/options/tracing.go
[gosec] 2026/02/05 17:52:59 Checking package: install
[gosec] 2026/02/05 17:52:59 Checking file: /tmp/blitzy/blitzy-kubernetes/blitzy5f91179c1/staging/src/k8s.io/apiserver/pkg/admission/plugin/resourcequota/apis/resourcequota/install/install.go
[gosec] 2026/02/05 17:52:59 Checking package: validation
[gosec] 2026/02/05 17:52:59 Checking file: /tmp/blitzy/blitzy-kubernetes/blitzy5f91179c1/staging/src/k8s.io/apiserver/pkg/apis/apiserver/validation/validation.go
[gosec] 2026/02/05 17:52:59 Import directory: /tmp/blitzy/blitzy-kubernetes/blitzy5f91179c1/staging/src/k8s.io/apiserver/pkg/server/routes
[gosec] 2026/02/05 17:52:59 Import directory: /tmp/blitzy/blitzy-kubernetes/blitzy5f91179c1/staging/src/k8s.io/apiserver/pkg/registry/generic
[gosec] 2026/02/05 17:53:01 Checking file: /tmp/blitzy/blitzy-kubernetes/blitzy5f91179c1/staging/src/k8s.io/apiserver/pkg/apis/apiserver/validation/validation_encryption.go
[gosec] 2026/02/05 17:53:01 Checking package: x509
[gosec] 2026/02/05 17:53:01 Checking file: /tmp/blitzy/blitzy-kubernetes/blitzy5f91179c1/staging/src/k8s.io/apiserver/pkg/authentication/request/x509/doc.go
[gosec] 2026/02/05 17:53:01 Checking file: /tmp/blitzy/blitzy-kubernetes/blitzy5f91179c1/staging/src/k8s.io/apiserver/pkg/authentication/request/x509/verify_options.go
[gosec] 2026/02/05 17:53:01 Import directory: /tmp/blitzy/blitzy-kubernetes/blitzy5f91179c1/staging/src/k8s.io/apiserver/pkg/server/filters
[gosec] 2026/02/05 17:53:01 Checking file: /tmp/blitzy/blitzy-kubernetes/blitzy5f91179c1/staging/src/k8s.io/apiserver/pkg/authentication/request/x509/x509.go
[gosec] 2026/02/05 17:53:02 Checking package: lazy
[gosec] 2026/02/05 17:53:02 Checking file: /tmp/blitzy/blitzy-kubernetes/blitzy5f91179c1/staging/src/k8s.io/apiserver/pkg/cel/lazy/lazy.go
[gosec] 2026/02/05 17:53:02 Import directory: /tmp/blitzy/blitzy-kubernetes/blitzy5f91179c1/staging/src/k8s.io/apiserver/pkg/admission/plugin/webhook/config/apis/webhookadmission/v1
[gosec] 2026/02/05 17:53:03 Checking package: request
[gosec] 2026/02/05 17:53:03 Checking file: /tmp/blitzy/blitzy-kubernetes/blitzy5f91179c1/staging/src/k8s.io/apiserver/pkg/util/flowcontrol/request/config.go
[gosec] 2026/02/05 17:53:03 Import directory: /tmp/blitzy/blitzy-kubernetes/blitzy5f91179c1/staging/src/k8s.io/apiserver/pkg/apis/audit/fuzzer
[gosec] 2026/02/05 17:53:03 Checking file: /tmp/blitzy/blitzy-kubernetes/blitzy5f91179c1/staging/src/k8s.io/apiserver/pkg/util/flowcontrol/request/list_work_estimator.go
[gosec] 2026/02/05 17:53:03 Checking file: /tmp/blitzy/blitzy-kubernetes/blitzy5f91179c1/staging/src/k8s.io/apiserver/pkg/util/flowcontrol/request/mutating_work_estimator.go
[gosec] 2026/02/05 17:53:03 Checking file: /tmp/blitzy/blitzy-kubernetes/blitzy5f91179c1/staging/src/k8s.io/apiserver/pkg/util/flowcontrol/request/object_count_tracker.go
[gosec] 2026/02/05 17:53:04 Checking file: /tmp/blitzy/blitzy-kubernetes/blitzy5f91179c1/staging/src/k8s.io/apiserver/pkg/util/flowcontrol/request/seat_seconds.go
[gosec] 2026/02/05 17:53:04 Checking file: /tmp/blitzy/blitzy-kubernetes/blitzy5f91179c1/staging/src/k8s.io/apiserver/pkg/util/flowcontrol/request/width.go
[gosec] 2026/02/05 17:53:04 Checking package: webhook
[gosec] 2026/02/05 17:53:04 Checking file: /tmp/blitzy/blitzy-kubernetes/blitzy5f91179c1/staging/src/k8s.io/apiserver/pkg/util/webhook/authentication.go
[gosec] 2026/02/05 17:53:04 Import directory: /tmp/blitzy/blitzy-kubernetes/blitzy5f91179c1/staging/src/k8s.io/apiserver/pkg/warning
[gosec] 2026/02/05 17:53:05 Checking file: /tmp/blitzy/blitzy-kubernetes/blitzy5f91179c1/staging/src/k8s.io/apiserver/pkg/util/webhook/client.go
[gosec] 2026/02/05 17:53:05 Checking file: /tmp/blitzy/blitzy-kubernetes/blitzy5f91179c1/staging/src/k8s.io/apiserver/pkg/util/webhook/error.go
[gosec] 2026/02/05 17:53:05 Checking file: /tmp/blitzy/blitzy-kubernetes/blitzy5f91179c1/staging/src/k8s.io/apiserver/pkg/util/webhook/metrics.go
[gosec] 2026/02/05 17:53:05 Checking file: /tmp/blitzy/blitzy-kubernetes/blitzy5f91179c1/staging/src/k8s.io/apiserver/pkg/util/webhook/serviceresolver.go
[gosec] 2026/02/05 17:53:05 Checking file: /tmp/blitzy/blitzy-kubernetes/blitzy5f91179c1/staging/src/k8s.io/apiserver/pkg/util/webhook/validation.go
[gosec] 2026/02/05 17:53:05 Checking file: /tmp/blitzy/blitzy-kubernetes/blitzy5f91179c1/staging/src/k8s.io/apiserver/pkg/util/webhook/webhook.go
[gosec] 2026/02/05 17:53:06 Checking package: audit
[gosec] 2026/02/05 17:53:06 Checking file: /tmp/blitzy/blitzy-kubernetes/blitzy5f91179c1/staging/src/k8s.io/apiserver/pkg/audit/context.go
[gosec] 2026/02/05 17:53:06 Import directory: /tmp/blitzy/blitzy-kubernetes/blitzy5f91179c1/staging/src/k8s.io/apiserver/plugin/pkg/authorizer/webhook
[gosec] 2026/02/05 17:53:07 Checking file: /tmp/blitzy/blitzy-kubernetes/blitzy5f91179c1/staging/src/k8s.io/apiserver/pkg/audit/evaluator.go
[gosec] 2026/02/05 17:53:07 Checking file: /tmp/blitzy/blitzy-kubernetes/blitzy5f91179c1/staging/src/k8s.io/apiserver/pkg/audit/format.go
[gosec] 2026/02/05 17:53:07 Checking file: /tmp/blitzy/blitzy-kubernetes/blitzy5f91179c1/staging/src/k8s.io/apiserver/pkg/audit/metrics.go
[gosec] 2026/02/05 17:53:07 Checking file: /tmp/blitzy/blitzy-kubernetes/blitzy5f91179c1/staging/src/k8s.io/apiserver/pkg/audit/request.go
[gosec] 2026/02/05 17:53:07 Checking file: /tmp/blitzy/blitzy-kubernetes/blitzy5f91179c1/staging/src/k8s.io/apiserver/pkg/audit/scheme.go
[gosec] 2026/02/05 17:53:07 Checking file: /tmp/blitzy/blitzy-kubernetes/blitzy5f91179c1/staging/src/k8s.io/apiserver/pkg/audit/types.go
[gosec] 2026/02/05 17:53:07 Checking file: /tmp/blitzy/blitzy-kubernetes/blitzy5f91179c1/staging/src/k8s.io/apiserver/pkg/audit/union.go
[gosec] 2026/02/05 17:53:07 Checking package: authenticatorfactory
[gosec] 2026/02/05 17:53:07 Checking file: /tmp/blitzy/blitzy-kubernetes/blitzy5f91179c1/staging/src/k8s.io/apiserver/pkg/authentication/authenticatorfactory/delegating.go
[gosec] 2026/02/05 17:53:07 Import directory: /tmp/blitzy/blitzy-kubernetes/blitzy5f91179c1/staging/src/k8s.io/apiserver/pkg/admission/metrics
[gosec] 2026/02/05 17:53:08 Checking file: /tmp/blitzy/blitzy-kubernetes/blitzy5f91179c1/staging/src/k8s.io/apiserver/pkg/authentication/authenticatorfactory/loopback.go
[gosec] 2026/02/05 17:53:08 Checking file: /tmp/blitzy/blitzy-kubernetes/blitzy5f91179c1/staging/src/k8s.io/apiserver/pkg/authentication/authenticatorfactory/metrics.go
[gosec] 2026/02/05 17:53:08 Checking file: /tmp/blitzy/blitzy-kubernetes/blitzy5f91179c1/staging/src/k8s.io/apiserver/pkg/authentication/authenticatorfactory/requestheader.go
[gosec] 2026/02/05 17:53:08 Checking package: routes
[gosec] 2026/02/05 17:53:08 Checking file: /tmp/blitzy/blitzy-kubernetes/blitzy5f91179c1/staging/src/k8s.io/apiserver/pkg/server/routes/debugsocket.go
[gosec] 2026/02/05 17:53:08 Import directory: /tmp/blitzy/blitzy-kubernetes/blitzy5f91179c1/staging/src/k8s.io/apiserver/pkg/admission/plugin/webhook
[gosec] 2026/02/05 17:53:08 Checking file: /tmp/blitzy/blitzy-kubernetes/blitzy5f91179c1/staging/src/k8s.io/apiserver/pkg/server/routes/doc.go
[gosec] 2026/02/05 17:53:08 Checking file: /tmp/blitzy/blitzy-kubernetes/blitzy5f91179c1/staging/src/k8s.io/apiserver/pkg/server/routes/flags.go
[gosec] 2026/02/05 17:53:08 Checking file: /tmp/blitzy/blitzy-kubernetes/blitzy5f91179c1/staging/src/k8s.io/apiserver/pkg/server/routes/index.go
[gosec] 2026/02/05 17:53:08 Checking file: /tmp/blitzy/blitzy-kubernetes/blitzy5f91179c1/staging/src/k8s.io/apiserver/pkg/server/routes/metrics.go
[gosec] 2026/02/05 17:53:08 Checking file: /tmp/blitzy/blitzy-kubernetes/blitzy5f91179c1/staging/src/k8s.io/apiserver/pkg/server/routes/openapi.go
[gosec] 2026/02/05 17:53:08 Checking file: /tmp/blitzy/blitzy-kubernetes/blitzy5f91179c1/staging/src/k8s.io/apiserver/pkg/server/routes/profiling.go
[gosec] 2026/02/05 17:53:08 Checking file: /tmp/blitzy/blitzy-kubernetes/blitzy5f91179c1/staging/src/k8s.io/apiserver/pkg/server/routes/version.go
[gosec] 2026/02/05 17:53:08 Checking package: generic
[gosec] 2026/02/05 17:53:08 Checking file: /tmp/blitzy/blitzy-kubernetes/blitzy5f91179c1/staging/src/k8s.io/apiserver/pkg/registry/generic/doc.go
[gosec] 2026/02/05 17:53:08 Checking file: /tmp/blitzy/blitzy-kubernetes/blitzy5f91179c1/staging/src/k8s.io/apiserver/pkg/registry/generic/matcher.go
[gosec] 2026/02/05 17:53:08 Import directory: /tmp/blitzy/blitzy-kubernetes/blitzy5f91179c1/staging/src/k8s.io/apiserver/pkg/admission/plugin/webhook/mutating
[gosec] 2026/02/05 17:53:08 Checking file: /tmp/blitzy/blitzy-kubernetes/blitzy5f91179c1/staging/src/k8s.io/apiserver/pkg/registry/generic/options.go
[gosec] 2026/02/05 17:53:08 Checking file: /tmp/blitzy/blitzy-kubernetes/blitzy5f91179c1/staging/src/k8s.io/apiserver/pkg/registry/generic/storage_decorator.go
[gosec] 2026/02/05 17:53:08 Checking package: filters
[gosec] 2026/02/05 17:53:08 Checking file: /tmp/blitzy/blitzy-kubernetes/blitzy5f91179c1/staging/src/k8s.io/apiserver/pkg/server/filters/content_type.go
[gosec] 2026/02/05 17:53:08 Import directory: /tmp/blitzy/blitzy-kubernetes/blitzy5f91179c1/staging/src/k8s.io/apiserver/pkg/apis/apiserver/load
[gosec] 2026/02/05 17:53:08 Checking file: /tmp/blitzy/blitzy-kubernetes/blitzy5f91179c1/staging/src/k8s.io/apiserver/pkg/server/filters/cors.go
[gosec] 2026/02/05 17:53:09 Checking file: /tmp/blitzy/blitzy-kubernetes/blitzy5f91179c1/staging/src/k8s.io/apiserver/pkg/server/filters/doc.go
[gosec] 2026/02/05 17:53:09 Checking file: /tmp/blitzy/blitzy-kubernetes/blitzy5f91179c1/staging/src/k8s.io/apiserver/pkg/server/filters/goaway.go
[gosec] 2026/02/05 17:53:09 Checking file: /tmp/blitzy/blitzy-kubernetes/blitzy5f91179c1/staging/src/k8s.io/apiserver/pkg/server/filters/hsts.go
[gosec] 2026/02/05 17:53:09 Checking file: /tmp/blitzy/blitzy-kubernetes/blitzy5f91179c1/staging/src/k8s.io/apiserver/pkg/server/filters/longrunning.go
[gosec] 2026/02/05 17:53:09 Checking file: /tmp/blitzy/blitzy-kubernetes/blitzy5f91179c1/staging/src/k8s.io/apiserver/pkg/server/filters/maxinflight.go
[gosec] 2026/02/05 17:53:09 Checking file: /tmp/blitzy/blitzy-kubernetes/blitzy5f91179c1/staging/src/k8s.io/apiserver/pkg/server/filters/priority-and-fairness.go
[gosec] 2026/02/05 17:53:10 Checking file: /tmp/blitzy/blitzy-kubernetes/blitzy5f91179c1/staging/src/k8s.io/apiserver/pkg/server/filters/timeout.go
[gosec] 2026/02/05 17:53:10 Checking file: /tmp/blitzy/blitzy-kubernetes/blitzy5f91179c1/staging/src/k8s.io/apiserver/pkg/server/filters/waitgroup.go
[gosec] 2026/02/05 17:53:10 Checking file: /tmp/blitzy/blitzy-kubernetes/blitzy5f91179c1/staging/src/k8s.io/apiserver/pkg/server/filters/watch_termination.go
[gosec] 2026/02/05 17:53:10 Checking file: /tmp/blitzy/blitzy-kubernetes/blitzy5f91179c1/staging/src/k8s.io/apiserver/pkg/server/filters/with_retry_after.go
[gosec] 2026/02/05 17:53:11 Checking file: /tmp/blitzy/blitzy-kubernetes/blitzy5f91179c1/staging/src/k8s.io/apiserver/pkg/server/filters/wrap.go
[gosec] 2026/02/05 17:53:11 Checking package: v1
[gosec] 2026/02/05 17:53:11 Checking file: /tmp/blitzy/blitzy-kubernetes/blitzy5f91179c1/staging/src/k8s.io/apiserver/pkg/admission/plugin/webhook/config/apis/webhookadmission/v1/doc.go
[gosec] 2026/02/05 17:53:11 Checking file: /tmp/blitzy/blitzy-kubernetes/blitzy5f91179c1/staging/src/k8s.io/apiserver/pkg/admission/plugin/webhook/config/apis/webhookadmission/v1/register.go
[gosec] 2026/02/05 17:53:11 Import directory: /tmp/blitzy/blitzy-kubernetes/blitzy5f91179c1/staging/src/k8s.io/apiserver/pkg/endpoints/openapi
[gosec] 2026/02/05 17:53:11 Checking file: /tmp/blitzy/blitzy-kubernetes/blitzy5f91179c1/staging/src/k8s.io/apiserver/pkg/admission/plugin/webhook/config/apis/webhookadmission/v1/types.go
[gosec] 2026/02/05 17:53:11 Checking file: /tmp/blitzy/blitzy-kubernetes/blitzy5f91179c1/staging/src/k8s.io/apiserver/pkg/admission/plugin/webhook/config/apis/webhookadmission/v1/zz_generated.conversion.go
[gosec] 2026/02/05 17:53:11 Checking file: /tmp/blitzy/blitzy-kubernetes/blitzy5f91179c1/staging/src/k8s.io/apiserver/pkg/admission/plugin/webhook/config/apis/webhookadmission/v1/zz_generated.deepcopy.go
[gosec] 2026/02/05 17:53:11 Checking file: /tmp/blitzy/blitzy-kubernetes/blitzy5f91179c1/staging/src/k8s.io/apiserver/pkg/admission/plugin/webhook/config/apis/webhookadmission/v1/zz_generated.defaults.go
[gosec] 2026/02/05 17:53:11 Checking package: fuzzer
[gosec] 2026/02/05 17:53:11 Checking file: /tmp/blitzy/blitzy-kubernetes/blitzy5f91179c1/staging/src/k8s.io/apiserver/pkg/apis/audit/fuzzer/fuzzer.go
[gosec] 2026/02/05 17:53:11 Import directory: /tmp/blitzy/blitzy-kubernetes/blitzy5f91179c1/staging/src/k8s.io/apiserver/pkg/server/options/authenticationconfig/metrics
[gosec] 2026/02/05 17:53:11 Checking package: warning
[gosec] 2026/02/05 17:53:11 Checking file: /tmp/blitzy/blitzy-kubernetes/blitzy5f91179c1/staging/src/k8s.io/apiserver/pkg/warning/context.go
[gosec] 2026/02/05 17:53:11 Import directory: /tmp/blitzy/blitzy-kubernetes/blitzy5f91179c1/staging/src/k8s.io/apiserver/pkg/util/responsewriter
[gosec] 2026/02/05 17:53:11 Checking package: webhook
[gosec] 2026/02/05 17:53:11 Checking file: /tmp/blitzy/blitzy-kubernetes/blitzy5f91179c1/staging/src/k8s.io/apiserver/plugin/pkg/authorizer/webhook/webhook.go
[gosec] 2026/02/05 17:53:11 Import directory: /tmp/blitzy/blitzy-kubernetes/blitzy5f91179c1/staging/src/k8s.io/apiserver/plugin/pkg/authenticator/token/oidc
[gosec] 2026/02/05 17:53:13 Checking package: metrics
[gosec] 2026/02/05 17:53:13 Checking file: /tmp/blitzy/blitzy-kubernetes/blitzy5f91179c1/staging/src/k8s.io/apiserver/pkg/admission/metrics/metrics.go
[gosec] 2026/02/05 17:53:13 Import directory: /tmp/blitzy/blitzy-kubernetes/blitzy5f91179c1/staging/src/k8s.io/apiserver/pkg/admission/configuration
[gosec] 2026/02/05 17:53:13 Checking package: webhook
[gosec] 2026/02/05 17:53:13 Checking file: /tmp/blitzy/blitzy-kubernetes/blitzy5f91179c1/staging/src/k8s.io/apiserver/pkg/admission/plugin/webhook/accessors.go
[gosec] 2026/02/05 17:53:13 Import directory: /tmp/blitzy/blitzy-kubernetes/blitzy5f91179c1/staging/src/k8s.io/apiserver/pkg/admission/plugin/webhook/config/apis/webhookadmission/v1alpha1
[gosec] 2026/02/05 17:53:14 Checking package: load
[gosec] 2026/02/05 17:53:14 Checking file: /tmp/blitzy/blitzy-kubernetes/blitzy5f91179c1/staging/src/k8s.io/apiserver/pkg/apis/apiserver/load/load.go
[gosec] 2026/02/05 17:53:14 Import directory: /tmp/blitzy/blitzy-kubernetes/blitzy5f91179c1/staging/src/k8s.io/apiserver/pkg/admission/plugin/webhook/predicates/rules
[gosec] 2026/02/05 17:53:14 Checking package: mutating
[gosec] 2026/02/05 17:53:14 Checking file: /tmp/blitzy/blitzy-kubernetes/blitzy5f91179c1/staging/src/k8s.io/apiserver/pkg/admission/plugin/webhook/mutating/dispatcher.go
[gosec] 2026/02/05 17:53:14 Import directory: /tmp/blitzy/blitzy-kubernetes/blitzy5f91179c1/staging/src/k8s.io/apiserver/pkg/cel/mutation/dynamic
[gosec] 2026/02/05 17:53:15 Checking file: /tmp/blitzy/blitzy-kubernetes/blitzy5f91179c1/staging/src/k8s.io/apiserver/pkg/admission/plugin/webhook/mutating/doc.go
[gosec] 2026/02/05 17:53:15 Checking file: /tmp/blitzy/blitzy-kubernetes/blitzy5f91179c1/staging/src/k8s.io/apiserver/pkg/admission/plugin/webhook/mutating/plugin.go
[gosec] 2026/02/05 17:53:15 Checking file: /tmp/blitzy/blitzy-kubernetes/blitzy5f91179c1/staging/src/k8s.io/apiserver/pkg/admission/plugin/webhook/mutating/reinvocationcontext.go
[gosec] 2026/02/05 17:53:16 Checking package: openapi
[gosec] 2026/02/05 17:53:16 Checking file: /tmp/blitzy/blitzy-kubernetes/blitzy5f91179c1/staging/src/k8s.io/apiserver/pkg/endpoints/openapi/openapi.go
[gosec] 2026/02/05 17:53:16 Import directory: /tmp/blitzy/blitzy-kubernetes/blitzy5f91179c1/staging/src/k8s.io/apiserver/plugin/pkg/audit
[gosec] 2026/02/05 17:53:16 Checking package: responsewriter
[gosec] 2026/02/05 17:53:16 Checking file: /tmp/blitzy/blitzy-kubernetes/blitzy5f91179c1/staging/src/k8s.io/apiserver/pkg/util/responsewriter/inmemoryresponsewriter.go
[gosec] 2026/02/05 17:53:16 Import directory: /tmp/blitzy/blitzy-kubernetes/blitzy5f91179c1/staging/src/k8s.io/apiserver/plugin/pkg/authenticator/token/webhook
[gosec] 2026/02/05 17:53:16 Checking package: metrics
[gosec] 2026/02/05 17:53:16 Checking file: /tmp/blitzy/blitzy-kubernetes/blitzy5f91179c1/staging/src/k8s.io/apiserver/pkg/server/options/authenticationconfig/metrics/metrics.go
[gosec] 2026/02/05 17:53:16 Import directory: /tmp/blitzy/blitzy-kubernetes/blitzy5f91179c1/staging/src/k8s.io/apiserver/pkg/admission/plugin/webhook/util
[gosec] 2026/02/05 17:53:16 Checking package: oidc
[gosec] 2026/02/05 17:53:16 Checking file: /tmp/blitzy/blitzy-kubernetes/blitzy5f91179c1/staging/src/k8s.io/apiserver/plugin/pkg/authenticator/token/oidc/metrics.go
[gosec] 2026/02/05 17:53:16 Import directory: /tmp/blitzy/blitzy-kubernetes/blitzy5f91179c1/staging/src/k8s.io/apiserver/pkg/authentication/token/jwt
[gosec] 2026/02/05 17:53:17 Checking file: /tmp/blitzy/blitzy-kubernetes/blitzy5f91179c1/staging/src/k8s.io/apiserver/plugin/pkg/authenticator/token/oidc/oidc.go
[gosec] 2026/02/05 17:53:21 Checking package: v1alpha1
[gosec] 2026/02/05 17:53:21 Checking file: /tmp/blitzy/blitzy-kubernetes/blitzy5f91179c1/staging/src/k8s.io/apiserver/pkg/admission/plugin/webhook/config/apis/webhookadmission/v1alpha1/doc.go
[gosec] 2026/02/05 17:53:21 Import directory: /tmp/blitzy/blitzy-kubernetes/blitzy5f91179c1/staging/src/k8s.io/apiserver/pkg/endpoints/discovery
[gosec] 2026/02/05 17:53:21 Checking file: /tmp/blitzy/blitzy-kubernetes/blitzy5f91179c1/staging/src/k8s.io/apiserver/pkg/admission/plugin/webhook/config/apis/webhookadmission/v1alpha1/register.go
[gosec] 2026/02/05 17:53:21 Checking file: /tmp/blitzy/blitzy-kubernetes/blitzy5f91179c1/staging/src/k8s.io/apiserver/pkg/admission/plugin/webhook/config/apis/webhookadmission/v1alpha1/types.go
[gosec] 2026/02/05 17:53:21 Checking file: /tmp/blitzy/blitzy-kubernetes/blitzy5f91179c1/staging/src/k8s.io/apiserver/pkg/admission/plugin/webhook/config/apis/webhookadmission/v1alpha1/zz_generated.conversion.go
[gosec] 2026/02/05 17:53:21 Checking file: /tmp/blitzy/blitzy-kubernetes/blitzy5f91179c1/staging/src/k8s.io/apiserver/pkg/admission/plugin/webhook/config/apis/webhookadmission/v1alpha1/zz_generated.deepcopy.go
[gosec] 2026/02/05 17:53:21 Checking file: /tmp/blitzy/blitzy-kubernetes/blitzy5f91179c1/staging/src/k8s.io/apiserver/pkg/admission/plugin/webhook/config/apis/webhookadmission/v1alpha1/zz_generated.defaults.go
[gosec] 2026/02/05 17:53:21 Checking package: configuration
[gosec] 2026/02/05 17:53:21 Checking file: /tmp/blitzy/blitzy-kubernetes/blitzy5f91179c1/staging/src/k8s.io/apiserver/pkg/admission/configuration/configuration_manager.go
[gosec] 2026/02/05 17:53:21 Import directory: /tmp/blitzy/blitzy-kubernetes/blitzy5f91179c1/staging/src/k8s.io/apiserver/pkg/server/flagz/negotiate
[gosec] 2026/02/05 17:53:21 Checking file: /tmp/blitzy/blitzy-kubernetes/blitzy5f91179c1/staging/src/k8s.io/apiserver/pkg/admission/configuration/mutating_webhook_manager.go
[gosec] 2026/02/05 17:53:22 Checking file: /tmp/blitzy/blitzy-kubernetes/blitzy5f91179c1/staging/src/k8s.io/apiserver/pkg/admission/configuration/validating_webhook_manager.go
[gosec] 2026/02/05 17:53:22 Checking package: rules
[gosec] 2026/02/05 17:53:22 Checking file: /tmp/blitzy/blitzy-kubernetes/blitzy5f91179c1/staging/src/k8s.io/apiserver/pkg/admission/plugin/webhook/predicates/rules/rules.go
[gosec] 2026/02/05 17:53:22 Import directory: /tmp/blitzy/blitzy-kubernetes/blitzy5f91179c1/staging/src/k8s.io/apiserver/pkg/admission/plugin/policy/generic
[gosec] 2026/02/05 17:53:22 Checking package: dynamic
[gosec] 2026/02/05 17:53:22 Checking file: /tmp/blitzy/blitzy-kubernetes/blitzy5f91179c1/staging/src/k8s.io/apiserver/pkg/cel/mutation/dynamic/objects.go
[gosec] 2026/02/05 17:53:22 Import directory: /tmp/blitzy/blitzy-kubernetes/blitzy5f91179c1/staging/src/k8s.io/apiserver/pkg/authentication/request/websocket
[gosec] 2026/02/05 17:53:23 Checking package: audit
[gosec] 2026/02/05 17:53:23 Checking file: /tmp/blitzy/blitzy-kubernetes/blitzy5f91179c1/staging/src/k8s.io/apiserver/plugin/pkg/audit/doc.go
[gosec] 2026/02/05 17:53:23 Import directory: /tmp/blitzy/blitzy-kubernetes/blitzy5f91179c1/staging/src/k8s.io/apiserver/pkg/cel/common
[gosec] 2026/02/05 17:53:23 Import directory: /tmp/blitzy/blitzy-kubernetes/blitzy5f91179c1/staging/src/k8s.io/apiserver/pkg/endpoints/handlers/responsewriters
[gosec] 2026/02/05 17:53:23 Checking package: jwt
[gosec] 2026/02/05 17:53:23 Checking file: /tmp/blitzy/blitzy-kubernetes/blitzy5f91179c1/staging/src/k8s.io/apiserver/pkg/authentication/token/jwt/jwt.go
[gosec] 2026/02/05 17:53:23 Checking package: webhook
[gosec] 2026/02/05 17:53:23 Checking file: /tmp/blitzy/blitzy-kubernetes/blitzy5f91179c1/staging/src/k8s.io/apiserver/plugin/pkg/authenticator/token/webhook/metrics.go
[gosec] 2026/02/05 17:53:23 Import directory: /tmp/blitzy/blitzy-kubernetes/blitzy5f91179c1/staging/src/k8s.io/apiserver/pkg/storage/value/encrypt/identity
[gosec] 2026/02/05 17:53:23 Checking file: /tmp/blitzy/blitzy-kubernetes/blitzy5f91179c1/staging/src/k8s.io/apiserver/plugin/pkg/authenticator/token/webhook/webhook.go
[gosec] 2026/02/05 17:53:24 Checking package: util
[gosec] 2026/02/05 17:53:24 Checking file: /tmp/blitzy/blitzy-kubernetes/blitzy5f91179c1/staging/src/k8s.io/apiserver/pkg/admission/plugin/webhook/util/client_config.go
[gosec] 2026/02/05 17:53:24 Import directory: /tmp/blitzy/blitzy-kubernetes/blitzy5f91179c1/staging/src/k8s.io/apiserver/pkg/endpoints/deprecation
[gosec] 2026/02/05 17:53:24 Checking package: discovery
[gosec] 2026/02/05 17:53:24 Checking file: /tmp/blitzy/blitzy-kubernetes/blitzy5f91179c1/staging/src/k8s.io/apiserver/pkg/endpoints/discovery/addresses.go
[gosec] 2026/02/05 17:53:24 Import directory: /tmp/blitzy/blitzy-kubernetes/blitzy5f91179c1/staging/src/k8s.io/apiserver/pkg/audit/policy
[gosec] 2026/02/05 17:53:24 Checking file: /tmp/blitzy/blitzy-kubernetes/blitzy5f91179c1/staging/src/k8s.io/apiserver/pkg/endpoints/discovery/group.go
[gosec] 2026/02/05 17:53:24 Checking file: /tmp/blitzy/blitzy-kubernetes/blitzy5f91179c1/staging/src/k8s.io/apiserver/pkg/endpoints/discovery/legacy.go
[gosec] 2026/02/05 17:53:24 Checking file: /tmp/blitzy/blitzy-kubernetes/blitzy5f91179c1/staging/src/k8s.io/apiserver/pkg/endpoints/discovery/root.go
[gosec] 2026/02/05 17:53:24 Checking file: /tmp/blitzy/blitzy-kubernetes/blitzy5f91179c1/staging/src/k8s.io/apiserver/pkg/endpoints/discovery/storageversionhash.go
[gosec] 2026/02/05 17:53:24 Checking file: /tmp/blitzy/blitzy-kubernetes/blitzy5f91179c1/staging/src/k8s.io/apiserver/pkg/endpoints/discovery/util.go
[gosec] 2026/02/05 17:53:25 Checking file: /tmp/blitzy/blitzy-kubernetes/blitzy5f91179c1/staging/src/k8s.io/apiserver/pkg/endpoints/discovery/version.go
[gosec] 2026/02/05 17:53:25 Checking package: negotiate
[gosec] 2026/02/05 17:53:25 Checking file: /tmp/blitzy/blitzy-kubernetes/blitzy5f91179c1/staging/src/k8s.io/apiserver/pkg/server/flagz/negotiate/negotiation.go
[gosec] 2026/02/05 17:53:25 Import directory: /tmp/blitzy/blitzy-kubernetes/blitzy5f91179c1/staging/src/k8s.io/apiserver/pkg/authorization/authorizer
[gosec] 2026/02/05 17:53:25 Checking package: websocket
[gosec] 2026/02/05 17:53:25 Checking file: /tmp/blitzy/blitzy-kubernetes/blitzy5f91179c1/staging/src/k8s.io/apiserver/pkg/authentication/request/websocket/protocol.go
[gosec] 2026/02/05 17:53:25 Import directory: /tmp/blitzy/blitzy-kubernetes/blitzy5f91179c1/staging/src/k8s.io/apiserver/pkg/util/flowcontrol
[gosec] 2026/02/05 17:53:25 Checking package: generic
[gosec] 2026/02/05 17:53:25 Checking file: /tmp/blitzy/blitzy-kubernetes/blitzy5f91179c1/staging/src/k8s.io/apiserver/pkg/admission/plugin/policy/generic/accessor.go
[gosec] 2026/02/05 17:53:25 Import directory: /tmp/blitzy/blitzy-kubernetes/blitzy5f91179c1/staging/src/k8s.io/apiserver/pkg/admission/plugin/resourcequota/apis/resourcequota/v1
[gosec] 2026/02/05 17:53:25 Checking file: /tmp/blitzy/blitzy-kubernetes/blitzy5f91179c1/staging/src/k8s.io/apiserver/pkg/admission/plugin/policy/generic/interfaces.go
[gosec] 2026/02/05 17:53:25 Checking file: /tmp/blitzy/blitzy-kubernetes/blitzy5f91179c1/staging/src/k8s.io/apiserver/pkg/admission/plugin/policy/generic/plugin.go
[gosec] 2026/02/05 17:53:26 Checking file: /tmp/blitzy/blitzy-kubernetes/blitzy5f91179c1/staging/src/k8s.io/apiserver/pkg/admission/plugin/policy/generic/policy_dispatcher.go
[gosec] 2026/02/05 17:53:26 Checking file: /tmp/blitzy/blitzy-kubernetes/blitzy5f91179c1/staging/src/k8s.io/apiserver/pkg/admission/plugin/policy/generic/policy_matcher.go
[gosec] 2026/02/05 17:53:27 Checking file: /tmp/blitzy/blitzy-kubernetes/blitzy5f91179c1/staging/src/k8s.io/apiserver/pkg/admission/plugin/policy/generic/policy_source.go
[gosec] 2026/02/05 17:53:27 Checking file: /tmp/blitzy/blitzy-kubernetes/blitzy5f91179c1/staging/src/k8s.io/apiserver/pkg/admission/plugin/policy/generic/policy_test_context.go
[gosec] 2026/02/05 17:53:29 Checking package: identity
[gosec] 2026/02/05 17:53:29 Checking file: /tmp/blitzy/blitzy-kubernetes/blitzy5f91179c1/staging/src/k8s.io/apiserver/pkg/storage/value/encrypt/identity/identity.go
[gosec] 2026/02/05 17:53:29 Import directory: /tmp/blitzy/blitzy-kubernetes/blitzy5f91179c1/staging/src/k8s.io/apiserver/pkg/storage/errors
[gosec] 2026/02/05 17:53:29 Checking package: responsewriters
[gosec] 2026/02/05 17:53:29 Checking file: /tmp/blitzy/blitzy-kubernetes/blitzy5f91179c1/staging/src/k8s.io/apiserver/pkg/endpoints/handlers/responsewriters/doc.go
[gosec] 2026/02/05 17:53:29 Import directory: /tmp/blitzy/blitzy-kubernetes/blitzy5f91179c1/staging/src/k8s.io/apiserver/pkg/apis/audit/validation
[gosec] 2026/02/05 17:53:29 Checking file: /tmp/blitzy/blitzy-kubernetes/blitzy5f91179c1/staging/src/k8s.io/apiserver/pkg/endpoints/handlers/responsewriters/errors.go
[gosec] 2026/02/05 17:53:29 Checking file: /tmp/blitzy/blitzy-kubernetes/blitzy5f91179c1/staging/src/k8s.io/apiserver/pkg/endpoints/handlers/responsewriters/status.go
[gosec] 2026/02/05 17:53:29 Checking file: /tmp/blitzy/blitzy-kubernetes/blitzy5f91179c1/staging/src/k8s.io/apiserver/pkg/endpoints/handlers/responsewriters/writers.go
[gosec] 2026/02/05 17:53:30 Checking package: common
[gosec] 2026/02/05 17:53:30 Checking file: /tmp/blitzy/blitzy-kubernetes/blitzy5f91179c1/staging/src/k8s.io/apiserver/pkg/cel/common/adaptor.go
[gosec] 2026/02/05 17:53:30 Import directory: /tmp/blitzy/blitzy-kubernetes/blitzy5f91179c1/staging/src/k8s.io/apiserver/pkg/authentication/group
[gosec] 2026/02/05 17:53:30 Checking file: /tmp/blitzy/blitzy-kubernetes/blitzy5f91179c1/staging/src/k8s.io/apiserver/pkg/cel/common/equality.go
[gosec] 2026/02/05 17:53:31 Checking file: /tmp/blitzy/blitzy-kubernetes/blitzy5f91179c1/staging/src/k8s.io/apiserver/pkg/cel/common/maplist.go
[gosec] 2026/02/05 17:53:31 Checking file: /tmp/blitzy/blitzy-kubernetes/blitzy5f91179c1/staging/src/k8s.io/apiserver/pkg/cel/common/schemas.go
[gosec] 2026/02/05 17:53:32 Checking file: /tmp/blitzy/blitzy-kubernetes/blitzy5f91179c1/staging/src/k8s.io/apiserver/pkg/cel/common/typeprovider.go
[gosec] 2026/02/05 17:53:32 Checking file: /tmp/blitzy/blitzy-kubernetes/blitzy5f91179c1/staging/src/k8s.io/apiserver/pkg/cel/common/valuesreflect.go
[gosec] 2026/02/05 17:53:35 Checking file: /tmp/blitzy/blitzy-kubernetes/blitzy5f91179c1/staging/src/k8s.io/apiserver/pkg/cel/common/valuesunstructured.go
[gosec] 2026/02/05 17:53:38 Checking package: deprecation
[gosec] 2026/02/05 17:53:38 Checking file: /tmp/blitzy/blitzy-kubernetes/blitzy5f91179c1/staging/src/k8s.io/apiserver/pkg/endpoints/deprecation/deprecation.go
[gosec] 2026/02/05 17:53:38 Import directory: /tmp/blitzy/blitzy-kubernetes/blitzy5f91179c1/staging/src/k8s.io/apiserver/pkg/registry/generic/testing
[gosec] 2026/02/05 17:53:38 Checking package: policy
[gosec] 2026/02/05 17:53:38 Checking file: /tmp/blitzy/blitzy-kubernetes/blitzy5f91179c1/staging/src/k8s.io/apiserver/pkg/audit/policy/checker.go
[gosec] 2026/02/05 17:53:38 Import directory: /tmp/blitzy/blitzy-kubernetes/blitzy5f91179c1/staging/src/k8s.io/apiserver/pkg/server/mux
[gosec] 2026/02/05 17:53:39 Checking file: /tmp/blitzy/blitzy-kubernetes/blitzy5f91179c1/staging/src/k8s.io/apiserver/pkg/audit/policy/reader.go
[gosec] 2026/02/05 17:53:39 Checking file: /tmp/blitzy/blitzy-kubernetes/blitzy5f91179c1/staging/src/k8s.io/apiserver/pkg/audit/policy/util.go
[gosec] 2026/02/05 17:53:39 Checking package: authorizer
[gosec] 2026/02/05 17:53:39 Checking file: /tmp/blitzy/blitzy-kubernetes/blitzy5f91179c1/staging/src/k8s.io/apiserver/pkg/authorization/authorizer/interfaces.go
[gosec] 2026/02/05 17:53:39 Import directory: /tmp/blitzy/blitzy-kubernetes/blitzy5f91179c1/staging/src/k8s.io/apiserver/pkg/admission/plugin/namespace/lifecycle
[gosec] 2026/02/05 17:53:40 Checking file: /tmp/blitzy/blitzy-kubernetes/blitzy5f91179c1/staging/src/k8s.io/apiserver/pkg/authorization/authorizer/rule.go
[gosec] 2026/02/05 17:53:40 Checking package: v1
[gosec] 2026/02/05 17:53:40 Checking file: /tmp/blitzy/blitzy-kubernetes/blitzy5f91179c1/staging/src/k8s.io/apiserver/pkg/admission/plugin/resourcequota/apis/resourcequota/v1/defaults.go
[gosec] 2026/02/05 17:53:40 Import directory: /tmp/blitzy/blitzy-kubernetes/blitzy5f91179c1/staging/src/k8s.io/apiserver/pkg/admission/plugin/webhook/errors
[gosec] 2026/02/05 17:53:40 Checking file: /tmp/blitzy/blitzy-kubernetes/blitzy5f91179c1/staging/src/k8s.io/apiserver/pkg/admission/plugin/resourcequota/apis/resourcequota/v1/doc.go
[gosec] 2026/02/05 17:53:40 Checking file: /tmp/blitzy/blitzy-kubernetes/blitzy5f91179c1/staging/src/k8s.io/apiserver/pkg/admission/plugin/resourcequota/apis/resourcequota/v1/register.go
[gosec] 2026/02/05 17:53:40 Checking file: /tmp/blitzy/blitzy-kubernetes/blitzy5f91179c1/staging/src/k8s.io/apiserver/pkg/admission/plugin/resourcequota/apis/resourcequota/v1/types.go
[gosec] 2026/02/05 17:53:40 Checking file: /tmp/blitzy/blitzy-kubernetes/blitzy5f91179c1/staging/src/k8s.io/apiserver/pkg/admission/plugin/resourcequota/apis/resourcequota/v1/zz_generated.conversion.go
[gosec] 2026/02/05 17:53:40 Checking file: /tmp/blitzy/blitzy-kubernetes/blitzy5f91179c1/staging/src/k8s.io/apiserver/pkg/admission/plugin/resourcequota/apis/resourcequota/v1/zz_generated.deepcopy.go
[gosec] 2026/02/05 17:53:41 Checking file: /tmp/blitzy/blitzy-kubernetes/blitzy5f91179c1/staging/src/k8s.io/apiserver/pkg/admission/plugin/resourcequota/apis/resourcequota/v1/zz_generated.defaults.go
[gosec] 2026/02/05 17:53:41 Checking package: flowcontrol
[gosec] 2026/02/05 17:53:41 Checking file: /tmp/blitzy/blitzy-kubernetes/blitzy5f91179c1/staging/src/k8s.io/apiserver/pkg/util/flowcontrol/apf_context.go
[gosec] 2026/02/05 17:53:41 Import directory: /tmp/blitzy/blitzy-kubernetes/blitzy5f91179c1/staging/src/k8s.io/apiserver/pkg/apis/example2/install
[gosec] 2026/02/05 17:53:41 Checking file: /tmp/blitzy/blitzy-kubernetes/blitzy5f91179c1/staging/src/k8s.io/apiserver/pkg/util/flowcontrol/apf_controller.go
[gosec] 2026/02/05 17:53:42 Checking file: /tmp/blitzy/blitzy-kubernetes/blitzy5f91179c1/staging/src/k8s.io/apiserver/pkg/util/flowcontrol/apf_controller_debug.go
[gosec] 2026/02/05 17:53:42 Checking file: /tmp/blitzy/blitzy-kubernetes/blitzy5f91179c1/staging/src/k8s.io/apiserver/pkg/util/flowcontrol/apf_filter.go
[gosec] 2026/02/05 17:53:42 Checking file: /tmp/blitzy/blitzy-kubernetes/blitzy5f91179c1/staging/src/k8s.io/apiserver/pkg/util/flowcontrol/conc_alloc.go
[gosec] 2026/02/05 17:53:43 Checking file: /tmp/blitzy/blitzy-kubernetes/blitzy5f91179c1/staging/src/k8s.io/apiserver/pkg/util/flowcontrol/dropped_requests_tracker.go
[gosec] 2026/02/05 17:53:43 Checking file: /tmp/blitzy/blitzy-kubernetes/blitzy5f91179c1/staging/src/k8s.io/apiserver/pkg/util/flowcontrol/formatting.go
[gosec] 2026/02/05 17:53:43 Checking file: /tmp/blitzy/blitzy-kubernetes/blitzy5f91179c1/staging/src/k8s.io/apiserver/pkg/util/flowcontrol/max_seats.go
[gosec] 2026/02/05 17:53:43 Checking file: /tmp/blitzy/blitzy-kubernetes/blitzy5f91179c1/staging/src/k8s.io/apiserver/pkg/util/flowcontrol/rule.go
[gosec] 2026/02/05 17:53:44 Checking file: /tmp/blitzy/blitzy-kubernetes/blitzy5f91179c1/staging/src/k8s.io/apiserver/pkg/util/flowcontrol/watch_tracker.go
[gosec] 2026/02/05 17:53:45 Checking package: errors
[gosec] 2026/02/05 17:53:45 Checking file: /tmp/blitzy/blitzy-kubernetes/blitzy5f91179c1/staging/src/k8s.io/apiserver/pkg/storage/errors/doc.go
[gosec] 2026/02/05 17:53:45 Checking file: /tmp/blitzy/blitzy-kubernetes/blitzy5f91179c1/staging/src/k8s.io/apiserver/pkg/storage/errors/storage.go
[gosec] 2026/02/05 17:53:45 Import directory: /tmp/blitzy/blitzy-kubernetes/blitzy5f91179c1/staging/src/k8s.io/apiserver/pkg/admission/plugin/resourcequota/apis/resourcequota
[gosec] 2026/02/05 17:53:45 Checking package: validation
[gosec] 2026/02/05 17:53:45 Checking file: /tmp/blitzy/blitzy-kubernetes/blitzy5f91179c1/staging/src/k8s.io/apiserver/pkg/apis/audit/validation/validation.go
[gosec] 2026/02/05 17:53:45 Import directory: /tmp/blitzy/blitzy-kubernetes/blitzy5f91179c1/staging/src/k8s.io/apiserver/pkg/apis/apiserver/v1alpha1
[gosec] 2026/02/05 17:53:45 Checking package: group
[gosec] 2026/02/05 17:53:45 Checking file: /tmp/blitzy/blitzy-kubernetes/blitzy5f91179c1/staging/src/k8s.io/apiserver/pkg/authentication/group/authenticated_group_adder.go
[gosec] 2026/02/05 17:53:45 Import directory: /tmp/blitzy/blitzy-kubernetes/blitzy5f91179c1/staging/src/k8s.io/apiserver/pkg/apis/cel
[gosec] 2026/02/05 17:53:46 Checking file: /tmp/blitzy/blitzy-kubernetes/blitzy5f91179c1/staging/src/k8s.io/apiserver/pkg/authentication/group/group_adder.go
[gosec] 2026/02/05 17:53:46 Checking file: /tmp/blitzy/blitzy-kubernetes/blitzy5f91179c1/staging/src/k8s.io/apiserver/pkg/authentication/group/token_group_adder.go
[gosec] 2026/02/05 17:53:46 Checking package: mux
[gosec] 2026/02/05 17:53:46 Checking file: /tmp/blitzy/blitzy-kubernetes/blitzy5f91179c1/staging/src/k8s.io/apiserver/pkg/server/mux/doc.go
[gosec] 2026/02/05 17:53:46 Import directory: /tmp/blitzy/blitzy-kubernetes/blitzy5f91179c1/staging/src/k8s.io/apiserver/pkg/server/flagz/api/v1alpha1
[gosec] 2026/02/05 17:53:46 Checking file: /tmp/blitzy/blitzy-kubernetes/blitzy5f91179c1/staging/src/k8s.io/apiserver/pkg/server/mux/pathrecorder.go
[gosec] 2026/02/05 17:53:46 Checking package: tester
[gosec] 2026/02/05 17:53:46 Checking file: /tmp/blitzy/blitzy-kubernetes/blitzy5f91179c1/staging/src/k8s.io/apiserver/pkg/registry/generic/testing/tester.go
[gosec] 2026/02/05 17:53:46 Import directory: /tmp/blitzy/blitzy-kubernetes/blitzy5f91179c1/staging/src/k8s.io/apiserver/pkg/server/storage
[gosec] 2026/02/05 17:53:46 Checking package: errors
[gosec] 2026/02/05 17:53:46 Checking file: /tmp/blitzy/blitzy-kubernetes/blitzy5f91179c1/staging/src/k8s.io/apiserver/pkg/admission/plugin/webhook/errors/doc.go
[gosec] 2026/02/05 17:53:46 Checking file: /tmp/blitzy/blitzy-kubernetes/blitzy5f91179c1/staging/src/k8s.io/apiserver/pkg/admission/plugin/webhook/errors/statuserror.go
[gosec] 2026/02/05 17:53:46 Import directory: /tmp/blitzy/blitzy-kubernetes/blitzy5f91179c1/staging/src/k8s.io/apiserver/pkg/util/flushwriter
[gosec] 2026/02/05 17:53:46 Checking package: lifecycle
[gosec] 2026/02/05 17:53:46 Checking file: /tmp/blitzy/blitzy-kubernetes/blitzy5f91179c1/staging/src/k8s.io/apiserver/pkg/admission/plugin/namespace/lifecycle/admission.go
[gosec] 2026/02/05 17:53:46 Import directory: /tmp/blitzy/blitzy-kubernetes/blitzy5f91179c1/staging/src/k8s.io/apiserver/pkg/util/openapi
[gosec] 2026/02/05 17:53:47 Checking package: install
[gosec] 2026/02/05 17:53:47 Checking file: /tmp/blitzy/blitzy-kubernetes/blitzy5f91179c1/staging/src/k8s.io/apiserver/pkg/apis/example2/install/install.go
[gosec] 2026/02/05 17:53:47 Import directory: /tmp/blitzy/blitzy-kubernetes/blitzy5f91179c1/staging/src/k8s.io/apiserver/pkg/apis/audit/v1
[gosec] 2026/02/05 17:53:47 Checking package: resourcequota
[gosec] 2026/02/05 17:53:47 Checking file: /tmp/blitzy/blitzy-kubernetes/blitzy5f91179c1/staging/src/k8s.io/apiserver/pkg/admission/plugin/resourcequota/apis/resourcequota/doc.go
[gosec] 2026/02/05 17:53:47 Import directory: /tmp/blitzy/blitzy-kubernetes/blitzy5f91179c1/staging/src/k8s.io/apiserver/pkg/endpoints/metrics
[gosec] 2026/02/05 17:53:47 Checking file: /tmp/blitzy/blitzy-kubernetes/blitzy5f91179c1/staging/src/k8s.io/apiserver/pkg/admission/plugin/resourcequota/apis/resourcequota/register.go
[gosec] 2026/02/05 17:53:47 Checking file: /tmp/blitzy/blitzy-kubernetes/blitzy5f91179c1/staging/src/k8s.io/apiserver/pkg/admission/plugin/resourcequota/apis/resourcequota/types.go
[gosec] 2026/02/05 17:53:47 Checking file: /tmp/blitzy/blitzy-kubernetes/blitzy5f91179c1/staging/src/k8s.io/apiserver/pkg/admission/plugin/resourcequota/apis/resourcequota/zz_generated.deepcopy.go
[gosec] 2026/02/05 17:53:47 Checking package: cel
[gosec] 2026/02/05 17:53:47 Checking file: /tmp/blitzy/blitzy-kubernetes/blitzy5f91179c1/staging/src/k8s.io/apiserver/pkg/apis/cel/config.go
[gosec] 2026/02/05 17:53:47 Import directory: /tmp/blitzy/blitzy-kubernetes/blitzy5f91179c1/staging/src/k8s.io/apiserver/pkg/quota/v1/generic
[gosec] 2026/02/05 17:53:47 Checking package: v1alpha1
[gosec] 2026/02/05 17:53:47 Checking file: /tmp/blitzy/blitzy-kubernetes/blitzy5f91179c1/staging/src/k8s.io/apiserver/pkg/apis/apiserver/v1alpha1/conversion.go
[gosec] 2026/02/05 17:53:47 Import directory: /tmp/blitzy/blitzy-kubernetes/blitzy5f91179c1/staging/src/k8s.io/apiserver/pkg/admission/plugin/policy/mutating
[gosec] 2026/02/05 17:53:47 Checking file: /tmp/blitzy/blitzy-kubernetes/blitzy5f91179c1/staging/src/k8s.io/apiserver/pkg/apis/apiserver/v1alpha1/defaults.go
[gosec] 2026/02/05 17:53:47 Checking file: /tmp/blitzy/blitzy-kubernetes/blitzy5f91179c1/staging/src/k8s.io/apiserver/pkg/apis/apiserver/v1alpha1/doc.go
[gosec] 2026/02/05 17:53:47 Checking file: /tmp/blitzy/blitzy-kubernetes/blitzy5f91179c1/staging/src/k8s.io/apiserver/pkg/apis/apiserver/v1alpha1/register.go
[gosec] 2026/02/05 17:53:48 Checking file: /tmp/blitzy/blitzy-kubernetes/blitzy5f91179c1/staging/src/k8s.io/apiserver/pkg/apis/apiserver/v1alpha1/types.go
[gosec] 2026/02/05 17:53:48 Checking file: /tmp/blitzy/blitzy-kubernetes/blitzy5f91179c1/staging/src/k8s.io/apiserver/pkg/apis/apiserver/v1alpha1/zz_generated.conversion.go
[gosec] 2026/02/05 17:53:53 Checking file: /tmp/blitzy/blitzy-kubernetes/blitzy5f91179c1/staging/src/k8s.io/apiserver/pkg/apis/apiserver/v1alpha1/zz_generated.deepcopy.go
[gosec] 2026/02/05 17:53:56 Checking file: /tmp/blitzy/blitzy-kubernetes/blitzy5f91179c1/staging/src/k8s.io/apiserver/pkg/apis/apiserver/v1alpha1/zz_generated.defaults.go
[gosec] 2026/02/05 17:53:56 Checking package: v1alpha1
[gosec] 2026/02/05 17:53:56 Checking file: /tmp/blitzy/blitzy-kubernetes/blitzy5f91179c1/staging/src/k8s.io/apiserver/pkg/server/flagz/api/v1alpha1/doc.go
[gosec] 2026/02/05 17:53:56 Checking file: /tmp/blitzy/blitzy-kubernetes/blitzy5f91179c1/staging/src/k8s.io/apiserver/pkg/server/flagz/api/v1alpha1/register.go
[gosec] 2026/02/05 17:53:56 Import directory: /tmp/blitzy/blitzy-kubernetes/blitzy5f91179c1/staging/src/k8s.io/apiserver/pkg/apis/flowcontrol/bootstrap
[gosec] 2026/02/05 17:53:56 Checking file: /tmp/blitzy/blitzy-kubernetes/blitzy5f91179c1/staging/src/k8s.io/apiserver/pkg/server/flagz/api/v1alpha1/types.go
[gosec] 2026/02/05 17:53:56 Checking file: /tmp/blitzy/blitzy-kubernetes/blitzy5f91179c1/staging/src/k8s.io/apiserver/pkg/server/flagz/api/v1alpha1/zz_generated.deepcopy.go
[gosec] 2026/02/05 17:53:56 Checking file: /tmp/blitzy/blitzy-kubernetes/blitzy5f91179c1/staging/src/k8s.io/apiserver/pkg/server/flagz/api/v1alpha1/zz_generated.model_name.go
[gosec] 2026/02/05 17:53:56 Checking package: flushwriter
[gosec] 2026/02/05 17:53:56 Checking file: /tmp/blitzy/blitzy-kubernetes/blitzy5f91179c1/staging/src/k8s.io/apiserver/pkg/util/flushwriter/doc.go
[gosec] 2026/02/05 17:53:56 Import directory: /tmp/blitzy/blitzy-kubernetes/blitzy5f91179c1/staging/src/k8s.io/apiserver/pkg/endpoints/handlers/metrics
[gosec] 2026/02/05 17:53:56 Checking file: /tmp/blitzy/blitzy-kubernetes/blitzy5f91179c1/staging/src/k8s.io/apiserver/pkg/util/flushwriter/writer.go
[gosec] 2026/02/05 17:53:56 Checking package: storage
[gosec] 2026/02/05 17:53:56 Checking file: /tmp/blitzy/blitzy-kubernetes/blitzy5f91179c1/staging/src/k8s.io/apiserver/pkg/server/storage/doc.go
[gosec] 2026/02/05 17:53:56 Checking file: /tmp/blitzy/blitzy-kubernetes/blitzy5f91179c1/staging/src/k8s.io/apiserver/pkg/server/storage/resource_config.go
[gosec] 2026/02/05 17:53:56 Import directory: /tmp/blitzy/blitzy-kubernetes/blitzy5f91179c1/staging/src/k8s.io/apiserver/pkg/endpoints/responsewriter
[gosec] 2026/02/05 17:53:57 Checking file: /tmp/blitzy/blitzy-kubernetes/blitzy5f91179c1/staging/src/k8s.io/apiserver/pkg/server/storage/resource_encoding_config.go
[gosec] 2026/02/05 17:53:57 Checking file: /tmp/blitzy/blitzy-kubernetes/blitzy5f91179c1/staging/src/k8s.io/apiserver/pkg/server/storage/storage_codec.go
[gosec] 2026/02/05 17:53:57 Checking file: /tmp/blitzy/blitzy-kubernetes/blitzy5f91179c1/staging/src/k8s.io/apiserver/pkg/server/storage/storage_factory.go
[gosec] 2026/02/05 17:53:58 Checking package: openapi
[gosec] 2026/02/05 17:53:58 Checking file: /tmp/blitzy/blitzy-kubernetes/blitzy5f91179c1/staging/src/k8s.io/apiserver/pkg/util/openapi/enablement.go
[gosec] 2026/02/05 17:53:58 Import directory: /tmp/blitzy/blitzy-kubernetes/blitzy5f91179c1/staging/src/k8s.io/apiserver/pkg/storage/value/encrypt/envelope/testing/v1beta1
[gosec] 2026/02/05 17:53:58 Checking file: /tmp/blitzy/blitzy-kubernetes/blitzy5f91179c1/staging/src/k8s.io/apiserver/pkg/util/openapi/proto.go
[gosec] 2026/02/05 17:53:58 Checking package: metrics
[gosec] 2026/02/05 17:53:58 Checking file: /tmp/blitzy/blitzy-kubernetes/blitzy5f91179c1/staging/src/k8s.io/apiserver/pkg/endpoints/metrics/metrics.go
[gosec] 2026/02/05 17:53:58 Import directory: /tmp/blitzy/blitzy-kubernetes/blitzy5f91179c1/staging/src/k8s.io/apiserver/pkg/util/peerproxy
[gosec] 2026/02/05 17:54:00 Checking package: v1
[gosec] 2026/02/05 17:54:00 Checking file: /tmp/blitzy/blitzy-kubernetes/blitzy5f91179c1/staging/src/k8s.io/apiserver/pkg/apis/audit/v1/doc.go
[gosec] 2026/02/05 17:54:00 Checking file: /tmp/blitzy/blitzy-kubernetes/blitzy5f91179c1/staging/src/k8s.io/apiserver/pkg/apis/audit/v1/generated.pb.go
[gosec] 2026/02/05 17:54:00 Import directory: /tmp/blitzy/blitzy-kubernetes/blitzy5f91179c1/staging/src/k8s.io/apiserver/pkg/cel/metrics
[gosec] 2026/02/05 17:54:08 Checking file: /tmp/blitzy/blitzy-kubernetes/blitzy5f91179c1/staging/src/k8s.io/apiserver/pkg/apis/audit/v1/register.go
[gosec] 2026/02/05 17:54:09 Checking file: /tmp/blitzy/blitzy-kubernetes/blitzy5f91179c1/staging/src/k8s.io/apiserver/pkg/apis/audit/v1/types.go
[gosec] 2026/02/05 17:54:09 Checking file: /tmp/blitzy/blitzy-kubernetes/blitzy5f91179c1/staging/src/k8s.io/apiserver/pkg/apis/audit/v1/zz_generated.conversion.go
[gosec] 2026/02/05 17:54:10 Checking file: /tmp/blitzy/blitzy-kubernetes/blitzy5f91179c1/staging/src/k8s.io/apiserver/pkg/apis/audit/v1/zz_generated.deepcopy.go
[gosec] 2026/02/05 17:54:12 Checking file: /tmp/blitzy/blitzy-kubernetes/blitzy5f91179c1/staging/src/k8s.io/apiserver/pkg/apis/audit/v1/zz_generated.defaults.go
[gosec] 2026/02/05 17:54:12 Checking file: /tmp/blitzy/blitzy-kubernetes/blitzy5f91179c1/staging/src/k8s.io/apiserver/pkg/apis/audit/v1/zz_generated.model_name.go
[gosec] 2026/02/05 17:54:12 Checking package: generic
[gosec] 2026/02/05 17:54:12 Checking file: /tmp/blitzy/blitzy-kubernetes/blitzy5f91179c1/staging/src/k8s.io/apiserver/pkg/quota/v1/generic/configuration.go
[gosec] 2026/02/05 17:54:12 Import directory: /tmp/blitzy/blitzy-kubernetes/blitzy5f91179c1/staging/src/k8s.io/apiserver/pkg/endpoints/filters/impersonation
[gosec] 2026/02/05 17:54:12 Checking file: /tmp/blitzy/blitzy-kubernetes/blitzy5f91179c1/staging/src/k8s.io/apiserver/pkg/quota/v1/generic/evaluator.go
[gosec] 2026/02/05 17:54:13 Checking file: /tmp/blitzy/blitzy-kubernetes/blitzy5f91179c1/staging/src/k8s.io/apiserver/pkg/quota/v1/generic/registry.go
[gosec] 2026/02/05 17:54:13 Checking package: mutating
[gosec] 2026/02/05 17:54:13 Checking file: /tmp/blitzy/blitzy-kubernetes/blitzy5f91179c1/staging/src/k8s.io/apiserver/pkg/admission/plugin/policy/mutating/accessor.go
[gosec] 2026/02/05 17:54:13 Import directory: /tmp/blitzy/blitzy-kubernetes/blitzy5f91179c1/staging/src/k8s.io/apiserver/pkg/registry/rest/resttest
[gosec] 2026/02/05 17:54:14 Checking file: /tmp/blitzy/blitzy-kubernetes/blitzy5f91179c1/staging/src/k8s.io/apiserver/pkg/admission/plugin/policy/mutating/compilation.go
[gosec] 2026/02/05 17:54:14 Checking file: /tmp/blitzy/blitzy-kubernetes/blitzy5f91179c1/staging/src/k8s.io/apiserver/pkg/admission/plugin/policy/mutating/dispatcher.go
[gosec] 2026/02/05 17:54:14 Checking file: /tmp/blitzy/blitzy-kubernetes/blitzy5f91179c1/staging/src/k8s.io/apiserver/pkg/admission/plugin/policy/mutating/errors.go
[gosec] 2026/02/05 17:54:14 Checking file: /tmp/blitzy/blitzy-kubernetes/blitzy5f91179c1/staging/src/k8s.io/apiserver/pkg/admission/plugin/policy/mutating/plugin.go
[gosec] 2026/02/05 17:54:14 Checking file: /tmp/blitzy/blitzy-kubernetes/blitzy5f91179c1/staging/src/k8s.io/apiserver/pkg/admission/plugin/policy/mutating/reinvocationcontext.go
[gosec] 2026/02/05 17:54:15 Checking package: bootstrap
[gosec] 2026/02/05 17:54:15 Checking file: /tmp/blitzy/blitzy-kubernetes/blitzy5f91179c1/staging/src/k8s.io/apiserver/pkg/apis/flowcontrol/bootstrap/default.go
[gosec] 2026/02/05 17:54:15 Import directory: /tmp/blitzy/blitzy-kubernetes/blitzy5f91179c1/staging/src/k8s.io/apiserver/pkg/server/egressselector/metrics
[gosec] 2026/02/05 17:54:15 Checking package: responsewriter
[gosec] 2026/02/05 17:54:15 Checking file: /tmp/blitzy/blitzy-kubernetes/blitzy5f91179c1/staging/src/k8s.io/apiserver/pkg/endpoints/responsewriter/fake.go
[gosec] 2026/02/05 17:54:15 Import directory: /tmp/blitzy/blitzy-kubernetes/blitzy5f91179c1/staging/src/k8s.io/apiserver/pkg/storage/value/encrypt/envelope
[gosec] 2026/02/05 17:54:15 Checking file: /tmp/blitzy/blitzy-kubernetes/blitzy5f91179c1/staging/src/k8s.io/apiserver/pkg/endpoints/responsewriter/wrapper.go
[gosec] 2026/02/05 17:54:15 Checking package: metrics
[gosec] 2026/02/05 17:54:15 Checking file: /tmp/blitzy/blitzy-kubernetes/blitzy5f91179c1/staging/src/k8s.io/apiserver/pkg/endpoints/handlers/metrics/metrics.go
[gosec] 2026/02/05 17:54:15 Import directory: /tmp/blitzy/blitzy-kubernetes/blitzy5f91179c1/staging/src/k8s.io/apiserver/pkg/authentication/request/union
[gosec] 2026/02/05 17:54:15 Checking package: v1beta1
[gosec] 2026/02/05 17:54:15 Checking file: /tmp/blitzy/blitzy-kubernetes/blitzy5f91179c1/staging/src/k8s.io/apiserver/pkg/storage/value/encrypt/envelope/testing/v1beta1/kms_plugin_mock.go
[gosec] 2026/02/05 17:54:15 Import directory: /tmp/blitzy/blitzy-kubernetes/blitzy5f91179c1/staging/src/k8s.io/apiserver/pkg/server/egressselector
[gosec] 2026/02/05 17:54:16 Checking package: peerproxy
[gosec] 2026/02/05 17:54:16 Checking file: /tmp/blitzy/blitzy-kubernetes/blitzy5f91179c1/staging/src/k8s.io/apiserver/pkg/util/peerproxy/exclusion_filter.go
[gosec] 2026/02/05 17:54:16 Import directory: /tmp/blitzy/blitzy-kubernetes/blitzy5f91179c1/staging/src/k8s.io/apiserver/pkg/server/flagz
[gosec] 2026/02/05 17:54:17 Checking file: /tmp/blitzy/blitzy-kubernetes/blitzy5f91179c1/staging/src/k8s.io/apiserver/pkg/util/peerproxy/local_discovery.go
[gosec] 2026/02/05 17:54:17 Checking file: /tmp/blitzy/blitzy-kubernetes/blitzy5f91179c1/staging/src/k8s.io/apiserver/pkg/util/peerproxy/peer_discovery.go
[gosec] 2026/02/05 17:54:17 Checking file: /tmp/blitzy/blitzy-kubernetes/blitzy5f91179c1/staging/src/k8s.io/apiserver/pkg/util/peerproxy/peerproxy.go
[gosec] 2026/02/05 17:54:18 Checking file: /tmp/blitzy/blitzy-kubernetes/blitzy5f91179c1/staging/src/k8s.io/apiserver/pkg/util/peerproxy/peerproxy_handler.go
[gosec] 2026/02/05 17:54:18 Checking package: metrics
[gosec] 2026/02/05 17:54:18 Checking file: /tmp/blitzy/blitzy-kubernetes/blitzy5f91179c1/staging/src/k8s.io/apiserver/pkg/cel/metrics/metrics.go
[gosec] 2026/02/05 17:54:18 Import directory: /tmp/blitzy/blitzy-kubernetes/blitzy5f91179c1/staging/src/k8s.io/apiserver/pkg/storage/cacher/progress
[gosec] 2026/02/05 17:54:18 Checking package: impersonation
[gosec] 2026/02/05 17:54:18 Checking file: /tmp/blitzy/blitzy-kubernetes/blitzy5f91179c1/staging/src/k8s.io/apiserver/pkg/endpoints/filters/impersonation/cache.go
[gosec] 2026/02/05 17:54:18 Import directory: /tmp/blitzy/blitzy-kubernetes/blitzy5f91179c1/staging/src/k8s.io/apiserver/pkg/validation
[gosec] 2026/02/05 17:54:19 Checking file: /tmp/blitzy/blitzy-kubernetes/blitzy5f91179c1/staging/src/k8s.io/apiserver/pkg/endpoints/filters/impersonation/constrained_impersonation.go
[gosec] 2026/02/05 17:54:19 Checking file: /tmp/blitzy/blitzy-kubernetes/blitzy5f91179c1/staging/src/k8s.io/apiserver/pkg/endpoints/filters/impersonation/impersonation.go
[gosec] 2026/02/05 17:54:20 Checking file: /tmp/blitzy/blitzy-kubernetes/blitzy5f91179c1/staging/src/k8s.io/apiserver/pkg/endpoints/filters/impersonation/mode.go
[gosec] 2026/02/05 17:54:22 Checking package: resttest
[gosec] 2026/02/05 17:54:22 Checking file: /tmp/blitzy/blitzy-kubernetes/blitzy5f91179c1/staging/src/k8s.io/apiserver/pkg/registry/rest/resttest/resttest.go
[gosec] 2026/02/05 17:54:22 Import directory: /tmp/blitzy/blitzy-kubernetes/blitzy5f91179c1/staging/src/k8s.io/apiserver/pkg/admission/plugin/policy/validating/metrics
[gosec] 2026/02/05 17:54:25 Checking package: metrics
[gosec] 2026/02/05 17:54:25 Checking file: /tmp/blitzy/blitzy-kubernetes/blitzy5f91179c1/staging/src/k8s.io/apiserver/pkg/server/egressselector/metrics/metrics.go
[gosec] 2026/02/05 17:54:25 Import directory: /tmp/blitzy/blitzy-kubernetes/blitzy5f91179c1/staging/src/k8s.io/apiserver/pkg/apis/apiserver/install
[gosec] 2026/02/05 17:54:25 Checking package: envelope
[gosec] 2026/02/05 17:54:25 Checking file: /tmp/blitzy/blitzy-kubernetes/blitzy5f91179c1/staging/src/k8s.io/apiserver/pkg/storage/value/encrypt/envelope/envelope.go
[gosec] 2026/02/05 17:54:25 Import directory: /tmp/blitzy/blitzy-kubernetes/blitzy5f91179c1/staging/src/k8s.io/apiserver/pkg/endpoints/handlers
[gosec] 2026/02/05 17:54:25 Checking file: /tmp/blitzy/blitzy-kubernetes/blitzy5f91179c1/staging/src/k8s.io/apiserver/pkg/storage/value/encrypt/envelope/grpc_service.go
[gosec] 2026/02/05 17:54:25 Checking package: union
[gosec] 2026/02/05 17:54:25 Checking file: /tmp/blitzy/blitzy-kubernetes/blitzy5f91179c1/staging/src/k8s.io/apiserver/pkg/authentication/request/union/union.go
[gosec] 2026/02/05 17:54:25 Import directory: /tmp/blitzy/blitzy-kubernetes/blitzy5f91179c1/staging/src/k8s.io/apiserver/pkg/server/statusz
[gosec] 2026/02/05 17:54:26 Checking package: egressselector
[gosec] 2026/02/05 17:54:26 Checking file: /tmp/blitzy/blitzy-kubernetes/blitzy5f91179c1/staging/src/k8s.io/apiserver/pkg/server/egressselector/config.go
[gosec] 2026/02/05 17:54:26 Import directory: /tmp/blitzy/blitzy-kubernetes/blitzy5f91179c1/staging/src/k8s.io/apiserver/pkg/storage/value/encrypt/secretbox
[gosec] 2026/02/05 17:54:26 Checking file: /tmp/blitzy/blitzy-kubernetes/blitzy5f91179c1/staging/src/k8s.io/apiserver/pkg/server/egressselector/egress_selector.go
[gosec] 2026/02/05 17:54:27 Checking package: flagz
[gosec] 2026/02/05 17:54:27 Checking file: /tmp/blitzy/blitzy-kubernetes/blitzy5f91179c1/staging/src/k8s.io/apiserver/pkg/server/flagz/flagreader.go
[gosec] 2026/02/05 17:54:27 Import directory: /tmp/blitzy/blitzy-kubernetes/blitzy5f91179c1/staging/src/k8s.io/apiserver/pkg/admission/plugin/webhook/predicates/object
[gosec] 2026/02/05 17:54:27 Checking file: /tmp/blitzy/blitzy-kubernetes/blitzy5f91179c1/staging/src/k8s.io/apiserver/pkg/server/flagz/flagz.go
[gosec] 2026/02/05 17:54:28 Checking file: /tmp/blitzy/blitzy-kubernetes/blitzy5f91179c1/staging/src/k8s.io/apiserver/pkg/server/flagz/registry.go
[gosec] 2026/02/05 17:54:28 Checking file: /tmp/blitzy/blitzy-kubernetes/blitzy5f91179c1/staging/src/k8s.io/apiserver/pkg/server/flagz/textserializer.go
[gosec] 2026/02/05 17:54:28 Checking package: progress
[gosec] 2026/02/05 17:54:28 Checking file: /tmp/blitzy/blitzy-kubernetes/blitzy5f91179c1/staging/src/k8s.io/apiserver/pkg/storage/cacher/progress/watch_progress.go
[gosec] 2026/02/05 17:54:28 Import directory: /tmp/blitzy/blitzy-kubernetes/blitzy5f91179c1/staging/src/k8s.io/apiserver/pkg/admission/plugin/webhook/testcerts
[gosec] 2026/02/05 17:54:28 Checking package: validation
[gosec] 2026/02/05 17:54:28 Checking file: /tmp/blitzy/blitzy-kubernetes/blitzy5f91179c1/staging/src/k8s.io/apiserver/pkg/validation/metrics.go
[gosec] 2026/02/05 17:54:28 Import directory: /tmp/blitzy/blitzy-kubernetes/blitzy5f91179c1/staging/src/k8s.io/apiserver/pkg/storage/value/encrypt/aes
[gosec] 2026/02/05 17:54:28 Checking package: metrics
[gosec] 2026/02/05 17:54:28 Checking file: /tmp/blitzy/blitzy-kubernetes/blitzy5f91179c1/staging/src/k8s.io/apiserver/pkg/admission/plugin/policy/validating/metrics/errors.go
[gosec] 2026/02/05 17:54:28 Import directory: /tmp/blitzy/blitzy-kubernetes/blitzy5f91179c1/staging/src/k8s.io/apiserver/plugin/pkg/audit/buffered
[gosec] 2026/02/05 17:54:28 Checking file: /tmp/blitzy/blitzy-kubernetes/blitzy5f91179c1/staging/src/k8s.io/apiserver/pkg/admission/plugin/policy/validating/metrics/metrics.go
[gosec] 2026/02/05 17:54:28 Checking package: install
[gosec] 2026/02/05 17:54:28 Checking file: /tmp/blitzy/blitzy-kubernetes/blitzy5f91179c1/staging/src/k8s.io/apiserver/pkg/apis/apiserver/install/install.go
[gosec] 2026/02/05 17:54:28 Checking package: handlers
[gosec] 2026/02/05 17:54:28 Checking file: /tmp/blitzy/blitzy-kubernetes/blitzy5f91179c1/staging/src/k8s.io/apiserver/pkg/endpoints/handlers/create.go
[gosec] 2026/02/05 17:54:28 Import directory: /tmp/blitzy/blitzy-kubernetes/blitzy5f91179c1/staging/src/k8s.io/apiserver/pkg/quota/v1
[gosec] 2026/02/05 17:54:28 Import directory: /tmp/blitzy/blitzy-kubernetes/blitzy5f91179c1/staging/src/k8s.io/apiserver/pkg/storage/value/encrypt/envelope/metrics
[gosec] 2026/02/05 17:54:29 Checking file: /tmp/blitzy/blitzy-kubernetes/blitzy5f91179c1/staging/src/k8s.io/apiserver/pkg/endpoints/handlers/delete.go
[gosec] 2026/02/05 17:54:30 Checking file: /tmp/blitzy/blitzy-kubernetes/blitzy5f91179c1/staging/src/k8s.io/apiserver/pkg/endpoints/handlers/doc.go
[gosec] 2026/02/05 17:54:30 Checking file: /tmp/blitzy/blitzy-kubernetes/blitzy5f91179c1/staging/src/k8s.io/apiserver/pkg/endpoints/handlers/get.go
[gosec] 2026/02/05 17:54:30 Checking file: /tmp/blitzy/blitzy-kubernetes/blitzy5f91179c1/staging/src/k8s.io/apiserver/pkg/endpoints/handlers/helpers.go
[gosec] 2026/02/05 17:54:31 Checking file: /tmp/blitzy/blitzy-kubernetes/blitzy5f91179c1/staging/src/k8s.io/apiserver/pkg/endpoints/handlers/namer.go
[gosec] 2026/02/05 17:54:31 Checking file: /tmp/blitzy/blitzy-kubernetes/blitzy5f91179c1/staging/src/k8s.io/apiserver/pkg/endpoints/handlers/patch.go
[gosec] 2026/02/05 17:54:33 Checking file: /tmp/blitzy/blitzy-kubernetes/blitzy5f91179c1/staging/src/k8s.io/apiserver/pkg/endpoints/handlers/response.go
[gosec] 2026/02/05 17:54:34 Checking file: /tmp/blitzy/blitzy-kubernetes/blitzy5f91179c1/staging/src/k8s.io/apiserver/pkg/endpoints/handlers/rest.go
[gosec] 2026/02/05 17:54:35 Checking file: /tmp/blitzy/blitzy-kubernetes/blitzy5f91179c1/staging/src/k8s.io/apiserver/pkg/endpoints/handlers/trace_util.go
[gosec] 2026/02/05 17:54:35 Checking file: /tmp/blitzy/blitzy-kubernetes/blitzy5f91179c1/staging/src/k8s.io/apiserver/pkg/endpoints/handlers/update.go
[gosec] 2026/02/05 17:54:36 Checking file: /tmp/blitzy/blitzy-kubernetes/blitzy5f91179c1/staging/src/k8s.io/apiserver/pkg/endpoints/handlers/watch.go
[gosec] 2026/02/05 17:54:37 Checking package: statusz
[gosec] 2026/02/05 17:54:37 Checking file: /tmp/blitzy/blitzy-kubernetes/blitzy5f91179c1/staging/src/k8s.io/apiserver/pkg/server/statusz/registry.go
[gosec] 2026/02/05 17:54:37 Import directory: /tmp/blitzy/blitzy-kubernetes/blitzy5f91179c1/staging/src/k8s.io/apiserver/pkg/util/flowcontrol/fairqueuing/promise
[gosec] 2026/02/05 17:54:37 Checking file: /tmp/blitzy/blitzy-kubernetes/blitzy5f91179c1/staging/src/k8s.io/apiserver/pkg/server/statusz/statusz.go
[gosec] 2026/02/05 17:54:37 Checking file: /tmp/blitzy/blitzy-kubernetes/blitzy5f91179c1/staging/src/k8s.io/apiserver/pkg/server/statusz/textserializer.go
[gosec] 2026/02/05 17:54:37 Checking package: secretbox
[gosec] 2026/02/05 17:54:37 Checking file: /tmp/blitzy/blitzy-kubernetes/blitzy5f91179c1/staging/src/k8s.io/apiserver/pkg/storage/value/encrypt/secretbox/secretbox.go
[gosec] 2026/02/05 17:54:37 Import directory: /tmp/blitzy/blitzy-kubernetes/blitzy5f91179c1/staging/src/k8s.io/apiserver/pkg/util/flowcontrol/fairqueuing/testing/eventclock
[gosec] 2026/02/05 17:54:38 Checking package: object
[gosec] 2026/02/05 17:54:38 Checking file: /tmp/blitzy/blitzy-kubernetes/blitzy5f91179c1/staging/src/k8s.io/apiserver/pkg/admission/plugin/webhook/predicates/object/doc.go
[gosec] 2026/02/05 17:54:38 Import directory: /tmp/blitzy/blitzy-kubernetes/blitzy5f91179c1/staging/src/k8s.io/apiserver/pkg/admission/plugin/webhook/predicates/namespace
[gosec] 2026/02/05 17:54:38 Checking file: /tmp/blitzy/blitzy-kubernetes/blitzy5f91179c1/staging/src/k8s.io/apiserver/pkg/admission/plugin/webhook/predicates/object/matcher.go
[gosec] 2026/02/05 17:54:38 Checking package: testcerts
[gosec] 2026/02/05 17:54:38 Checking file: /tmp/blitzy/blitzy-kubernetes/blitzy5f91179c1/staging/src/k8s.io/apiserver/pkg/admission/plugin/webhook/testcerts/certs.go
[gosec] 2026/02/05 17:54:38 Import directory: /tmp/blitzy/blitzy-kubernetes/blitzy5f91179c1/staging/src/k8s.io/apiserver/pkg/authorization/union
[gosec] 2026/02/05 17:54:38 Checking file: /tmp/blitzy/blitzy-kubernetes/blitzy5f91179c1/staging/src/k8s.io/apiserver/pkg/admission/plugin/webhook/testcerts/doc.go
[gosec] 2026/02/05 17:54:38 Checking package: aes
[gosec] 2026/02/05 17:54:38 Checking file: /tmp/blitzy/blitzy-kubernetes/blitzy5f91179c1/staging/src/k8s.io/apiserver/pkg/storage/value/encrypt/aes/aes.go
[gosec] 2026/02/05 17:54:38 Import directory: /tmp/blitzy/blitzy-kubernetes/blitzy5f91179c1/staging/src/k8s.io/apiserver/pkg/storage/etcd3/preflight
[gosec] 2026/02/05 17:54:38 Checking file: /tmp/blitzy/blitzy-kubernetes/blitzy5f91179c1/staging/src/k8s.io/apiserver/pkg/storage/value/encrypt/aes/aes_extended_nonce.go
[gosec] 2026/02/05 17:54:39 Checking file: /tmp/blitzy/blitzy-kubernetes/blitzy5f91179c1/staging/src/k8s.io/apiserver/pkg/storage/value/encrypt/aes/cache.go
[gosec] 2026/02/05 17:54:39 Checking package: buffered
[gosec] 2026/02/05 17:54:39 Checking file: /tmp/blitzy/blitzy-kubernetes/blitzy5f91179c1/staging/src/k8s.io/apiserver/plugin/pkg/audit/buffered/buffered.go
[gosec] 2026/02/05 17:54:39 Import directory: /tmp/blitzy/blitzy-kubernetes/blitzy5f91179c1/staging/src/k8s.io/apiserver/pkg/storage/feature
[gosec] 2026/02/05 17:54:39 Checking file: /tmp/blitzy/blitzy-kubernetes/blitzy5f91179c1/staging/src/k8s.io/apiserver/plugin/pkg/audit/buffered/doc.go
[gosec] 2026/02/05 17:54:39 Checking package: metrics
[gosec] 2026/02/05 17:54:39 Checking file: /tmp/blitzy/blitzy-kubernetes/blitzy5f91179c1/staging/src/k8s.io/apiserver/pkg/storage/value/encrypt/envelope/metrics/metrics.go
[gosec] 2026/02/05 17:54:39 Import directory: /tmp/blitzy/blitzy-kubernetes/blitzy5f91179c1/staging/src/k8s.io/apiserver/pkg/authorization/cel
[gosec] 2026/02/05 17:54:39 Checking package: v1
[gosec] 2026/02/05 17:54:39 Checking file: /tmp/blitzy/blitzy-kubernetes/blitzy5f91179c1/staging/src/k8s.io/apiserver/pkg/quota/v1/interfaces.go
[gosec] 2026/02/05 17:54:39 Import directory: /tmp/blitzy/blitzy-kubernetes/blitzy5f91179c1/staging/src/k8s.io/apiserver/pkg/registry
[gosec] 2026/02/05 17:54:39 Checking file: /tmp/blitzy/blitzy-kubernetes/blitzy5f91179c1/staging/src/k8s.io/apiserver/pkg/quota/v1/resources.go
[gosec] 2026/02/05 17:54:40 Checking package: promise
[gosec] 2026/02/05 17:54:40 Checking file: /tmp/blitzy/blitzy-kubernetes/blitzy5f91179c1/staging/src/k8s.io/apiserver/pkg/util/flowcontrol/fairqueuing/promise/interface.go
[gosec] 2026/02/05 17:54:40 Import directory: /tmp/blitzy/blitzy-kubernetes/blitzy5f91179c1/staging/src/k8s.io/apiserver/pkg/admission/plugin/webhook/initializer
[gosec] 2026/02/05 17:54:40 Checking file: /tmp/blitzy/blitzy-kubernetes/blitzy5f91179c1/staging/src/k8s.io/apiserver/pkg/util/flowcontrol/fairqueuing/promise/promise.go
[gosec] 2026/02/05 17:54:41 Checking package: eventclock
[gosec] 2026/02/05 17:54:41 Checking file: /tmp/blitzy/blitzy-kubernetes/blitzy5f91179c1/staging/src/k8s.io/apiserver/pkg/util/flowcontrol/fairqueuing/testing/eventclock/fake.go
[gosec] 2026/02/05 17:54:41 Import directory: /tmp/blitzy/blitzy-kubernetes/blitzy5f91179c1/staging/src/k8s.io/apiserver/pkg/storage/storagebackend
[gosec] 2026/02/05 17:54:41 Checking package: preflight
[gosec] 2026/02/05 17:54:41 Checking file: /tmp/blitzy/blitzy-kubernetes/blitzy5f91179c1/staging/src/k8s.io/apiserver/pkg/storage/etcd3/preflight/checks.go
[gosec] 2026/02/05 17:54:41 Import directory: /tmp/blitzy/blitzy-kubernetes/blitzy5f91179c1/staging/src/k8s.io/apiserver/pkg/registry/generic/registry
[gosec] 2026/02/05 17:54:41 Checking package: union
[gosec] 2026/02/05 17:54:41 Checking file: /tmp/blitzy/blitzy-kubernetes/blitzy5f91179c1/staging/src/k8s.io/apiserver/pkg/authorization/union/union.go
[gosec] 2026/02/05 17:54:41 Import directory: /tmp/blitzy/blitzy-kubernetes/blitzy5f91179c1/staging/src/k8s.io/apiserver/pkg/authorization/authorizerfactory
[gosec] 2026/02/05 17:54:41 Checking package: namespace
[gosec] 2026/02/05 17:54:41 Checking file: /tmp/blitzy/blitzy-kubernetes/blitzy5f91179c1/staging/src/k8s.io/apiserver/pkg/admission/plugin/webhook/predicates/namespace/doc.go
[gosec] 2026/02/05 17:54:41 Checking file: /tmp/blitzy/blitzy-kubernetes/blitzy5f91179c1/staging/src/k8s.io/apiserver/pkg/admission/plugin/webhook/predicates/namespace/matcher.go
[gosec] 2026/02/05 17:54:41 Import directory: /tmp/blitzy/blitzy-kubernetes/blitzy5f91179c1/staging/src/k8s.io/apiserver/pkg/endpoints/handlers/negotiation
[gosec] 2026/02/05 17:54:42 Checking package: feature
[gosec] 2026/02/05 17:54:42 Checking file: /tmp/blitzy/blitzy-kubernetes/blitzy5f91179c1/staging/src/k8s.io/apiserver/pkg/storage/feature/feature_support_checker.go
[gosec] 2026/02/05 17:54:42 Import directory: /tmp/blitzy/blitzy-kubernetes/blitzy5f91179c1/staging/src/k8s.io/apiserver/pkg/util/compatibility
[gosec] 2026/02/05 17:54:42 Checking package: registry
[gosec] 2026/02/05 17:54:42 Checking file: /tmp/blitzy/blitzy-kubernetes/blitzy5f91179c1/staging/src/k8s.io/apiserver/pkg/registry/doc.go
[gosec] 2026/02/05 17:54:42 Checking package: cel
[gosec] 2026/02/05 17:54:42 Checking file: /tmp/blitzy/blitzy-kubernetes/blitzy5f91179c1/staging/src/k8s.io/apiserver/pkg/authorization/cel/compile.go
[gosec] 2026/02/05 17:54:42 Import directory: /tmp/blitzy/blitzy-kubernetes/blitzy5f91179c1/staging/src/k8s.io/apiserver/pkg/util/flowcontrol/fairqueuing/eventclock
[gosec] 2026/02/05 17:54:42 Import directory: /tmp/blitzy/blitzy-kubernetes/blitzy5f91179c1/staging/src/k8s.io/apiserver/pkg/cel
[gosec] 2026/02/05 17:54:42 Checking file: /tmp/blitzy/blitzy-kubernetes/blitzy5f91179c1/staging/src/k8s.io/apiserver/pkg/authorization/cel/interface.go
[gosec] 2026/02/05 17:54:43 Checking file: /tmp/blitzy/blitzy-kubernetes/blitzy5f91179c1/staging/src/k8s.io/apiserver/pkg/authorization/cel/matcher.go
[gosec] 2026/02/05 17:54:43 Checking file: /tmp/blitzy/blitzy-kubernetes/blitzy5f91179c1/staging/src/k8s.io/apiserver/pkg/authorization/cel/metrics.go
[gosec] 2026/02/05 17:54:43 Checking package: initializer
[gosec] 2026/02/05 17:54:43 Checking file: /tmp/blitzy/blitzy-kubernetes/blitzy5f91179c1/staging/src/k8s.io/apiserver/pkg/admission/plugin/webhook/initializer/initializer.go
[gosec] 2026/02/05 17:54:43 Import directory: /tmp/blitzy/blitzy-kubernetes/blitzy5f91179c1/staging/src/k8s.io/apiserver/pkg/storage
[gosec] 2026/02/05 17:54:43 Checking package: storagebackend
[gosec] 2026/02/05 17:54:43 Checking file: /tmp/blitzy/blitzy-kubernetes/blitzy5f91179c1/staging/src/k8s.io/apiserver/pkg/storage/storagebackend/config.go
[gosec] 2026/02/05 17:54:43 Import directory: /tmp/blitzy/blitzy-kubernetes/blitzy5f91179c1/staging/src/k8s.io/apiserver/pkg/admission/plugin/policy/validating
[gosec] 2026/02/05 17:54:43 Checking package: negotiation
[gosec] 2026/02/05 17:54:43 Checking file: /tmp/blitzy/blitzy-kubernetes/blitzy5f91179c1/staging/src/k8s.io/apiserver/pkg/endpoints/handlers/negotiation/doc.go
[gosec] 2026/02/05 17:54:43 Checking file: /tmp/blitzy/blitzy-kubernetes/blitzy5f91179c1/staging/src/k8s.io/apiserver/pkg/endpoints/handlers/negotiation/errors.go
[gosec] 2026/02/05 17:54:43 Import directory: /tmp/blitzy/blitzy-kubernetes/blitzy5f91179c1/staging/src/k8s.io/apiserver/pkg/server/options/encryptionconfig
[gosec] 2026/02/05 17:54:43 Checking file: /tmp/blitzy/blitzy-kubernetes/blitzy5f91179c1/staging/src/k8s.io/apiserver/pkg/endpoints/handlers/negotiation/negotiate.go
[gosec] 2026/02/05 17:54:44 Checking package: authorizerfactory
[gosec] 2026/02/05 17:54:44 Checking file: /tmp/blitzy/blitzy-kubernetes/blitzy5f91179c1/staging/src/k8s.io/apiserver/pkg/authorization/authorizerfactory/builtin.go
[gosec] 2026/02/05 17:54:44 Import directory: /tmp/blitzy/blitzy-kubernetes/blitzy5f91179c1/staging/src/k8s.io/apiserver/pkg/authentication/user
[gosec] 2026/02/05 17:54:44 Checking file: /tmp/blitzy/blitzy-kubernetes/blitzy5f91179c1/staging/src/k8s.io/apiserver/pkg/authorization/authorizerfactory/delegating.go
[gosec] 2026/02/05 17:54:44 Checking file: /tmp/blitzy/blitzy-kubernetes/blitzy5f91179c1/staging/src/k8s.io/apiserver/pkg/authorization/authorizerfactory/metrics.go
[gosec] 2026/02/05 17:54:44 Checking package: compatibility
[gosec] 2026/02/05 17:54:44 Checking file: /tmp/blitzy/blitzy-kubernetes/blitzy5f91179c1/staging/src/k8s.io/apiserver/pkg/util/compatibility/registry.go
[gosec] 2026/02/05 17:54:44 Import directory: /tmp/blitzy/blitzy-kubernetes/blitzy5f91179c1/staging/src/k8s.io/apiserver/pkg/endpoints/warning
[gosec] 2026/02/05 17:54:44 Checking file: /tmp/blitzy/blitzy-kubernetes/blitzy5f91179c1/staging/src/k8s.io/apiserver/pkg/util/compatibility/version.go
[gosec] 2026/02/05 17:54:44 Checking package: registry
[gosec] 2026/02/05 17:54:44 Checking file: /tmp/blitzy/blitzy-kubernetes/blitzy5f91179c1/staging/src/k8s.io/apiserver/pkg/registry/generic/registry/corrupt_obj_deleter.go
[gosec] 2026/02/05 17:54:44 Import directory: /tmp/blitzy/blitzy-kubernetes/blitzy5f91179c1/staging/src/k8s.io/apiserver/pkg/util/x509metrics
[gosec] 2026/02/05 17:54:44 Checking file: /tmp/blitzy/blitzy-kubernetes/blitzy5f91179c1/staging/src/k8s.io/apiserver/pkg/registry/generic/registry/decorated_watcher.go
[gosec] 2026/02/05 17:54:45 Checking file: /tmp/blitzy/blitzy-kubernetes/blitzy5f91179c1/staging/src/k8s.io/apiserver/pkg/registry/generic/registry/doc.go
[gosec] 2026/02/05 17:54:45 Checking file: /tmp/blitzy/blitzy-kubernetes/blitzy5f91179c1/staging/src/k8s.io/apiserver/pkg/registry/generic/registry/dryrun.go
[gosec] 2026/02/05 17:54:45 Checking file: /tmp/blitzy/blitzy-kubernetes/blitzy5f91179c1/staging/src/k8s.io/apiserver/pkg/registry/generic/registry/storage_factory.go
[gosec] 2026/02/05 17:54:45 Checking file: /tmp/blitzy/blitzy-kubernetes/blitzy5f91179c1/staging/src/k8s.io/apiserver/pkg/registry/generic/registry/store.go
[gosec] 2026/02/05 17:54:49 Checking package: eventclock
[gosec] 2026/02/05 17:54:49 Checking file: /tmp/blitzy/blitzy-kubernetes/blitzy5f91179c1/staging/src/k8s.io/apiserver/pkg/util/flowcontrol/fairqueuing/eventclock/interface.go
[gosec] 2026/02/05 17:54:49 Import directory: /tmp/blitzy/blitzy-kubernetes/blitzy5f91179c1/staging/src/k8s.io/apiserver/pkg/admission/plugin/policy/internal/generic
[gosec] 2026/02/05 17:54:49 Checking file: /tmp/blitzy/blitzy-kubernetes/blitzy5f91179c1/staging/src/k8s.io/apiserver/pkg/util/flowcontrol/fairqueuing/eventclock/real.go
[gosec] 2026/02/05 17:54:49 Checking package: cel
[gosec] 2026/02/05 17:54:49 Checking file: /tmp/blitzy/blitzy-kubernetes/blitzy5f91179c1/staging/src/k8s.io/apiserver/pkg/cel/cidr.go
[gosec] 2026/02/05 17:54:49 Import directory: /tmp/blitzy/blitzy-kubernetes/blitzy5f91179c1/staging/src/k8s.io/apiserver/pkg/admission/plugin/policy/mutating/metrics
[gosec] 2026/02/05 17:54:49 Checking file: /tmp/blitzy/blitzy-kubernetes/blitzy5f91179c1/staging/src/k8s.io/apiserver/pkg/cel/errors.go
[gosec] 2026/02/05 17:54:49 Checking file: /tmp/blitzy/blitzy-kubernetes/blitzy5f91179c1/staging/src/k8s.io/apiserver/pkg/cel/escaping.go
[gosec] 2026/02/05 17:54:50 Checking file: /tmp/blitzy/blitzy-kubernetes/blitzy5f91179c1/staging/src/k8s.io/apiserver/pkg/cel/format.go
[gosec] 2026/02/05 17:54:50 Checking file: /tmp/blitzy/blitzy-kubernetes/blitzy5f91179c1/staging/src/k8s.io/apiserver/pkg/cel/ip.go
[gosec] 2026/02/05 17:54:50 Checking file: /tmp/blitzy/blitzy-kubernetes/blitzy5f91179c1/staging/src/k8s.io/apiserver/pkg/cel/limits.go
[gosec] 2026/02/05 17:54:50 Checking file: /tmp/blitzy/blitzy-kubernetes/blitzy5f91179c1/staging/src/k8s.io/apiserver/pkg/cel/quantity.go
[gosec] 2026/02/05 17:54:50 Checking file: /tmp/blitzy/blitzy-kubernetes/blitzy5f91179c1/staging/src/k8s.io/apiserver/pkg/cel/semver.go
[gosec] 2026/02/05 17:54:51 Checking file: /tmp/blitzy/blitzy-kubernetes/blitzy5f91179c1/staging/src/k8s.io/apiserver/pkg/cel/types.go
[gosec] 2026/02/05 17:54:52 Checking file: /tmp/blitzy/blitzy-kubernetes/blitzy5f91179c1/staging/src/k8s.io/apiserver/pkg/cel/url.go
[gosec] 2026/02/05 17:54:52 Checking file: /tmp/blitzy/blitzy-kubernetes/blitzy5f91179c1/staging/src/k8s.io/apiserver/pkg/cel/value.go
[gosec] 2026/02/05 17:54:55 Checking package: storage
[gosec] 2026/02/05 17:54:55 Checking file: /tmp/blitzy/blitzy-kubernetes/blitzy5f91179c1/staging/src/k8s.io/apiserver/pkg/storage/api_object_versioner.go
[gosec] 2026/02/05 17:54:55 Import directory: /tmp/blitzy/blitzy-kubernetes/blitzy5f91179c1/staging/src/k8s.io/apiserver/pkg/admission/plugin/webhook/validating
[gosec] 2026/02/05 17:54:55 Checking file: /tmp/blitzy/blitzy-kubernetes/blitzy5f91179c1/staging/src/k8s.io/apiserver/pkg/storage/continue.go
[gosec] 2026/02/05 17:54:55 Checking file: /tmp/blitzy/blitzy-kubernetes/blitzy5f91179c1/staging/src/k8s.io/apiserver/pkg/storage/doc.go
[gosec] 2026/02/05 17:54:55 Checking file: /tmp/blitzy/blitzy-kubernetes/blitzy5f91179c1/staging/src/k8s.io/apiserver/pkg/storage/errors.go
[gosec] 2026/02/05 17:54:56 Checking file: /tmp/blitzy/blitzy-kubernetes/blitzy5f91179c1/staging/src/k8s.io/apiserver/pkg/storage/interfaces.go
[gosec] 2026/02/05 17:54:57 Checking file: /tmp/blitzy/blitzy-kubernetes/blitzy5f91179c1/staging/src/k8s.io/apiserver/pkg/storage/selection_predicate.go
[gosec] 2026/02/05 17:54:57 Checking file: /tmp/blitzy/blitzy-kubernetes/blitzy5f91179c1/staging/src/k8s.io/apiserver/pkg/storage/util.go
[gosec] 2026/02/05 17:54:57 Checking package: encryptionconfig
[gosec] 2026/02/05 17:54:57 Checking file: /tmp/blitzy/blitzy-kubernetes/blitzy5f91179c1/staging/src/k8s.io/apiserver/pkg/server/options/encryptionconfig/config.go
[gosec] 2026/02/05 17:54:57 Import directory: /tmp/blitzy/blitzy-kubernetes/blitzy5f91179c1/staging/src/k8s.io/apiserver/pkg/endpoints/handlers/fieldmanager
[gosec] 2026/02/05 17:55:00 Checking package: user
[gosec] 2026/02/05 17:55:00 Checking file: /tmp/blitzy/blitzy-kubernetes/blitzy5f91179c1/staging/src/k8s.io/apiserver/pkg/authentication/user/doc.go
[gosec] 2026/02/05 17:55:00 Checking file: /tmp/blitzy/blitzy-kubernetes/blitzy5f91179c1/staging/src/k8s.io/apiserver/pkg/authentication/user/user.go
[gosec] 2026/02/05 17:55:00 Import directory: /tmp/blitzy/blitzy-kubernetes/blitzy5f91179c1/staging/src/k8s.io/apiserver/pkg/storage/value/encrypt/envelope/kmsv2/v2
[gosec] 2026/02/05 17:55:00 Checking package: warning
[gosec] 2026/02/05 17:55:00 Checking file: /tmp/blitzy/blitzy-kubernetes/blitzy5f91179c1/staging/src/k8s.io/apiserver/pkg/endpoints/warning/warning.go
[gosec] 2026/02/05 17:55:00 Import directory: /tmp/blitzy/blitzy-kubernetes/blitzy5f91179c1/staging/src/k8s.io/apiserver/pkg/admission/initializer
[gosec] 2026/02/05 17:55:00 Checking package: validating
[gosec] 2026/02/05 17:55:00 Checking file: /tmp/blitzy/blitzy-kubernetes/blitzy5f91179c1/staging/src/k8s.io/apiserver/pkg/admission/plugin/policy/validating/accessor.go
[gosec] 2026/02/05 17:55:00 Import directory: /tmp/blitzy/blitzy-kubernetes/blitzy5f91179c1/staging/src/k8s.io/apiserver/pkg/features
[gosec] 2026/02/05 17:55:00 Checking file: /tmp/blitzy/blitzy-kubernetes/blitzy5f91179c1/staging/src/k8s.io/apiserver/pkg/admission/plugin/policy/validating/dispatcher.go
[gosec] 2026/02/05 17:55:01 Checking file: /tmp/blitzy/blitzy-kubernetes/blitzy5f91179c1/staging/src/k8s.io/apiserver/pkg/admission/plugin/policy/validating/errors.go
[gosec] 2026/02/05 17:55:01 Checking file: /tmp/blitzy/blitzy-kubernetes/blitzy5f91179c1/staging/src/k8s.io/apiserver/pkg/admission/plugin/policy/validating/initializer.go
[gosec] 2026/02/05 17:55:01 Checking file: /tmp/blitzy/blitzy-kubernetes/blitzy5f91179c1/staging/src/k8s.io/apiserver/pkg/admission/plugin/policy/validating/interface.go
[gosec] 2026/02/05 17:55:01 Checking file: /tmp/blitzy/blitzy-kubernetes/blitzy5f91179c1/staging/src/k8s.io/apiserver/pkg/admission/plugin/policy/validating/message.go
[gosec] 2026/02/05 17:55:01 Checking file: /tmp/blitzy/blitzy-kubernetes/blitzy5f91179c1/staging/src/k8s.io/apiserver/pkg/admission/plugin/policy/validating/plugin.go
[gosec] 2026/02/05 17:55:02 Checking file: /tmp/blitzy/blitzy-kubernetes/blitzy5f91179c1/staging/src/k8s.io/apiserver/pkg/admission/plugin/policy/validating/policy_decision.go
[gosec] 2026/02/05 17:55:02 Checking file: /tmp/blitzy/blitzy-kubernetes/blitzy5f91179c1/staging/src/k8s.io/apiserver/pkg/admission/plugin/policy/validating/typechecking.go
[gosec] 2026/02/05 17:55:03 Checking file: /tmp/blitzy/blitzy-kubernetes/blitzy5f91179c1/staging/src/k8s.io/apiserver/pkg/admission/plugin/policy/validating/validator.go
[gosec] 2026/02/05 17:55:03 Checking package: x509metrics
[gosec] 2026/02/05 17:55:03 Checking file: /tmp/blitzy/blitzy-kubernetes/blitzy5f91179c1/staging/src/k8s.io/apiserver/pkg/util/x509metrics/server_cert_deprecations.go
[gosec] 2026/02/05 17:55:03 Import directory: /tmp/blitzy/blitzy-kubernetes/blitzy5f91179c1/staging/src/k8s.io/apiserver/pkg/util/flowcontrol/fairqueuing
[gosec] 2026/02/05 17:55:04 Checking package: metrics
[gosec] 2026/02/05 17:55:04 Checking file: /tmp/blitzy/blitzy-kubernetes/blitzy5f91179c1/staging/src/k8s.io/apiserver/pkg/admission/plugin/policy/mutating/metrics/errors.go
[gosec] 2026/02/05 17:55:04 Import directory: /tmp/blitzy/blitzy-kubernetes/blitzy5f91179c1/staging/src/k8s.io/apiserver/pkg/endpoints/filterlatency
[gosec] 2026/02/05 17:55:04 Checking file: /tmp/blitzy/blitzy-kubernetes/blitzy5f91179c1/staging/src/k8s.io/apiserver/pkg/admission/plugin/policy/mutating/metrics/metrics.go
[gosec] 2026/02/05 17:55:04 Checking package: generic
[gosec] 2026/02/05 17:55:04 Checking file: /tmp/blitzy/blitzy-kubernetes/blitzy5f91179c1/staging/src/k8s.io/apiserver/pkg/admission/plugin/policy/internal/generic/controller.go
[gosec] 2026/02/05 17:55:04 Import directory: /tmp/blitzy/blitzy-kubernetes/blitzy5f91179c1/staging/src/k8s.io/apiserver/pkg/util/configmetrics
[gosec] 2026/02/05 17:55:04 Checking file: /tmp/blitzy/blitzy-kubernetes/blitzy5f91179c1/staging/src/k8s.io/apiserver/pkg/admission/plugin/policy/internal/generic/doc.go
[gosec] 2026/02/05 17:55:04 Checking file: /tmp/blitzy/blitzy-kubernetes/blitzy5f91179c1/staging/src/k8s.io/apiserver/pkg/admission/plugin/policy/internal/generic/informer.go
[gosec] 2026/02/05 17:55:04 Checking file: /tmp/blitzy/blitzy-kubernetes/blitzy5f91179c1/staging/src/k8s.io/apiserver/pkg/admission/plugin/policy/internal/generic/interface.go
[gosec] 2026/02/05 17:55:04 Checking file: /tmp/blitzy/blitzy-kubernetes/blitzy5f91179c1/staging/src/k8s.io/apiserver/pkg/admission/plugin/policy/internal/generic/lister.go
[gosec] 2026/02/05 17:55:05 Checking package: validating
[gosec] 2026/02/05 17:55:05 Checking file: /tmp/blitzy/blitzy-kubernetes/blitzy5f91179c1/staging/src/k8s.io/apiserver/pkg/admission/plugin/webhook/validating/dispatcher.go
[gosec] 2026/02/05 17:55:05 Import directory: /tmp/blitzy/blitzy-kubernetes/blitzy5f91179c1/staging/src/k8s.io/apiserver/pkg/admission/plugin/webhook/request
[gosec] 2026/02/05 17:55:05 Checking file: /tmp/blitzy/blitzy-kubernetes/blitzy5f91179c1/staging/src/k8s.io/apiserver/pkg/admission/plugin/webhook/validating/doc.go
[gosec] 2026/02/05 17:55:05 Checking file: /tmp/blitzy/blitzy-kubernetes/blitzy5f91179c1/staging/src/k8s.io/apiserver/pkg/admission/plugin/webhook/validating/plugin.go
[gosec] 2026/02/05 17:55:06 Checking package: fieldmanager
[gosec] 2026/02/05 17:55:06 Checking file: /tmp/blitzy/blitzy-kubernetes/blitzy5f91179c1/staging/src/k8s.io/apiserver/pkg/endpoints/handlers/fieldmanager/admission.go
[gosec] 2026/02/05 17:55:06 Import directory: /tmp/blitzy/blitzy-kubernetes/blitzy5f91179c1/staging/src/k8s.io/apiserver/pkg/authentication/serviceaccount
[gosec] 2026/02/05 17:55:06 Checking file: /tmp/blitzy/blitzy-kubernetes/blitzy5f91179c1/staging/src/k8s.io/apiserver/pkg/endpoints/handlers/fieldmanager/equality.go
[gosec] 2026/02/05 17:55:06 Checking package: v2
[gosec] 2026/02/05 17:55:06 Checking file: /tmp/blitzy/blitzy-kubernetes/blitzy5f91179c1/staging/src/k8s.io/apiserver/pkg/storage/value/encrypt/envelope/kmsv2/v2/api.pb.go
[gosec] 2026/02/05 17:55:06 Import directory: /tmp/blitzy/blitzy-kubernetes/blitzy5f91179c1/staging/src/k8s.io/apiserver/pkg/storage/storagebackend/factory
[gosec] 2026/02/05 17:55:07 Checking file: /tmp/blitzy/blitzy-kubernetes/blitzy5f91179c1/staging/src/k8s.io/apiserver/pkg/storage/value/encrypt/envelope/kmsv2/v2/v2.go
[gosec] 2026/02/05 17:55:07 Checking package: features
[gosec] 2026/02/05 17:55:07 Checking file: /tmp/blitzy/blitzy-kubernetes/blitzy5f91179c1/staging/src/k8s.io/apiserver/pkg/features/kube_features.go
[gosec] 2026/02/05 17:55:07 Import directory: /tmp/blitzy/blitzy-kubernetes/blitzy5f91179c1/staging/src/k8s.io/apiserver/pkg/admission/plugin/webhook/config/apis/webhookadmission
[gosec] 2026/02/05 17:55:07 Checking package: initializer
[gosec] 2026/02/05 17:55:07 Checking file: /tmp/blitzy/blitzy-kubernetes/blitzy5f91179c1/staging/src/k8s.io/apiserver/pkg/admission/initializer/initializer.go
[gosec] 2026/02/05 17:55:07 Import directory: /tmp/blitzy/blitzy-kubernetes/blitzy5f91179c1/staging/src/k8s.io/apiserver/pkg/endpoints
[gosec] 2026/02/05 17:55:07 Checking file: /tmp/blitzy/blitzy-kubernetes/blitzy5f91179c1/staging/src/k8s.io/apiserver/pkg/admission/initializer/interfaces.go
[gosec] 2026/02/05 17:55:07 Checking package: fairqueuing
[gosec] 2026/02/05 17:55:07 Checking file: /tmp/blitzy/blitzy-kubernetes/blitzy5f91179c1/staging/src/k8s.io/apiserver/pkg/util/flowcontrol/fairqueuing/integrator.go
[gosec] 2026/02/05 17:55:07 Import directory: /tmp/blitzy/blitzy-kubernetes/blitzy5f91179c1/staging/src/k8s.io/apiserver/pkg/util/flowcontrol/fairqueuing/queueset
[gosec] 2026/02/05 17:55:07 Checking file: /tmp/blitzy/blitzy-kubernetes/blitzy5f91179c1/staging/src/k8s.io/apiserver/pkg/util/flowcontrol/fairqueuing/interface.go
[gosec] 2026/02/05 17:55:07 Checking package: filterlatency
[gosec] 2026/02/05 17:55:07 Checking file: /tmp/blitzy/blitzy-kubernetes/blitzy5f91179c1/staging/src/k8s.io/apiserver/pkg/endpoints/filterlatency/filterlatency.go
[gosec] 2026/02/05 17:55:07 Import directory: /tmp/blitzy/blitzy-kubernetes/blitzy5f91179c1/staging/src/k8s.io/apiserver/pkg/util/notfoundhandler
[gosec] 2026/02/05 17:55:07 Checking package: configmetrics
[gosec] 2026/02/05 17:55:07 Checking file: /tmp/blitzy/blitzy-kubernetes/blitzy5f91179c1/staging/src/k8s.io/apiserver/pkg/util/configmetrics/info_collector.go
[gosec] 2026/02/05 17:55:07 Import directory: /tmp/blitzy/blitzy-kubernetes/blitzy5f91179c1/staging/src/k8s.io/apiserver/pkg/util/proxy
[gosec] 2026/02/05 17:55:08 Checking package: request
[gosec] 2026/02/05 17:55:08 Checking file: /tmp/blitzy/blitzy-kubernetes/blitzy5f91179c1/staging/src/k8s.io/apiserver/pkg/admission/plugin/webhook/request/admissionreview.go
[gosec] 2026/02/05 17:55:08 Import directory: /tmp/blitzy/blitzy-kubernetes/blitzy5f91179c1/staging/src/k8s.io/apiserver/pkg/util/wsstream
[gosec] 2026/02/05 17:55:08 Checking file: /tmp/blitzy/blitzy-kubernetes/blitzy5f91179c1/staging/src/k8s.io/apiserver/pkg/admission/plugin/webhook/request/doc.go
[gosec] 2026/02/05 17:55:08 Checking package: serviceaccount
[gosec] 2026/02/05 17:55:08 Checking file: /tmp/blitzy/blitzy-kubernetes/blitzy5f91179c1/staging/src/k8s.io/apiserver/pkg/authentication/serviceaccount/util.go
[gosec] 2026/02/05 17:55:08 Import directory: /tmp/blitzy/blitzy-kubernetes/blitzy5f91179c1/staging/src/k8s.io/apiserver/plugin/pkg/audit/webhook
[gosec] 2026/02/05 17:55:09 Checking package: webhookadmission
[gosec] 2026/02/05 17:55:09 Checking file: /tmp/blitzy/blitzy-kubernetes/blitzy5f91179c1/staging/src/k8s.io/apiserver/pkg/admission/plugin/webhook/config/apis/webhookadmission/doc.go
[gosec] 2026/02/05 17:55:09 Import directory: /tmp/blitzy/blitzy-kubernetes/blitzy5f91179c1/staging/src/k8s.io/apiserver/pkg/admission/plugin/cel
[gosec] 2026/02/05 17:55:09 Checking file: /tmp/blitzy/blitzy-kubernetes/blitzy5f91179c1/staging/src/k8s.io/apiserver/pkg/admission/plugin/webhook/config/apis/webhookadmission/register.go
[gosec] 2026/02/05 17:55:09 Checking file: /tmp/blitzy/blitzy-kubernetes/blitzy5f91179c1/staging/src/k8s.io/apiserver/pkg/admission/plugin/webhook/config/apis/webhookadmission/types.go
[gosec] 2026/02/05 17:55:09 Checking file: /tmp/blitzy/blitzy-kubernetes/blitzy5f91179c1/staging/src/k8s.io/apiserver/pkg/admission/plugin/webhook/config/apis/webhookadmission/zz_generated.deepcopy.go
[gosec] 2026/02/05 17:55:09 Checking package: factory
[gosec] 2026/02/05 17:55:09 Checking file: /tmp/blitzy/blitzy-kubernetes/blitzy5f91179c1/staging/src/k8s.io/apiserver/pkg/storage/storagebackend/factory/etcd3.go
[gosec] 2026/02/05 17:55:09 Import directory: /tmp/blitzy/blitzy-kubernetes/blitzy5f91179c1/staging/src/k8s.io/apiserver/pkg/storage/cacher/delegator
[gosec] 2026/02/05 17:55:10 Checking file: /tmp/blitzy/blitzy-kubernetes/blitzy5f91179c1/staging/src/k8s.io/apiserver/pkg/storage/storagebackend/factory/factory.go
[gosec] 2026/02/05 17:55:10 Checking package: queueset
[gosec] 2026/02/05 17:55:10 Checking file: /tmp/blitzy/blitzy-kubernetes/blitzy5f91179c1/staging/src/k8s.io/apiserver/pkg/util/flowcontrol/fairqueuing/queueset/doc.go
[gosec] 2026/02/05 17:55:10 Import directory: /tmp/blitzy/blitzy-kubernetes/blitzy5f91179c1/staging/src/k8s.io/apiserver/pkg/apis/example2/v1
[gosec] 2026/02/05 17:55:10 Checking file: /tmp/blitzy/blitzy-kubernetes/blitzy5f91179c1/staging/src/k8s.io/apiserver/pkg/util/flowcontrol/fairqueuing/queueset/fifo_list.go
[gosec] 2026/02/05 17:55:10 Checking file: /tmp/blitzy/blitzy-kubernetes/blitzy5f91179c1/staging/src/k8s.io/apiserver/pkg/util/flowcontrol/fairqueuing/queueset/queueset.go
[gosec] 2026/02/05 17:55:12 Checking file: /tmp/blitzy/blitzy-kubernetes/blitzy5f91179c1/staging/src/k8s.io/apiserver/pkg/util/flowcontrol/fairqueuing/queueset/types.go
[gosec] 2026/02/05 17:55:12 Checking package: notfoundhandler
[gosec] 2026/02/05 17:55:12 Checking file: /tmp/blitzy/blitzy-kubernetes/blitzy5f91179c1/staging/src/k8s.io/apiserver/pkg/util/notfoundhandler/not_found_handler.go
[gosec] 2026/02/05 17:55:12 Import directory: /tmp/blitzy/blitzy-kubernetes/blitzy5f91179c1/staging/src/k8s.io/apiserver/pkg/server/dynamiccertificates
[gosec] 2026/02/05 17:55:12 Checking package: wsstream
[gosec] 2026/02/05 17:55:12 Checking file: /tmp/blitzy/blitzy-kubernetes/blitzy5f91179c1/staging/src/k8s.io/apiserver/pkg/util/wsstream/legacy.go
[gosec] 2026/02/05 17:55:12 Import directory: /tmp/blitzy/blitzy-kubernetes/blitzy5f91179c1/staging/src/k8s.io/apiserver/pkg/util/flowcontrol/counter
[gosec] 2026/02/05 17:55:12 Checking package: endpoints
[gosec] 2026/02/05 17:55:12 Checking file: /tmp/blitzy/blitzy-kubernetes/blitzy5f91179c1/staging/src/k8s.io/apiserver/pkg/endpoints/doc.go
[gosec] 2026/02/05 17:55:12 Import directory: /tmp/blitzy/blitzy-kubernetes/blitzy5f91179c1/staging/src/k8s.io/apiserver/pkg/apis/example/v1
[gosec] 2026/02/05 17:55:12 Checking file: /tmp/blitzy/blitzy-kubernetes/blitzy5f91179c1/staging/src/k8s.io/apiserver/pkg/endpoints/groupversion.go
[gosec] 2026/02/05 17:55:12 Checking file: /tmp/blitzy/blitzy-kubernetes/blitzy5f91179c1/staging/src/k8s.io/apiserver/pkg/endpoints/installer.go
[gosec] 2026/02/05 17:55:14 Checking package: proxy
[gosec] 2026/02/05 17:55:14 Checking file: /tmp/blitzy/blitzy-kubernetes/blitzy5f91179c1/staging/src/k8s.io/apiserver/pkg/util/proxy/doc.go
[gosec] 2026/02/05 17:55:14 Checking file: /tmp/blitzy/blitzy-kubernetes/blitzy5f91179c1/staging/src/k8s.io/apiserver/pkg/util/proxy/endpointslice.go
[gosec] 2026/02/05 17:55:14 Import directory: /tmp/blitzy/blitzy-kubernetes/blitzy5f91179c1/staging/src/k8s.io/apiserver/pkg/server/statusz/api/v1alpha1
[gosec] 2026/02/05 17:55:15 Checking file: /tmp/blitzy/blitzy-kubernetes/blitzy5f91179c1/staging/src/k8s.io/apiserver/pkg/util/proxy/proxy.go
[gosec] 2026/02/05 17:55:15 Checking file: /tmp/blitzy/blitzy-kubernetes/blitzy5f91179c1/staging/src/k8s.io/apiserver/pkg/util/proxy/streamtranslator.go
[gosec] 2026/02/05 17:55:15 Checking file: /tmp/blitzy/blitzy-kubernetes/blitzy5f91179c1/staging/src/k8s.io/apiserver/pkg/util/proxy/streamtunnel.go
[gosec] 2026/02/05 17:55:16 Checking file: /tmp/blitzy/blitzy-kubernetes/blitzy5f91179c1/staging/src/k8s.io/apiserver/pkg/util/proxy/translatinghandler.go
[gosec] 2026/02/05 17:55:16 Checking file: /tmp/blitzy/blitzy-kubernetes/blitzy5f91179c1/staging/src/k8s.io/apiserver/pkg/util/proxy/websocket.go
[gosec] 2026/02/05 17:55:17 Checking package: webhook
[gosec] 2026/02/05 17:55:17 Checking file: /tmp/blitzy/blitzy-kubernetes/blitzy5f91179c1/staging/src/k8s.io/apiserver/plugin/pkg/audit/webhook/webhook.go
[gosec] 2026/02/05 17:55:17 Import directory: /tmp/blitzy/blitzy-kubernetes/blitzy5f91179c1/staging/src/k8s.io/apiserver/pkg/util/dryrun
[gosec] 2026/02/05 17:55:17 Checking package: cel
[gosec] 2026/02/05 17:55:17 Checking file: /tmp/blitzy/blitzy-kubernetes/blitzy5f91179c1/staging/src/k8s.io/apiserver/pkg/admission/plugin/cel/activation.go
[gosec] 2026/02/05 17:55:17 Import directory: /tmp/blitzy/blitzy-kubernetes/blitzy5f91179c1/staging/src/k8s.io/apiserver/pkg/admission/plugin/policy/mutating/patch
[gosec] 2026/02/05 17:55:18 Checking file: /tmp/blitzy/blitzy-kubernetes/blitzy5f91179c1/staging/src/k8s.io/apiserver/pkg/admission/plugin/cel/compile.go
[gosec] 2026/02/05 17:55:18 Checking file: /tmp/blitzy/blitzy-kubernetes/blitzy5f91179c1/staging/src/k8s.io/apiserver/pkg/admission/plugin/cel/composition.go
[gosec] 2026/02/05 17:55:19 Checking file: /tmp/blitzy/blitzy-kubernetes/blitzy5f91179c1/staging/src/k8s.io/apiserver/pkg/admission/plugin/cel/condition.go
[gosec] 2026/02/05 17:55:20 Checking file: /tmp/blitzy/blitzy-kubernetes/blitzy5f91179c1/staging/src/k8s.io/apiserver/pkg/admission/plugin/cel/interface.go
[gosec] 2026/02/05 17:55:20 Checking file: /tmp/blitzy/blitzy-kubernetes/blitzy5f91179c1/staging/src/k8s.io/apiserver/pkg/admission/plugin/cel/mutation.go
[gosec] 2026/02/05 17:55:20 Checking package: delegator
[gosec] 2026/02/05 17:55:20 Checking file: /tmp/blitzy/blitzy-kubernetes/blitzy5f91179c1/staging/src/k8s.io/apiserver/pkg/storage/cacher/delegator/interface.go
[gosec] 2026/02/05 17:55:20 Import directory: /tmp/blitzy/blitzy-kubernetes/blitzy5f91179c1/staging/src/k8s.io/apiserver/pkg/admission/plugin/webhook/testing/main
[gosec] 2026/02/05 17:55:20 Checking package: v1
[gosec] 2026/02/05 17:55:20 Checking file: /tmp/blitzy/blitzy-kubernetes/blitzy5f91179c1/staging/src/k8s.io/apiserver/pkg/apis/example2/v1/conversion.go
[gosec] 2026/02/05 17:55:20 Import directory: /tmp/blitzy/blitzy-kubernetes/blitzy5f91179c1/staging/src/k8s.io/apiserver/pkg/storage/value/encrypt/envelope/kmsv2
[gosec] 2026/02/05 17:55:20 Checking file: /tmp/blitzy/blitzy-kubernetes/blitzy5f91179c1/staging/src/k8s.io/apiserver/pkg/apis/example2/v1/defaults.go
[gosec] 2026/02/05 17:55:20 Checking file: /tmp/blitzy/blitzy-kubernetes/blitzy5f91179c1/staging/src/k8s.io/apiserver/pkg/apis/example2/v1/doc.go
[gosec] 2026/02/05 17:55:20 Checking file: /tmp/blitzy/blitzy-kubernetes/blitzy5f91179c1/staging/src/k8s.io/apiserver/pkg/apis/example2/v1/generated.pb.go
[gosec] 2026/02/05 17:55:22 Checking file: /tmp/blitzy/blitzy-kubernetes/blitzy5f91179c1/staging/src/k8s.io/apiserver/pkg/apis/example2/v1/register.go
[gosec] 2026/02/05 17:55:22 Checking file: /tmp/blitzy/blitzy-kubernetes/blitzy5f91179c1/staging/src/k8s.io/apiserver/pkg/apis/example2/v1/types.go
[gosec] 2026/02/05 17:55:22 Checking file: /tmp/blitzy/blitzy-kubernetes/blitzy5f91179c1/staging/src/k8s.io/apiserver/pkg/apis/example2/v1/zz_generated.conversion.go
[gosec] 2026/02/05 17:55:23 Checking file: /tmp/blitzy/blitzy-kubernetes/blitzy5f91179c1/staging/src/k8s.io/apiserver/pkg/apis/example2/v1/zz_generated.deepcopy.go
[gosec] 2026/02/05 17:55:23 Checking file: /tmp/blitzy/blitzy-kubernetes/blitzy5f91179c1/staging/src/k8s.io/apiserver/pkg/apis/example2/v1/zz_generated.defaults.go
[gosec] 2026/02/05 17:55:23 Checking package: counter
[gosec] 2026/02/05 17:55:23 Checking file: /tmp/blitzy/blitzy-kubernetes/blitzy5f91179c1/staging/src/k8s.io/apiserver/pkg/util/flowcontrol/counter/interface.go
[gosec] 2026/02/05 17:55:23 Checking package: v1
[gosec] 2026/02/05 17:55:23 Checking file: /tmp/blitzy/blitzy-kubernetes/blitzy5f91179c1/staging/src/k8s.io/apiserver/pkg/apis/example/v1/conversion.go
[gosec] 2026/02/05 17:55:23 Import directory: /tmp/blitzy/blitzy-kubernetes/blitzy5f91179c1/staging/src/k8s.io/apiserver/pkg/util/flowcontrol/fairqueuing/testing
[gosec] 2026/02/05 17:55:23 Import directory: /tmp/blitzy/blitzy-kubernetes/blitzy5f91179c1/staging/src/k8s.io/apiserver/pkg/storage/cacher
[gosec] 2026/02/05 17:55:23 Checking file: /tmp/blitzy/blitzy-kubernetes/blitzy5f91179c1/staging/src/k8s.io/apiserver/pkg/apis/example/v1/defaults.go
[gosec] 2026/02/05 17:55:23 Checking file: /tmp/blitzy/blitzy-kubernetes/blitzy5f91179c1/staging/src/k8s.io/apiserver/pkg/apis/example/v1/doc.go
[gosec] 2026/02/05 17:55:23 Checking file: /tmp/blitzy/blitzy-kubernetes/blitzy5f91179c1/staging/src/k8s.io/apiserver/pkg/apis/example/v1/generated.pb.go
[gosec] 2026/02/05 17:55:28 Checking file: /tmp/blitzy/blitzy-kubernetes/blitzy5f91179c1/staging/src/k8s.io/apiserver/pkg/apis/example/v1/register.go
[gosec] 2026/02/05 17:55:28 Checking file: /tmp/blitzy/blitzy-kubernetes/blitzy5f91179c1/staging/src/k8s.io/apiserver/pkg/apis/example/v1/types.go
[gosec] 2026/02/05 17:55:28 Checking file: /tmp/blitzy/blitzy-kubernetes/blitzy5f91179c1/staging/src/k8s.io/apiserver/pkg/apis/example/v1/zz_generated.conversion.go
[gosec] 2026/02/05 17:55:30 Checking file: /tmp/blitzy/blitzy-kubernetes/blitzy5f91179c1/staging/src/k8s.io/apiserver/pkg/apis/example/v1/zz_generated.deepcopy.go
[gosec] 2026/02/05 17:55:30 Checking file: /tmp/blitzy/blitzy-kubernetes/blitzy5f91179c1/staging/src/k8s.io/apiserver/pkg/apis/example/v1/zz_generated.defaults.go
[gosec] 2026/02/05 17:55:30 Checking package: dynamiccertificates
[gosec] 2026/02/05 17:55:30 Checking file: /tmp/blitzy/blitzy-kubernetes/blitzy5f91179c1/staging/src/k8s.io/apiserver/pkg/server/dynamiccertificates/cert_key.go
[gosec] 2026/02/05 17:55:30 Import directory: /tmp/blitzy/blitzy-kubernetes/blitzy5f91179c1/staging/src/k8s.io/apiserver/pkg/admission/plugin/resourcequota/apis/resourcequota/validation
[gosec] 2026/02/05 17:55:31 Checking file: /tmp/blitzy/blitzy-kubernetes/blitzy5f91179c1/staging/src/k8s.io/apiserver/pkg/server/dynamiccertificates/client_ca.go
[gosec] 2026/02/05 17:55:31 Checking file: /tmp/blitzy/blitzy-kubernetes/blitzy5f91179c1/staging/src/k8s.io/apiserver/pkg/server/dynamiccertificates/configmap_cafile_content.go
[gosec] 2026/02/05 17:55:31 Checking file: /tmp/blitzy/blitzy-kubernetes/blitzy5f91179c1/staging/src/k8s.io/apiserver/pkg/server/dynamiccertificates/dynamic_cafile_content.go
[gosec] 2026/02/05 17:55:32 Checking file: /tmp/blitzy/blitzy-kubernetes/blitzy5f91179c1/staging/src/k8s.io/apiserver/pkg/server/dynamiccertificates/dynamic_serving_content.go
[gosec] 2026/02/05 17:55:33 Checking file: /tmp/blitzy/blitzy-kubernetes/blitzy5f91179c1/staging/src/k8s.io/apiserver/pkg/server/dynamiccertificates/dynamic_sni_content.go
[gosec] 2026/02/05 17:55:33 Checking file: /tmp/blitzy/blitzy-kubernetes/blitzy5f91179c1/staging/src/k8s.io/apiserver/pkg/server/dynamiccertificates/interfaces.go
[gosec] 2026/02/05 17:55:33 Checking file: /tmp/blitzy/blitzy-kubernetes/blitzy5f91179c1/staging/src/k8s.io/apiserver/pkg/server/dynamiccertificates/named_certificates.go
[gosec] 2026/02/05 17:55:33 Checking file: /tmp/blitzy/blitzy-kubernetes/blitzy5f91179c1/staging/src/k8s.io/apiserver/pkg/server/dynamiccertificates/static_content.go
[gosec] 2026/02/05 17:55:33 Checking file: /tmp/blitzy/blitzy-kubernetes/blitzy5f91179c1/staging/src/k8s.io/apiserver/pkg/server/dynamiccertificates/tlsconfig.go
[gosec] 2026/02/05 17:55:34 Checking file: /tmp/blitzy/blitzy-kubernetes/blitzy5f91179c1/staging/src/k8s.io/apiserver/pkg/server/dynamiccertificates/union_content.go
[gosec] 2026/02/05 17:55:34 Checking file: /tmp/blitzy/blitzy-kubernetes/blitzy5f91179c1/staging/src/k8s.io/apiserver/pkg/server/dynamiccertificates/util.go
[gosec] 2026/02/05 17:55:34 Checking package: v1alpha1
[gosec] 2026/02/05 17:55:34 Checking file: /tmp/blitzy/blitzy-kubernetes/blitzy5f91179c1/staging/src/k8s.io/apiserver/pkg/server/statusz/api/v1alpha1/doc.go
[gosec] 2026/02/05 17:55:34 Checking file: /tmp/blitzy/blitzy-kubernetes/blitzy5f91179c1/staging/src/k8s.io/apiserver/pkg/server/statusz/api/v1alpha1/register.go
[gosec] 2026/02/05 17:55:34 Import directory: /tmp/blitzy/blitzy-kubernetes/blitzy5f91179c1/staging/src/k8s.io/apiserver/pkg/storageversion
[gosec] 2026/02/05 17:55:34 Checking file: /tmp/blitzy/blitzy-kubernetes/blitzy5f91179c1/staging/src/k8s.io/apiserver/pkg/server/statusz/api/v1alpha1/types.go
[gosec] 2026/02/05 17:55:34 Checking file: /tmp/blitzy/blitzy-kubernetes/blitzy5f91179c1/staging/src/k8s.io/apiserver/pkg/server/statusz/api/v1alpha1/zz_generated.deepcopy.go
[gosec] 2026/02/05 17:55:34 Checking file: /tmp/blitzy/blitzy-kubernetes/blitzy5f91179c1/staging/src/k8s.io/apiserver/pkg/server/statusz/api/v1alpha1/zz_generated.model_name.go
[gosec] 2026/02/05 17:55:34 Checking package: dryrun
[gosec] 2026/02/05 17:55:34 Checking file: /tmp/blitzy/blitzy-kubernetes/blitzy5f91179c1/staging/src/k8s.io/apiserver/pkg/util/dryrun/dryrun.go
[gosec] 2026/02/05 17:55:34 Import directory: /tmp/blitzy/blitzy-kubernetes/blitzy5f91179c1/staging/src/k8s.io/apiserver/pkg/authentication/token/union
[gosec] 2026/02/05 17:55:34 Checking package: patch
[gosec] 2026/02/05 17:55:34 Checking file: /tmp/blitzy/blitzy-kubernetes/blitzy5f91179c1/staging/src/k8s.io/apiserver/pkg/admission/plugin/policy/mutating/patch/interface.go
[gosec] 2026/02/05 17:55:34 Import directory: /tmp/blitzy/blitzy-kubernetes/blitzy5f91179c1/staging/src/k8s.io/apiserver/pkg/storage/etcd3/testserver
[gosec] 2026/02/05 17:55:34 Checking file: /tmp/blitzy/blitzy-kubernetes/blitzy5f91179c1/staging/src/k8s.io/apiserver/pkg/admission/plugin/policy/mutating/patch/json_patch.go
[gosec] 2026/02/05 17:55:35 Checking file: /tmp/blitzy/blitzy-kubernetes/blitzy5f91179c1/staging/src/k8s.io/apiserver/pkg/admission/plugin/policy/mutating/patch/smd.go
[gosec] 2026/02/05 17:55:36 Checking file: /tmp/blitzy/blitzy-kubernetes/blitzy5f91179c1/staging/src/k8s.io/apiserver/pkg/admission/plugin/policy/mutating/patch/typeconverter.go
[gosec] 2026/02/05 17:55:36 Checking package: kmsv2
[gosec] 2026/02/05 17:55:36 Checking file: /tmp/blitzy/blitzy-kubernetes/blitzy5f91179c1/staging/src/k8s.io/apiserver/pkg/storage/value/encrypt/envelope/kmsv2/cache.go
[gosec] 2026/02/05 17:55:36 Import directory: /tmp/blitzy/blitzy-kubernetes/blitzy5f91179c1/staging/src/k8s.io/apiserver/plugin/pkg/audit/log
[gosec] 2026/02/05 17:55:36 Checking file: /tmp/blitzy/blitzy-kubernetes/blitzy5f91179c1/staging/src/k8s.io/apiserver/pkg/storage/value/encrypt/envelope/kmsv2/envelope.go
[gosec] 2026/02/05 17:55:37 Checking file: /tmp/blitzy/blitzy-kubernetes/blitzy5f91179c1/staging/src/k8s.io/apiserver/pkg/storage/value/encrypt/envelope/kmsv2/grpc_service.go
[gosec] 2026/02/05 17:55:38 Checking package: main
[gosec] 2026/02/05 17:55:38 Checking file: /tmp/blitzy/blitzy-kubernetes/blitzy5f91179c1/staging/src/k8s.io/apiserver/pkg/admission/plugin/webhook/testing/main/main.go
[gosec] 2026/02/05 17:55:38 Import directory: /tmp/blitzy/blitzy-kubernetes/blitzy5f91179c1/staging/src/k8s.io/apiserver/pkg/server
[gosec] 2026/02/05 17:55:38 Checking package: testing
[gosec] 2026/02/05 17:55:38 Checking file: /tmp/blitzy/blitzy-kubernetes/blitzy5f91179c1/staging/src/k8s.io/apiserver/pkg/util/flowcontrol/fairqueuing/testing/no-restraint.go
[gosec] 2026/02/05 17:55:38 Import directory: /tmp/blitzy/blitzy-kubernetes/blitzy5f91179c1/staging/src/k8s.io/apiserver/pkg/apis/example/fuzzer
[gosec] 2026/02/05 17:55:38 Checking package: cacher
[gosec] 2026/02/05 17:55:38 Checking file: /tmp/blitzy/blitzy-kubernetes/blitzy5f91179c1/staging/src/k8s.io/apiserver/pkg/storage/cacher/cache_watcher.go
[gosec] 2026/02/05 17:55:38 Import directory: /tmp/blitzy/blitzy-kubernetes/blitzy5f91179c1/staging/src/k8s.io/apiserver/pkg/apis/example/install
[gosec] 2026/02/05 17:55:39 Checking file: /tmp/blitzy/blitzy-kubernetes/blitzy5f91179c1/staging/src/k8s.io/apiserver/pkg/storage/cacher/cacher.go
[gosec] 2026/02/05 17:55:42 Checking file: /tmp/blitzy/blitzy-kubernetes/blitzy5f91179c1/staging/src/k8s.io/apiserver/pkg/storage/cacher/caching_object.go
[gosec] 2026/02/05 17:55:43 Checking file: /tmp/blitzy/blitzy-kubernetes/blitzy5f91179c1/staging/src/k8s.io/apiserver/pkg/storage/cacher/compactor.go
[gosec] 2026/02/05 17:55:43 Checking file: /tmp/blitzy/blitzy-kubernetes/blitzy5f91179c1/staging/src/k8s.io/apiserver/pkg/storage/cacher/delegator.go
[gosec] 2026/02/05 17:55:44 Checking file: /tmp/blitzy/blitzy-kubernetes/blitzy5f91179c1/staging/src/k8s.io/apiserver/pkg/storage/cacher/lister_watcher.go
[gosec] 2026/02/05 17:55:44 Checking file: /tmp/blitzy/blitzy-kubernetes/blitzy5f91179c1/staging/src/k8s.io/apiserver/pkg/storage/cacher/ready.go
[gosec] 2026/02/05 17:55:44 Checking file: /tmp/blitzy/blitzy-kubernetes/blitzy5f91179c1/staging/src/k8s.io/apiserver/pkg/storage/cacher/store.go
[gosec] 2026/02/05 17:55:45 Checking file: /tmp/blitzy/blitzy-kubernetes/blitzy5f91179c1/staging/src/k8s.io/apiserver/pkg/storage/cacher/store_btree.go
[gosec] 2026/02/05 17:55:46 Checking file: /tmp/blitzy/blitzy-kubernetes/blitzy5f91179c1/staging/src/k8s.io/apiserver/pkg/storage/cacher/time_budget.go
[gosec] 2026/02/05 17:55:46 Checking file: /tmp/blitzy/blitzy-kubernetes/blitzy5f91179c1/staging/src/k8s.io/apiserver/pkg/storage/cacher/util.go
[gosec] 2026/02/05 17:55:46 Checking file: /tmp/blitzy/blitzy-kubernetes/blitzy5f91179c1/staging/src/k8s.io/apiserver/pkg/storage/cacher/watch_cache.go
[gosec] 2026/02/05 17:55:48 Checking file: /tmp/blitzy/blitzy-kubernetes/blitzy5f91179c1/staging/src/k8s.io/apiserver/pkg/storage/cacher/watch_cache_interval.go
[gosec] 2026/02/05 17:55:49 Checking package: validation
[gosec] 2026/02/05 17:55:49 Checking file: /tmp/blitzy/blitzy-kubernetes/blitzy5f91179c1/staging/src/k8s.io/apiserver/pkg/admission/plugin/resourcequota/apis/resourcequota/validation/validation.go
[gosec] 2026/02/05 17:55:49 Import directory: /tmp/blitzy/blitzy-kubernetes/blitzy5f91179c1/staging/src/k8s.io/apiserver/pkg/server/options/authorizationconfig/metrics
[gosec] 2026/02/05 17:55:49 Checking package: union
[gosec] 2026/02/05 17:55:49 Checking file: /tmp/blitzy/blitzy-kubernetes/blitzy5f91179c1/staging/src/k8s.io/apiserver/pkg/authentication/token/union/union.go
[gosec] 2026/02/05 17:55:49 Import directory: /tmp/blitzy/blitzy-kubernetes/blitzy5f91179c1/staging/src/k8s.io/apiserver/pkg/util/flowcontrol/debug
[gosec] 2026/02/05 17:55:49 Checking package: storageversion
[gosec] 2026/02/05 17:55:49 Checking file: /tmp/blitzy/blitzy-kubernetes/blitzy5f91179c1/staging/src/k8s.io/apiserver/pkg/storageversion/manager.go
[gosec] 2026/02/05 17:55:49 Import directory: /tmp/blitzy/blitzy-kubernetes/blitzy5f91179c1/staging/src/k8s.io/apiserver/pkg/registry/generic/rest
[gosec] 2026/02/05 17:55:50 Checking file: /tmp/blitzy/blitzy-kubernetes/blitzy5f91179c1/staging/src/k8s.io/apiserver/pkg/storageversion/updater.go
[gosec] 2026/02/05 17:55:50 Checking package: testserver
[gosec] 2026/02/05 17:55:50 Checking file: /tmp/blitzy/blitzy-kubernetes/blitzy5f91179c1/staging/src/k8s.io/apiserver/pkg/storage/etcd3/testserver/test_server.go
[gosec] 2026/02/05 17:55:50 Import directory: /tmp/blitzy/blitzy-kubernetes/blitzy5f91179c1/staging/src/k8s.io/apiserver/pkg/server/routine
[gosec] 2026/02/05 17:55:50 Checking package: log
[gosec] 2026/02/05 17:55:50 Checking file: /tmp/blitzy/blitzy-kubernetes/blitzy5f91179c1/staging/src/k8s.io/apiserver/plugin/pkg/audit/log/backend.go
[gosec] 2026/02/05 17:55:50 Import directory: /tmp/blitzy/blitzy-kubernetes/blitzy5f91179c1/staging/src/k8s.io/apiserver/pkg/endpoints/filters
[gosec] 2026/02/05 17:55:50 Checking package: fuzzer
[gosec] 2026/02/05 17:55:50 Checking file: /tmp/blitzy/blitzy-kubernetes/blitzy5f91179c1/staging/src/k8s.io/apiserver/pkg/apis/example/fuzzer/fuzzer.go
[gosec] 2026/02/05 17:55:50 Import directory: /tmp/blitzy/blitzy-kubernetes/blitzy5f91179c1/staging/src/k8s.io/apiserver/pkg/endpoints/openapi/testing
[gosec] 2026/02/05 17:55:50 Checking package: install
[gosec] 2026/02/05 17:55:50 Checking file: /tmp/blitzy/blitzy-kubernetes/blitzy5f91179c1/staging/src/k8s.io/apiserver/pkg/apis/example/install/install.go
[gosec] 2026/02/05 17:55:50 Import directory: /tmp/blitzy/blitzy-kubernetes/blitzy5f91179c1/staging/src/k8s.io/apiserver/pkg/registry/rest
[gosec] 2026/02/05 17:55:50 Checking package: server
[gosec] 2026/02/05 17:55:50 Checking file: /tmp/blitzy/blitzy-kubernetes/blitzy5f91179c1/staging/src/k8s.io/apiserver/pkg/server/config.go
[gosec] 2026/02/05 17:55:50 Import directory: /tmp/blitzy/blitzy-kubernetes/blitzy5f91179c1/staging/src/k8s.io/apiserver/pkg/server/httplog
[gosec] 2026/02/05 17:55:52 Checking file: /tmp/blitzy/blitzy-kubernetes/blitzy5f91179c1/staging/src/k8s.io/apiserver/pkg/server/config_selfclient.go
[gosec] 2026/02/05 17:55:52 Checking file: /tmp/blitzy/blitzy-kubernetes/blitzy5f91179c1/staging/src/k8s.io/apiserver/pkg/server/deleted_kinds.go
[gosec] 2026/02/05 17:55:53 Checking file: /tmp/blitzy/blitzy-kubernetes/blitzy5f91179c1/staging/src/k8s.io/apiserver/pkg/server/deprecated_insecure_serving.go
[gosec] 2026/02/05 17:55:53 Checking file: /tmp/blitzy/blitzy-kubernetes/blitzy5f91179c1/staging/src/k8s.io/apiserver/pkg/server/doc.go
[gosec] 2026/02/05 17:55:53 Checking file: /tmp/blitzy/blitzy-kubernetes/blitzy5f91179c1/staging/src/k8s.io/apiserver/pkg/server/genericapiserver.go
[gosec] 2026/02/05 17:55:55 Checking file: /tmp/blitzy/blitzy-kubernetes/blitzy5f91179c1/staging/src/k8s.io/apiserver/pkg/server/handler.go
[gosec] 2026/02/05 17:55:55 Checking file: /tmp/blitzy/blitzy-kubernetes/blitzy5f91179c1/staging/src/k8s.io/apiserver/pkg/server/healthz.go
[gosec] 2026/02/05 17:55:55 Checking file: /tmp/blitzy/blitzy-kubernetes/blitzy5f91179c1/staging/src/k8s.io/apiserver/pkg/server/hooks.go
[gosec] 2026/02/05 17:55:56 Checking file: /tmp/blitzy/blitzy-kubernetes/blitzy5f91179c1/staging/src/k8s.io/apiserver/pkg/server/lifecycle_signals.go
[gosec] 2026/02/05 17:55:56 Checking file: /tmp/blitzy/blitzy-kubernetes/blitzy5f91179c1/staging/src/k8s.io/apiserver/pkg/server/plugins.go
[gosec] 2026/02/05 17:55:56 Checking file: /tmp/blitzy/blitzy-kubernetes/blitzy5f91179c1/staging/src/k8s.io/apiserver/pkg/server/secure_serving.go
[gosec] 2026/02/05 17:55:56 Checking file: /tmp/blitzy/blitzy-kubernetes/blitzy5f91179c1/staging/src/k8s.io/apiserver/pkg/server/signal.go
[gosec] 2026/02/05 17:55:56 Checking file: /tmp/blitzy/blitzy-kubernetes/blitzy5f91179c1/staging/src/k8s.io/apiserver/pkg/server/signal_posix.go
[gosec] 2026/02/05 17:55:56 Checking file: /tmp/blitzy/blitzy-kubernetes/blitzy5f91179c1/staging/src/k8s.io/apiserver/pkg/server/storage_readiness_hook.go
[gosec] 2026/02/05 17:55:56 Checking package: metrics
[gosec] 2026/02/05 17:55:56 Checking file: /tmp/blitzy/blitzy-kubernetes/blitzy5f91179c1/staging/src/k8s.io/apiserver/pkg/server/options/authorizationconfig/metrics/metrics.go
[gosec] 2026/02/05 17:55:56 Import directory: /tmp/blitzy/blitzy-kubernetes/blitzy5f91179c1/staging/src/k8s.io/apiserver/pkg/util/flowcontrol/format
[gosec] 2026/02/05 17:55:57 Checking package: debug
[gosec] 2026/02/05 17:55:57 Checking file: /tmp/blitzy/blitzy-kubernetes/blitzy5f91179c1/staging/src/k8s.io/apiserver/pkg/util/flowcontrol/debug/dump.go
[gosec] 2026/02/05 17:55:57 Import directory: /tmp/blitzy/blitzy-kubernetes/blitzy5f91179c1/staging/src/k8s.io/apiserver
[gosec] 2026/02/05 17:55:57 Checking package: rest
[gosec] 2026/02/05 17:55:57 Checking file: /tmp/blitzy/blitzy-kubernetes/blitzy5f91179c1/staging/src/k8s.io/apiserver/pkg/registry/generic/rest/doc.go
[gosec] 2026/02/05 17:55:57 Checking file: /tmp/blitzy/blitzy-kubernetes/blitzy5f91179c1/staging/src/k8s.io/apiserver/pkg/registry/generic/rest/response_checker.go
[gosec] 2026/02/05 17:55:57 Import directory: /tmp/blitzy/blitzy-kubernetes/blitzy5f91179c1/staging/src/k8s.io/apiserver/pkg/endpoints/discovery/aggregated
[gosec] 2026/02/05 17:55:57 Checking file: /tmp/blitzy/blitzy-kubernetes/blitzy5f91179c1/staging/src/k8s.io/apiserver/pkg/registry/generic/rest/streamer.go
[gosec] 2026/02/05 17:55:57 Checking package: routine
[gosec] 2026/02/05 17:55:57 Checking file: /tmp/blitzy/blitzy-kubernetes/blitzy5f91179c1/staging/src/k8s.io/apiserver/pkg/server/routine/routine.go
[gosec] 2026/02/05 17:55:57 Import directory: /tmp/blitzy/blitzy-kubernetes/blitzy5f91179c1/staging/src/k8s.io/apiserver/pkg/server/statusz/negotiate
[gosec] 2026/02/05 17:55:57 Checking package: testing
[gosec] 2026/02/05 17:55:57 Checking file: /tmp/blitzy/blitzy-kubernetes/blitzy5f91179c1/staging/src/k8s.io/apiserver/pkg/endpoints/openapi/testing/types.go
[gosec] 2026/02/05 17:55:57 Import directory: /tmp/blitzy/blitzy-kubernetes/blitzy5f91179c1/staging/src/k8s.io/apiserver/pkg/util/flowcontrol/metrics
[gosec] 2026/02/05 17:55:57 Checking file: /tmp/blitzy/blitzy-kubernetes/blitzy5f91179c1/staging/src/k8s.io/apiserver/pkg/endpoints/openapi/testing/zz_generated.deepcopy.go
[gosec] 2026/02/05 17:55:57 Checking package: httplog
[gosec] 2026/02/05 17:55:57 Checking file: /tmp/blitzy/blitzy-kubernetes/blitzy5f91179c1/staging/src/k8s.io/apiserver/pkg/server/httplog/doc.go
[gosec] 2026/02/05 17:55:57 Checking file: /tmp/blitzy/blitzy-kubernetes/blitzy5f91179c1/staging/src/k8s.io/apiserver/pkg/server/httplog/httplog.go
[gosec] 2026/02/05 17:55:57 Import directory: /tmp/blitzy/blitzy-kubernetes/blitzy5f91179c1/staging/src/k8s.io/apiserver/plugin/pkg/authenticator
[gosec] 2026/02/05 17:55:58 Checking package: rest
[gosec] 2026/02/05 17:55:58 Checking file: /tmp/blitzy/blitzy-kubernetes/blitzy5f91179c1/staging/src/k8s.io/apiserver/pkg/registry/rest/create.go
[gosec] 2026/02/05 17:55:58 Import directory: /tmp/blitzy/blitzy-kubernetes/blitzy5f91179c1/staging/src/k8s.io/apiserver/pkg/admission/plugin/webhook/generic
[gosec] 2026/02/05 17:55:58 Checking file: /tmp/blitzy/blitzy-kubernetes/blitzy5f91179c1/staging/src/k8s.io/apiserver/pkg/registry/rest/create_update.go
[gosec] 2026/02/05 17:55:58 Checking file: /tmp/blitzy/blitzy-kubernetes/blitzy5f91179c1/staging/src/k8s.io/apiserver/pkg/registry/rest/delete.go
[gosec] 2026/02/05 17:55:59 Checking file: /tmp/blitzy/blitzy-kubernetes/blitzy5f91179c1/staging/src/k8s.io/apiserver/pkg/registry/rest/doc.go
[gosec] 2026/02/05 17:55:59 Checking file: /tmp/blitzy/blitzy-kubernetes/blitzy5f91179c1/staging/src/k8s.io/apiserver/pkg/registry/rest/meta.go
[gosec] 2026/02/05 17:55:59 Checking file: /tmp/blitzy/blitzy-kubernetes/blitzy5f91179c1/staging/src/k8s.io/apiserver/pkg/registry/rest/rest.go
[gosec] 2026/02/05 17:55:59 Checking file: /tmp/blitzy/blitzy-kubernetes/blitzy5f91179c1/staging/src/k8s.io/apiserver/pkg/registry/rest/table.go
[gosec] 2026/02/05 17:55:59 Checking file: /tmp/blitzy/blitzy-kubernetes/blitzy5f91179c1/staging/src/k8s.io/apiserver/pkg/registry/rest/update.go
[gosec] 2026/02/05 17:56:00 Checking file: /tmp/blitzy/blitzy-kubernetes/blitzy5f91179c1/staging/src/k8s.io/apiserver/pkg/registry/rest/validate.go
[gosec] 2026/02/05 17:56:00 Checking package: filters
[gosec] 2026/02/05 17:56:00 Checking file: /tmp/blitzy/blitzy-kubernetes/blitzy5f91179c1/staging/src/k8s.io/apiserver/pkg/endpoints/filters/audit.go
[gosec] 2026/02/05 17:56:00 Import directory: /tmp/blitzy/blitzy-kubernetes/blitzy5f91179c1/staging/src/k8s.io/apiserver/pkg/authorization/path
[gosec] 2026/02/05 17:56:01 Checking file: /tmp/blitzy/blitzy-kubernetes/blitzy5f91179c1/staging/src/k8s.io/apiserver/pkg/endpoints/filters/audit_init.go
[gosec] 2026/02/05 17:56:01 Checking file: /tmp/blitzy/blitzy-kubernetes/blitzy5f91179c1/staging/src/k8s.io/apiserver/pkg/endpoints/filters/authentication.go
[gosec] 2026/02/05 17:56:01 Checking file: /tmp/blitzy/blitzy-kubernetes/blitzy5f91179c1/staging/src/k8s.io/apiserver/pkg/endpoints/filters/authn_audit.go
[gosec] 2026/02/05 17:56:01 Checking file: /tmp/blitzy/blitzy-kubernetes/blitzy5f91179c1/staging/src/k8s.io/apiserver/pkg/endpoints/filters/authorization.go
[gosec] 2026/02/05 17:56:01 Checking file: /tmp/blitzy/blitzy-kubernetes/blitzy5f91179c1/staging/src/k8s.io/apiserver/pkg/endpoints/filters/cachecontrol.go
[gosec] 2026/02/05 17:56:01 Checking file: /tmp/blitzy/blitzy-kubernetes/blitzy5f91179c1/staging/src/k8s.io/apiserver/pkg/endpoints/filters/doc.go
[gosec] 2026/02/05 17:56:01 Checking file: /tmp/blitzy/blitzy-kubernetes/blitzy5f91179c1/staging/src/k8s.io/apiserver/pkg/endpoints/filters/metrics.go
[gosec] 2026/02/05 17:56:02 Checking file: /tmp/blitzy/blitzy-kubernetes/blitzy5f91179c1/staging/src/k8s.io/apiserver/pkg/endpoints/filters/mux_discovery_complete.go
[gosec] 2026/02/05 17:56:02 Checking file: /tmp/blitzy/blitzy-kubernetes/blitzy5f91179c1/staging/src/k8s.io/apiserver/pkg/endpoints/filters/request_deadline.go
[gosec] 2026/02/05 17:56:02 Checking file: /tmp/blitzy/blitzy-kubernetes/blitzy5f91179c1/staging/src/k8s.io/apiserver/pkg/endpoints/filters/request_received_time.go
[gosec] 2026/02/05 17:56:02 Checking file: /tmp/blitzy/blitzy-kubernetes/blitzy5f91179c1/staging/src/k8s.io/apiserver/pkg/endpoints/filters/requestinfo.go
[gosec] 2026/02/05 17:56:02 Checking file: /tmp/blitzy/blitzy-kubernetes/blitzy5f91179c1/staging/src/k8s.io/apiserver/pkg/endpoints/filters/storageversion.go
[gosec] 2026/02/05 17:56:02 Checking file: /tmp/blitzy/blitzy-kubernetes/blitzy5f91179c1/staging/src/k8s.io/apiserver/pkg/endpoints/filters/traces.go
[gosec] 2026/02/05 17:56:02 Checking file: /tmp/blitzy/blitzy-kubernetes/blitzy5f91179c1/staging/src/k8s.io/apiserver/pkg/endpoints/filters/warning.go
[gosec] 2026/02/05 17:56:03 Checking file: /tmp/blitzy/blitzy-kubernetes/blitzy5f91179c1/staging/src/k8s.io/apiserver/pkg/endpoints/filters/webhook_duration.go
[gosec] 2026/02/05 17:56:03 Checking package: apiserver
[gosec] 2026/02/05 17:56:03 Checking file: /tmp/blitzy/blitzy-kubernetes/blitzy5f91179c1/staging/src/k8s.io/apiserver/doc.go
[gosec] 2026/02/05 17:56:03 Import directory: /tmp/blitzy/blitzy-kubernetes/blitzy5f91179c1/staging/src/k8s.io/apiserver/pkg/apis/apidiscovery/v2
[gosec] 2026/02/05 17:56:03 Checking package: format
[gosec] 2026/02/05 17:56:03 Checking file: /tmp/blitzy/blitzy-kubernetes/blitzy5f91179c1/staging/src/k8s.io/apiserver/pkg/util/flowcontrol/format/formatting.go
[gosec] 2026/02/05 17:56:03 Import directory: /tmp/blitzy/blitzy-kubernetes/blitzy5f91179c1/staging/src/k8s.io/apiserver/pkg/endpoints/testing
[gosec] 2026/02/05 17:56:03 Checking package: negotiate
[gosec] 2026/02/05 17:56:03 Checking file: /tmp/blitzy/blitzy-kubernetes/blitzy5f91179c1/staging/src/k8s.io/apiserver/pkg/server/statusz/negotiate/negotiation.go
[gosec] 2026/02/05 17:56:03 Import directory: /tmp/blitzy/blitzy-kubernetes/blitzy5f91179c1/staging/src/k8s.io/apiserver/pkg/storage/cacher/metrics
[gosec] 2026/02/05 17:56:03 Checking package: aggregated
[gosec] 2026/02/05 17:56:03 Checking file: /tmp/blitzy/blitzy-kubernetes/blitzy5f91179c1/staging/src/k8s.io/apiserver/pkg/endpoints/discovery/aggregated/etag.go
[gosec] 2026/02/05 17:56:03 Import directory: /tmp/blitzy/blitzy-kubernetes/blitzy5f91179c1/staging/src/k8s.io/apiserver/pkg/admission/plugin/webhook/config/apis/webhookadmission/install
[gosec] 2026/02/05 17:56:03 Checking file: /tmp/blitzy/blitzy-kubernetes/blitzy5f91179c1/staging/src/k8s.io/apiserver/pkg/endpoints/discovery/aggregated/fake.go
[gosec] 2026/02/05 17:56:04 Checking file: /tmp/blitzy/blitzy-kubernetes/blitzy5f91179c1/staging/src/k8s.io/apiserver/pkg/endpoints/discovery/aggregated/handler.go
[gosec] 2026/02/05 17:56:04 Checking file: /tmp/blitzy/blitzy-kubernetes/blitzy5f91179c1/staging/src/k8s.io/apiserver/pkg/endpoints/discovery/aggregated/metrics.go
[gosec] 2026/02/05 17:56:04 Checking file: /tmp/blitzy/blitzy-kubernetes/blitzy5f91179c1/staging/src/k8s.io/apiserver/pkg/endpoints/discovery/aggregated/negotiation.go
[gosec] 2026/02/05 17:56:04 Checking file: /tmp/blitzy/blitzy-kubernetes/blitzy5f91179c1/staging/src/k8s.io/apiserver/pkg/endpoints/discovery/aggregated/peer_aggregated_handler.go
[gosec] 2026/02/05 17:56:05 Checking file: /tmp/blitzy/blitzy-kubernetes/blitzy5f91179c1/staging/src/k8s.io/apiserver/pkg/endpoints/discovery/aggregated/wrapper.go
[gosec] 2026/02/05 17:56:05 Checking package: authenticator
[gosec] 2026/02/05 17:56:05 Checking file: /tmp/blitzy/blitzy-kubernetes/blitzy5f91179c1/staging/src/k8s.io/apiserver/plugin/pkg/authenticator/doc.go
[gosec] 2026/02/05 17:56:05 Checking package: metrics
[gosec] 2026/02/05 17:56:05 Checking file: /tmp/blitzy/blitzy-kubernetes/blitzy5f91179c1/staging/src/k8s.io/apiserver/pkg/util/flowcontrol/metrics/interface.go
[gosec] 2026/02/05 17:56:05 Import directory: /tmp/blitzy/blitzy-kubernetes/blitzy5f91179c1/staging/src/k8s.io/apiserver/pkg/storage/testresource
[gosec] 2026/02/05 17:56:05 Import directory: /tmp/blitzy/blitzy-kubernetes/blitzy5f91179c1/staging/src/k8s.io/apiserver/pkg/authentication/request/anonymous
[gosec] 2026/02/05 17:56:05 Checking file: /tmp/blitzy/blitzy-kubernetes/blitzy5f91179c1/staging/src/k8s.io/apiserver/pkg/util/flowcontrol/metrics/metrics.go
[gosec] 2026/02/05 17:56:06 Checking file: /tmp/blitzy/blitzy-kubernetes/blitzy5f91179c1/staging/src/k8s.io/apiserver/pkg/util/flowcontrol/metrics/timing_ratio_histogram.go
[gosec] 2026/02/05 17:56:07 Checking file: /tmp/blitzy/blitzy-kubernetes/blitzy5f91179c1/staging/src/k8s.io/apiserver/pkg/util/flowcontrol/metrics/union_gauge.go
[gosec] 2026/02/05 17:56:07 Checking file: /tmp/blitzy/blitzy-kubernetes/blitzy5f91179c1/staging/src/k8s.io/apiserver/pkg/util/flowcontrol/metrics/vec_element_pair.go
[gosec] 2026/02/05 17:56:07 Checking package: generic
[gosec] 2026/02/05 17:56:07 Checking file: /tmp/blitzy/blitzy-kubernetes/blitzy5f91179c1/staging/src/k8s.io/apiserver/pkg/admission/plugin/webhook/generic/interfaces.go
[gosec] 2026/02/05 17:56:07 Import directory: /tmp/blitzy/blitzy-kubernetes/blitzy5f91179c1/staging/src/k8s.io/apiserver/pkg/authentication/token/cache
[gosec] 2026/02/05 17:56:07 Checking file: /tmp/blitzy/blitzy-kubernetes/blitzy5f91179c1/staging/src/k8s.io/apiserver/pkg/admission/plugin/webhook/generic/webhook.go
[gosec] 2026/02/05 17:56:07 Checking package: path
[gosec] 2026/02/05 17:56:07 Checking file: /tmp/blitzy/blitzy-kubernetes/blitzy5f91179c1/staging/src/k8s.io/apiserver/pkg/authorization/path/doc.go
[gosec] 2026/02/05 17:56:07 Checking file: /tmp/blitzy/blitzy-kubernetes/blitzy5f91179c1/staging/src/k8s.io/apiserver/pkg/authorization/path/path.go
[gosec] 2026/02/05 17:56:07 Import directory: /tmp/blitzy/blitzy-kubernetes/blitzy5f91179c1/staging/src/k8s.io/apiserver/pkg/server/options/encryptionconfig/controller
[gosec] 2026/02/05 17:56:08 Checking package: v2
[gosec] 2026/02/05 17:56:08 Checking file: /tmp/blitzy/blitzy-kubernetes/blitzy5f91179c1/staging/src/k8s.io/apiserver/pkg/apis/apidiscovery/v2/conversion.go
[gosec] 2026/02/05 17:56:08 Import directory: /tmp/blitzy/blitzy-kubernetes/blitzy5f91179c1/staging/src/k8s.io/apiserver/pkg/apis/example
[gosec] 2026/02/05 17:56:09 Checking file: /tmp/blitzy/blitzy-kubernetes/blitzy5f91179c1/staging/src/k8s.io/apiserver/pkg/apis/apidiscovery/v2/doc.go
[gosec] 2026/02/05 17:56:09 Checking file: /tmp/blitzy/blitzy-kubernetes/blitzy5f91179c1/staging/src/k8s.io/apiserver/pkg/apis/apidiscovery/v2/register.go
[gosec] 2026/02/05 17:56:09 Checking package: testing
[gosec] 2026/02/05 17:56:09 Checking file: /tmp/blitzy/blitzy-kubernetes/blitzy5f91179c1/staging/src/k8s.io/apiserver/pkg/endpoints/testing/conversion.go
[gosec] 2026/02/05 17:56:09 Import directory: /tmp/blitzy/blitzy-kubernetes/blitzy5f91179c1/staging/src/k8s.io/apiserver/pkg/cel/library
[gosec] 2026/02/05 17:56:09 Checking file: /tmp/blitzy/blitzy-kubernetes/blitzy5f91179c1/staging/src/k8s.io/apiserver/pkg/endpoints/testing/doc.go
[gosec] 2026/02/05 17:56:09 Checking file: /tmp/blitzy/blitzy-kubernetes/blitzy5f91179c1/staging/src/k8s.io/apiserver/pkg/endpoints/testing/types.go
[gosec] 2026/02/05 17:56:09 Checking file: /tmp/blitzy/blitzy-kubernetes/blitzy5f91179c1/staging/src/k8s.io/apiserver/pkg/endpoints/testing/zz_generated.deepcopy.go
[gosec] 2026/02/05 17:56:10 Checking package: metrics
[gosec] 2026/02/05 17:56:10 Checking file: /tmp/blitzy/blitzy-kubernetes/blitzy5f91179c1/staging/src/k8s.io/apiserver/pkg/storage/cacher/metrics/metrics.go
[gosec] 2026/02/05 17:56:10 Import directory: /tmp/blitzy/blitzy-kubernetes/blitzy5f91179c1/staging/src/k8s.io/apiserver/pkg/server/options/encryptionconfig/metrics
[gosec] 2026/02/05 17:56:10 Checking package: install
[gosec] 2026/02/05 17:56:10 Checking file: /tmp/blitzy/blitzy-kubernetes/blitzy5f91179c1/staging/src/k8s.io/apiserver/pkg/admission/plugin/webhook/config/apis/webhookadmission/install/install.go
[gosec] 2026/02/05 17:56:10 Checking package: testresource
[gosec] 2026/02/05 17:56:10 Checking file: /tmp/blitzy/blitzy-kubernetes/blitzy5f91179c1/staging/src/k8s.io/apiserver/pkg/storage/testresource/doc.go
[gosec] 2026/02/05 17:56:10 Checking file: /tmp/blitzy/blitzy-kubernetes/blitzy5f91179c1/staging/src/k8s.io/apiserver/pkg/storage/testresource/types.go
[gosec] 2026/02/05 17:56:10 Checking file: /tmp/blitzy/blitzy-kubernetes/blitzy5f91179c1/staging/src/k8s.io/apiserver/pkg/storage/testresource/zz_generated.deepcopy.go
[gosec] 2026/02/05 17:56:10 Checking package: anonymous
[gosec] 2026/02/05 17:56:10 Checking file: /tmp/blitzy/blitzy-kubernetes/blitzy5f91179c1/staging/src/k8s.io/apiserver/pkg/authentication/request/anonymous/anonymous.go
[gosec] 2026/02/05 17:56:10 Checking package: cache
[gosec] 2026/02/05 17:56:10 Checking file: /tmp/blitzy/blitzy-kubernetes/blitzy5f91179c1/staging/src/k8s.io/apiserver/pkg/authentication/token/cache/cache_simple.go
[gosec] 2026/02/05 17:56:10 Checking file: /tmp/blitzy/blitzy-kubernetes/blitzy5f91179c1/staging/src/k8s.io/apiserver/pkg/authentication/token/cache/cache_striped.go
[gosec] 2026/02/05 17:56:10 Checking file: /tmp/blitzy/blitzy-kubernetes/blitzy5f91179c1/staging/src/k8s.io/apiserver/pkg/authentication/token/cache/cached_token_authenticator.go
[gosec] 2026/02/05 17:56:11 Checking file: /tmp/blitzy/blitzy-kubernetes/blitzy5f91179c1/staging/src/k8s.io/apiserver/pkg/authentication/token/cache/stats.go
[gosec] 2026/02/05 17:56:11 Checking package: example
[gosec] 2026/02/05 17:56:11 Checking file: /tmp/blitzy/blitzy-kubernetes/blitzy5f91179c1/staging/src/k8s.io/apiserver/pkg/apis/example/doc.go
[gosec] 2026/02/05 17:56:11 Checking file: /tmp/blitzy/blitzy-kubernetes/blitzy5f91179c1/staging/src/k8s.io/apiserver/pkg/apis/example/register.go
[gosec] 2026/02/05 17:56:11 Checking file: /tmp/blitzy/blitzy-kubernetes/blitzy5f91179c1/staging/src/k8s.io/apiserver/pkg/apis/example/types.go
[gosec] 2026/02/05 17:56:11 Checking file: /tmp/blitzy/blitzy-kubernetes/blitzy5f91179c1/staging/src/k8s.io/apiserver/pkg/apis/example/zz_generated.deepcopy.go
[gosec] 2026/02/05 17:56:12 Checking package: controller
[gosec] 2026/02/05 17:56:12 Checking file: /tmp/blitzy/blitzy-kubernetes/blitzy5f91179c1/staging/src/k8s.io/apiserver/pkg/server/options/encryptionconfig/controller/controller.go
[gosec] 2026/02/05 17:56:12 Checking package: library
[gosec] 2026/02/05 17:56:12 Checking file: /tmp/blitzy/blitzy-kubernetes/blitzy5f91179c1/staging/src/k8s.io/apiserver/pkg/cel/library/authz.go
[gosec] 2026/02/05 17:56:14 Checking file: /tmp/blitzy/blitzy-kubernetes/blitzy5f91179c1/staging/src/k8s.io/apiserver/pkg/cel/library/cidr.go
[gosec] 2026/02/05 17:56:15 Checking file: /tmp/blitzy/blitzy-kubernetes/blitzy5f91179c1/staging/src/k8s.io/apiserver/pkg/cel/library/cost.go
[gosec] 2026/02/05 17:56:17 Checking file: /tmp/blitzy/blitzy-kubernetes/blitzy5f91179c1/staging/src/k8s.io/apiserver/pkg/cel/library/format.go
[gosec] 2026/02/05 17:56:18 Checking file: /tmp/blitzy/blitzy-kubernetes/blitzy5f91179c1/staging/src/k8s.io/apiserver/pkg/cel/library/ip.go
[gosec] 2026/02/05 17:56:19 Checking file: /tmp/blitzy/blitzy-kubernetes/blitzy5f91179c1/staging/src/k8s.io/apiserver/pkg/cel/library/jsonpatch.go
[gosec] 2026/02/05 17:56:19 Checking file: /tmp/blitzy/blitzy-kubernetes/blitzy5f91179c1/staging/src/k8s.io/apiserver/pkg/cel/library/libraries.go
[gosec] 2026/02/05 17:56:19 Checking file: /tmp/blitzy/blitzy-kubernetes/blitzy5f91179c1/staging/src/k8s.io/apiserver/pkg/cel/library/lists.go
[gosec] 2026/02/05 17:56:20 Checking file: /tmp/blitzy/blitzy-kubernetes/blitzy5f91179c1/staging/src/k8s.io/apiserver/pkg/cel/library/quantity.go
[gosec] 2026/02/05 17:56:21 Checking file: /tmp/blitzy/blitzy-kubernetes/blitzy5f91179c1/staging/src/k8s.io/apiserver/pkg/cel/library/regex.go
[gosec] 2026/02/05 17:56:22 Checking file: /tmp/blitzy/blitzy-kubernetes/blitzy5f91179c1/staging/src/k8s.io/apiserver/pkg/cel/library/semverlib.go
[gosec] 2026/02/05 17:56:23 Checking file: /tmp/blitzy/blitzy-kubernetes/blitzy5f91179c1/staging/src/k8s.io/apiserver/pkg/cel/library/test.go
[gosec] 2026/02/05 17:56:23 Checking file: /tmp/blitzy/blitzy-kubernetes/blitzy5f91179c1/staging/src/k8s.io/apiserver/pkg/cel/library/urls.go
[gosec] 2026/02/05 17:56:24 Checking package: metrics
[gosec] 2026/02/05 17:56:24 Checking file: /tmp/blitzy/blitzy-kubernetes/blitzy5f91179c1/staging/src/k8s.io/apiserver/pkg/server/options/encryptionconfig/metrics/metrics.go
