[gosec] 2026/02/05 18:21:24 Including rules: default
[gosec] 2026/02/05 18:21:24 Excluding rules: G104
[gosec] 2026/02/05 18:21:24 Including analyzers: default
[gosec] 2026/02/05 18:21:24 Excluding analyzers: G104
[gosec] 2026/02/05 18:21:24 Import directory: /tmp/blitzy/blitzy-kubernetes/blitzy5f91179c1/pkg/api/node
[gosec] 2026/02/05 18:21:24 Import directory: /tmp/blitzy/blitzy-kubernetes/blitzy5f91179c1/pkg/api/pod/testing
[gosec] 2026/02/05 18:21:24 Import directory: /tmp/blitzy/blitzy-kubernetes/blitzy5f91179c1/pkg/api/endpoints/testing
[gosec] 2026/02/05 18:21:25 Import directory: /tmp/blitzy/blitzy-kubernetes/blitzy5f91179c1/pkg/api/pod
[gosec] 2026/02/05 18:21:25 Import directory: /tmp/blitzy/blitzy-kubernetes/blitzy5f91179c1/pkg/api/storage
[gosec] 2026/02/05 18:21:25 Import directory: /tmp/blitzy/blitzy-kubernetes/blitzy5f91179c1/pkg/api/job
[gosec] 2026/02/05 18:21:25 Import directory: /tmp/blitzy/blitzy-kubernetes/blitzy5f91179c1/pkg/api/testing
[gosec] 2026/02/05 18:21:25 Import directory: /tmp/blitzy/blitzy-kubernetes/blitzy5f91179c1/pkg/api/service
[gosec] 2026/02/05 18:21:25 Import directory: /tmp/blitzy/blitzy-kubernetes/blitzy5f91179c1/pkg/api/servicecidr
[gosec] 2026/02/05 18:21:25 Checking package: storage
[gosec] 2026/02/05 18:21:25 Checking file: /tmp/blitzy/blitzy-kubernetes/blitzy5f91179c1/pkg/api/storage/util.go
[gosec] 2026/02/05 18:21:25 Checking package: testing
[gosec] 2026/02/05 18:21:25 Checking file: /tmp/blitzy/blitzy-kubernetes/blitzy5f91179c1/pkg/api/endpoints/testing/make.go
[gosec] 2026/02/05 18:21:25 Import directory: /tmp/blitzy/blitzy-kubernetes/blitzy5f91179c1/pkg/api/legacyscheme
[gosec] 2026/02/05 18:21:25 Checking package: service
[gosec] 2026/02/05 18:21:25 Checking file: /tmp/blitzy/blitzy-kubernetes/blitzy5f91179c1/pkg/api/service/util.go
[gosec] 2026/02/05 18:21:25 Import directory: /tmp/blitzy/blitzy-kubernetes/blitzy5f91179c1/pkg/api/service/testing
[gosec] 2026/02/05 18:21:25 Checking file: /tmp/blitzy/blitzy-kubernetes/blitzy5f91179c1/pkg/api/service/warnings.go
[gosec] 2026/02/05 18:21:26 Checking package: node
[gosec] 2026/02/05 18:21:26 Checking file: /tmp/blitzy/blitzy-kubernetes/blitzy5f91179c1/pkg/api/node/util.go
[gosec] 2026/02/05 18:21:26 Import directory: /tmp/blitzy/blitzy-kubernetes/blitzy5f91179c1/pkg/api/testing/compat
[gosec] 2026/02/05 18:21:26 Checking package: testing
[gosec] 2026/02/05 18:21:26 Checking file: /tmp/blitzy/blitzy-kubernetes/blitzy5f91179c1/pkg/api/pod/testing/make.go
[gosec] 2026/02/05 18:21:26 Import directory: /tmp/blitzy/blitzy-kubernetes/blitzy5f91179c1/pkg/api/v1/persistentvolume
[gosec] 2026/02/05 18:21:27 Checking package: job
[gosec] 2026/02/05 18:21:27 Checking file: /tmp/blitzy/blitzy-kubernetes/blitzy5f91179c1/pkg/api/job/warnings.go
[gosec] 2026/02/05 18:21:27 Import directory: /tmp/blitzy/blitzy-kubernetes/blitzy5f91179c1/pkg/api/v1/pod
[gosec] 2026/02/05 18:21:27 Checking package: pod
[gosec] 2026/02/05 18:21:27 Checking file: /tmp/blitzy/blitzy-kubernetes/blitzy5f91179c1/pkg/api/pod/util.go
[gosec] 2026/02/05 18:21:27 Import directory: /tmp/blitzy/blitzy-kubernetes/blitzy5f91179c1/pkg/api/v1/service
[gosec] 2026/02/05 18:21:35 Checking file: /tmp/blitzy/blitzy-kubernetes/blitzy5f91179c1/pkg/api/pod/warnings.go
[gosec] 2026/02/05 18:21:36 Checking package: servicecidr
[gosec] 2026/02/05 18:21:36 Checking file: /tmp/blitzy/blitzy-kubernetes/blitzy5f91179c1/pkg/api/servicecidr/servicecidr.go
[gosec] 2026/02/05 18:21:36 Import directory: /tmp/blitzy/blitzy-kubernetes/blitzy5f91179c1/pkg/api/persistentvolume
[gosec] 2026/02/05 18:21:36 Checking package: legacyscheme
[gosec] 2026/02/05 18:21:36 Checking file: /tmp/blitzy/blitzy-kubernetes/blitzy5f91179c1/pkg/api/legacyscheme/scheme.go
[gosec] 2026/02/05 18:21:36 Import directory: /tmp/blitzy/blitzy-kubernetes/blitzy5f91179c1/pkg/api/persistentvolumeclaim
[gosec] 2026/02/05 18:21:36 Checking package: testing
[gosec] 2026/02/05 18:21:36 Checking file: /tmp/blitzy/blitzy-kubernetes/blitzy5f91179c1/pkg/api/testing/conversion.go
[gosec] 2026/02/05 18:21:36 Import directory: /tmp/blitzy/blitzy-kubernetes/blitzy5f91179c1/pkg/api/resourceclaimspec
[gosec] 2026/02/05 18:21:36 Checking file: /tmp/blitzy/blitzy-kubernetes/blitzy5f91179c1/pkg/api/testing/doc.go
[gosec] 2026/02/05 18:21:36 Checking file: /tmp/blitzy/blitzy-kubernetes/blitzy5f91179c1/pkg/api/testing/fuzzer.go
[gosec] 2026/02/05 18:21:36 Checking file: /tmp/blitzy/blitzy-kubernetes/blitzy5f91179c1/pkg/api/testing/install.go
[gosec] 2026/02/05 18:21:36 Checking file: /tmp/blitzy/blitzy-kubernetes/blitzy5f91179c1/pkg/api/testing/validation.go
[gosec] 2026/02/05 18:21:37 Checking package: testing
[gosec] 2026/02/05 18:21:37 Checking file: /tmp/blitzy/blitzy-kubernetes/blitzy5f91179c1/pkg/api/service/testing/make.go
[gosec] 2026/02/05 18:21:37 Import directory: /tmp/blitzy/blitzy-kubernetes/blitzy5f91179c1/pkg/api/v1/endpoints
[gosec] 2026/02/05 18:21:37 Checking package: compat
[gosec] 2026/02/05 18:21:37 Checking file: /tmp/blitzy/blitzy-kubernetes/blitzy5f91179c1/pkg/api/testing/compat/compatibility_tester.go
[gosec] 2026/02/05 18:21:37 Import directory: /tmp/blitzy/blitzy-kubernetes/blitzy5f91179c1/pkg/api/v1/resource
[gosec] 2026/02/05 18:21:38 Checking package: persistentvolume
[gosec] 2026/02/05 18:21:38 Checking file: /tmp/blitzy/blitzy-kubernetes/blitzy5f91179c1/pkg/api/v1/persistentvolume/util.go
[gosec] 2026/02/05 18:21:38 Import directory: /tmp/blitzy/blitzy-kubernetes/blitzy5f91179c1/pkg/apis/authentication/v1alpha1
[gosec] 2026/02/05 18:21:38 Checking package: pod
[gosec] 2026/02/05 18:21:38 Checking file: /tmp/blitzy/blitzy-kubernetes/blitzy5f91179c1/pkg/api/v1/pod/util.go
[gosec] 2026/02/05 18:21:38 Import directory: /tmp/blitzy/blitzy-kubernetes/blitzy5f91179c1/pkg/apis/discovery/install
[gosec] 2026/02/05 18:21:41 Checking package: service
[gosec] 2026/02/05 18:21:41 Checking file: /tmp/blitzy/blitzy-kubernetes/blitzy5f91179c1/pkg/api/v1/service/util.go
[gosec] 2026/02/05 18:21:41 Import directory: /tmp/blitzy/blitzy-kubernetes/blitzy5f91179c1/pkg/apis/discovery/validation
[gosec] 2026/02/05 18:21:41 Checking package: persistentvolume
[gosec] 2026/02/05 18:21:41 Checking file: /tmp/blitzy/blitzy-kubernetes/blitzy5f91179c1/pkg/api/persistentvolume/util.go
[gosec] 2026/02/05 18:21:41 Import directory: /tmp/blitzy/blitzy-kubernetes/blitzy5f91179c1/pkg/apis/networking/v1
[gosec] 2026/02/05 18:21:41 Checking package: resourceclaimspec
[gosec] 2026/02/05 18:21:41 Checking file: /tmp/blitzy/blitzy-kubernetes/blitzy5f91179c1/pkg/api/resourceclaimspec/util.go
[gosec] 2026/02/05 18:21:41 Import directory: /tmp/blitzy/blitzy-kubernetes/blitzy5f91179c1/pkg/apis/node/v1beta1
[gosec] 2026/02/05 18:21:42 Checking package: persistentvolumeclaim
[gosec] 2026/02/05 18:21:42 Checking file: /tmp/blitzy/blitzy-kubernetes/blitzy5f91179c1/pkg/api/persistentvolumeclaim/util.go
[gosec] 2026/02/05 18:21:42 Import directory: /tmp/blitzy/blitzy-kubernetes/blitzy5f91179c1/pkg/apis/resource/v1beta1
[gosec] 2026/02/05 18:21:42 Checking package: endpoints
[gosec] 2026/02/05 18:21:42 Checking file: /tmp/blitzy/blitzy-kubernetes/blitzy5f91179c1/pkg/api/v1/endpoints/util.go
[gosec] 2026/02/05 18:21:42 Import directory: /tmp/blitzy/blitzy-kubernetes/blitzy5f91179c1/pkg/apis/authentication/v1beta1
[gosec] 2026/02/05 18:21:43 Checking package: resource
[gosec] 2026/02/05 18:21:43 Checking file: /tmp/blitzy/blitzy-kubernetes/blitzy5f91179c1/pkg/api/v1/resource/helpers.go
[gosec] 2026/02/05 18:21:43 Import directory: /tmp/blitzy/blitzy-kubernetes/blitzy5f91179c1/pkg/apis/coordination
[gosec] 2026/02/05 18:21:44 Checking package: v1alpha1
[gosec] 2026/02/05 18:21:44 Checking file: /tmp/blitzy/blitzy-kubernetes/blitzy5f91179c1/pkg/apis/authentication/v1alpha1/defaults.go
[gosec] 2026/02/05 18:21:44 Import directory: /tmp/blitzy/blitzy-kubernetes/blitzy5f91179c1/pkg/apis/discovery/v1beta1
[gosec] 2026/02/05 18:21:44 Checking file: /tmp/blitzy/blitzy-kubernetes/blitzy5f91179c1/pkg/apis/authentication/v1alpha1/doc.go
[gosec] 2026/02/05 18:21:44 Checking file: /tmp/blitzy/blitzy-kubernetes/blitzy5f91179c1/pkg/apis/authentication/v1alpha1/register.go
[gosec] 2026/02/05 18:21:44 Checking file: /tmp/blitzy/blitzy-kubernetes/blitzy5f91179c1/pkg/apis/authentication/v1alpha1/zz_generated.conversion.go
[gosec] 2026/02/05 18:21:44 Checking file: /tmp/blitzy/blitzy-kubernetes/blitzy5f91179c1/pkg/apis/authentication/v1alpha1/zz_generated.defaults.go
[gosec] 2026/02/05 18:21:44 Checking package: install
[gosec] 2026/02/05 18:21:44 Checking file: /tmp/blitzy/blitzy-kubernetes/blitzy5f91179c1/pkg/apis/discovery/install/install.go
[gosec] 2026/02/05 18:21:44 Import directory: /tmp/blitzy/blitzy-kubernetes/blitzy5f91179c1/pkg/apis/flowcontrol/v1beta1
[gosec] 2026/02/05 18:21:44 Checking package: validation
[gosec] 2026/02/05 18:21:44 Checking file: /tmp/blitzy/blitzy-kubernetes/blitzy5f91179c1/pkg/apis/discovery/validation/validation.go
[gosec] 2026/02/05 18:21:44 Import directory: /tmp/blitzy/blitzy-kubernetes/blitzy5f91179c1/pkg/apis/imagepolicy
[gosec] 2026/02/05 18:21:45 Checking package: v1
[gosec] 2026/02/05 18:21:45 Checking file: /tmp/blitzy/blitzy-kubernetes/blitzy5f91179c1/pkg/apis/networking/v1/defaults.go
[gosec] 2026/02/05 18:21:45 Import directory: /tmp/blitzy/blitzy-kubernetes/blitzy5f91179c1/pkg/apis/rbac/fuzzer
[gosec] 2026/02/05 18:21:45 Checking file: /tmp/blitzy/blitzy-kubernetes/blitzy5f91179c1/pkg/apis/networking/v1/doc.go
[gosec] 2026/02/05 18:21:45 Checking file: /tmp/blitzy/blitzy-kubernetes/blitzy5f91179c1/pkg/apis/networking/v1/register.go
[gosec] 2026/02/05 18:21:45 Checking file: /tmp/blitzy/blitzy-kubernetes/blitzy5f91179c1/pkg/apis/networking/v1/zz_generated.conversion.go
[gosec] 2026/02/05 18:21:51 Checking file: /tmp/blitzy/blitzy-kubernetes/blitzy5f91179c1/pkg/apis/networking/v1/zz_generated.defaults.go
[gosec] 2026/02/05 18:21:51 Checking package: v1beta1
[gosec] 2026/02/05 18:21:51 Checking file: /tmp/blitzy/blitzy-kubernetes/blitzy5f91179c1/pkg/apis/node/v1beta1/doc.go
[gosec] 2026/02/05 18:21:51 Checking file: /tmp/blitzy/blitzy-kubernetes/blitzy5f91179c1/pkg/apis/node/v1beta1/register.go
[gosec] 2026/02/05 18:21:51 Import directory: /tmp/blitzy/blitzy-kubernetes/blitzy5f91179c1/pkg/apis/scheduling
[gosec] 2026/02/05 18:21:52 Checking file: /tmp/blitzy/blitzy-kubernetes/blitzy5f91179c1/pkg/apis/node/v1beta1/zz_generated.conversion.go
[gosec] 2026/02/05 18:21:52 Checking package: v1beta1
[gosec] 2026/02/05 18:21:52 Checking file: /tmp/blitzy/blitzy-kubernetes/blitzy5f91179c1/pkg/apis/resource/v1beta1/conversion.go
[gosec] 2026/02/05 18:21:52 Import directory: /tmp/blitzy/blitzy-kubernetes/blitzy5f91179c1/pkg/apis/storage/v1alpha1
[gosec] 2026/02/05 18:21:54 Checking file: /tmp/blitzy/blitzy-kubernetes/blitzy5f91179c1/pkg/apis/resource/v1beta1/defaults.go
[gosec] 2026/02/05 18:21:54 Checking file: /tmp/blitzy/blitzy-kubernetes/blitzy5f91179c1/pkg/apis/resource/v1beta1/doc.go
[gosec] 2026/02/05 18:21:54 Checking file: /tmp/blitzy/blitzy-kubernetes/blitzy5f91179c1/pkg/apis/resource/v1beta1/register.go
[gosec] 2026/02/05 18:21:54 Checking file: /tmp/blitzy/blitzy-kubernetes/blitzy5f91179c1/pkg/apis/resource/v1beta1/zz_generated.conversion.go
[gosec] 2026/02/05 18:22:03 Checking file: /tmp/blitzy/blitzy-kubernetes/blitzy5f91179c1/pkg/apis/resource/v1beta1/zz_generated.defaults.go
[gosec] 2026/02/05 18:22:03 Checking file: /tmp/blitzy/blitzy-kubernetes/blitzy5f91179c1/pkg/apis/resource/v1beta1/zz_generated.validations.go
[gosec] 2026/02/05 18:22:10 Checking package: v1beta1
[gosec] 2026/02/05 18:22:10 Checking file: /tmp/blitzy/blitzy-kubernetes/blitzy5f91179c1/pkg/apis/authentication/v1beta1/defaults.go
[gosec] 2026/02/05 18:22:10 Import directory: /tmp/blitzy/blitzy-kubernetes/blitzy5f91179c1/pkg/apis/authentication/install
[gosec] 2026/02/05 18:22:10 Checking file: /tmp/blitzy/blitzy-kubernetes/blitzy5f91179c1/pkg/apis/authentication/v1beta1/doc.go
[gosec] 2026/02/05 18:22:10 Checking file: /tmp/blitzy/blitzy-kubernetes/blitzy5f91179c1/pkg/apis/authentication/v1beta1/register.go
[gosec] 2026/02/05 18:22:10 Checking file: /tmp/blitzy/blitzy-kubernetes/blitzy5f91179c1/pkg/apis/authentication/v1beta1/zz_generated.conversion.go
[gosec] 2026/02/05 18:22:12 Checking file: /tmp/blitzy/blitzy-kubernetes/blitzy5f91179c1/pkg/apis/authentication/v1beta1/zz_generated.defaults.go
[gosec] 2026/02/05 18:22:12 Checking package: coordination
[gosec] 2026/02/05 18:22:12 Checking file: /tmp/blitzy/blitzy-kubernetes/blitzy5f91179c1/pkg/apis/coordination/doc.go
[gosec] 2026/02/05 18:22:12 Import directory: /tmp/blitzy/blitzy-kubernetes/blitzy5f91179c1/pkg/apis/batch/fuzzer
[gosec] 2026/02/05 18:22:12 Checking file: /tmp/blitzy/blitzy-kubernetes/blitzy5f91179c1/pkg/apis/coordination/register.go
[gosec] 2026/02/05 18:22:12 Checking file: /tmp/blitzy/blitzy-kubernetes/blitzy5f91179c1/pkg/apis/coordination/types.go
[gosec] 2026/02/05 18:22:12 Checking file: /tmp/blitzy/blitzy-kubernetes/blitzy5f91179c1/pkg/apis/coordination/zz_generated.deepcopy.go
[gosec] 2026/02/05 18:22:13 Checking package: v1beta1
[gosec] 2026/02/05 18:22:13 Checking file: /tmp/blitzy/blitzy-kubernetes/blitzy5f91179c1/pkg/apis/discovery/v1beta1/conversion.go
[gosec] 2026/02/05 18:22:13 Import directory: /tmp/blitzy/blitzy-kubernetes/blitzy5f91179c1/pkg/apis/flowcontrol/v1beta3
[gosec] 2026/02/05 18:22:13 Checking file: /tmp/blitzy/blitzy-kubernetes/blitzy5f91179c1/pkg/apis/discovery/v1beta1/defaults.go
[gosec] 2026/02/05 18:22:13 Checking file: /tmp/blitzy/blitzy-kubernetes/blitzy5f91179c1/pkg/apis/discovery/v1beta1/doc.go
[gosec] 2026/02/05 18:22:13 Checking file: /tmp/blitzy/blitzy-kubernetes/blitzy5f91179c1/pkg/apis/discovery/v1beta1/register.go
[gosec] 2026/02/05 18:22:13 Checking file: /tmp/blitzy/blitzy-kubernetes/blitzy5f91179c1/pkg/apis/discovery/v1beta1/zz_generated.conversion.go
[gosec] 2026/02/05 18:22:15 Checking file: /tmp/blitzy/blitzy-kubernetes/blitzy5f91179c1/pkg/apis/discovery/v1beta1/zz_generated.defaults.go
[gosec] 2026/02/05 18:22:15 Checking package: imagepolicy
[gosec] 2026/02/05 18:22:15 Checking file: /tmp/blitzy/blitzy-kubernetes/blitzy5f91179c1/pkg/apis/imagepolicy/doc.go
[gosec] 2026/02/05 18:22:15 Checking file: /tmp/blitzy/blitzy-kubernetes/blitzy5f91179c1/pkg/apis/imagepolicy/register.go
[gosec] 2026/02/05 18:22:15 Import directory: /tmp/blitzy/blitzy-kubernetes/blitzy5f91179c1/pkg/apis/imagepolicy/v1alpha1
[gosec] 2026/02/05 18:22:15 Checking file: /tmp/blitzy/blitzy-kubernetes/blitzy5f91179c1/pkg/apis/imagepolicy/types.go
[gosec] 2026/02/05 18:22:15 Checking file: /tmp/blitzy/blitzy-kubernetes/blitzy5f91179c1/pkg/apis/imagepolicy/zz_generated.deepcopy.go
[gosec] 2026/02/05 18:22:16 Checking package: v1beta1
[gosec] 2026/02/05 18:22:16 Checking file: /tmp/blitzy/blitzy-kubernetes/blitzy5f91179c1/pkg/apis/flowcontrol/v1beta1/conversion.go
[gosec] 2026/02/05 18:22:16 Import directory: /tmp/blitzy/blitzy-kubernetes/blitzy5f91179c1/pkg/apis/policy/v1beta1
[gosec] 2026/02/05 18:22:16 Checking file: /tmp/blitzy/blitzy-kubernetes/blitzy5f91179c1/pkg/apis/flowcontrol/v1beta1/defaults.go
[gosec] 2026/02/05 18:22:16 Checking file: /tmp/blitzy/blitzy-kubernetes/blitzy5f91179c1/pkg/apis/flowcontrol/v1beta1/doc.go
[gosec] 2026/02/05 18:22:16 Checking file: /tmp/blitzy/blitzy-kubernetes/blitzy5f91179c1/pkg/apis/flowcontrol/v1beta1/register.go
[gosec] 2026/02/05 18:22:16 Checking file: /tmp/blitzy/blitzy-kubernetes/blitzy5f91179c1/pkg/apis/flowcontrol/v1beta1/zz_generated.conversion.go
[gosec] 2026/02/05 18:22:20 Checking file: /tmp/blitzy/blitzy-kubernetes/blitzy5f91179c1/pkg/apis/flowcontrol/v1beta1/zz_generated.defaults.go
[gosec] 2026/02/05 18:22:20 Checking package: fuzzer
[gosec] 2026/02/05 18:22:20 Checking file: /tmp/blitzy/blitzy-kubernetes/blitzy5f91179c1/pkg/apis/rbac/fuzzer/fuzzer.go
[gosec] 2026/02/05 18:22:20 Import directory: /tmp/blitzy/blitzy-kubernetes/blitzy5f91179c1/pkg/apis/storage/v1beta1
[gosec] 2026/02/05 18:22:20 Checking package: scheduling
[gosec] 2026/02/05 18:22:20 Checking file: /tmp/blitzy/blitzy-kubernetes/blitzy5f91179c1/pkg/apis/scheduling/doc.go
[gosec] 2026/02/05 18:22:20 Checking file: /tmp/blitzy/blitzy-kubernetes/blitzy5f91179c1/pkg/apis/scheduling/register.go
[gosec] 2026/02/05 18:22:20 Import directory: /tmp/blitzy/blitzy-kubernetes/blitzy5f91179c1/pkg/apis/apps/fuzzer
[gosec] 2026/02/05 18:22:21 Checking file: /tmp/blitzy/blitzy-kubernetes/blitzy5f91179c1/pkg/apis/scheduling/types.go
[gosec] 2026/02/05 18:22:21 Checking file: /tmp/blitzy/blitzy-kubernetes/blitzy5f91179c1/pkg/apis/scheduling/zz_generated.deepcopy.go
[gosec] 2026/02/05 18:22:22 Checking package: v1alpha1
[gosec] 2026/02/05 18:22:22 Checking file: /tmp/blitzy/blitzy-kubernetes/blitzy5f91179c1/pkg/apis/storage/v1alpha1/doc.go
[gosec] 2026/02/05 18:22:22 Checking file: /tmp/blitzy/blitzy-kubernetes/blitzy5f91179c1/pkg/apis/storage/v1alpha1/register.go
[gosec] 2026/02/05 18:22:22 Import directory: /tmp/blitzy/blitzy-kubernetes/blitzy5f91179c1/pkg/apis/abac/fuzzer
[gosec] 2026/02/05 18:22:22 Checking file: /tmp/blitzy/blitzy-kubernetes/blitzy5f91179c1/pkg/apis/storage/v1alpha1/zz_generated.conversion.go
[gosec] 2026/02/05 18:22:24 Checking file: /tmp/blitzy/blitzy-kubernetes/blitzy5f91179c1/pkg/apis/storage/v1alpha1/zz_generated.defaults.go
[gosec] 2026/02/05 18:22:24 Checking file: /tmp/blitzy/blitzy-kubernetes/blitzy5f91179c1/pkg/apis/storage/v1alpha1/zz_generated.validations.go
[gosec] 2026/02/05 18:22:24 Checking package: install
[gosec] 2026/02/05 18:22:24 Checking file: /tmp/blitzy/blitzy-kubernetes/blitzy5f91179c1/pkg/apis/authentication/install/install.go
[gosec] 2026/02/05 18:22:24 Import directory: /tmp/blitzy/blitzy-kubernetes/blitzy5f91179c1/pkg/apis/admission/v1beta1
[gosec] 2026/02/05 18:22:24 Checking package: fuzzer
[gosec] 2026/02/05 18:22:24 Checking file: /tmp/blitzy/blitzy-kubernetes/blitzy5f91179c1/pkg/apis/batch/fuzzer/fuzzer.go
[gosec] 2026/02/05 18:22:24 Import directory: /tmp/blitzy/blitzy-kubernetes/blitzy5f91179c1/pkg/apis/authorization/install
[gosec] 2026/02/05 18:22:24 Checking package: v1beta3
[gosec] 2026/02/05 18:22:24 Checking file: /tmp/blitzy/blitzy-kubernetes/blitzy5f91179c1/pkg/apis/flowcontrol/v1beta3/conversion.go
[gosec] 2026/02/05 18:22:24 Import directory: /tmp/blitzy/blitzy-kubernetes/blitzy5f91179c1/pkg/apis/authorization/v1beta1
[gosec] 2026/02/05 18:22:24 Checking file: /tmp/blitzy/blitzy-kubernetes/blitzy5f91179c1/pkg/apis/flowcontrol/v1beta3/defaults.go
[gosec] 2026/02/05 18:22:24 Checking file: /tmp/blitzy/blitzy-kubernetes/blitzy5f91179c1/pkg/apis/flowcontrol/v1beta3/doc.go
[gosec] 2026/02/05 18:22:24 Checking file: /tmp/blitzy/blitzy-kubernetes/blitzy5f91179c1/pkg/apis/flowcontrol/v1beta3/register.go
[gosec] 2026/02/05 18:22:24 Checking file: /tmp/blitzy/blitzy-kubernetes/blitzy5f91179c1/pkg/apis/flowcontrol/v1beta3/zz_generated.conversion.go
[gosec] 2026/02/05 18:22:29 Checking file: /tmp/blitzy/blitzy-kubernetes/blitzy5f91179c1/pkg/apis/flowcontrol/v1beta3/zz_generated.defaults.go
[gosec] 2026/02/05 18:22:29 Checking package: v1alpha1
[gosec] 2026/02/05 18:22:29 Checking file: /tmp/blitzy/blitzy-kubernetes/blitzy5f91179c1/pkg/apis/imagepolicy/v1alpha1/doc.go
[gosec] 2026/02/05 18:22:29 Checking file: /tmp/blitzy/blitzy-kubernetes/blitzy5f91179c1/pkg/apis/imagepolicy/v1alpha1/register.go
[gosec] 2026/02/05 18:22:29 Import directory: /tmp/blitzy/blitzy-kubernetes/blitzy5f91179c1/pkg/apis/scheduling/fuzzer
[gosec] 2026/02/05 18:22:29 Checking file: /tmp/blitzy/blitzy-kubernetes/blitzy5f91179c1/pkg/apis/imagepolicy/v1alpha1/zz_generated.conversion.go
[gosec] 2026/02/05 18:22:30 Checking file: /tmp/blitzy/blitzy-kubernetes/blitzy5f91179c1/pkg/apis/imagepolicy/v1alpha1/zz_generated.defaults.go
[gosec] 2026/02/05 18:22:30 Checking package: v1beta1
[gosec] 2026/02/05 18:22:30 Checking file: /tmp/blitzy/blitzy-kubernetes/blitzy5f91179c1/pkg/apis/policy/v1beta1/conversion.go
[gosec] 2026/02/05 18:22:30 Import directory: /tmp/blitzy/blitzy-kubernetes/blitzy5f91179c1/pkg/apis/scheduling/v1alpha1
[gosec] 2026/02/05 18:22:30 Checking file: /tmp/blitzy/blitzy-kubernetes/blitzy5f91179c1/pkg/apis/policy/v1beta1/doc.go
[gosec] 2026/02/05 18:22:30 Checking file: /tmp/blitzy/blitzy-kubernetes/blitzy5f91179c1/pkg/apis/policy/v1beta1/register.go
[gosec] 2026/02/05 18:22:30 Checking file: /tmp/blitzy/blitzy-kubernetes/blitzy5f91179c1/pkg/apis/policy/v1beta1/zz_generated.conversion.go
[gosec] 2026/02/05 18:22:31 Checking file: /tmp/blitzy/blitzy-kubernetes/blitzy5f91179c1/pkg/apis/policy/v1beta1/zz_generated.defaults.go
[gosec] 2026/02/05 18:22:31 Checking package: v1beta1
[gosec] 2026/02/05 18:22:31 Checking file: /tmp/blitzy/blitzy-kubernetes/blitzy5f91179c1/pkg/apis/storage/v1beta1/defaults.go
[gosec] 2026/02/05 18:22:31 Import directory: /tmp/blitzy/blitzy-kubernetes/blitzy5f91179c1/pkg/apis/admissionregistration/validation
[gosec] 2026/02/05 18:22:31 Checking file: /tmp/blitzy/blitzy-kubernetes/blitzy5f91179c1/pkg/apis/storage/v1beta1/doc.go
[gosec] 2026/02/05 18:22:31 Checking file: /tmp/blitzy/blitzy-kubernetes/blitzy5f91179c1/pkg/apis/storage/v1beta1/register.go
[gosec] 2026/02/05 18:22:31 Checking file: /tmp/blitzy/blitzy-kubernetes/blitzy5f91179c1/pkg/apis/storage/v1beta1/zz_generated.conversion.go
[gosec] 2026/02/05 18:22:36 Checking file: /tmp/blitzy/blitzy-kubernetes/blitzy5f91179c1/pkg/apis/storage/v1beta1/zz_generated.defaults.go
[gosec] 2026/02/05 18:22:36 Checking file: /tmp/blitzy/blitzy-kubernetes/blitzy5f91179c1/pkg/apis/storage/v1beta1/zz_generated.validations.go
[gosec] 2026/02/05 18:22:36 Checking package: fuzzer
[gosec] 2026/02/05 18:22:36 Checking file: /tmp/blitzy/blitzy-kubernetes/blitzy5f91179c1/pkg/apis/apps/fuzzer/fuzzer.go
[gosec] 2026/02/05 18:22:36 Import directory: /tmp/blitzy/blitzy-kubernetes/blitzy5f91179c1/pkg/apis/apidiscovery/v2
[gosec] 2026/02/05 18:22:36 Checking package: fuzzer
[gosec] 2026/02/05 18:22:36 Checking file: /tmp/blitzy/blitzy-kubernetes/blitzy5f91179c1/pkg/apis/abac/fuzzer/fuzzer.go
[gosec] 2026/02/05 18:22:36 Import directory: /tmp/blitzy/blitzy-kubernetes/blitzy5f91179c1/pkg/apis/apiserverinternal/install
[gosec] 2026/02/05 18:22:36 Checking package: v1beta1
[gosec] 2026/02/05 18:22:36 Checking file: /tmp/blitzy/blitzy-kubernetes/blitzy5f91179c1/pkg/apis/admission/v1beta1/doc.go
[gosec] 2026/02/05 18:22:36 Import directory: /tmp/blitzy/blitzy-kubernetes/blitzy5f91179c1/pkg/apis/batch/validation
[gosec] 2026/02/05 18:22:36 Checking file: /tmp/blitzy/blitzy-kubernetes/blitzy5f91179c1/pkg/apis/admission/v1beta1/register.go
[gosec] 2026/02/05 18:22:36 Checking file: /tmp/blitzy/blitzy-kubernetes/blitzy5f91179c1/pkg/apis/admission/v1beta1/zz_generated.conversion.go
[gosec] 2026/02/05 18:22:37 Checking file: /tmp/blitzy/blitzy-kubernetes/blitzy5f91179c1/pkg/apis/admission/v1beta1/zz_generated.defaults.go
[gosec] 2026/02/05 18:22:38 Checking package: install
[gosec] 2026/02/05 18:22:38 Checking file: /tmp/blitzy/blitzy-kubernetes/blitzy5f91179c1/pkg/apis/authorization/install/install.go
[gosec] 2026/02/05 18:22:38 Import directory: /tmp/blitzy/blitzy-kubernetes/blitzy5f91179c1/pkg/apis/core/helper/qos
[gosec] 2026/02/05 18:22:38 Checking package: v1beta1
[gosec] 2026/02/05 18:22:38 Checking file: /tmp/blitzy/blitzy-kubernetes/blitzy5f91179c1/pkg/apis/authorization/v1beta1/defaults.go
[gosec] 2026/02/05 18:22:38 Import directory: /tmp/blitzy/blitzy-kubernetes/blitzy5f91179c1/pkg/apis/policy/fuzzer
[gosec] 2026/02/05 18:22:38 Checking file: /tmp/blitzy/blitzy-kubernetes/blitzy5f91179c1/pkg/apis/authorization/v1beta1/doc.go
[gosec] 2026/02/05 18:22:38 Checking file: /tmp/blitzy/blitzy-kubernetes/blitzy5f91179c1/pkg/apis/authorization/v1beta1/register.go
[gosec] 2026/02/05 18:22:38 Checking file: /tmp/blitzy/blitzy-kubernetes/blitzy5f91179c1/pkg/apis/authorization/v1beta1/zz_generated.conversion.go
[gosec] 2026/02/05 18:22:41 Checking file: /tmp/blitzy/blitzy-kubernetes/blitzy5f91179c1/pkg/apis/authorization/v1beta1/zz_generated.defaults.go
[gosec] 2026/02/05 18:22:41 Checking package: fuzzer
[gosec] 2026/02/05 18:22:41 Checking file: /tmp/blitzy/blitzy-kubernetes/blitzy5f91179c1/pkg/apis/scheduling/fuzzer/fuzzer.go
[gosec] 2026/02/05 18:22:41 Import directory: /tmp/blitzy/blitzy-kubernetes/blitzy5f91179c1/pkg/apis/scheduling/v1
[gosec] 2026/02/05 18:22:41 Checking package: v1alpha1
[gosec] 2026/02/05 18:22:41 Checking file: /tmp/blitzy/blitzy-kubernetes/blitzy5f91179c1/pkg/apis/scheduling/v1alpha1/defaults.go
[gosec] 2026/02/05 18:22:41 Import directory: /tmp/blitzy/blitzy-kubernetes/blitzy5f91179c1/pkg/apis/admission/v1
[gosec] 2026/02/05 18:22:41 Checking file: /tmp/blitzy/blitzy-kubernetes/blitzy5f91179c1/pkg/apis/scheduling/v1alpha1/doc.go
[gosec] 2026/02/05 18:22:41 Checking file: /tmp/blitzy/blitzy-kubernetes/blitzy5f91179c1/pkg/apis/scheduling/v1alpha1/register.go
[gosec] 2026/02/05 18:22:41 Checking file: /tmp/blitzy/blitzy-kubernetes/blitzy5f91179c1/pkg/apis/scheduling/v1alpha1/zz_generated.conversion.go
[gosec] 2026/02/05 18:22:42 Checking file: /tmp/blitzy/blitzy-kubernetes/blitzy5f91179c1/pkg/apis/scheduling/v1alpha1/zz_generated.defaults.go
[gosec] 2026/02/05 18:22:43 Checking package: validation
[gosec] 2026/02/05 18:22:43 Checking file: /tmp/blitzy/blitzy-kubernetes/blitzy5f91179c1/pkg/apis/admissionregistration/validation/validation.go
[gosec] 2026/02/05 18:22:43 Import directory: /tmp/blitzy/blitzy-kubernetes/blitzy5f91179c1/pkg/apis/autoscaling/v2beta2
[gosec] 2026/02/05 18:22:47 Checking package: v2
[gosec] 2026/02/05 18:22:47 Checking file: /tmp/blitzy/blitzy-kubernetes/blitzy5f91179c1/pkg/apis/apidiscovery/v2/doc.go
[gosec] 2026/02/05 18:22:47 Checking file: /tmp/blitzy/blitzy-kubernetes/blitzy5f91179c1/pkg/apis/apidiscovery/v2/register.go
[gosec] 2026/02/05 18:22:47 Import directory: /tmp/blitzy/blitzy-kubernetes/blitzy5f91179c1/pkg/apis/flowcontrol/internalbootstrap
[gosec] 2026/02/05 18:22:47 Checking file: /tmp/blitzy/blitzy-kubernetes/blitzy5f91179c1/pkg/apis/apidiscovery/v2/zz_generated.conversion.go
[gosec] 2026/02/05 18:22:48 Checking file: /tmp/blitzy/blitzy-kubernetes/blitzy5f91179c1/pkg/apis/apidiscovery/v2/zz_generated.defaults.go
[gosec] 2026/02/05 18:22:48 Checking package: install
[gosec] 2026/02/05 18:22:48 Checking file: /tmp/blitzy/blitzy-kubernetes/blitzy5f91179c1/pkg/apis/apiserverinternal/install/install.go
[gosec] 2026/02/05 18:22:48 Import directory: /tmp/blitzy/blitzy-kubernetes/blitzy5f91179c1/pkg/apis/node
[gosec] 2026/02/05 18:22:48 Checking package: validation
[gosec] 2026/02/05 18:22:48 Checking file: /tmp/blitzy/blitzy-kubernetes/blitzy5f91179c1/pkg/apis/batch/validation/validation.go
[gosec] 2026/02/05 18:22:48 Import directory: /tmp/blitzy/blitzy-kubernetes/blitzy5f91179c1/pkg/apis/rbac/v1alpha1
[gosec] 2026/02/05 18:22:50 Checking package: fuzzer
[gosec] 2026/02/05 18:22:50 Checking file: /tmp/blitzy/blitzy-kubernetes/blitzy5f91179c1/pkg/apis/policy/fuzzer/fuzzer.go
[gosec] 2026/02/05 18:22:50 Import directory: /tmp/blitzy/blitzy-kubernetes/blitzy5f91179c1/pkg/apis/storagemigration/install
[gosec] 2026/02/05 18:22:50 Checking package: qos
[gosec] 2026/02/05 18:22:50 Checking file: /tmp/blitzy/blitzy-kubernetes/blitzy5f91179c1/pkg/apis/core/helper/qos/qos.go
[gosec] 2026/02/05 18:22:50 Import directory: /tmp/blitzy/blitzy-kubernetes/blitzy5f91179c1/pkg/apis/batch
[gosec] 2026/02/05 18:22:50 Checking package: v1
[gosec] 2026/02/05 18:22:50 Checking file: /tmp/blitzy/blitzy-kubernetes/blitzy5f91179c1/pkg/apis/scheduling/v1/defaults.go
[gosec] 2026/02/05 18:22:50 Import directory: /tmp/blitzy/blitzy-kubernetes/blitzy5f91179c1/pkg/apis/apps/validation
[gosec] 2026/02/05 18:22:50 Checking file: /tmp/blitzy/blitzy-kubernetes/blitzy5f91179c1/pkg/apis/scheduling/v1/doc.go
[gosec] 2026/02/05 18:22:50 Checking file: /tmp/blitzy/blitzy-kubernetes/blitzy5f91179c1/pkg/apis/scheduling/v1/helpers.go
[gosec] 2026/02/05 18:22:50 Checking file: /tmp/blitzy/blitzy-kubernetes/blitzy5f91179c1/pkg/apis/scheduling/v1/register.go
[gosec] 2026/02/05 18:22:50 Checking file: /tmp/blitzy/blitzy-kubernetes/blitzy5f91179c1/pkg/apis/scheduling/v1/zz_generated.conversion.go
[gosec] 2026/02/05 18:22:51 Checking file: /tmp/blitzy/blitzy-kubernetes/blitzy5f91179c1/pkg/apis/scheduling/v1/zz_generated.defaults.go
[gosec] 2026/02/05 18:22:51 Checking package: v1
[gosec] 2026/02/05 18:22:51 Checking file: /tmp/blitzy/blitzy-kubernetes/blitzy5f91179c1/pkg/apis/admission/v1/doc.go
[gosec] 2026/02/05 18:22:51 Import directory: /tmp/blitzy/blitzy-kubernetes/blitzy5f91179c1/pkg/apis/authorization/fuzzer
[gosec] 2026/02/05 18:22:51 Checking file: /tmp/blitzy/blitzy-kubernetes/blitzy5f91179c1/pkg/apis/admission/v1/register.go
[gosec] 2026/02/05 18:22:51 Checking file: /tmp/blitzy/blitzy-kubernetes/blitzy5f91179c1/pkg/apis/admission/v1/zz_generated.conversion.go
[gosec] 2026/02/05 18:22:52 Checking file: /tmp/blitzy/blitzy-kubernetes/blitzy5f91179c1/pkg/apis/admission/v1/zz_generated.defaults.go
[gosec] 2026/02/05 18:22:52 Checking package: v2beta2
[gosec] 2026/02/05 18:22:52 Checking file: /tmp/blitzy/blitzy-kubernetes/blitzy5f91179c1/pkg/apis/autoscaling/v2beta2/conversion.go
[gosec] 2026/02/05 18:22:52 Import directory: /tmp/blitzy/blitzy-kubernetes/blitzy5f91179c1/pkg/apis/authorization/v1
[gosec] 2026/02/05 18:22:52 Checking file: /tmp/blitzy/blitzy-kubernetes/blitzy5f91179c1/pkg/apis/autoscaling/v2beta2/defaults.go
[gosec] 2026/02/05 18:22:52 Checking file: /tmp/blitzy/blitzy-kubernetes/blitzy5f91179c1/pkg/apis/autoscaling/v2beta2/doc.go
[gosec] 2026/02/05 18:22:52 Checking file: /tmp/blitzy/blitzy-kubernetes/blitzy5f91179c1/pkg/apis/autoscaling/v2beta2/register.go
[gosec] 2026/02/05 18:22:52 Checking file: /tmp/blitzy/blitzy-kubernetes/blitzy5f91179c1/pkg/apis/autoscaling/v2beta2/zz_generated.conversion.go
[gosec] 2026/02/05 18:22:59 Checking file: /tmp/blitzy/blitzy-kubernetes/blitzy5f91179c1/pkg/apis/autoscaling/v2beta2/zz_generated.defaults.go
[gosec] 2026/02/05 18:22:59 Checking package: internalbootstrap
[gosec] 2026/02/05 18:22:59 Checking file: /tmp/blitzy/blitzy-kubernetes/blitzy5f91179c1/pkg/apis/flowcontrol/internalbootstrap/default-internal.go
[gosec] 2026/02/05 18:22:59 Import directory: /tmp/blitzy/blitzy-kubernetes/blitzy5f91179c1/pkg/apis/autoscaling/validation
[gosec] 2026/02/05 18:22:59 Checking package: node
[gosec] 2026/02/05 18:22:59 Checking file: /tmp/blitzy/blitzy-kubernetes/blitzy5f91179c1/pkg/apis/node/doc.go
[gosec] 2026/02/05 18:22:59 Checking file: /tmp/blitzy/blitzy-kubernetes/blitzy5f91179c1/pkg/apis/node/register.go
[gosec] 2026/02/05 18:22:59 Import directory: /tmp/blitzy/blitzy-kubernetes/blitzy5f91179c1/pkg/apis/resource
[gosec] 2026/02/05 18:22:59 Checking file: /tmp/blitzy/blitzy-kubernetes/blitzy5f91179c1/pkg/apis/node/types.go
[gosec] 2026/02/05 18:22:59 Checking file: /tmp/blitzy/blitzy-kubernetes/blitzy5f91179c1/pkg/apis/node/zz_generated.deepcopy.go
[gosec] 2026/02/05 18:23:00 Checking package: v1alpha1
[gosec] 2026/02/05 18:23:00 Checking file: /tmp/blitzy/blitzy-kubernetes/blitzy5f91179c1/pkg/apis/rbac/v1alpha1/conversion.go
[gosec] 2026/02/05 18:23:00 Import directory: /tmp/blitzy/blitzy-kubernetes/blitzy5f91179c1/pkg/apis/apiserverinternal/validation
[gosec] 2026/02/05 18:23:00 Checking file: /tmp/blitzy/blitzy-kubernetes/blitzy5f91179c1/pkg/apis/rbac/v1alpha1/defaults.go
[gosec] 2026/02/05 18:23:00 Checking file: /tmp/blitzy/blitzy-kubernetes/blitzy5f91179c1/pkg/apis/rbac/v1alpha1/doc.go
[gosec] 2026/02/05 18:23:00 Checking file: /tmp/blitzy/blitzy-kubernetes/blitzy5f91179c1/pkg/apis/rbac/v1alpha1/helpers.go
[gosec] 2026/02/05 18:23:00 Checking file: /tmp/blitzy/blitzy-kubernetes/blitzy5f91179c1/pkg/apis/rbac/v1alpha1/register.go
[gosec] 2026/02/05 18:23:00 Checking file: /tmp/blitzy/blitzy-kubernetes/blitzy5f91179c1/pkg/apis/rbac/v1alpha1/zz_generated.conversion.go
[gosec] 2026/02/05 18:23:03 Checking file: /tmp/blitzy/blitzy-kubernetes/blitzy5f91179c1/pkg/apis/rbac/v1alpha1/zz_generated.defaults.go
[gosec] 2026/02/05 18:23:04 Checking file: /tmp/blitzy/blitzy-kubernetes/blitzy5f91179c1/pkg/apis/rbac/v1alpha1/zz_generated.validations.go
[gosec] 2026/02/05 18:23:05 Checking package: install
[gosec] 2026/02/05 18:23:05 Checking file: /tmp/blitzy/blitzy-kubernetes/blitzy5f91179c1/pkg/apis/storagemigration/install/install.go
[gosec] 2026/02/05 18:23:05 Import directory: /tmp/blitzy/blitzy-kubernetes/blitzy5f91179c1/pkg/apis/admissionregistration
[gosec] 2026/02/05 18:23:05 Checking package: batch
[gosec] 2026/02/05 18:23:05 Checking file: /tmp/blitzy/blitzy-kubernetes/blitzy5f91179c1/pkg/apis/batch/doc.go
[gosec] 2026/02/05 18:23:05 Checking file: /tmp/blitzy/blitzy-kubernetes/blitzy5f91179c1/pkg/apis/batch/register.go
[gosec] 2026/02/05 18:23:05 Import directory: /tmp/blitzy/blitzy-kubernetes/blitzy5f91179c1/pkg/apis/abac/latest
[gosec] 2026/02/05 18:23:05 Checking file: /tmp/blitzy/blitzy-kubernetes/blitzy5f91179c1/pkg/apis/batch/types.go
[gosec] 2026/02/05 18:23:05 Checking file: /tmp/blitzy/blitzy-kubernetes/blitzy5f91179c1/pkg/apis/batch/zz_generated.deepcopy.go
[gosec] 2026/02/05 18:23:07 Checking package: validation
[gosec] 2026/02/05 18:23:07 Checking file: /tmp/blitzy/blitzy-kubernetes/blitzy5f91179c1/pkg/apis/apps/validation/validation.go
[gosec] 2026/02/05 18:23:07 Import directory: /tmp/blitzy/blitzy-kubernetes/blitzy5f91179c1/pkg/apis/admission
[gosec] 2026/02/05 18:23:10 Checking package: fuzzer
[gosec] 2026/02/05 18:23:10 Checking file: /tmp/blitzy/blitzy-kubernetes/blitzy5f91179c1/pkg/apis/authorization/fuzzer/fuzzer.go
[gosec] 2026/02/05 18:23:10 Import directory: /tmp/blitzy/blitzy-kubernetes/blitzy5f91179c1/pkg/apis/authentication/validation
[gosec] 2026/02/05 18:23:10 Checking package: v1
[gosec] 2026/02/05 18:23:10 Checking file: /tmp/blitzy/blitzy-kubernetes/blitzy5f91179c1/pkg/apis/authorization/v1/defaults.go
[gosec] 2026/02/05 18:23:10 Import directory: /tmp/blitzy/blitzy-kubernetes/blitzy5f91179c1/pkg/apis/core/install
[gosec] 2026/02/05 18:23:10 Checking file: /tmp/blitzy/blitzy-kubernetes/blitzy5f91179c1/pkg/apis/authorization/v1/doc.go
[gosec] 2026/02/05 18:23:10 Checking file: /tmp/blitzy/blitzy-kubernetes/blitzy5f91179c1/pkg/apis/authorization/v1/register.go
[gosec] 2026/02/05 18:23:10 Checking file: /tmp/blitzy/blitzy-kubernetes/blitzy5f91179c1/pkg/apis/authorization/v1/zz_generated.conversion.go
[gosec] 2026/02/05 18:23:13 Checking file: /tmp/blitzy/blitzy-kubernetes/blitzy5f91179c1/pkg/apis/authorization/v1/zz_generated.defaults.go
[gosec] 2026/02/05 18:23:13 Checking package: validation
[gosec] 2026/02/05 18:23:13 Checking file: /tmp/blitzy/blitzy-kubernetes/blitzy5f91179c1/pkg/apis/autoscaling/validation/validation.go
[gosec] 2026/02/05 18:23:13 Import directory: /tmp/blitzy/blitzy-kubernetes/blitzy5f91179c1/pkg/apis/apps/install
[gosec] 2026/02/05 18:23:14 Checking package: resource
[gosec] 2026/02/05 18:23:14 Checking file: /tmp/blitzy/blitzy-kubernetes/blitzy5f91179c1/pkg/apis/resource/doc.go
[gosec] 2026/02/05 18:23:14 Checking file: /tmp/blitzy/blitzy-kubernetes/blitzy5f91179c1/pkg/apis/resource/register.go
[gosec] 2026/02/05 18:23:14 Import directory: /tmp/blitzy/blitzy-kubernetes/blitzy5f91179c1/pkg/apis/extensions/install
[gosec] 2026/02/05 18:23:14 Checking file: /tmp/blitzy/blitzy-kubernetes/blitzy5f91179c1/pkg/apis/resource/types.go
[gosec] 2026/02/05 18:23:14 Checking file: /tmp/blitzy/blitzy-kubernetes/blitzy5f91179c1/pkg/apis/resource/zz_generated.deepcopy.go
[gosec] 2026/02/05 18:23:21 Checking package: validation
[gosec] 2026/02/05 18:23:21 Checking file: /tmp/blitzy/blitzy-kubernetes/blitzy5f91179c1/pkg/apis/apiserverinternal/validation/validation.go
[gosec] 2026/02/05 18:23:21 Import directory: /tmp/blitzy/blitzy-kubernetes/blitzy5f91179c1/pkg/apis/node/install
[gosec] 2026/02/05 18:23:22 Checking package: admissionregistration
[gosec] 2026/02/05 18:23:22 Checking file: /tmp/blitzy/blitzy-kubernetes/blitzy5f91179c1/pkg/apis/admissionregistration/doc.go
[gosec] 2026/02/05 18:23:22 Import directory: /tmp/blitzy/blitzy-kubernetes/blitzy5f91179c1/pkg/apis/storage/validation
[gosec] 2026/02/05 18:23:22 Checking file: /tmp/blitzy/blitzy-kubernetes/blitzy5f91179c1/pkg/apis/admissionregistration/register.go
[gosec] 2026/02/05 18:23:22 Checking file: /tmp/blitzy/blitzy-kubernetes/blitzy5f91179c1/pkg/apis/admissionregistration/types.go
[gosec] 2026/02/05 18:23:22 Checking file: /tmp/blitzy/blitzy-kubernetes/blitzy5f91179c1/pkg/apis/admissionregistration/zz_generated.deepcopy.go
[gosec] 2026/02/05 18:23:27 Checking package: latest
[gosec] 2026/02/05 18:23:27 Checking file: /tmp/blitzy/blitzy-kubernetes/blitzy5f91179c1/pkg/apis/abac/latest/latest.go
[gosec] 2026/02/05 18:23:27 Import directory: /tmp/blitzy/blitzy-kubernetes/blitzy5f91179c1/pkg/apis/certificates
[gosec] 2026/02/05 18:23:27 Checking package: admission
[gosec] 2026/02/05 18:23:27 Checking file: /tmp/blitzy/blitzy-kubernetes/blitzy5f91179c1/pkg/apis/admission/doc.go
[gosec] 2026/02/05 18:23:27 Import directory: /tmp/blitzy/blitzy-kubernetes/blitzy5f91179c1/pkg/apis/discovery
[gosec] 2026/02/05 18:23:27 Checking file: /tmp/blitzy/blitzy-kubernetes/blitzy5f91179c1/pkg/apis/admission/register.go
[gosec] 2026/02/05 18:23:27 Checking file: /tmp/blitzy/blitzy-kubernetes/blitzy5f91179c1/pkg/apis/admission/types.go
[gosec] 2026/02/05 18:23:27 Checking file: /tmp/blitzy/blitzy-kubernetes/blitzy5f91179c1/pkg/apis/admission/zz_generated.deepcopy.go
[gosec] 2026/02/05 18:23:28 Checking package: validation
[gosec] 2026/02/05 18:23:28 Checking file: /tmp/blitzy/blitzy-kubernetes/blitzy5f91179c1/pkg/apis/authentication/validation/validation.go
[gosec] 2026/02/05 18:23:28 Import directory: /tmp/blitzy/blitzy-kubernetes/blitzy5f91179c1/pkg/apis/flowcontrol/v1beta2
[gosec] 2026/02/05 18:23:28 Checking package: install
[gosec] 2026/02/05 18:23:28 Checking file: /tmp/blitzy/blitzy-kubernetes/blitzy5f91179c1/pkg/apis/core/install/install.go
[gosec] 2026/02/05 18:23:28 Import directory: /tmp/blitzy/blitzy-kubernetes/blitzy5f91179c1/pkg/apis/rbac/v1beta1
[gosec] 2026/02/05 18:23:28 Checking package: install
[gosec] 2026/02/05 18:23:28 Checking file: /tmp/blitzy/blitzy-kubernetes/blitzy5f91179c1/pkg/apis/apps/install/install.go
[gosec] 2026/02/05 18:23:28 Import directory: /tmp/blitzy/blitzy-kubernetes/blitzy5f91179c1/pkg/apis/discovery/v1
[gosec] 2026/02/05 18:23:28 Checking package: install
[gosec] 2026/02/05 18:23:28 Checking file: /tmp/blitzy/blitzy-kubernetes/blitzy5f91179c1/pkg/apis/extensions/install/install.go
[gosec] 2026/02/05 18:23:28 Import directory: /tmp/blitzy/blitzy-kubernetes/blitzy5f91179c1/pkg/apis/flowcontrol/install
[gosec] 2026/02/05 18:23:28 Checking package: install
[gosec] 2026/02/05 18:23:28 Checking file: /tmp/blitzy/blitzy-kubernetes/blitzy5f91179c1/pkg/apis/node/install/install.go
[gosec] 2026/02/05 18:23:28 Import directory: /tmp/blitzy/blitzy-kubernetes/blitzy5f91179c1/pkg/apis/flowcontrol/v1
[gosec] 2026/02/05 18:23:28 Checking package: validation
[gosec] 2026/02/05 18:23:28 Checking file: /tmp/blitzy/blitzy-kubernetes/blitzy5f91179c1/pkg/apis/storage/validation/validation.go
[gosec] 2026/02/05 18:23:28 Import directory: /tmp/blitzy/blitzy-kubernetes/blitzy5f91179c1/pkg/apis/imagepolicy/fuzzer
[gosec] 2026/02/05 18:23:30 Checking package: discovery
[gosec] 2026/02/05 18:23:30 Checking file: /tmp/blitzy/blitzy-kubernetes/blitzy5f91179c1/pkg/apis/discovery/doc.go
[gosec] 2026/02/05 18:23:30 Checking file: /tmp/blitzy/blitzy-kubernetes/blitzy5f91179c1/pkg/apis/discovery/register.go
[gosec] 2026/02/05 18:23:30 Import directory: /tmp/blitzy/blitzy-kubernetes/blitzy5f91179c1/pkg/apis/core/v1/helper
[gosec] 2026/02/05 18:23:30 Checking file: /tmp/blitzy/blitzy-kubernetes/blitzy5f91179c1/pkg/apis/discovery/types.go
[gosec] 2026/02/05 18:23:30 Checking file: /tmp/blitzy/blitzy-kubernetes/blitzy5f91179c1/pkg/apis/discovery/zz_generated.deepcopy.go
[gosec] 2026/02/05 18:23:31 Checking package: certificates
[gosec] 2026/02/05 18:23:31 Checking file: /tmp/blitzy/blitzy-kubernetes/blitzy5f91179c1/pkg/apis/certificates/doc.go
[gosec] 2026/02/05 18:23:31 Import directory: /tmp/blitzy/blitzy-kubernetes/blitzy5f91179c1/pkg/apis/admission/fuzzer
[gosec] 2026/02/05 18:23:31 Checking file: /tmp/blitzy/blitzy-kubernetes/blitzy5f91179c1/pkg/apis/certificates/helpers.go
[gosec] 2026/02/05 18:23:31 Checking file: /tmp/blitzy/blitzy-kubernetes/blitzy5f91179c1/pkg/apis/certificates/register.go
[gosec] 2026/02/05 18:23:32 Checking file: /tmp/blitzy/blitzy-kubernetes/blitzy5f91179c1/pkg/apis/certificates/types.go
[gosec] 2026/02/05 18:23:32 Checking file: /tmp/blitzy/blitzy-kubernetes/blitzy5f91179c1/pkg/apis/certificates/zz_generated.deepcopy.go
[gosec] 2026/02/05 18:23:34 Checking package: v1beta2
[gosec] 2026/02/05 18:23:34 Checking file: /tmp/blitzy/blitzy-kubernetes/blitzy5f91179c1/pkg/apis/flowcontrol/v1beta2/conversion.go
[gosec] 2026/02/05 18:23:34 Import directory: /tmp/blitzy/blitzy-kubernetes/blitzy5f91179c1/pkg/apis/authentication/fuzzer
[gosec] 2026/02/05 18:23:34 Checking file: /tmp/blitzy/blitzy-kubernetes/blitzy5f91179c1/pkg/apis/flowcontrol/v1beta2/defaults.go
[gosec] 2026/02/05 18:23:34 Checking file: /tmp/blitzy/blitzy-kubernetes/blitzy5f91179c1/pkg/apis/flowcontrol/v1beta2/doc.go
[gosec] 2026/02/05 18:23:34 Checking file: /tmp/blitzy/blitzy-kubernetes/blitzy5f91179c1/pkg/apis/flowcontrol/v1beta2/register.go
[gosec] 2026/02/05 18:23:34 Checking file: /tmp/blitzy/blitzy-kubernetes/blitzy5f91179c1/pkg/apis/flowcontrol/v1beta2/zz_generated.conversion.go
[gosec] 2026/02/05 18:23:38 Checking file: /tmp/blitzy/blitzy-kubernetes/blitzy5f91179c1/pkg/apis/flowcontrol/v1beta2/zz_generated.defaults.go
[gosec] 2026/02/05 18:23:38 Checking package: v1
[gosec] 2026/02/05 18:23:38 Checking file: /tmp/blitzy/blitzy-kubernetes/blitzy5f91179c1/pkg/apis/flowcontrol/v1/defaults.go
[gosec] 2026/02/05 18:23:38 Import directory: /tmp/blitzy/blitzy-kubernetes/blitzy5f91179c1/pkg/apis/batch/v1
[gosec] 2026/02/05 18:23:38 Checking file: /tmp/blitzy/blitzy-kubernetes/blitzy5f91179c1/pkg/apis/flowcontrol/v1/doc.go
[gosec] 2026/02/05 18:23:38 Checking file: /tmp/blitzy/blitzy-kubernetes/blitzy5f91179c1/pkg/apis/flowcontrol/v1/register.go
[gosec] 2026/02/05 18:23:38 Checking file: /tmp/blitzy/blitzy-kubernetes/blitzy5f91179c1/pkg/apis/flowcontrol/v1/zz_generated.conversion.go
[gosec] 2026/02/05 18:23:43 Checking file: /tmp/blitzy/blitzy-kubernetes/blitzy5f91179c1/pkg/apis/flowcontrol/v1/zz_generated.defaults.go
[gosec] 2026/02/05 18:23:43 Checking package: fuzzer
[gosec] 2026/02/05 18:23:43 Checking file: /tmp/blitzy/blitzy-kubernetes/blitzy5f91179c1/pkg/apis/imagepolicy/fuzzer/fuzzer.go
[gosec] 2026/02/05 18:23:43 Import directory: /tmp/blitzy/blitzy-kubernetes/blitzy5f91179c1/pkg/apis/node/v1
[gosec] 2026/02/05 18:23:43 Checking package: v1
[gosec] 2026/02/05 18:23:43 Checking file: /tmp/blitzy/blitzy-kubernetes/blitzy5f91179c1/pkg/apis/discovery/v1/defaults.go
[gosec] 2026/02/05 18:23:43 Import directory: /tmp/blitzy/blitzy-kubernetes/blitzy5f91179c1/pkg/apis/rbac
[gosec] 2026/02/05 18:23:43 Checking file: /tmp/blitzy/blitzy-kubernetes/blitzy5f91179c1/pkg/apis/discovery/v1/doc.go
[gosec] 2026/02/05 18:23:43 Checking file: /tmp/blitzy/blitzy-kubernetes/blitzy5f91179c1/pkg/apis/discovery/v1/register.go
[gosec] 2026/02/05 18:23:43 Checking file: /tmp/blitzy/blitzy-kubernetes/blitzy5f91179c1/pkg/apis/discovery/v1/zz_generated.conversion.go
[gosec] 2026/02/05 18:23:45 Checking file: /tmp/blitzy/blitzy-kubernetes/blitzy5f91179c1/pkg/apis/discovery/v1/zz_generated.defaults.go
[gosec] 2026/02/05 18:23:45 Checking package: v1beta1
[gosec] 2026/02/05 18:23:45 Checking file: /tmp/blitzy/blitzy-kubernetes/blitzy5f91179c1/pkg/apis/rbac/v1beta1/defaults.go
[gosec] 2026/02/05 18:23:45 Import directory: /tmp/blitzy/blitzy-kubernetes/blitzy5f91179c1/pkg/apis/apps
[gosec] 2026/02/05 18:23:45 Checking file: /tmp/blitzy/blitzy-kubernetes/blitzy5f91179c1/pkg/apis/rbac/v1beta1/doc.go
[gosec] 2026/02/05 18:23:45 Checking file: /tmp/blitzy/blitzy-kubernetes/blitzy5f91179c1/pkg/apis/rbac/v1beta1/helpers.go
[gosec] 2026/02/05 18:23:45 Checking file: /tmp/blitzy/blitzy-kubernetes/blitzy5f91179c1/pkg/apis/rbac/v1beta1/register.go
[gosec] 2026/02/05 18:23:45 Checking file: /tmp/blitzy/blitzy-kubernetes/blitzy5f91179c1/pkg/apis/rbac/v1beta1/zz_generated.conversion.go
[gosec] 2026/02/05 18:23:48 Checking file: /tmp/blitzy/blitzy-kubernetes/blitzy5f91179c1/pkg/apis/rbac/v1beta1/zz_generated.defaults.go
[gosec] 2026/02/05 18:23:48 Checking file: /tmp/blitzy/blitzy-kubernetes/blitzy5f91179c1/pkg/apis/rbac/v1beta1/zz_generated.validations.go
[gosec] 2026/02/05 18:23:49 Checking package: install
[gosec] 2026/02/05 18:23:49 Checking file: /tmp/blitzy/blitzy-kubernetes/blitzy5f91179c1/pkg/apis/flowcontrol/install/install.go
[gosec] 2026/02/05 18:23:49 Import directory: /tmp/blitzy/blitzy-kubernetes/blitzy5f91179c1/pkg/apis/events/v1
[gosec] 2026/02/05 18:23:49 Checking package: helper
[gosec] 2026/02/05 18:23:49 Checking file: /tmp/blitzy/blitzy-kubernetes/blitzy5f91179c1/pkg/apis/core/v1/helper/helpers.go
[gosec] 2026/02/05 18:23:49 Import directory: /tmp/blitzy/blitzy-kubernetes/blitzy5f91179c1/pkg/apis/policy/validation
[gosec] 2026/02/05 18:23:50 Checking package: fuzzer
[gosec] 2026/02/05 18:23:50 Checking file: /tmp/blitzy/blitzy-kubernetes/blitzy5f91179c1/pkg/apis/admission/fuzzer/fuzzer.go
[gosec] 2026/02/05 18:23:50 Import directory: /tmp/blitzy/blitzy-kubernetes/blitzy5f91179c1/pkg/apis/scheduling/install
[gosec] 2026/02/05 18:23:50 Checking package: fuzzer
[gosec] 2026/02/05 18:23:50 Checking file: /tmp/blitzy/blitzy-kubernetes/blitzy5f91179c1/pkg/apis/authentication/fuzzer/fuzzer.go
[gosec] 2026/02/05 18:23:50 Import directory: /tmp/blitzy/blitzy-kubernetes/blitzy5f91179c1/pkg/apis/networking/fuzzer
[gosec] 2026/02/05 18:23:50 Checking package: v1
[gosec] 2026/02/05 18:23:50 Checking file: /tmp/blitzy/blitzy-kubernetes/blitzy5f91179c1/pkg/apis/batch/v1/conversion.go
[gosec] 2026/02/05 18:23:50 Import directory: /tmp/blitzy/blitzy-kubernetes/blitzy5f91179c1/pkg/apis/admissionregistration/v1alpha1
[gosec] 2026/02/05 18:23:50 Checking file: /tmp/blitzy/blitzy-kubernetes/blitzy5f91179c1/pkg/apis/batch/v1/defaults.go
[gosec] 2026/02/05 18:23:50 Checking file: /tmp/blitzy/blitzy-kubernetes/blitzy5f91179c1/pkg/apis/batch/v1/doc.go
[gosec] 2026/02/05 18:23:50 Checking file: /tmp/blitzy/blitzy-kubernetes/blitzy5f91179c1/pkg/apis/batch/v1/register.go
[gosec] 2026/02/05 18:23:50 Checking file: /tmp/blitzy/blitzy-kubernetes/blitzy5f91179c1/pkg/apis/batch/v1/zz_generated.conversion.go
[gosec] 2026/02/05 18:23:54 Checking file: /tmp/blitzy/blitzy-kubernetes/blitzy5f91179c1/pkg/apis/batch/v1/zz_generated.defaults.go
[gosec] 2026/02/05 18:23:56 Checking package: v1
[gosec] 2026/02/05 18:23:56 Checking file: /tmp/blitzy/blitzy-kubernetes/blitzy5f91179c1/pkg/apis/node/v1/doc.go
[gosec] 2026/02/05 18:23:56 Checking file: /tmp/blitzy/blitzy-kubernetes/blitzy5f91179c1/pkg/apis/node/v1/register.go
[gosec] 2026/02/05 18:23:56 Import directory: /tmp/blitzy/blitzy-kubernetes/blitzy5f91179c1/pkg/apis/authorization
[gosec] 2026/02/05 18:23:56 Checking file: /tmp/blitzy/blitzy-kubernetes/blitzy5f91179c1/pkg/apis/node/v1/zz_generated.conversion.go
[gosec] 2026/02/05 18:23:57 Checking package: rbac
[gosec] 2026/02/05 18:23:57 Checking file: /tmp/blitzy/blitzy-kubernetes/blitzy5f91179c1/pkg/apis/rbac/doc.go
[gosec] 2026/02/05 18:23:57 Import directory: /tmp/blitzy/blitzy-kubernetes/blitzy5f91179c1/pkg/apis/rbac/v1
[gosec] 2026/02/05 18:23:57 Checking file: /tmp/blitzy/blitzy-kubernetes/blitzy5f91179c1/pkg/apis/rbac/helpers.go
[gosec] 2026/02/05 18:23:58 Checking file: /tmp/blitzy/blitzy-kubernetes/blitzy5f91179c1/pkg/apis/rbac/register.go
[gosec] 2026/02/05 18:23:58 Checking file: /tmp/blitzy/blitzy-kubernetes/blitzy5f91179c1/pkg/apis/rbac/types.go
[gosec] 2026/02/05 18:23:58 Checking file: /tmp/blitzy/blitzy-kubernetes/blitzy5f91179c1/pkg/apis/rbac/zz_generated.deepcopy.go
[gosec] 2026/02/05 18:24:00 Checking package: apps
[gosec] 2026/02/05 18:24:00 Checking file: /tmp/blitzy/blitzy-kubernetes/blitzy5f91179c1/pkg/apis/apps/doc.go
[gosec] 2026/02/05 18:24:00 Import directory: /tmp/blitzy/blitzy-kubernetes/blitzy5f91179c1/pkg/apis/apidiscovery
[gosec] 2026/02/05 18:24:00 Checking file: /tmp/blitzy/blitzy-kubernetes/blitzy5f91179c1/pkg/apis/apps/register.go
[gosec] 2026/02/05 18:24:00 Checking file: /tmp/blitzy/blitzy-kubernetes/blitzy5f91179c1/pkg/apis/apps/types.go
[gosec] 2026/02/05 18:24:00 Checking file: /tmp/blitzy/blitzy-kubernetes/blitzy5f91179c1/pkg/apis/apps/zz_generated.deepcopy.go
[gosec] 2026/02/05 18:24:04 Checking package: validation
[gosec] 2026/02/05 18:24:04 Checking file: /tmp/blitzy/blitzy-kubernetes/blitzy5f91179c1/pkg/apis/policy/validation/validation.go
[gosec] 2026/02/05 18:24:04 Import directory: /tmp/blitzy/blitzy-kubernetes/blitzy5f91179c1/pkg/apis/authentication/v1
[gosec] 2026/02/05 18:24:04 Checking package: v1
[gosec] 2026/02/05 18:24:04 Checking file: /tmp/blitzy/blitzy-kubernetes/blitzy5f91179c1/pkg/apis/events/v1/conversion.go
[gosec] 2026/02/05 18:24:04 Import directory: /tmp/blitzy/blitzy-kubernetes/blitzy5f91179c1/pkg/apis/core/helper
[gosec] 2026/02/05 18:24:04 Checking file: /tmp/blitzy/blitzy-kubernetes/blitzy5f91179c1/pkg/apis/events/v1/doc.go
[gosec] 2026/02/05 18:24:04 Checking file: /tmp/blitzy/blitzy-kubernetes/blitzy5f91179c1/pkg/apis/events/v1/register.go
[gosec] 2026/02/05 18:24:04 Checking file: /tmp/blitzy/blitzy-kubernetes/blitzy5f91179c1/pkg/apis/events/v1/zz_generated.conversion.go
[gosec] 2026/02/05 18:24:05 Checking file: /tmp/blitzy/blitzy-kubernetes/blitzy5f91179c1/pkg/apis/events/v1/zz_generated.defaults.go
[gosec] 2026/02/05 18:24:05 Checking package: install
[gosec] 2026/02/05 18:24:05 Checking file: /tmp/blitzy/blitzy-kubernetes/blitzy5f91179c1/pkg/apis/scheduling/install/install.go
[gosec] 2026/02/05 18:24:05 Import directory: /tmp/blitzy/blitzy-kubernetes/blitzy5f91179c1/pkg/apis/policy/v1
[gosec] 2026/02/05 18:24:05 Checking package: fuzzer
[gosec] 2026/02/05 18:24:05 Checking file: /tmp/blitzy/blitzy-kubernetes/blitzy5f91179c1/pkg/apis/networking/fuzzer/fuzzer.go
[gosec] 2026/02/05 18:24:05 Import directory: /tmp/blitzy/blitzy-kubernetes/blitzy5f91179c1/pkg/apis/resource/fuzzer
[gosec] 2026/02/05 18:24:05 Checking package: v1alpha1
[gosec] 2026/02/05 18:24:05 Checking file: /tmp/blitzy/blitzy-kubernetes/blitzy5f91179c1/pkg/apis/admissionregistration/v1alpha1/defaults.go
[gosec] 2026/02/05 18:24:05 Import directory: /tmp/blitzy/blitzy-kubernetes/blitzy5f91179c1/pkg/apis/resource/v1alpha3
[gosec] 2026/02/05 18:24:05 Checking file: /tmp/blitzy/blitzy-kubernetes/blitzy5f91179c1/pkg/apis/admissionregistration/v1alpha1/doc.go
[gosec] 2026/02/05 18:24:05 Checking file: /tmp/blitzy/blitzy-kubernetes/blitzy5f91179c1/pkg/apis/admissionregistration/v1alpha1/register.go
[gosec] 2026/02/05 18:24:05 Checking file: /tmp/blitzy/blitzy-kubernetes/blitzy5f91179c1/pkg/apis/admissionregistration/v1alpha1/zz_generated.conversion.go
[gosec] 2026/02/05 18:24:12 Checking file: /tmp/blitzy/blitzy-kubernetes/blitzy5f91179c1/pkg/apis/admissionregistration/v1alpha1/zz_generated.defaults.go
[gosec] 2026/02/05 18:24:12 Checking package: authorization
[gosec] 2026/02/05 18:24:12 Checking file: /tmp/blitzy/blitzy-kubernetes/blitzy5f91179c1/pkg/apis/authorization/doc.go
[gosec] 2026/02/05 18:24:12 Checking file: /tmp/blitzy/blitzy-kubernetes/blitzy5f91179c1/pkg/apis/authorization/register.go
[gosec] 2026/02/05 18:24:12 Import directory: /tmp/blitzy/blitzy-kubernetes/blitzy5f91179c1/pkg/apis/storage/install
[gosec] 2026/02/05 18:24:12 Checking file: /tmp/blitzy/blitzy-kubernetes/blitzy5f91179c1/pkg/apis/authorization/types.go
[gosec] 2026/02/05 18:24:12 Checking file: /tmp/blitzy/blitzy-kubernetes/blitzy5f91179c1/pkg/apis/authorization/zz_generated.deepcopy.go
[gosec] 2026/02/05 18:24:14 Checking package: v1
[gosec] 2026/02/05 18:24:14 Checking file: /tmp/blitzy/blitzy-kubernetes/blitzy5f91179c1/pkg/apis/rbac/v1/defaults.go
[gosec] 2026/02/05 18:24:14 Import directory: /tmp/blitzy/blitzy-kubernetes/blitzy5f91179c1/pkg/apis/storagemigration/v1beta1
[gosec] 2026/02/05 18:24:14 Checking file: /tmp/blitzy/blitzy-kubernetes/blitzy5f91179c1/pkg/apis/rbac/v1/doc.go
[gosec] 2026/02/05 18:24:14 Checking file: /tmp/blitzy/blitzy-kubernetes/blitzy5f91179c1/pkg/apis/rbac/v1/evaluation_helpers.go
[gosec] 2026/02/05 18:24:15 Checking file: /tmp/blitzy/blitzy-kubernetes/blitzy5f91179c1/pkg/apis/rbac/v1/helpers.go
[gosec] 2026/02/05 18:24:15 Checking file: /tmp/blitzy/blitzy-kubernetes/blitzy5f91179c1/pkg/apis/rbac/v1/register.go
[gosec] 2026/02/05 18:24:15 Checking file: /tmp/blitzy/blitzy-kubernetes/blitzy5f91179c1/pkg/apis/rbac/v1/zz_generated.conversion.go
[gosec] 2026/02/05 18:24:18 Checking file: /tmp/blitzy/blitzy-kubernetes/blitzy5f91179c1/pkg/apis/rbac/v1/zz_generated.deepcopy.go
[gosec] 2026/02/05 18:24:18 Checking file: /tmp/blitzy/blitzy-kubernetes/blitzy5f91179c1/pkg/apis/rbac/v1/zz_generated.defaults.go
[gosec] 2026/02/05 18:24:18 Checking file: /tmp/blitzy/blitzy-kubernetes/blitzy5f91179c1/pkg/apis/rbac/v1/zz_generated.validations.go
[gosec] 2026/02/05 18:24:19 Checking package: apidiscovery
[gosec] 2026/02/05 18:24:19 Checking file: /tmp/blitzy/blitzy-kubernetes/blitzy5f91179c1/pkg/apis/apidiscovery/doc.go
[gosec] 2026/02/05 18:24:19 Import directory: /tmp/blitzy/blitzy-kubernetes/blitzy5f91179c1/pkg/apis/admissionregistration/install
[gosec] 2026/02/05 18:24:19 Checking file: /tmp/blitzy/blitzy-kubernetes/blitzy5f91179c1/pkg/apis/apidiscovery/register.go
[gosec] 2026/02/05 18:24:19 Checking file: /tmp/blitzy/blitzy-kubernetes/blitzy5f91179c1/pkg/apis/apidiscovery/types.go
[gosec] 2026/02/05 18:24:19 Checking file: /tmp/blitzy/blitzy-kubernetes/blitzy5f91179c1/pkg/apis/apidiscovery/zz_generated.deepcopy.go
[gosec] 2026/02/05 18:24:20 Checking package: v1
[gosec] 2026/02/05 18:24:20 Checking file: /tmp/blitzy/blitzy-kubernetes/blitzy5f91179c1/pkg/apis/authentication/v1/conversion.go
[gosec] 2026/02/05 18:24:20 Import directory: /tmp/blitzy/blitzy-kubernetes/blitzy5f91179c1/pkg/apis/discovery/fuzzer
[gosec] 2026/02/05 18:24:20 Checking file: /tmp/blitzy/blitzy-kubernetes/blitzy5f91179c1/pkg/apis/authentication/v1/defaults.go
[gosec] 2026/02/05 18:24:20 Checking file: /tmp/blitzy/blitzy-kubernetes/blitzy5f91179c1/pkg/apis/authentication/v1/doc.go
[gosec] 2026/02/05 18:24:20 Checking file: /tmp/blitzy/blitzy-kubernetes/blitzy5f91179c1/pkg/apis/authentication/v1/register.go
[gosec] 2026/02/05 18:24:20 Checking file: /tmp/blitzy/blitzy-kubernetes/blitzy5f91179c1/pkg/apis/authentication/v1/zz_generated.conversion.go
[gosec] 2026/02/05 18:24:22 Checking file: /tmp/blitzy/blitzy-kubernetes/blitzy5f91179c1/pkg/apis/authentication/v1/zz_generated.defaults.go
[gosec] 2026/02/05 18:24:22 Checking package: helper
[gosec] 2026/02/05 18:24:22 Checking file: /tmp/blitzy/blitzy-kubernetes/blitzy5f91179c1/pkg/apis/core/helper/helpers.go
[gosec] 2026/02/05 18:24:22 Import directory: /tmp/blitzy/blitzy-kubernetes/blitzy5f91179c1/pkg/apis/networking
[gosec] 2026/02/05 18:24:24 Checking package: v1
[gosec] 2026/02/05 18:24:24 Checking file: /tmp/blitzy/blitzy-kubernetes/blitzy5f91179c1/pkg/apis/policy/v1/conversion.go
[gosec] 2026/02/05 18:24:24 Import directory: /tmp/blitzy/blitzy-kubernetes/blitzy5f91179c1/pkg/apis/networking/install
[gosec] 2026/02/05 18:24:24 Checking file: /tmp/blitzy/blitzy-kubernetes/blitzy5f91179c1/pkg/apis/policy/v1/doc.go
[gosec] 2026/02/05 18:24:24 Checking file: /tmp/blitzy/blitzy-kubernetes/blitzy5f91179c1/pkg/apis/policy/v1/register.go
[gosec] 2026/02/05 18:24:24 Checking file: /tmp/blitzy/blitzy-kubernetes/blitzy5f91179c1/pkg/apis/policy/v1/zz_generated.conversion.go
[gosec] 2026/02/05 18:24:25 Checking file: /tmp/blitzy/blitzy-kubernetes/blitzy5f91179c1/pkg/apis/policy/v1/zz_generated.defaults.go
[gosec] 2026/02/05 18:24:25 Checking package: fuzzer
[gosec] 2026/02/05 18:24:25 Checking file: /tmp/blitzy/blitzy-kubernetes/blitzy5f91179c1/pkg/apis/resource/fuzzer/fuzzer.go
[gosec] 2026/02/05 18:24:25 Import directory: /tmp/blitzy/blitzy-kubernetes/blitzy5f91179c1/pkg/apis/storage
[gosec] 2026/02/05 18:24:25 Checking package: v1alpha3
[gosec] 2026/02/05 18:24:25 Checking file: /tmp/blitzy/blitzy-kubernetes/blitzy5f91179c1/pkg/apis/resource/v1alpha3/conversion.go
[gosec] 2026/02/05 18:24:25 Import directory: /tmp/blitzy/blitzy-kubernetes/blitzy5f91179c1/pkg/apis/autoscaling
[gosec] 2026/02/05 18:24:25 Checking file: /tmp/blitzy/blitzy-kubernetes/blitzy5f91179c1/pkg/apis/resource/v1alpha3/defaults.go
[gosec] 2026/02/05 18:24:25 Checking file: /tmp/blitzy/blitzy-kubernetes/blitzy5f91179c1/pkg/apis/resource/v1alpha3/doc.go
[gosec] 2026/02/05 18:24:25 Checking file: /tmp/blitzy/blitzy-kubernetes/blitzy5f91179c1/pkg/apis/resource/v1alpha3/register.go
[gosec] 2026/02/05 18:24:25 Checking file: /tmp/blitzy/blitzy-kubernetes/blitzy5f91179c1/pkg/apis/resource/v1alpha3/zz_generated.conversion.go
[gosec] 2026/02/05 18:24:27 Checking file: /tmp/blitzy/blitzy-kubernetes/blitzy5f91179c1/pkg/apis/resource/v1alpha3/zz_generated.defaults.go
[gosec] 2026/02/05 18:24:27 Checking package: install
[gosec] 2026/02/05 18:24:27 Checking file: /tmp/blitzy/blitzy-kubernetes/blitzy5f91179c1/pkg/apis/storage/install/install.go
[gosec] 2026/02/05 18:24:27 Import directory: /tmp/blitzy/blitzy-kubernetes/blitzy5f91179c1/pkg/apis/core/pods
[gosec] 2026/02/05 18:24:27 Checking package: v1beta1
[gosec] 2026/02/05 18:24:27 Checking file: /tmp/blitzy/blitzy-kubernetes/blitzy5f91179c1/pkg/apis/storagemigration/v1beta1/doc.go
[gosec] 2026/02/05 18:24:27 Import directory: /tmp/blitzy/blitzy-kubernetes/blitzy5f91179c1/pkg/apis/rbac/validation
[gosec] 2026/02/05 18:24:27 Checking file: /tmp/blitzy/blitzy-kubernetes/blitzy5f91179c1/pkg/apis/storagemigration/v1beta1/register.go
[gosec] 2026/02/05 18:24:27 Checking file: /tmp/blitzy/blitzy-kubernetes/blitzy5f91179c1/pkg/apis/storagemigration/v1beta1/zz_generated.conversion.go
[gosec] 2026/02/05 18:24:28 Checking file: /tmp/blitzy/blitzy-kubernetes/blitzy5f91179c1/pkg/apis/storagemigration/v1beta1/zz_generated.defaults.go
[gosec] 2026/02/05 18:24:28 Checking package: install
[gosec] 2026/02/05 18:24:28 Checking file: /tmp/blitzy/blitzy-kubernetes/blitzy5f91179c1/pkg/apis/admissionregistration/install/install.go
[gosec] 2026/02/05 18:24:28 Import directory: /tmp/blitzy/blitzy-kubernetes/blitzy5f91179c1/pkg/apis/authentication
[gosec] 2026/02/05 18:24:28 Checking package: fuzzer
[gosec] 2026/02/05 18:24:28 Checking file: /tmp/blitzy/blitzy-kubernetes/blitzy5f91179c1/pkg/apis/discovery/fuzzer/fuzzer.go
[gosec] 2026/02/05 18:24:28 Import directory: /tmp/blitzy/blitzy-kubernetes/blitzy5f91179c1/pkg/apis/authorization/validation
[gosec] 2026/02/05 18:24:28 Checking package: networking
[gosec] 2026/02/05 18:24:28 Checking file: /tmp/blitzy/blitzy-kubernetes/blitzy5f91179c1/pkg/apis/networking/doc.go
[gosec] 2026/02/05 18:24:28 Checking file: /tmp/blitzy/blitzy-kubernetes/blitzy5f91179c1/pkg/apis/networking/register.go
[gosec] 2026/02/05 18:24:28 Import directory: /tmp/blitzy/blitzy-kubernetes/blitzy5f91179c1/pkg/apis/certificates/v1alpha1
[gosec] 2026/02/05 18:24:28 Checking file: /tmp/blitzy/blitzy-kubernetes/blitzy5f91179c1/pkg/apis/networking/types.go
[gosec] 2026/02/05 18:24:28 Checking file: /tmp/blitzy/blitzy-kubernetes/blitzy5f91179c1/pkg/apis/networking/zz_generated.deepcopy.go
[gosec] 2026/02/05 18:24:32 Checking package: install
[gosec] 2026/02/05 18:24:32 Checking file: /tmp/blitzy/blitzy-kubernetes/blitzy5f91179c1/pkg/apis/networking/install/install.go
[gosec] 2026/02/05 18:24:32 Import directory: /tmp/blitzy/blitzy-kubernetes/blitzy5f91179c1/pkg/apis/certificates/v1beta1
[gosec] 2026/02/05 18:24:32 Checking package: storage
[gosec] 2026/02/05 18:24:32 Checking file: /tmp/blitzy/blitzy-kubernetes/blitzy5f91179c1/pkg/apis/storage/doc.go
[gosec] 2026/02/05 18:24:32 Checking file: /tmp/blitzy/blitzy-kubernetes/blitzy5f91179c1/pkg/apis/storage/register.go
[gosec] 2026/02/05 18:24:32 Import directory: /tmp/blitzy/blitzy-kubernetes/blitzy5f91179c1/pkg/apis/networking/validation
[gosec] 2026/02/05 18:24:33 Checking file: /tmp/blitzy/blitzy-kubernetes/blitzy5f91179c1/pkg/apis/storage/types.go
[gosec] 2026/02/05 18:24:33 Checking file: /tmp/blitzy/blitzy-kubernetes/blitzy5f91179c1/pkg/apis/storage/zz_generated.deepcopy.go
[gosec] 2026/02/05 18:24:36 Checking package: autoscaling
[gosec] 2026/02/05 18:24:36 Checking file: /tmp/blitzy/blitzy-kubernetes/blitzy5f91179c1/pkg/apis/autoscaling/annotations.go
[gosec] 2026/02/05 18:24:36 Import directory: /tmp/blitzy/blitzy-kubernetes/blitzy5f91179c1/pkg/apis/coordination/v1alpha2
[gosec] 2026/02/05 18:24:36 Checking file: /tmp/blitzy/blitzy-kubernetes/blitzy5f91179c1/pkg/apis/autoscaling/doc.go
[gosec] 2026/02/05 18:24:36 Checking file: /tmp/blitzy/blitzy-kubernetes/blitzy5f91179c1/pkg/apis/autoscaling/helpers.go
[gosec] 2026/02/05 18:24:36 Checking file: /tmp/blitzy/blitzy-kubernetes/blitzy5f91179c1/pkg/apis/autoscaling/register.go
[gosec] 2026/02/05 18:24:36 Checking file: /tmp/blitzy/blitzy-kubernetes/blitzy5f91179c1/pkg/apis/autoscaling/types.go
[gosec] 2026/02/05 18:24:36 Checking file: /tmp/blitzy/blitzy-kubernetes/blitzy5f91179c1/pkg/apis/autoscaling/zz_generated.deepcopy.go
[gosec] 2026/02/05 18:24:39 Checking package: pods
[gosec] 2026/02/05 18:24:39 Checking file: /tmp/blitzy/blitzy-kubernetes/blitzy5f91179c1/pkg/apis/core/pods/helpers.go
[gosec] 2026/02/05 18:24:39 Import directory: /tmp/blitzy/blitzy-kubernetes/blitzy5f91179c1/pkg/apis/core/validation
[gosec] 2026/02/05 18:24:40 Checking package: validation
[gosec] 2026/02/05 18:24:40 Checking file: /tmp/blitzy/blitzy-kubernetes/blitzy5f91179c1/pkg/apis/rbac/validation/validation.go
[gosec] 2026/02/05 18:24:40 Import directory: /tmp/blitzy/blitzy-kubernetes/blitzy5f91179c1/pkg/apis/events/v1beta1
[gosec] 2026/02/05 18:24:40 Checking package: authentication
[gosec] 2026/02/05 18:24:40 Checking file: /tmp/blitzy/blitzy-kubernetes/blitzy5f91179c1/pkg/apis/authentication/doc.go
[gosec] 2026/02/05 18:24:40 Import directory: /tmp/blitzy/blitzy-kubernetes/blitzy5f91179c1/pkg/apis/networking/v1beta1
[gosec] 2026/02/05 18:24:40 Checking file: /tmp/blitzy/blitzy-kubernetes/blitzy5f91179c1/pkg/apis/authentication/register.go
[gosec] 2026/02/05 18:24:41 Checking file: /tmp/blitzy/blitzy-kubernetes/blitzy5f91179c1/pkg/apis/authentication/types.go
[gosec] 2026/02/05 18:24:41 Checking file: /tmp/blitzy/blitzy-kubernetes/blitzy5f91179c1/pkg/apis/authentication/zz_generated.deepcopy.go
[gosec] 2026/02/05 18:24:42 Checking package: validation
[gosec] 2026/02/05 18:24:42 Checking file: /tmp/blitzy/blitzy-kubernetes/blitzy5f91179c1/pkg/apis/authorization/validation/validation.go
[gosec] 2026/02/05 18:24:42 Import directory: /tmp/blitzy/blitzy-kubernetes/blitzy5f91179c1/pkg/apis/policy
[gosec] 2026/02/05 18:24:42 Checking package: v1alpha1
[gosec] 2026/02/05 18:24:42 Checking file: /tmp/blitzy/blitzy-kubernetes/blitzy5f91179c1/pkg/apis/certificates/v1alpha1/conversion.go
[gosec] 2026/02/05 18:24:42 Import directory: /tmp/blitzy/blitzy-kubernetes/blitzy5f91179c1/pkg/apis/storage/v1
[gosec] 2026/02/05 18:24:42 Checking file: /tmp/blitzy/blitzy-kubernetes/blitzy5f91179c1/pkg/apis/certificates/v1alpha1/defaults.go
[gosec] 2026/02/05 18:24:42 Checking file: /tmp/blitzy/blitzy-kubernetes/blitzy5f91179c1/pkg/apis/certificates/v1alpha1/doc.go
[gosec] 2026/02/05 18:24:42 Checking file: /tmp/blitzy/blitzy-kubernetes/blitzy5f91179c1/pkg/apis/certificates/v1alpha1/register.go
[gosec] 2026/02/05 18:24:42 Checking file: /tmp/blitzy/blitzy-kubernetes/blitzy5f91179c1/pkg/apis/certificates/v1alpha1/zz_generated.conversion.go
[gosec] 2026/02/05 18:24:43 Checking file: /tmp/blitzy/blitzy-kubernetes/blitzy5f91179c1/pkg/apis/certificates/v1alpha1/zz_generated.defaults.go
[gosec] 2026/02/05 18:24:43 Checking file: /tmp/blitzy/blitzy-kubernetes/blitzy5f91179c1/pkg/apis/certificates/v1alpha1/zz_generated.validations.go
[gosec] 2026/02/05 18:24:43 Checking package: v1beta1
[gosec] 2026/02/05 18:24:43 Checking file: /tmp/blitzy/blitzy-kubernetes/blitzy5f91179c1/pkg/apis/certificates/v1beta1/conversion.go
[gosec] 2026/02/05 18:24:43 Import directory: /tmp/blitzy/blitzy-kubernetes/blitzy5f91179c1/pkg/apis/coordination/validation
[gosec] 2026/02/05 18:24:43 Checking file: /tmp/blitzy/blitzy-kubernetes/blitzy5f91179c1/pkg/apis/certificates/v1beta1/defaults.go
[gosec] 2026/02/05 18:24:43 Checking file: /tmp/blitzy/blitzy-kubernetes/blitzy5f91179c1/pkg/apis/certificates/v1beta1/doc.go
[gosec] 2026/02/05 18:24:43 Checking file: /tmp/blitzy/blitzy-kubernetes/blitzy5f91179c1/pkg/apis/certificates/v1beta1/helpers.go
[gosec] 2026/02/05 18:24:43 Checking file: /tmp/blitzy/blitzy-kubernetes/blitzy5f91179c1/pkg/apis/certificates/v1beta1/register.go
[gosec] 2026/02/05 18:24:43 Checking file: /tmp/blitzy/blitzy-kubernetes/blitzy5f91179c1/pkg/apis/certificates/v1beta1/zz_generated.conversion.go
[gosec] 2026/02/05 18:24:46 Checking file: /tmp/blitzy/blitzy-kubernetes/blitzy5f91179c1/pkg/apis/certificates/v1beta1/zz_generated.defaults.go
[gosec] 2026/02/05 18:24:46 Checking file: /tmp/blitzy/blitzy-kubernetes/blitzy5f91179c1/pkg/apis/certificates/v1beta1/zz_generated.validations.go
[gosec] 2026/02/05 18:24:47 Checking package: validation
[gosec] 2026/02/05 18:24:47 Checking file: /tmp/blitzy/blitzy-kubernetes/blitzy5f91179c1/pkg/apis/networking/validation/validation.go
[gosec] 2026/02/05 18:24:47 Import directory: /tmp/blitzy/blitzy-kubernetes/blitzy5f91179c1/pkg/apis/core/fuzzer
[gosec] 2026/02/05 18:24:49 Checking package: v1alpha2
[gosec] 2026/02/05 18:24:49 Checking file: /tmp/blitzy/blitzy-kubernetes/blitzy5f91179c1/pkg/apis/coordination/v1alpha2/doc.go
[gosec] 2026/02/05 18:24:49 Checking file: /tmp/blitzy/blitzy-kubernetes/blitzy5f91179c1/pkg/apis/coordination/v1alpha2/register.go
[gosec] 2026/02/05 18:24:49 Import directory: /tmp/blitzy/blitzy-kubernetes/blitzy5f91179c1/pkg/apis/events/install
[gosec] 2026/02/05 18:24:49 Checking file: /tmp/blitzy/blitzy-kubernetes/blitzy5f91179c1/pkg/apis/coordination/v1alpha2/zz_generated.conversion.go
[gosec] 2026/02/05 18:24:50 Checking file: /tmp/blitzy/blitzy-kubernetes/blitzy5f91179c1/pkg/apis/coordination/v1alpha2/zz_generated.defaults.go
[gosec] 2026/02/05 18:24:50 Checking package: validation
[gosec] 2026/02/05 18:24:50 Checking file: /tmp/blitzy/blitzy-kubernetes/blitzy5f91179c1/pkg/apis/core/validation/doc.go
[gosec] 2026/02/05 18:24:50 Checking file: /tmp/blitzy/blitzy-kubernetes/blitzy5f91179c1/pkg/apis/core/validation/events.go
[gosec] 2026/02/05 18:24:50 Import directory: /tmp/blitzy/blitzy-kubernetes/blitzy5f91179c1/pkg/apis/resource/install
[gosec] 2026/02/05 18:24:50 Checking file: /tmp/blitzy/blitzy-kubernetes/blitzy5f91179c1/pkg/apis/core/validation/names.go
[gosec] 2026/02/05 18:24:51 Checking file: /tmp/blitzy/blitzy-kubernetes/blitzy5f91179c1/pkg/apis/core/validation/validation.go
[gosec] 2026/02/05 18:25:10 Checking package: v1beta1
[gosec] 2026/02/05 18:25:10 Checking file: /tmp/blitzy/blitzy-kubernetes/blitzy5f91179c1/pkg/apis/events/v1beta1/conversion.go
[gosec] 2026/02/05 18:25:10 Import directory: /tmp/blitzy/blitzy-kubernetes/blitzy5f91179c1/pkg/apis/storagemigration
[gosec] 2026/02/05 18:25:11 Checking file: /tmp/blitzy/blitzy-kubernetes/blitzy5f91179c1/pkg/apis/events/v1beta1/doc.go
[gosec] 2026/02/05 18:25:11 Checking file: /tmp/blitzy/blitzy-kubernetes/blitzy5f91179c1/pkg/apis/events/v1beta1/register.go
[gosec] 2026/02/05 18:25:11 Checking file: /tmp/blitzy/blitzy-kubernetes/blitzy5f91179c1/pkg/apis/events/v1beta1/zz_generated.conversion.go
[gosec] 2026/02/05 18:25:11 Checking file: /tmp/blitzy/blitzy-kubernetes/blitzy5f91179c1/pkg/apis/events/v1beta1/zz_generated.defaults.go
[gosec] 2026/02/05 18:25:11 Checking package: v1beta1
[gosec] 2026/02/05 18:25:11 Checking file: /tmp/blitzy/blitzy-kubernetes/blitzy5f91179c1/pkg/apis/networking/v1beta1/conversion.go
[gosec] 2026/02/05 18:25:11 Import directory: /tmp/blitzy/blitzy-kubernetes/blitzy5f91179c1/pkg/apis/apps/v1beta1
[gosec] 2026/02/05 18:25:11 Checking file: /tmp/blitzy/blitzy-kubernetes/blitzy5f91179c1/pkg/apis/networking/v1beta1/defaults.go
[gosec] 2026/02/05 18:25:11 Checking file: /tmp/blitzy/blitzy-kubernetes/blitzy5f91179c1/pkg/apis/networking/v1beta1/doc.go
[gosec] 2026/02/05 18:25:11 Checking file: /tmp/blitzy/blitzy-kubernetes/blitzy5f91179c1/pkg/apis/networking/v1beta1/register.go
[gosec] 2026/02/05 18:25:11 Checking file: /tmp/blitzy/blitzy-kubernetes/blitzy5f91179c1/pkg/apis/networking/v1beta1/zz_generated.conversion.go
[gosec] 2026/02/05 18:25:17 Checking file: /tmp/blitzy/blitzy-kubernetes/blitzy5f91179c1/pkg/apis/networking/v1beta1/zz_generated.defaults.go
[gosec] 2026/02/05 18:25:17 Checking package: policy
[gosec] 2026/02/05 18:25:17 Checking file: /tmp/blitzy/blitzy-kubernetes/blitzy5f91179c1/pkg/apis/policy/doc.go
[gosec] 2026/02/05 18:25:17 Checking file: /tmp/blitzy/blitzy-kubernetes/blitzy5f91179c1/pkg/apis/policy/helper.go
[gosec] 2026/02/05 18:25:17 Import directory: /tmp/blitzy/blitzy-kubernetes/blitzy5f91179c1/pkg/apis/autoscaling/v1
[gosec] 2026/02/05 18:25:17 Checking file: /tmp/blitzy/blitzy-kubernetes/blitzy5f91179c1/pkg/apis/policy/register.go
[gosec] 2026/02/05 18:25:17 Checking file: /tmp/blitzy/blitzy-kubernetes/blitzy5f91179c1/pkg/apis/policy/types.go
[gosec] 2026/02/05 18:25:17 Checking file: /tmp/blitzy/blitzy-kubernetes/blitzy5f91179c1/pkg/apis/policy/zz_generated.deepcopy.go
[gosec] 2026/02/05 18:25:18 Checking package: v1
[gosec] 2026/02/05 18:25:18 Checking file: /tmp/blitzy/blitzy-kubernetes/blitzy5f91179c1/pkg/apis/storage/v1/defaults.go
[gosec] 2026/02/05 18:25:18 Import directory: /tmp/blitzy/blitzy-kubernetes/blitzy5f91179c1/pkg/apis/certificates/install
[gosec] 2026/02/05 18:25:18 Checking file: /tmp/blitzy/blitzy-kubernetes/blitzy5f91179c1/pkg/apis/storage/v1/doc.go
[gosec] 2026/02/05 18:25:18 Checking file: /tmp/blitzy/blitzy-kubernetes/blitzy5f91179c1/pkg/apis/storage/v1/register.go
[gosec] 2026/02/05 18:25:18 Checking file: /tmp/blitzy/blitzy-kubernetes/blitzy5f91179c1/pkg/apis/storage/v1/zz_generated.conversion.go
[gosec] 2026/02/05 18:25:22 Checking file: /tmp/blitzy/blitzy-kubernetes/blitzy5f91179c1/pkg/apis/storage/v1/zz_generated.defaults.go
[gosec] 2026/02/05 18:25:23 Checking file: /tmp/blitzy/blitzy-kubernetes/blitzy5f91179c1/pkg/apis/storage/v1/zz_generated.validations.go
[gosec] 2026/02/05 18:25:23 Checking package: validation
[gosec] 2026/02/05 18:25:23 Checking file: /tmp/blitzy/blitzy-kubernetes/blitzy5f91179c1/pkg/apis/coordination/validation/validation.go
[gosec] 2026/02/05 18:25:23 Import directory: /tmp/blitzy/blitzy-kubernetes/blitzy5f91179c1/pkg/apis/extensions
[gosec] 2026/02/05 18:25:23 Checking package: fuzzer
[gosec] 2026/02/05 18:25:23 Checking file: /tmp/blitzy/blitzy-kubernetes/blitzy5f91179c1/pkg/apis/core/fuzzer/fuzzer.go
[gosec] 2026/02/05 18:25:23 Import directory: /tmp/blitzy/blitzy-kubernetes/blitzy5f91179c1/pkg/apis/flowcontrol/validation
[gosec] 2026/02/05 18:25:24 Checking package: install
[gosec] 2026/02/05 18:25:24 Checking file: /tmp/blitzy/blitzy-kubernetes/blitzy5f91179c1/pkg/apis/events/install/install.go
[gosec] 2026/02/05 18:25:24 Import directory: /tmp/blitzy/blitzy-kubernetes/blitzy5f91179c1/pkg/apis/batch/install
[gosec] 2026/02/05 18:25:24 Checking package: install
[gosec] 2026/02/05 18:25:24 Checking file: /tmp/blitzy/blitzy-kubernetes/blitzy5f91179c1/pkg/apis/resource/install/install.go
[gosec] 2026/02/05 18:25:24 Import directory: /tmp/blitzy/blitzy-kubernetes/blitzy5f91179c1/pkg/apis/batch/v1beta1
[gosec] 2026/02/05 18:25:24 Checking package: storagemigration
[gosec] 2026/02/05 18:25:24 Checking file: /tmp/blitzy/blitzy-kubernetes/blitzy5f91179c1/pkg/apis/storagemigration/doc.go
[gosec] 2026/02/05 18:25:24 Checking file: /tmp/blitzy/blitzy-kubernetes/blitzy5f91179c1/pkg/apis/storagemigration/register.go
[gosec] 2026/02/05 18:25:24 Import directory: /tmp/blitzy/blitzy-kubernetes/blitzy5f91179c1/pkg/apis/coordination/install
[gosec] 2026/02/05 18:25:24 Checking file: /tmp/blitzy/blitzy-kubernetes/blitzy5f91179c1/pkg/apis/storagemigration/types.go
[gosec] 2026/02/05 18:25:24 Checking file: /tmp/blitzy/blitzy-kubernetes/blitzy5f91179c1/pkg/apis/storagemigration/zz_generated.deepcopy.go
[gosec] 2026/02/05 18:25:25 Checking package: v1beta1
[gosec] 2026/02/05 18:25:25 Checking file: /tmp/blitzy/blitzy-kubernetes/blitzy5f91179c1/pkg/apis/apps/v1beta1/conversion.go
[gosec] 2026/02/05 18:25:25 Import directory: /tmp/blitzy/blitzy-kubernetes/blitzy5f91179c1/pkg/apis/extensions/v1beta1
[gosec] 2026/02/05 18:25:25 Checking file: /tmp/blitzy/blitzy-kubernetes/blitzy5f91179c1/pkg/apis/apps/v1beta1/defaults.go
[gosec] 2026/02/05 18:25:25 Checking file: /tmp/blitzy/blitzy-kubernetes/blitzy5f91179c1/pkg/apis/apps/v1beta1/doc.go
[gosec] 2026/02/05 18:25:25 Checking file: /tmp/blitzy/blitzy-kubernetes/blitzy5f91179c1/pkg/apis/apps/v1beta1/register.go
[gosec] 2026/02/05 18:25:25 Checking file: /tmp/blitzy/blitzy-kubernetes/blitzy5f91179c1/pkg/apis/apps/v1beta1/zz_generated.conversion.go
[gosec] 2026/02/05 18:25:30 Checking file: /tmp/blitzy/blitzy-kubernetes/blitzy5f91179c1/pkg/apis/apps/v1beta1/zz_generated.defaults.go
[gosec] 2026/02/05 18:25:32 Checking file: /tmp/blitzy/blitzy-kubernetes/blitzy5f91179c1/pkg/apis/apps/v1beta1/zz_generated.validations.go
[gosec] 2026/02/05 18:25:33 Checking package: v1
[gosec] 2026/02/05 18:25:33 Checking file: /tmp/blitzy/blitzy-kubernetes/blitzy5f91179c1/pkg/apis/autoscaling/v1/conversion.go
[gosec] 2026/02/05 18:25:33 Import directory: /tmp/blitzy/blitzy-kubernetes/blitzy5f91179c1/pkg/apis/imagepolicy/install
[gosec] 2026/02/05 18:25:34 Checking file: /tmp/blitzy/blitzy-kubernetes/blitzy5f91179c1/pkg/apis/autoscaling/v1/defaults.go
[gosec] 2026/02/05 18:25:34 Checking file: /tmp/blitzy/blitzy-kubernetes/blitzy5f91179c1/pkg/apis/autoscaling/v1/doc.go
[gosec] 2026/02/05 18:25:34 Checking file: /tmp/blitzy/blitzy-kubernetes/blitzy5f91179c1/pkg/apis/autoscaling/v1/register.go
[gosec] 2026/02/05 18:25:34 Checking file: /tmp/blitzy/blitzy-kubernetes/blitzy5f91179c1/pkg/apis/autoscaling/v1/zz_generated.conversion.go
[gosec] 2026/02/05 18:25:38 Checking file: /tmp/blitzy/blitzy-kubernetes/blitzy5f91179c1/pkg/apis/autoscaling/v1/zz_generated.defaults.go
[gosec] 2026/02/05 18:25:39 Checking file: /tmp/blitzy/blitzy-kubernetes/blitzy5f91179c1/pkg/apis/autoscaling/v1/zz_generated.validations.go
[gosec] 2026/02/05 18:25:39 Checking package: install
[gosec] 2026/02/05 18:25:39 Checking file: /tmp/blitzy/blitzy-kubernetes/blitzy5f91179c1/pkg/apis/certificates/install/install.go
[gosec] 2026/02/05 18:25:39 Import directory: /tmp/blitzy/blitzy-kubernetes/blitzy5f91179c1/pkg/apis/admissionregistration/v1
[gosec] 2026/02/05 18:25:39 Checking package: extensions
[gosec] 2026/02/05 18:25:39 Checking file: /tmp/blitzy/blitzy-kubernetes/blitzy5f91179c1/pkg/apis/extensions/doc.go
[gosec] 2026/02/05 18:25:39 Checking file: /tmp/blitzy/blitzy-kubernetes/blitzy5f91179c1/pkg/apis/extensions/register.go
[gosec] 2026/02/05 18:25:39 Import directory: /tmp/blitzy/blitzy-kubernetes/blitzy5f91179c1/pkg/apis/autoscaling/v2beta1
[gosec] 2026/02/05 18:25:39 Checking file: /tmp/blitzy/blitzy-kubernetes/blitzy5f91179c1/pkg/apis/extensions/types.go
[gosec] 2026/02/05 18:25:39 Checking file: /tmp/blitzy/blitzy-kubernetes/blitzy5f91179c1/pkg/apis/extensions/zz_generated.deepcopy.go
[gosec] 2026/02/05 18:25:39 Checking package: validation
[gosec] 2026/02/05 18:25:39 Checking file: /tmp/blitzy/blitzy-kubernetes/blitzy5f91179c1/pkg/apis/flowcontrol/validation/validation.go
[gosec] 2026/02/05 18:25:39 Import directory: /tmp/blitzy/blitzy-kubernetes/blitzy5f91179c1/pkg/apis/coordination/v1
[gosec] 2026/02/05 18:25:41 Checking package: install
[gosec] 2026/02/05 18:25:41 Checking file: /tmp/blitzy/blitzy-kubernetes/blitzy5f91179c1/pkg/apis/coordination/install/install.go
[gosec] 2026/02/05 18:25:41 Import directory: /tmp/blitzy/blitzy-kubernetes/blitzy5f91179c1/pkg/apis/core/v1/helper/qos
[gosec] 2026/02/05 18:25:41 Checking package: install
[gosec] 2026/02/05 18:25:41 Checking file: /tmp/blitzy/blitzy-kubernetes/blitzy5f91179c1/pkg/apis/batch/install/install.go
[gosec] 2026/02/05 18:25:41 Import directory: /tmp/blitzy/blitzy-kubernetes/blitzy5f91179c1/pkg/apis/events
[gosec] 2026/02/05 18:25:41 Checking package: v1beta1
[gosec] 2026/02/05 18:25:41 Checking file: /tmp/blitzy/blitzy-kubernetes/blitzy5f91179c1/pkg/apis/batch/v1beta1/conversion.go
[gosec] 2026/02/05 18:25:41 Import directory: /tmp/blitzy/blitzy-kubernetes/blitzy5f91179c1/pkg/apis/admissionregistration/fuzzer
[gosec] 2026/02/05 18:25:41 Checking file: /tmp/blitzy/blitzy-kubernetes/blitzy5f91179c1/pkg/apis/batch/v1beta1/defaults.go
[gosec] 2026/02/05 18:25:41 Checking file: /tmp/blitzy/blitzy-kubernetes/blitzy5f91179c1/pkg/apis/batch/v1beta1/doc.go
[gosec] 2026/02/05 18:25:41 Checking file: /tmp/blitzy/blitzy-kubernetes/blitzy5f91179c1/pkg/apis/batch/v1beta1/register.go
[gosec] 2026/02/05 18:25:41 Checking file: /tmp/blitzy/blitzy-kubernetes/blitzy5f91179c1/pkg/apis/batch/v1beta1/zz_generated.conversion.go
[gosec] 2026/02/05 18:25:42 Checking file: /tmp/blitzy/blitzy-kubernetes/blitzy5f91179c1/pkg/apis/batch/v1beta1/zz_generated.defaults.go
[gosec] 2026/02/05 18:25:43 Checking package: v1beta1
[gosec] 2026/02/05 18:25:43 Checking file: /tmp/blitzy/blitzy-kubernetes/blitzy5f91179c1/pkg/apis/extensions/v1beta1/conversion.go
[gosec] 2026/02/05 18:25:43 Import directory: /tmp/blitzy/blitzy-kubernetes/blitzy5f91179c1/pkg/apis/abac
[gosec] 2026/02/05 18:25:44 Checking file: /tmp/blitzy/blitzy-kubernetes/blitzy5f91179c1/pkg/apis/extensions/v1beta1/defaults.go
[gosec] 2026/02/05 18:25:44 Checking file: /tmp/blitzy/blitzy-kubernetes/blitzy5f91179c1/pkg/apis/extensions/v1beta1/doc.go
[gosec] 2026/02/05 18:25:44 Checking file: /tmp/blitzy/blitzy-kubernetes/blitzy5f91179c1/pkg/apis/extensions/v1beta1/register.go
[gosec] 2026/02/05 18:25:44 Checking file: /tmp/blitzy/blitzy-kubernetes/blitzy5f91179c1/pkg/apis/extensions/v1beta1/zz_generated.conversion.go
[gosec] 2026/02/05 18:25:56 Checking file: /tmp/blitzy/blitzy-kubernetes/blitzy5f91179c1/pkg/apis/extensions/v1beta1/zz_generated.defaults.go
[gosec] 2026/02/05 18:25:59 Checking package: install
[gosec] 2026/02/05 18:25:59 Checking file: /tmp/blitzy/blitzy-kubernetes/blitzy5f91179c1/pkg/apis/imagepolicy/install/install.go
[gosec] 2026/02/05 18:25:59 Import directory: /tmp/blitzy/blitzy-kubernetes/blitzy5f91179c1/pkg/apis/apiserverinternal
[gosec] 2026/02/05 18:25:59 Checking package: v1
[gosec] 2026/02/05 18:25:59 Checking file: /tmp/blitzy/blitzy-kubernetes/blitzy5f91179c1/pkg/apis/admissionregistration/v1/conversion.go
[gosec] 2026/02/05 18:25:59 Import directory: /tmp/blitzy/blitzy-kubernetes/blitzy5f91179c1/pkg/apis/certificates/v1
[gosec] 2026/02/05 18:25:59 Checking file: /tmp/blitzy/blitzy-kubernetes/blitzy5f91179c1/pkg/apis/admissionregistration/v1/defaults.go
[gosec] 2026/02/05 18:25:59 Checking file: /tmp/blitzy/blitzy-kubernetes/blitzy5f91179c1/pkg/apis/admissionregistration/v1/doc.go
[gosec] 2026/02/05 18:25:59 Checking file: /tmp/blitzy/blitzy-kubernetes/blitzy5f91179c1/pkg/apis/admissionregistration/v1/register.go
[gosec] 2026/02/05 18:25:59 Checking file: /tmp/blitzy/blitzy-kubernetes/blitzy5f91179c1/pkg/apis/admissionregistration/v1/zz_generated.conversion.go
[gosec] 2026/02/05 18:26:07 Checking file: /tmp/blitzy/blitzy-kubernetes/blitzy5f91179c1/pkg/apis/admissionregistration/v1/zz_generated.defaults.go
[gosec] 2026/02/05 18:26:07 Checking package: v2beta1
[gosec] 2026/02/05 18:26:07 Checking file: /tmp/blitzy/blitzy-kubernetes/blitzy5f91179c1/pkg/apis/autoscaling/v2beta1/conversion.go
[gosec] 2026/02/05 18:26:07 Import directory: /tmp/blitzy/blitzy-kubernetes/blitzy5f91179c1/pkg/apis/rbac/install
[gosec] 2026/02/05 18:26:08 Checking file: /tmp/blitzy/blitzy-kubernetes/blitzy5f91179c1/pkg/apis/autoscaling/v2beta1/defaults.go
[gosec] 2026/02/05 18:26:08 Checking file: /tmp/blitzy/blitzy-kubernetes/blitzy5f91179c1/pkg/apis/autoscaling/v2beta1/doc.go
[gosec] 2026/02/05 18:26:08 Checking file: /tmp/blitzy/blitzy-kubernetes/blitzy5f91179c1/pkg/apis/autoscaling/v2beta1/register.go
[gosec] 2026/02/05 18:26:08 Checking file: /tmp/blitzy/blitzy-kubernetes/blitzy5f91179c1/pkg/apis/autoscaling/v2beta1/zz_generated.conversion.go
[gosec] 2026/02/05 18:26:12 Checking file: /tmp/blitzy/blitzy-kubernetes/blitzy5f91179c1/pkg/apis/autoscaling/v2beta1/zz_generated.defaults.go
[gosec] 2026/02/05 18:26:12 Checking package: v1
[gosec] 2026/02/05 18:26:12 Checking file: /tmp/blitzy/blitzy-kubernetes/blitzy5f91179c1/pkg/apis/coordination/v1/doc.go
[gosec] 2026/02/05 18:26:12 Checking file: /tmp/blitzy/blitzy-kubernetes/blitzy5f91179c1/pkg/apis/coordination/v1/register.go
[gosec] 2026/02/05 18:26:12 Import directory: /tmp/blitzy/blitzy-kubernetes/blitzy5f91179c1/pkg/apis/resource/v1
[gosec] 2026/02/05 18:26:12 Checking file: /tmp/blitzy/blitzy-kubernetes/blitzy5f91179c1/pkg/apis/coordination/v1/zz_generated.conversion.go
[gosec] 2026/02/05 18:26:13 Checking file: /tmp/blitzy/blitzy-kubernetes/blitzy5f91179c1/pkg/apis/coordination/v1/zz_generated.defaults.go
[gosec] 2026/02/05 18:26:13 Checking package: events
[gosec] 2026/02/05 18:26:13 Checking file: /tmp/blitzy/blitzy-kubernetes/blitzy5f91179c1/pkg/apis/events/doc.go
[gosec] 2026/02/05 18:26:13 Checking file: /tmp/blitzy/blitzy-kubernetes/blitzy5f91179c1/pkg/apis/events/register.go
[gosec] 2026/02/05 18:26:13 Import directory: /tmp/blitzy/blitzy-kubernetes/blitzy5f91179c1/pkg/apis/certificates/fuzzer
[gosec] 2026/02/05 18:26:13 Checking package: fuzzer
[gosec] 2026/02/05 18:26:13 Checking file: /tmp/blitzy/blitzy-kubernetes/blitzy5f91179c1/pkg/apis/admissionregistration/fuzzer/fuzzer.go
[gosec] 2026/02/05 18:26:13 Import directory: /tmp/blitzy/blitzy-kubernetes/blitzy5f91179c1/pkg/apis/resource/validation
[gosec] 2026/02/05 18:26:13 Checking package: qos
[gosec] 2026/02/05 18:26:13 Checking file: /tmp/blitzy/blitzy-kubernetes/blitzy5f91179c1/pkg/apis/core/v1/helper/qos/qos.go
[gosec] 2026/02/05 18:26:13 Import directory: /tmp/blitzy/blitzy-kubernetes/blitzy5f91179c1/pkg/apis/admission/install
[gosec] 2026/02/05 18:26:14 Checking package: abac
[gosec] 2026/02/05 18:26:14 Checking file: /tmp/blitzy/blitzy-kubernetes/blitzy5f91179c1/pkg/apis/abac/doc.go
[gosec] 2026/02/05 18:26:14 Import directory: /tmp/blitzy/blitzy-kubernetes/blitzy5f91179c1/pkg/apis/apidiscovery/v2beta1
[gosec] 2026/02/05 18:26:14 Checking file: /tmp/blitzy/blitzy-kubernetes/blitzy5f91179c1/pkg/apis/abac/register.go
[gosec] 2026/02/05 18:26:14 Checking file: /tmp/blitzy/blitzy-kubernetes/blitzy5f91179c1/pkg/apis/abac/types.go
[gosec] 2026/02/05 18:26:14 Checking file: /tmp/blitzy/blitzy-kubernetes/blitzy5f91179c1/pkg/apis/abac/zz_generated.deepcopy.go
[gosec] 2026/02/05 18:26:14 Checking package: apiserverinternal
[gosec] 2026/02/05 18:26:14 Checking file: /tmp/blitzy/blitzy-kubernetes/blitzy5f91179c1/pkg/apis/apiserverinternal/doc.go
[gosec] 2026/02/05 18:26:14 Checking file: /tmp/blitzy/blitzy-kubernetes/blitzy5f91179c1/pkg/apis/apiserverinternal/register.go
[gosec] 2026/02/05 18:26:14 Import directory: /tmp/blitzy/blitzy-kubernetes/blitzy5f91179c1/pkg/apis/core
[gosec] 2026/02/05 18:26:14 Checking file: /tmp/blitzy/blitzy-kubernetes/blitzy5f91179c1/pkg/apis/apiserverinternal/types.go
[gosec] 2026/02/05 18:26:14 Checking file: /tmp/blitzy/blitzy-kubernetes/blitzy5f91179c1/pkg/apis/apiserverinternal/zz_generated.deepcopy.go
[gosec] 2026/02/05 18:26:15 Checking package: v1
[gosec] 2026/02/05 18:26:15 Checking file: /tmp/blitzy/blitzy-kubernetes/blitzy5f91179c1/pkg/apis/certificates/v1/conversion.go
[gosec] 2026/02/05 18:26:15 Import directory: /tmp/blitzy/blitzy-kubernetes/blitzy5f91179c1/pkg/apis/core/v1
[gosec] 2026/02/05 18:26:15 Checking file: /tmp/blitzy/blitzy-kubernetes/blitzy5f91179c1/pkg/apis/certificates/v1/defaults.go
[gosec] 2026/02/05 18:26:15 Checking file: /tmp/blitzy/blitzy-kubernetes/blitzy5f91179c1/pkg/apis/certificates/v1/doc.go
[gosec] 2026/02/05 18:26:15 Checking file: /tmp/blitzy/blitzy-kubernetes/blitzy5f91179c1/pkg/apis/certificates/v1/helpers.go
[gosec] 2026/02/05 18:26:15 Checking file: /tmp/blitzy/blitzy-kubernetes/blitzy5f91179c1/pkg/apis/certificates/v1/register.go
[gosec] 2026/02/05 18:26:15 Checking file: /tmp/blitzy/blitzy-kubernetes/blitzy5f91179c1/pkg/apis/certificates/v1/zz_generated.conversion.go
[gosec] 2026/02/05 18:26:16 Checking file: /tmp/blitzy/blitzy-kubernetes/blitzy5f91179c1/pkg/apis/certificates/v1/zz_generated.defaults.go
[gosec] 2026/02/05 18:26:16 Checking file: /tmp/blitzy/blitzy-kubernetes/blitzy5f91179c1/pkg/apis/certificates/v1/zz_generated.validations.go
[gosec] 2026/02/05 18:26:17 Checking package: install
[gosec] 2026/02/05 18:26:17 Checking file: /tmp/blitzy/blitzy-kubernetes/blitzy5f91179c1/pkg/apis/rbac/install/install.go
[gosec] 2026/02/05 18:26:17 Import directory: /tmp/blitzy/blitzy-kubernetes/blitzy5f91179c1/pkg/apis/node/v1alpha1
[gosec] 2026/02/05 18:26:17 Checking package: v1
[gosec] 2026/02/05 18:26:17 Checking file: /tmp/blitzy/blitzy-kubernetes/blitzy5f91179c1/pkg/apis/resource/v1/conversion.go
[gosec] 2026/02/05 18:26:17 Import directory: /tmp/blitzy/blitzy-kubernetes/blitzy5f91179c1/pkg/apis/policy/install
[gosec] 2026/02/05 18:26:17 Checking file: /tmp/blitzy/blitzy-kubernetes/blitzy5f91179c1/pkg/apis/resource/v1/defaults.go
[gosec] 2026/02/05 18:26:17 Checking file: /tmp/blitzy/blitzy-kubernetes/blitzy5f91179c1/pkg/apis/resource/v1/doc.go
[gosec] 2026/02/05 18:26:17 Checking file: /tmp/blitzy/blitzy-kubernetes/blitzy5f91179c1/pkg/apis/resource/v1/register.go
[gosec] 2026/02/05 18:26:17 Checking file: /tmp/blitzy/blitzy-kubernetes/blitzy5f91179c1/pkg/apis/resource/v1/zz_generated.conversion.go
[gosec] 2026/02/05 18:26:25 Checking file: /tmp/blitzy/blitzy-kubernetes/blitzy5f91179c1/pkg/apis/resource/v1/zz_generated.defaults.go
[gosec] 2026/02/05 18:26:26 Checking file: /tmp/blitzy/blitzy-kubernetes/blitzy5f91179c1/pkg/apis/resource/v1/zz_generated.validations.go
[gosec] 2026/02/05 18:26:33 Checking package: validation
[gosec] 2026/02/05 18:26:33 Checking file: /tmp/blitzy/blitzy-kubernetes/blitzy5f91179c1/pkg/apis/resource/validation/validation.go
[gosec] 2026/02/05 18:26:33 Import directory: /tmp/blitzy/blitzy-kubernetes/blitzy5f91179c1/pkg/apis/apiserverinternal/v1alpha1
[gosec] 2026/02/05 18:26:36 Checking package: fuzzer
[gosec] 2026/02/05 18:26:36 Checking file: /tmp/blitzy/blitzy-kubernetes/blitzy5f91179c1/pkg/apis/certificates/fuzzer/fuzzer.go
[gosec] 2026/02/05 18:26:36 Import directory: /tmp/blitzy/blitzy-kubernetes/blitzy5f91179c1/pkg/apis/apps/v1
[gosec] 2026/02/05 18:26:36 Checking package: install
[gosec] 2026/02/05 18:26:36 Checking file: /tmp/blitzy/blitzy-kubernetes/blitzy5f91179c1/pkg/apis/admission/install/install.go
[gosec] 2026/02/05 18:26:36 Import directory: /tmp/blitzy/blitzy-kubernetes/blitzy5f91179c1/pkg/apis/extensions/fuzzer
[gosec] 2026/02/05 18:26:36 Checking package: v2beta1
[gosec] 2026/02/05 18:26:36 Checking file: /tmp/blitzy/blitzy-kubernetes/blitzy5f91179c1/pkg/apis/apidiscovery/v2beta1/doc.go
[gosec] 2026/02/05 18:26:36 Import directory: /tmp/blitzy/blitzy-kubernetes/blitzy5f91179c1/pkg/apis/flowcontrol
[gosec] 2026/02/05 18:26:36 Checking file: /tmp/blitzy/blitzy-kubernetes/blitzy5f91179c1/pkg/apis/apidiscovery/v2beta1/register.go
[gosec] 2026/02/05 18:26:36 Checking file: /tmp/blitzy/blitzy-kubernetes/blitzy5f91179c1/pkg/apis/apidiscovery/v2beta1/zz_generated.conversion.go
[gosec] 2026/02/05 18:26:37 Checking file: /tmp/blitzy/blitzy-kubernetes/blitzy5f91179c1/pkg/apis/apidiscovery/v2beta1/zz_generated.defaults.go
[gosec] 2026/02/05 18:26:37 Checking package: core
[gosec] 2026/02/05 18:26:37 Checking file: /tmp/blitzy/blitzy-kubernetes/blitzy5f91179c1/pkg/apis/core/annotation_key_constants.go
[gosec] 2026/02/05 18:26:37 Import directory: /tmp/blitzy/blitzy-kubernetes/blitzy5f91179c1/pkg/apis/scheduling/v1beta1
[gosec] 2026/02/05 18:26:38 Checking file: /tmp/blitzy/blitzy-kubernetes/blitzy5f91179c1/pkg/apis/core/doc.go
[gosec] 2026/02/05 18:26:38 Checking file: /tmp/blitzy/blitzy-kubernetes/blitzy5f91179c1/pkg/apis/core/json.go
[gosec] 2026/02/05 18:26:38 Checking file: /tmp/blitzy/blitzy-kubernetes/blitzy5f91179c1/pkg/apis/core/objectreference.go
[gosec] 2026/02/05 18:26:38 Checking file: /tmp/blitzy/blitzy-kubernetes/blitzy5f91179c1/pkg/apis/core/register.go
[gosec] 2026/02/05 18:26:38 Checking file: /tmp/blitzy/blitzy-kubernetes/blitzy5f91179c1/pkg/apis/core/resource.go
[gosec] 2026/02/05 18:26:39 Checking file: /tmp/blitzy/blitzy-kubernetes/blitzy5f91179c1/pkg/apis/core/taint.go
[gosec] 2026/02/05 18:26:39 Checking file: /tmp/blitzy/blitzy-kubernetes/blitzy5f91179c1/pkg/apis/core/toleration.go
[gosec] 2026/02/05 18:26:39 Checking file: /tmp/blitzy/blitzy-kubernetes/blitzy5f91179c1/pkg/apis/core/types.go
[gosec] 2026/02/05 18:26:39 Checking file: /tmp/blitzy/blitzy-kubernetes/blitzy5f91179c1/pkg/apis/core/zz_generated.deepcopy.go
[gosec] 2026/02/05 18:27:13 Checking package: v1
[gosec] 2026/02/05 18:27:13 Checking file: /tmp/blitzy/blitzy-kubernetes/blitzy5f91179c1/pkg/apis/core/v1/conversion.go
[gosec] 2026/02/05 18:27:13 Import directory: /tmp/blitzy/blitzy-kubernetes/blitzy5f91179c1/pkg/apis/storage/util
[gosec] 2026/02/05 18:27:15 Checking file: /tmp/blitzy/blitzy-kubernetes/blitzy5f91179c1/pkg/apis/core/v1/defaults.go
[gosec] 2026/02/05 18:27:16 Checking file: /tmp/blitzy/blitzy-kubernetes/blitzy5f91179c1/pkg/apis/core/v1/doc.go
[gosec] 2026/02/05 18:27:16 Checking file: /tmp/blitzy/blitzy-kubernetes/blitzy5f91179c1/pkg/apis/core/v1/register.go
[gosec] 2026/02/05 18:27:16 Checking file: /tmp/blitzy/blitzy-kubernetes/blitzy5f91179c1/pkg/apis/core/v1/zz_generated.conversion.go
[gosec] 2026/02/05 18:28:03 Checking file: /tmp/blitzy/blitzy-kubernetes/blitzy5f91179c1/pkg/apis/core/v1/zz_generated.defaults.go
[gosec] 2026/02/05 18:28:08 Checking file: /tmp/blitzy/blitzy-kubernetes/blitzy5f91179c1/pkg/apis/core/v1/zz_generated.validations.go
[gosec] 2026/02/05 18:28:09 Checking package: install
[gosec] 2026/02/05 18:28:09 Checking file: /tmp/blitzy/blitzy-kubernetes/blitzy5f91179c1/pkg/apis/policy/install/install.go
[gosec] 2026/02/05 18:28:09 Import directory: /tmp/blitzy/blitzy-kubernetes/blitzy5f91179c1/pkg/apis/abac/v0
[gosec] 2026/02/05 18:28:09 Checking package: v1alpha1
[gosec] 2026/02/05 18:28:09 Checking file: /tmp/blitzy/blitzy-kubernetes/blitzy5f91179c1/pkg/apis/node/v1alpha1/conversion.go
[gosec] 2026/02/05 18:28:09 Import directory: /tmp/blitzy/blitzy-kubernetes/blitzy5f91179c1/pkg/apis/admissionregistration/v1beta1
[gosec] 2026/02/05 18:28:09 Checking file: /tmp/blitzy/blitzy-kubernetes/blitzy5f91179c1/pkg/apis/node/v1alpha1/doc.go
[gosec] 2026/02/05 18:28:09 Checking file: /tmp/blitzy/blitzy-kubernetes/blitzy5f91179c1/pkg/apis/node/v1alpha1/register.go
[gosec] 2026/02/05 18:28:09 Checking file: /tmp/blitzy/blitzy-kubernetes/blitzy5f91179c1/pkg/apis/node/v1alpha1/zz_generated.conversion.go
[gosec] 2026/02/05 18:28:10 Checking package: v1alpha1
[gosec] 2026/02/05 18:28:10 Checking file: /tmp/blitzy/blitzy-kubernetes/blitzy5f91179c1/pkg/apis/apiserverinternal/v1alpha1/doc.go
[gosec] 2026/02/05 18:28:10 Checking file: /tmp/blitzy/blitzy-kubernetes/blitzy5f91179c1/pkg/apis/apiserverinternal/v1alpha1/register.go
[gosec] 2026/02/05 18:28:10 Import directory: /tmp/blitzy/blitzy-kubernetes/blitzy5f91179c1/pkg/apis/apiserverinternal/fuzzer
[gosec] 2026/02/05 18:28:10 Checking file: /tmp/blitzy/blitzy-kubernetes/blitzy5f91179c1/pkg/apis/apiserverinternal/v1alpha1/zz_generated.conversion.go
[gosec] 2026/02/05 18:28:11 Checking file: /tmp/blitzy/blitzy-kubernetes/blitzy5f91179c1/pkg/apis/apiserverinternal/v1alpha1/zz_generated.defaults.go
[gosec] 2026/02/05 18:28:11 Checking package: fuzzer
[gosec] 2026/02/05 18:28:11 Checking file: /tmp/blitzy/blitzy-kubernetes/blitzy5f91179c1/pkg/apis/extensions/fuzzer/fuzzer.go
[gosec] 2026/02/05 18:28:11 Import directory: /tmp/blitzy/blitzy-kubernetes/blitzy5f91179c1/pkg/apis/autoscaling/install
[gosec] 2026/02/05 18:28:11 Checking package: flowcontrol
[gosec] 2026/02/05 18:28:11 Checking file: /tmp/blitzy/blitzy-kubernetes/blitzy5f91179c1/pkg/apis/flowcontrol/doc.go
[gosec] 2026/02/05 18:28:11 Import directory: /tmp/blitzy/blitzy-kubernetes/blitzy5f91179c1/pkg/apis/autoscaling/v2
[gosec] 2026/02/05 18:28:11 Checking file: /tmp/blitzy/blitzy-kubernetes/blitzy5f91179c1/pkg/apis/flowcontrol/register.go
[gosec] 2026/02/05 18:28:11 Checking file: /tmp/blitzy/blitzy-kubernetes/blitzy5f91179c1/pkg/apis/flowcontrol/types.go
[gosec] 2026/02/05 18:28:11 Checking file: /tmp/blitzy/blitzy-kubernetes/blitzy5f91179c1/pkg/apis/flowcontrol/zz_generated.deepcopy.go
[gosec] 2026/02/05 18:28:14 Checking package: v1
[gosec] 2026/02/05 18:28:14 Checking file: /tmp/blitzy/blitzy-kubernetes/blitzy5f91179c1/pkg/apis/apps/v1/conversion.go
[gosec] 2026/02/05 18:28:14 Import directory: /tmp/blitzy/blitzy-kubernetes/blitzy5f91179c1/pkg/apis/certificates/validation
[gosec] 2026/02/05 18:28:14 Checking file: /tmp/blitzy/blitzy-kubernetes/blitzy5f91179c1/pkg/apis/apps/v1/defaults.go
[gosec] 2026/02/05 18:28:14 Checking file: /tmp/blitzy/blitzy-kubernetes/blitzy5f91179c1/pkg/apis/apps/v1/doc.go
[gosec] 2026/02/05 18:28:14 Checking file: /tmp/blitzy/blitzy-kubernetes/blitzy5f91179c1/pkg/apis/apps/v1/register.go
[gosec] 2026/02/05 18:28:14 Checking file: /tmp/blitzy/blitzy-kubernetes/blitzy5f91179c1/pkg/apis/apps/v1/zz_generated.conversion.go
[gosec] 2026/02/05 18:28:22 Checking file: /tmp/blitzy/blitzy-kubernetes/blitzy5f91179c1/pkg/apis/apps/v1/zz_generated.defaults.go
[gosec] 2026/02/05 18:28:26 Checking package: v1beta1
[gosec] 2026/02/05 18:28:26 Checking file: /tmp/blitzy/blitzy-kubernetes/blitzy5f91179c1/pkg/apis/scheduling/v1beta1/defaults.go
[gosec] 2026/02/05 18:28:26 Import directory: /tmp/blitzy/blitzy-kubernetes/blitzy5f91179c1/pkg/apis/scheduling/validation
[gosec] 2026/02/05 18:28:26 Checking file: /tmp/blitzy/blitzy-kubernetes/blitzy5f91179c1/pkg/apis/scheduling/v1beta1/doc.go
[gosec] 2026/02/05 18:28:26 Checking file: /tmp/blitzy/blitzy-kubernetes/blitzy5f91179c1/pkg/apis/scheduling/v1beta1/register.go
[gosec] 2026/02/05 18:28:26 Checking file: /tmp/blitzy/blitzy-kubernetes/blitzy5f91179c1/pkg/apis/scheduling/v1beta1/zz_generated.conversion.go
[gosec] 2026/02/05 18:28:27 Checking file: /tmp/blitzy/blitzy-kubernetes/blitzy5f91179c1/pkg/apis/scheduling/v1beta1/zz_generated.defaults.go
[gosec] 2026/02/05 18:28:27 Checking package: util
[gosec] 2026/02/05 18:28:27 Checking file: /tmp/blitzy/blitzy-kubernetes/blitzy5f91179c1/pkg/apis/storage/util/helpers.go
[gosec] 2026/02/05 18:28:27 Import directory: /tmp/blitzy/blitzy-kubernetes/blitzy5f91179c1/pkg/apis/abac/v1beta1
[gosec] 2026/02/05 18:28:27 Checking package: v0
[gosec] 2026/02/05 18:28:27 Checking file: /tmp/blitzy/blitzy-kubernetes/blitzy5f91179c1/pkg/apis/abac/v0/conversion.go
[gosec] 2026/02/05 18:28:27 Import directory: /tmp/blitzy/blitzy-kubernetes/blitzy5f91179c1/pkg/apis/apps/v1beta2
[gosec] 2026/02/05 18:28:27 Checking file: /tmp/blitzy/blitzy-kubernetes/blitzy5f91179c1/pkg/apis/abac/v0/doc.go
[gosec] 2026/02/05 18:28:27 Checking file: /tmp/blitzy/blitzy-kubernetes/blitzy5f91179c1/pkg/apis/abac/v0/register.go
[gosec] 2026/02/05 18:28:27 Checking file: /tmp/blitzy/blitzy-kubernetes/blitzy5f91179c1/pkg/apis/abac/v0/types.go
[gosec] 2026/02/05 18:28:27 Checking file: /tmp/blitzy/blitzy-kubernetes/blitzy5f91179c1/pkg/apis/abac/v0/zz_generated.conversion.go
[gosec] 2026/02/05 18:28:27 Checking file: /tmp/blitzy/blitzy-kubernetes/blitzy5f91179c1/pkg/apis/abac/v0/zz_generated.deepcopy.go
[gosec] 2026/02/05 18:28:27 Checking package: v1beta1
[gosec] 2026/02/05 18:28:27 Checking file: /tmp/blitzy/blitzy-kubernetes/blitzy5f91179c1/pkg/apis/admissionregistration/v1beta1/defaults.go
[gosec] 2026/02/05 18:28:27 Import directory: /tmp/blitzy/blitzy-kubernetes/blitzy5f91179c1/pkg/apis/autoscaling/fuzzer
[gosec] 2026/02/05 18:28:27 Checking file: /tmp/blitzy/blitzy-kubernetes/blitzy5f91179c1/pkg/apis/admissionregistration/v1beta1/doc.go
[gosec] 2026/02/05 18:28:27 Checking file: /tmp/blitzy/blitzy-kubernetes/blitzy5f91179c1/pkg/apis/admissionregistration/v1beta1/register.go
[gosec] 2026/02/05 18:28:27 Checking file: /tmp/blitzy/blitzy-kubernetes/blitzy5f91179c1/pkg/apis/admissionregistration/v1beta1/zz_generated.conversion.go
[gosec] 2026/02/05 18:28:36 Checking file: /tmp/blitzy/blitzy-kubernetes/blitzy5f91179c1/pkg/apis/admissionregistration/v1beta1/zz_generated.defaults.go
[gosec] 2026/02/05 18:28:38 Checking package: fuzzer
[gosec] 2026/02/05 18:28:38 Checking file: /tmp/blitzy/blitzy-kubernetes/blitzy5f91179c1/pkg/apis/apiserverinternal/fuzzer/fuzzer.go
[gosec] 2026/02/05 18:28:38 Import directory: /tmp/blitzy/blitzy-kubernetes/blitzy5f91179c1/pkg/apis/coordination/v1beta1
[gosec] 2026/02/05 18:28:38 Checking package: install
[gosec] 2026/02/05 18:28:38 Checking file: /tmp/blitzy/blitzy-kubernetes/blitzy5f91179c1/pkg/apis/autoscaling/install/install.go
[gosec] 2026/02/05 18:28:38 Import directory: /tmp/blitzy/blitzy-kubernetes/blitzy5f91179c1/pkg/apis/core/v1/validation
[gosec] 2026/02/05 18:28:38 Checking package: v2
[gosec] 2026/02/05 18:28:38 Checking file: /tmp/blitzy/blitzy-kubernetes/blitzy5f91179c1/pkg/apis/autoscaling/v2/conversion.go
[gosec] 2026/02/05 18:28:38 Import directory: /tmp/blitzy/blitzy-kubernetes/blitzy5f91179c1/pkg/apis/flowcontrol/fuzzer
[gosec] 2026/02/05 18:28:38 Checking file: /tmp/blitzy/blitzy-kubernetes/blitzy5f91179c1/pkg/apis/autoscaling/v2/defaults.go
[gosec] 2026/02/05 18:28:38 Checking file: /tmp/blitzy/blitzy-kubernetes/blitzy5f91179c1/pkg/apis/autoscaling/v2/doc.go
[gosec] 2026/02/05 18:28:38 Checking file: /tmp/blitzy/blitzy-kubernetes/blitzy5f91179c1/pkg/apis/autoscaling/v2/register.go
[gosec] 2026/02/05 18:28:38 Checking file: /tmp/blitzy/blitzy-kubernetes/blitzy5f91179c1/pkg/apis/autoscaling/v2/zz_generated.conversion.go
[gosec] 2026/02/05 18:28:44 Checking file: /tmp/blitzy/blitzy-kubernetes/blitzy5f91179c1/pkg/apis/autoscaling/v2/zz_generated.defaults.go
[gosec] 2026/02/05 18:28:44 Checking package: validation
[gosec] 2026/02/05 18:28:44 Checking file: /tmp/blitzy/blitzy-kubernetes/blitzy5f91179c1/pkg/apis/certificates/validation/validation.go
[gosec] 2026/02/05 18:28:44 Import directory: /tmp/blitzy/blitzy-kubernetes/blitzy5f91179c1/pkg/apis/flowcontrol/util
[gosec] 2026/02/05 18:28:47 Checking package: validation
[gosec] 2026/02/05 18:28:47 Checking file: /tmp/blitzy/blitzy-kubernetes/blitzy5f91179c1/pkg/apis/scheduling/validation/validation.go
[gosec] 2026/02/05 18:28:47 Import directory: /tmp/blitzy/blitzy-kubernetes/blitzy5f91179c1/pkg/apis/node/validation
[gosec] 2026/02/05 18:28:47 Checking package: v1beta1
[gosec] 2026/02/05 18:28:47 Checking file: /tmp/blitzy/blitzy-kubernetes/blitzy5f91179c1/pkg/apis/abac/v1beta1/conversion.go
[gosec] 2026/02/05 18:28:47 Import directory: /tmp/blitzy/blitzy-kubernetes/blitzy5f91179c1/pkg/apis/resource/v1beta2
[gosec] 2026/02/05 18:28:47 Checking file: /tmp/blitzy/blitzy-kubernetes/blitzy5f91179c1/pkg/apis/abac/v1beta1/doc.go
[gosec] 2026/02/05 18:28:47 Checking file: /tmp/blitzy/blitzy-kubernetes/blitzy5f91179c1/pkg/apis/abac/v1beta1/register.go
[gosec] 2026/02/05 18:28:47 Checking file: /tmp/blitzy/blitzy-kubernetes/blitzy5f91179c1/pkg/apis/abac/v1beta1/types.go
[gosec] 2026/02/05 18:28:47 Checking file: /tmp/blitzy/blitzy-kubernetes/blitzy5f91179c1/pkg/apis/abac/v1beta1/zz_generated.conversion.go
[gosec] 2026/02/05 18:28:48 Checking file: /tmp/blitzy/blitzy-kubernetes/blitzy5f91179c1/pkg/apis/abac/v1beta1/zz_generated.deepcopy.go
[gosec] 2026/02/05 18:28:48 Checking file: /tmp/blitzy/blitzy-kubernetes/blitzy5f91179c1/pkg/apis/abac/v1beta1/zz_generated.defaults.go
[gosec] 2026/02/05 18:28:48 Checking file: /tmp/blitzy/blitzy-kubernetes/blitzy5f91179c1/pkg/apis/abac/v1beta1/zz_generated.model_name.go
[gosec] 2026/02/05 18:28:48 Checking package: v1beta2
[gosec] 2026/02/05 18:28:48 Checking file: /tmp/blitzy/blitzy-kubernetes/blitzy5f91179c1/pkg/apis/apps/v1beta2/conversion.go
[gosec] 2026/02/05 18:28:48 Import directory: /tmp/blitzy/blitzy-kubernetes/blitzy5f91179c1/pkg/apis/storage/fuzzer
[gosec] 2026/02/05 18:28:49 Checking file: /tmp/blitzy/blitzy-kubernetes/blitzy5f91179c1/pkg/apis/apps/v1beta2/defaults.go
[gosec] 2026/02/05 18:28:49 Checking file: /tmp/blitzy/blitzy-kubernetes/blitzy5f91179c1/pkg/apis/apps/v1beta2/doc.go
[gosec] 2026/02/05 18:28:49 Checking file: /tmp/blitzy/blitzy-kubernetes/blitzy5f91179c1/pkg/apis/apps/v1beta2/register.go
[gosec] 2026/02/05 18:28:49 Checking file: /tmp/blitzy/blitzy-kubernetes/blitzy5f91179c1/pkg/apis/apps/v1beta2/zz_generated.conversion.go
[gosec] 2026/02/05 18:28:57 Checking file: /tmp/blitzy/blitzy-kubernetes/blitzy5f91179c1/pkg/apis/apps/v1beta2/zz_generated.defaults.go
[gosec] 2026/02/05 18:29:01 Checking file: /tmp/blitzy/blitzy-kubernetes/blitzy5f91179c1/pkg/apis/apps/v1beta2/zz_generated.validations.go
[gosec] 2026/02/05 18:29:01 Checking package: fuzzer
[gosec] 2026/02/05 18:29:01 Checking file: /tmp/blitzy/blitzy-kubernetes/blitzy5f91179c1/pkg/apis/autoscaling/fuzzer/fuzzer.go
[gosec] 2026/02/05 18:29:01 Import directory: /tmp/blitzy/blitzy-kubernetes/blitzy5f91179c1/pkg/apis/storagemigration/validation
[gosec] 2026/02/05 18:29:02 Checking package: v1beta1
[gosec] 2026/02/05 18:29:02 Checking file: /tmp/blitzy/blitzy-kubernetes/blitzy5f91179c1/pkg/apis/coordination/v1beta1/doc.go
[gosec] 2026/02/05 18:29:02 Import directory: /tmp/blitzy/blitzy-kubernetes/blitzy5f91179c1/pkg/auth/authorizer/abac
[gosec] 2026/02/05 18:29:02 Checking file: /tmp/blitzy/blitzy-kubernetes/blitzy5f91179c1/pkg/apis/coordination/v1beta1/register.go
[gosec] 2026/02/05 18:29:02 Checking file: /tmp/blitzy/blitzy-kubernetes/blitzy5f91179c1/pkg/apis/coordination/v1beta1/zz_generated.conversion.go
[gosec] 2026/02/05 18:29:03 Checking file: /tmp/blitzy/blitzy-kubernetes/blitzy5f91179c1/pkg/apis/coordination/v1beta1/zz_generated.defaults.go
[gosec] 2026/02/05 18:29:03 Checking package: fuzzer
[gosec] 2026/02/05 18:29:03 Checking file: /tmp/blitzy/blitzy-kubernetes/blitzy5f91179c1/pkg/apis/flowcontrol/fuzzer/fuzzer.go
[gosec] 2026/02/05 18:29:03 Import directory: /tmp/blitzy/blitzy-kubernetes/blitzy5f91179c1/pkg/auth/nodeidentifier
[gosec] 2026/02/05 18:29:03 Checking package: validation
[gosec] 2026/02/05 18:29:03 Checking file: /tmp/blitzy/blitzy-kubernetes/blitzy5f91179c1/pkg/apis/core/v1/validation/validation.go
[gosec] 2026/02/05 18:29:03 Import directory: /tmp/blitzy/blitzy-kubernetes/blitzy5f91179c1/pkg/capabilities
[gosec] 2026/02/05 18:29:04 Checking package: util
[gosec] 2026/02/05 18:29:04 Checking file: /tmp/blitzy/blitzy-kubernetes/blitzy5f91179c1/pkg/apis/flowcontrol/util/helpers.go
[gosec] 2026/02/05 18:29:04 Import directory: /tmp/blitzy/blitzy-kubernetes/blitzy5f91179c1/pkg/certauthorization
[gosec] 2026/02/05 18:29:04 Checking package: validation
[gosec] 2026/02/05 18:29:04 Checking file: /tmp/blitzy/blitzy-kubernetes/blitzy5f91179c1/pkg/apis/node/validation/validation.go
[gosec] 2026/02/05 18:29:04 Import directory: /tmp/blitzy/blitzy-kubernetes/blitzy5f91179c1/pkg/client/conditions
[gosec] 2026/02/05 18:29:04 Checking package: v1beta2
[gosec] 2026/02/05 18:29:04 Checking file: /tmp/blitzy/blitzy-kubernetes/blitzy5f91179c1/pkg/apis/resource/v1beta2/conversion.go
[gosec] 2026/02/05 18:29:04 Import directory: /tmp/blitzy/blitzy-kubernetes/blitzy5f91179c1/pkg/client/tests
[gosec] 2026/02/05 18:29:04 Checking file: /tmp/blitzy/blitzy-kubernetes/blitzy5f91179c1/pkg/apis/resource/v1beta2/defaults.go
[gosec] 2026/02/05 18:29:04 Checking file: /tmp/blitzy/blitzy-kubernetes/blitzy5f91179c1/pkg/apis/resource/v1beta2/doc.go
[gosec] 2026/02/05 18:29:04 Checking file: /tmp/blitzy/blitzy-kubernetes/blitzy5f91179c1/pkg/apis/resource/v1beta2/register.go
[gosec] 2026/02/05 18:29:04 Checking file: /tmp/blitzy/blitzy-kubernetes/blitzy5f91179c1/pkg/apis/resource/v1beta2/zz_generated.conversion.go
[gosec] 2026/02/05 18:29:12 Checking file: /tmp/blitzy/blitzy-kubernetes/blitzy5f91179c1/pkg/apis/resource/v1beta2/zz_generated.defaults.go
[gosec] 2026/02/05 18:29:13 Checking file: /tmp/blitzy/blitzy-kubernetes/blitzy5f91179c1/pkg/apis/resource/v1beta2/zz_generated.validations.go
[gosec] 2026/02/05 18:29:20 Checking package: fuzzer
[gosec] 2026/02/05 18:29:20 Checking file: /tmp/blitzy/blitzy-kubernetes/blitzy5f91179c1/pkg/apis/storage/fuzzer/fuzzer.go
[gosec] 2026/02/05 18:29:20 Import directory: /tmp/blitzy/blitzy-kubernetes/blitzy5f91179c1/pkg/cluster/ports
[gosec] 2026/02/05 18:29:20 Checking package: validation
[gosec] 2026/02/05 18:29:20 Checking file: /tmp/blitzy/blitzy-kubernetes/blitzy5f91179c1/pkg/apis/storagemigration/validation/validation.go
[gosec] 2026/02/05 18:29:20 Import directory: /tmp/blitzy/blitzy-kubernetes/blitzy5f91179c1/pkg/controlplane/apiserver/samples
[gosec] 2026/02/05 18:29:20 Checking package: abac
[gosec] 2026/02/05 18:29:20 Checking file: /tmp/blitzy/blitzy-kubernetes/blitzy5f91179c1/pkg/auth/authorizer/abac/abac.go
[gosec] 2026/02/05 18:29:20 Import directory: /tmp/blitzy/blitzy-kubernetes/blitzy5f91179c1/pkg/controlplane/apiserver/samples/generic/server
[gosec] 2026/02/05 18:29:21 Checking package: nodeidentifier
[gosec] 2026/02/05 18:29:21 Checking file: /tmp/blitzy/blitzy-kubernetes/blitzy5f91179c1/pkg/auth/nodeidentifier/default.go
[gosec] 2026/02/05 18:29:21 Import directory: /tmp/blitzy/blitzy-kubernetes/blitzy5f91179c1/pkg/controlplane/apiserver/samples/generic/server/testing
[gosec] 2026/02/05 18:29:21 Checking file: /tmp/blitzy/blitzy-kubernetes/blitzy5f91179c1/pkg/auth/nodeidentifier/interfaces.go
[gosec] 2026/02/05 18:29:21 Checking package: capabilities
[gosec] 2026/02/05 18:29:21 Checking file: /tmp/blitzy/blitzy-kubernetes/blitzy5f91179c1/pkg/capabilities/capabilities.go
[gosec] 2026/02/05 18:29:21 Import directory: /tmp/blitzy/blitzy-kubernetes/blitzy5f91179c1/pkg/controlplane/controller/apiserverleasegc
[gosec] 2026/02/05 18:29:21 Checking file: /tmp/blitzy/blitzy-kubernetes/blitzy5f91179c1/pkg/capabilities/doc.go
[gosec] 2026/02/05 18:29:21 Checking package: certauthorization
[gosec] 2026/02/05 18:29:21 Checking file: /tmp/blitzy/blitzy-kubernetes/blitzy5f91179c1/pkg/certauthorization/certauthorization.go
[gosec] 2026/02/05 18:29:21 Import directory: /tmp/blitzy/blitzy-kubernetes/blitzy5f91179c1/pkg/controlplane/controller/clusterauthenticationtrust
[gosec] 2026/02/05 18:29:21 Checking package: conditions
[gosec] 2026/02/05 18:29:21 Checking file: /tmp/blitzy/blitzy-kubernetes/blitzy5f91179c1/pkg/client/conditions/conditions.go
[gosec] 2026/02/05 18:29:21 Import directory: /tmp/blitzy/blitzy-kubernetes/blitzy5f91179c1/pkg/controlplane/controller/crdregistration
[gosec] 2026/02/05 18:29:21 Checking package: tests
[gosec] 2026/02/05 18:29:21 Checking file: /tmp/blitzy/blitzy-kubernetes/blitzy5f91179c1/pkg/client/tests/doc.go
[gosec] 2026/02/05 18:29:21 Checking package: samples
[gosec] 2026/02/05 18:29:21 Checking file: /tmp/blitzy/blitzy-kubernetes/blitzy5f91179c1/pkg/controlplane/apiserver/samples/doc.go
[gosec] 2026/02/05 18:29:21 Checking package: ports
[gosec] 2026/02/05 18:29:21 Checking file: /tmp/blitzy/blitzy-kubernetes/blitzy5f91179c1/pkg/cluster/ports/doc.go
[gosec] 2026/02/05 18:29:21 Import directory: /tmp/blitzy/blitzy-kubernetes/blitzy5f91179c1/pkg/controlplane/apiserver/admission
[gosec] 2026/02/05 18:29:21 Checking file: /tmp/blitzy/blitzy-kubernetes/blitzy5f91179c1/pkg/cluster/ports/ports.go
[gosec] 2026/02/05 18:29:21 Import directory: /tmp/blitzy/blitzy-kubernetes/blitzy5f91179c1/pkg/controlplane/apiserver
[gosec] 2026/02/05 18:29:21 Import directory: /tmp/blitzy/blitzy-kubernetes/blitzy5f91179c1/pkg/controlplane/controller/kubernetesservice
[gosec] 2026/02/05 18:29:21 Import directory: /tmp/blitzy/blitzy-kubernetes/blitzy5f91179c1/pkg/controlplane/controller/systemnamespaces
[gosec] 2026/02/05 18:29:21 Checking package: server
[gosec] 2026/02/05 18:29:21 Checking file: /tmp/blitzy/blitzy-kubernetes/blitzy5f91179c1/pkg/controlplane/apiserver/samples/generic/server/admission.go
[gosec] 2026/02/05 18:29:22 Checking file: /tmp/blitzy/blitzy-kubernetes/blitzy5f91179c1/pkg/controlplane/apiserver/samples/generic/server/config.go
[gosec] 2026/02/05 18:29:22 Checking file: /tmp/blitzy/blitzy-kubernetes/blitzy5f91179c1/pkg/controlplane/apiserver/samples/generic/server/server.go
[gosec] 2026/02/05 18:29:23 Checking file: /tmp/blitzy/blitzy-kubernetes/blitzy5f91179c1/pkg/controlplane/apiserver/samples/generic/server/serviceaccounts.go
[gosec] 2026/02/05 18:29:23 Checking package: crdregistration
[gosec] 2026/02/05 18:29:23 Checking file: /tmp/blitzy/blitzy-kubernetes/blitzy5f91179c1/pkg/controlplane/controller/crdregistration/crdregistration_controller.go
[gosec] 2026/02/05 18:29:23 Import directory: /tmp/blitzy/blitzy-kubernetes/blitzy5f91179c1/pkg/controlplane
[gosec] 2026/02/05 18:29:23 Checking package: apiserverleasegc
[gosec] 2026/02/05 18:29:23 Checking file: /tmp/blitzy/blitzy-kubernetes/blitzy5f91179c1/pkg/controlplane/controller/apiserverleasegc/gc_controller.go
[gosec] 2026/02/05 18:29:23 Import directory: /tmp/blitzy/blitzy-kubernetes/blitzy5f91179c1/pkg/controlplane/storageversionhashdata
[gosec] 2026/02/05 18:29:23 Checking package: clusterauthenticationtrust
[gosec] 2026/02/05 18:29:23 Checking file: /tmp/blitzy/blitzy-kubernetes/blitzy5f91179c1/pkg/controlplane/controller/clusterauthenticationtrust/cluster_authentication_trust_controller.go
[gosec] 2026/02/05 18:29:23 Import directory: /tmp/blitzy/blitzy-kubernetes/blitzy5f91179c1/pkg/controlplane/apiserver/options
[gosec] 2026/02/05 18:29:25 Checking package: systemnamespaces
[gosec] 2026/02/05 18:29:25 Checking file: /tmp/blitzy/blitzy-kubernetes/blitzy5f91179c1/pkg/controlplane/controller/systemnamespaces/system_namespaces_controller.go
[gosec] 2026/02/05 18:29:25 Import directory: /tmp/blitzy/blitzy-kubernetes/blitzy5f91179c1/pkg/controlplane/apiserver/samples/generic
[gosec] 2026/02/05 18:29:25 Checking package: kubernetesservice
[gosec] 2026/02/05 18:29:25 Checking file: /tmp/blitzy/blitzy-kubernetes/blitzy5f91179c1/pkg/controlplane/controller/kubernetesservice/controller.go
[gosec] 2026/02/05 18:29:25 Import directory: /tmp/blitzy/blitzy-kubernetes/blitzy5f91179c1/pkg/controlplane/controller/defaultservicecidr
[gosec] 2026/02/05 18:29:26 Checking package: admission
[gosec] 2026/02/05 18:29:26 Checking file: /tmp/blitzy/blitzy-kubernetes/blitzy5f91179c1/pkg/controlplane/apiserver/admission/config.go
[gosec] 2026/02/05 18:29:26 Import directory: /tmp/blitzy/blitzy-kubernetes/blitzy5f91179c1/pkg/controlplane/controller/leaderelection
[gosec] 2026/02/05 18:29:26 Checking file: /tmp/blitzy/blitzy-kubernetes/blitzy5f91179c1/pkg/controlplane/apiserver/admission/initializer.go
[gosec] 2026/02/05 18:29:26 Checking package: testing
[gosec] 2026/02/05 18:29:26 Checking file: /tmp/blitzy/blitzy-kubernetes/blitzy5f91179c1/pkg/controlplane/apiserver/samples/generic/server/testing/testserver.go
[gosec] 2026/02/05 18:29:26 Import directory: /tmp/blitzy/blitzy-kubernetes/blitzy5f91179c1/pkg/controlplane/controller/legacytokentracking
[gosec] 2026/02/05 18:29:26 Checking package: apiserver
[gosec] 2026/02/05 18:29:26 Checking file: /tmp/blitzy/blitzy-kubernetes/blitzy5f91179c1/pkg/controlplane/apiserver/aggregator.go
[gosec] 2026/02/05 18:29:26 Import directory: /tmp/blitzy/blitzy-kubernetes/blitzy5f91179c1/pkg/controlplane/reconcilers
[gosec] 2026/02/05 18:29:27 Checking file: /tmp/blitzy/blitzy-kubernetes/blitzy5f91179c1/pkg/controlplane/apiserver/apiextensions.go
[gosec] 2026/02/05 18:29:27 Checking file: /tmp/blitzy/blitzy-kubernetes/blitzy5f91179c1/pkg/controlplane/apiserver/apis.go
[gosec] 2026/02/05 18:29:28 Checking file: /tmp/blitzy/blitzy-kubernetes/blitzy5f91179c1/pkg/controlplane/apiserver/completion.go
[gosec] 2026/02/05 18:29:28 Checking file: /tmp/blitzy/blitzy-kubernetes/blitzy5f91179c1/pkg/controlplane/apiserver/config.go
[gosec] 2026/02/05 18:29:28 Checking file: /tmp/blitzy/blitzy-kubernetes/blitzy5f91179c1/pkg/controlplane/apiserver/peer.go
[gosec] 2026/02/05 18:29:28 Checking file: /tmp/blitzy/blitzy-kubernetes/blitzy5f91179c1/pkg/controlplane/apiserver/server.go
[gosec] 2026/02/05 18:29:29 Checking package: storageversionhashdata
[gosec] 2026/02/05 18:29:29 Checking file: /tmp/blitzy/blitzy-kubernetes/blitzy5f91179c1/pkg/controlplane/storageversionhashdata/data.go
[gosec] 2026/02/05 18:29:29 Import directory: /tmp/blitzy/blitzy-kubernetes/blitzy5f91179c1/pkg/credentialprovider
[gosec] 2026/02/05 18:29:29 Checking package: controlplane
[gosec] 2026/02/05 18:29:29 Checking file: /tmp/blitzy/blitzy-kubernetes/blitzy5f91179c1/pkg/controlplane/doc.go
[gosec] 2026/02/05 18:29:29 Checking file: /tmp/blitzy/blitzy-kubernetes/blitzy5f91179c1/pkg/controlplane/import_known_versions.go
[gosec] 2026/02/05 18:29:29 Import directory: /tmp/blitzy/blitzy-kubernetes/blitzy5f91179c1/pkg/credentialprovider/plugin
[gosec] 2026/02/05 18:29:29 Checking file: /tmp/blitzy/blitzy-kubernetes/blitzy5f91179c1/pkg/controlplane/instance.go
[gosec] 2026/02/05 18:29:29 Checking package: options
[gosec] 2026/02/05 18:29:29 Checking file: /tmp/blitzy/blitzy-kubernetes/blitzy5f91179c1/pkg/controlplane/apiserver/options/options.go
[gosec] 2026/02/05 18:29:29 Import directory: /tmp/blitzy/blitzy-kubernetes/blitzy5f91179c1/pkg/credentialprovider/secrets
[gosec] 2026/02/05 18:29:30 Checking file: /tmp/blitzy/blitzy-kubernetes/blitzy5f91179c1/pkg/controlplane/apiserver/options/validation.go
[gosec] 2026/02/05 18:29:30 Checking package: defaultservicecidr
[gosec] 2026/02/05 18:29:30 Checking file: /tmp/blitzy/blitzy-kubernetes/blitzy5f91179c1/pkg/controlplane/controller/defaultservicecidr/default_servicecidr_controller.go
[gosec] 2026/02/05 18:29:30 Import directory: /tmp/blitzy/blitzy-kubernetes/blitzy5f91179c1/pkg/features
[gosec] 2026/02/05 18:29:31 Checking package: main
[gosec] 2026/02/05 18:29:31 Checking file: /tmp/blitzy/blitzy-kubernetes/blitzy5f91179c1/pkg/controlplane/apiserver/samples/generic/doc.go
[gosec] 2026/02/05 18:29:31 Checking file: /tmp/blitzy/blitzy-kubernetes/blitzy5f91179c1/pkg/controlplane/apiserver/samples/generic/main.go
[gosec] 2026/02/05 18:29:31 Import directory: /tmp/blitzy/blitzy-kubernetes/blitzy5f91179c1/pkg/fieldpath
[gosec] 2026/02/05 18:29:31 Checking package: leaderelection
[gosec] 2026/02/05 18:29:31 Checking file: /tmp/blitzy/blitzy-kubernetes/blitzy5f91179c1/pkg/controlplane/controller/leaderelection/election.go
[gosec] 2026/02/05 18:29:31 Import directory: /tmp/blitzy/blitzy-kubernetes/blitzy5f91179c1/pkg/generated
[gosec] 2026/02/05 18:29:31 Checking file: /tmp/blitzy/blitzy-kubernetes/blitzy5f91179c1/pkg/controlplane/controller/leaderelection/leaderelection_controller.go
[gosec] 2026/02/05 18:29:32 Checking file: /tmp/blitzy/blitzy-kubernetes/blitzy5f91179c1/pkg/controlplane/controller/leaderelection/leasecandidategc_controller.go
[gosec] 2026/02/05 18:29:32 Checking file: /tmp/blitzy/blitzy-kubernetes/blitzy5f91179c1/pkg/controlplane/controller/leaderelection/run_with_leaderelection.go
[gosec] 2026/02/05 18:29:32 Checking package: legacytokentracking
[gosec] 2026/02/05 18:29:32 Checking file: /tmp/blitzy/blitzy-kubernetes/blitzy5f91179c1/pkg/controlplane/controller/legacytokentracking/controller.go
[gosec] 2026/02/05 18:29:32 Import directory: /tmp/blitzy/blitzy-kubernetes/blitzy5f91179c1/pkg/generated/openapi/cmd/models-schema
[gosec] 2026/02/05 18:29:33 Checking package: reconcilers
[gosec] 2026/02/05 18:29:33 Checking file: /tmp/blitzy/blitzy-kubernetes/blitzy5f91179c1/pkg/controlplane/reconcilers/doc.go
[gosec] 2026/02/05 18:29:33 Checking file: /tmp/blitzy/blitzy-kubernetes/blitzy5f91179c1/pkg/controlplane/reconcilers/endpointsadapter.go
[gosec] 2026/02/05 18:29:33 Import directory: /tmp/blitzy/blitzy-kubernetes/blitzy5f91179c1/pkg/generated/openapi
[gosec] 2026/02/05 18:29:33 Checking file: /tmp/blitzy/blitzy-kubernetes/blitzy5f91179c1/pkg/controlplane/reconcilers/instancecount.go
[gosec] 2026/02/05 18:29:34 Checking file: /tmp/blitzy/blitzy-kubernetes/blitzy5f91179c1/pkg/controlplane/reconcilers/lease.go
[gosec] 2026/02/05 18:29:34 Checking file: /tmp/blitzy/blitzy-kubernetes/blitzy5f91179c1/pkg/controlplane/reconcilers/none.go
[gosec] 2026/02/05 18:29:34 Checking file: /tmp/blitzy/blitzy-kubernetes/blitzy5f91179c1/pkg/controlplane/reconcilers/reconcilers.go
[gosec] 2026/02/05 18:29:34 Checking package: credentialprovider
[gosec] 2026/02/05 18:29:34 Checking file: /tmp/blitzy/blitzy-kubernetes/blitzy5f91179c1/pkg/credentialprovider/config.go
[gosec] 2026/02/05 18:29:34 Import directory: /tmp/blitzy/blitzy-kubernetes/blitzy5f91179c1/pkg/kubeapiserver
[gosec] 2026/02/05 18:29:35 Checking file: /tmp/blitzy/blitzy-kubernetes/blitzy5f91179c1/pkg/credentialprovider/doc.go
[gosec] 2026/02/05 18:29:35 Checking file: /tmp/blitzy/blitzy-kubernetes/blitzy5f91179c1/pkg/credentialprovider/keyring.go
[gosec] 2026/02/05 18:29:36 Checking file: /tmp/blitzy/blitzy-kubernetes/blitzy5f91179c1/pkg/credentialprovider/provider.go
[gosec] 2026/02/05 18:29:36 Checking package: secrets
[gosec] 2026/02/05 18:29:36 Checking file: /tmp/blitzy/blitzy-kubernetes/blitzy5f91179c1/pkg/credentialprovider/secrets/secrets.go
[gosec] 2026/02/05 18:29:36 Import directory: /tmp/blitzy/blitzy-kubernetes/blitzy5f91179c1/pkg/kubeapiserver/options
[gosec] 2026/02/05 18:29:36 Checking package: plugin
[gosec] 2026/02/05 18:29:36 Checking file: /tmp/blitzy/blitzy-kubernetes/blitzy5f91179c1/pkg/credentialprovider/plugin/config.go
[gosec] 2026/02/05 18:29:36 Import directory: /tmp/blitzy/blitzy-kubernetes/blitzy5f91179c1/pkg/kubeapiserver/admission
[gosec] 2026/02/05 18:29:37 Checking file: /tmp/blitzy/blitzy-kubernetes/blitzy5f91179c1/pkg/credentialprovider/plugin/metrics.go
[gosec] 2026/02/05 18:29:37 Checking file: /tmp/blitzy/blitzy-kubernetes/blitzy5f91179c1/pkg/credentialprovider/plugin/plugin.go
[gosec] 2026/02/05 18:29:39 Checking file: /tmp/blitzy/blitzy-kubernetes/blitzy5f91179c1/pkg/credentialprovider/plugin/plugins.go
[gosec] 2026/02/05 18:29:39 Checking package: features
[gosec] 2026/02/05 18:29:39 Checking file: /tmp/blitzy/blitzy-kubernetes/blitzy5f91179c1/pkg/features/client_adapter.go
[gosec] 2026/02/05 18:29:39 Import directory: /tmp/blitzy/blitzy-kubernetes/blitzy5f91179c1/pkg/kubeapiserver/admission/exclusion
[gosec] 2026/02/05 18:29:39 Checking file: /tmp/blitzy/blitzy-kubernetes/blitzy5f91179c1/pkg/features/kube_features.go
[gosec] 2026/02/05 18:29:39 Checking package: generated
[gosec] 2026/02/05 18:29:39 Checking file: /tmp/blitzy/blitzy-kubernetes/blitzy5f91179c1/pkg/generated/doc.go
[gosec] 2026/02/05 18:29:39 Import directory: /tmp/blitzy/blitzy-kubernetes/blitzy5f91179c1/pkg/kubeapiserver/authenticator
[gosec] 2026/02/05 18:29:39 Checking package: fieldpath
[gosec] 2026/02/05 18:29:39 Checking file: /tmp/blitzy/blitzy-kubernetes/blitzy5f91179c1/pkg/fieldpath/doc.go
[gosec] 2026/02/05 18:29:39 Import directory: /tmp/blitzy/blitzy-kubernetes/blitzy5f91179c1/pkg/kubeapiserver/authorizer
[gosec] 2026/02/05 18:29:39 Checking file: /tmp/blitzy/blitzy-kubernetes/blitzy5f91179c1/pkg/fieldpath/fieldpath.go
[gosec] 2026/02/05 18:29:40 Checking package: main
[gosec] 2026/02/05 18:29:40 Checking file: /tmp/blitzy/blitzy-kubernetes/blitzy5f91179c1/pkg/generated/openapi/cmd/models-schema/main.go
[gosec] 2026/02/05 18:29:40 Import directory: /tmp/blitzy/blitzy-kubernetes/blitzy5f91179c1/pkg/kubeapiserver/authorizer/modes
[gosec] 2026/02/05 18:29:40 Checking package: openapi
[gosec] 2026/02/05 18:29:40 Checking file: /tmp/blitzy/blitzy-kubernetes/blitzy5f91179c1/pkg/generated/openapi/doc.go
[gosec] 2026/02/05 18:29:40 Checking file: /tmp/blitzy/blitzy-kubernetes/blitzy5f91179c1/pkg/generated/openapi/zz_generated.openapi.go
[gosec] 2026/02/05 18:29:40 Import directory: /tmp/blitzy/blitzy-kubernetes/blitzy5f91179c1/pkg/kubectl/cmd/convert
[gosec] 2026/02/05 18:30:36 Checking package: kubeapiserver
[gosec] 2026/02/05 18:30:36 Checking file: /tmp/blitzy/blitzy-kubernetes/blitzy5f91179c1/pkg/kubeapiserver/default_storage_factory_builder.go
[gosec] 2026/02/05 18:30:36 Import directory: /tmp/blitzy/blitzy-kubernetes/blitzy5f91179c1/pkg/kubectl
[gosec] 2026/02/05 18:30:36 Checking file: /tmp/blitzy/blitzy-kubernetes/blitzy5f91179c1/pkg/kubeapiserver/doc.go
[gosec] 2026/02/05 18:30:36 Checking package: admission
[gosec] 2026/02/05 18:30:36 Checking file: /tmp/blitzy/blitzy-kubernetes/blitzy5f91179c1/pkg/kubeapiserver/admission/config.go
[gosec] 2026/02/05 18:30:36 Import directory: /tmp/blitzy/blitzy-kubernetes/blitzy5f91179c1/pkg/kubemark
[gosec] 2026/02/05 18:30:36 Checking file: /tmp/blitzy/blitzy-kubernetes/blitzy5f91179c1/pkg/kubeapiserver/admission/initializer.go
[gosec] 2026/02/05 18:30:36 Checking package: options
[gosec] 2026/02/05 18:30:36 Checking file: /tmp/blitzy/blitzy-kubernetes/blitzy5f91179c1/pkg/kubeapiserver/options/admission.go
[gosec] 2026/02/05 18:30:36 Import directory: /tmp/blitzy/blitzy-kubernetes/blitzy5f91179c1/pkg/printers
[gosec] 2026/02/05 18:30:36 Checking file: /tmp/blitzy/blitzy-kubernetes/blitzy5f91179c1/pkg/kubeapiserver/options/authentication.go
[gosec] 2026/02/05 18:30:38 Checking file: /tmp/blitzy/blitzy-kubernetes/blitzy5f91179c1/pkg/kubeapiserver/options/authorization.go
[gosec] 2026/02/05 18:30:39 Checking file: /tmp/blitzy/blitzy-kubernetes/blitzy5f91179c1/pkg/kubeapiserver/options/options.go
[gosec] 2026/02/05 18:30:39 Checking file: /tmp/blitzy/blitzy-kubernetes/blitzy5f91179c1/pkg/kubeapiserver/options/plugins.go
[gosec] 2026/02/05 18:30:39 Checking file: /tmp/blitzy/blitzy-kubernetes/blitzy5f91179c1/pkg/kubeapiserver/options/serving.go
[gosec] 2026/02/05 18:30:39 Checking package: exclusion
[gosec] 2026/02/05 18:30:39 Checking file: /tmp/blitzy/blitzy-kubernetes/blitzy5f91179c1/pkg/kubeapiserver/admission/exclusion/resources.go
[gosec] 2026/02/05 18:30:39 Import directory: /tmp/blitzy/blitzy-kubernetes/blitzy5f91179c1/pkg/printers/internalversion
[gosec] 2026/02/05 18:30:39 Import directory: /tmp/blitzy/blitzy-kubernetes/blitzy5f91179c1/pkg/printers/storage
[gosec] 2026/02/05 18:30:39 Checking package: modes
[gosec] 2026/02/05 18:30:39 Checking file: /tmp/blitzy/blitzy-kubernetes/blitzy5f91179c1/pkg/kubeapiserver/authorizer/modes/modes.go
[gosec] 2026/02/05 18:30:39 Checking package: authenticator
[gosec] 2026/02/05 18:30:39 Checking file: /tmp/blitzy/blitzy-kubernetes/blitzy5f91179c1/pkg/kubeapiserver/authenticator/config.go
[gosec] 2026/02/05 18:30:39 Import directory: /tmp/blitzy/blitzy-kubernetes/blitzy5f91179c1/pkg/probe
[gosec] 2026/02/05 18:30:40 Checking package: authorizer
[gosec] 2026/02/05 18:30:40 Checking file: /tmp/blitzy/blitzy-kubernetes/blitzy5f91179c1/pkg/kubeapiserver/authorizer/config.go
[gosec] 2026/02/05 18:30:40 Import directory: /tmp/blitzy/blitzy-kubernetes/blitzy5f91179c1/pkg/probe/exec
[gosec] 2026/02/05 18:30:40 Checking file: /tmp/blitzy/blitzy-kubernetes/blitzy5f91179c1/pkg/kubeapiserver/authorizer/reload.go
[gosec] 2026/02/05 18:30:40 Checking package: convert
[gosec] 2026/02/05 18:30:40 Checking file: /tmp/blitzy/blitzy-kubernetes/blitzy5f91179c1/pkg/kubectl/cmd/convert/convert.go
[gosec] 2026/02/05 18:30:40 Import directory: /tmp/blitzy/blitzy-kubernetes/blitzy5f91179c1/pkg/probe/grpc
[gosec] 2026/02/05 18:30:41 Checking file: /tmp/blitzy/blitzy-kubernetes/blitzy5f91179c1/pkg/kubectl/cmd/convert/import_known_versions.go
[gosec] 2026/02/05 18:30:41 Checking package: kubectl
[gosec] 2026/02/05 18:30:41 Checking file: /tmp/blitzy/blitzy-kubernetes/blitzy5f91179c1/pkg/kubectl/doc.go
[gosec] 2026/02/05 18:30:41 Checking package: printers
[gosec] 2026/02/05 18:30:41 Checking file: /tmp/blitzy/blitzy-kubernetes/blitzy5f91179c1/pkg/printers/interface.go
[gosec] 2026/02/05 18:30:41 Import directory: /tmp/blitzy/blitzy-kubernetes/blitzy5f91179c1/pkg/probe/http
[gosec] 2026/02/05 18:30:41 Import directory: /tmp/blitzy/blitzy-kubernetes/blitzy5f91179c1/pkg/probe/tcp
[gosec] 2026/02/05 18:30:41 Checking file: /tmp/blitzy/blitzy-kubernetes/blitzy5f91179c1/pkg/printers/tablegenerator.go
[gosec] 2026/02/05 18:30:41 Checking package: kubemark
[gosec] 2026/02/05 18:30:41 Checking file: /tmp/blitzy/blitzy-kubernetes/blitzy5f91179c1/pkg/kubemark/controller.go
[gosec] 2026/02/05 18:30:41 Import directory: /tmp/blitzy/blitzy-kubernetes/blitzy5f91179c1/pkg/proxy/apis/config
[gosec] 2026/02/05 18:30:42 Checking file: /tmp/blitzy/blitzy-kubernetes/blitzy5f91179c1/pkg/kubemark/hollow_kubelet.go
[gosec] 2026/02/05 18:30:43 Checking package: storage
[gosec] 2026/02/05 18:30:43 Checking file: /tmp/blitzy/blitzy-kubernetes/blitzy5f91179c1/pkg/printers/storage/storage.go
[gosec] 2026/02/05 18:30:43 Import directory: /tmp/blitzy/blitzy-kubernetes/blitzy5f91179c1/pkg/proxy/healthcheck
[gosec] 2026/02/05 18:30:43 Checking package: probe
[gosec] 2026/02/05 18:30:43 Checking file: /tmp/blitzy/blitzy-kubernetes/blitzy5f91179c1/pkg/probe/dialer_others.go
[gosec] 2026/02/05 18:30:43 Import directory: /tmp/blitzy/blitzy-kubernetes/blitzy5f91179c1/pkg/proxy/ipvs/ipset
[gosec] 2026/02/05 18:30:43 Checking file: /tmp/blitzy/blitzy-kubernetes/blitzy5f91179c1/pkg/probe/doc.go
[gosec] 2026/02/05 18:30:43 Checking file: /tmp/blitzy/blitzy-kubernetes/blitzy5f91179c1/pkg/probe/probe.go
[gosec] 2026/02/05 18:30:43 Checking file: /tmp/blitzy/blitzy-kubernetes/blitzy5f91179c1/pkg/probe/util.go
[gosec] 2026/02/05 18:30:43 Checking package: internalversion
[gosec] 2026/02/05 18:30:43 Checking file: /tmp/blitzy/blitzy-kubernetes/blitzy5f91179c1/pkg/printers/internalversion/import_known_versions.go
[gosec] 2026/02/05 18:30:43 Checking file: /tmp/blitzy/blitzy-kubernetes/blitzy5f91179c1/pkg/printers/internalversion/printers.go
[gosec] 2026/02/05 18:30:43 Import directory: /tmp/blitzy/blitzy-kubernetes/blitzy5f91179c1/pkg/proxy/ipvs/util/testing
[gosec] 2026/02/05 18:30:50 Checking package: exec
[gosec] 2026/02/05 18:30:50 Checking file: /tmp/blitzy/blitzy-kubernetes/blitzy5f91179c1/pkg/probe/exec/exec.go
[gosec] 2026/02/05 18:30:50 Import directory: /tmp/blitzy/blitzy-kubernetes/blitzy5f91179c1/pkg/proxy/kubemark
[gosec] 2026/02/05 18:30:50 Checking package: grpc
[gosec] 2026/02/05 18:30:50 Checking file: /tmp/blitzy/blitzy-kubernetes/blitzy5f91179c1/pkg/probe/grpc/grpc.go
[gosec] 2026/02/05 18:30:50 Import directory: /tmp/blitzy/blitzy-kubernetes/blitzy5f91179c1/pkg/proxy/metaproxier
[gosec] 2026/02/05 18:30:50 Checking package: tcp
[gosec] 2026/02/05 18:30:50 Checking file: /tmp/blitzy/blitzy-kubernetes/blitzy5f91179c1/pkg/probe/tcp/tcp.go
[gosec] 2026/02/05 18:30:50 Import directory: /tmp/blitzy/blitzy-kubernetes/blitzy5f91179c1/pkg/proxy/nftables
[gosec] 2026/02/05 18:30:51 Checking package: http
[gosec] 2026/02/05 18:30:51 Checking file: /tmp/blitzy/blitzy-kubernetes/blitzy5f91179c1/pkg/probe/http/http.go
[gosec] 2026/02/05 18:30:51 Import directory: /tmp/blitzy/blitzy-kubernetes/blitzy5f91179c1/pkg/proxy/util
[gosec] 2026/02/05 18:30:51 Checking file: /tmp/blitzy/blitzy-kubernetes/blitzy5f91179c1/pkg/probe/http/request.go
[gosec] 2026/02/05 18:30:51 Checking package: config
[gosec] 2026/02/05 18:30:51 Checking file: /tmp/blitzy/blitzy-kubernetes/blitzy5f91179c1/pkg/proxy/apis/config/doc.go
[gosec] 2026/02/05 18:30:51 Import directory: /tmp/blitzy/blitzy-kubernetes/blitzy5f91179c1/pkg/proxy/apis/config/validation
[gosec] 2026/02/05 18:30:51 Checking file: /tmp/blitzy/blitzy-kubernetes/blitzy5f91179c1/pkg/proxy/apis/config/register.go
[gosec] 2026/02/05 18:30:51 Checking file: /tmp/blitzy/blitzy-kubernetes/blitzy5f91179c1/pkg/proxy/apis/config/types.go
[gosec] 2026/02/05 18:30:51 Checking file: /tmp/blitzy/blitzy-kubernetes/blitzy5f91179c1/pkg/proxy/apis/config/zz_generated.deepcopy.go
[gosec] 2026/02/05 18:30:52 Checking package: ipset
[gosec] 2026/02/05 18:30:52 Checking file: /tmp/blitzy/blitzy-kubernetes/blitzy5f91179c1/pkg/proxy/ipvs/ipset/doc.go
[gosec] 2026/02/05 18:30:52 Checking file: /tmp/blitzy/blitzy-kubernetes/blitzy5f91179c1/pkg/proxy/ipvs/ipset/ipset.go
[gosec] 2026/02/05 18:30:52 Import directory: /tmp/blitzy/blitzy-kubernetes/blitzy5f91179c1/pkg/proxy/config
[gosec] 2026/02/05 18:30:54 Checking file: /tmp/blitzy/blitzy-kubernetes/blitzy5f91179c1/pkg/proxy/ipvs/ipset/types.go
[gosec] 2026/02/05 18:30:54 Checking package: testing
[gosec] 2026/02/05 18:30:54 Checking file: /tmp/blitzy/blitzy-kubernetes/blitzy5f91179c1/pkg/proxy/ipvs/util/testing/doc.go
[gosec] 2026/02/05 18:30:54 Checking file: /tmp/blitzy/blitzy-kubernetes/blitzy5f91179c1/pkg/proxy/ipvs/util/testing/fake.go
[gosec] 2026/02/05 18:30:54 Import directory: /tmp/blitzy/blitzy-kubernetes/blitzy5f91179c1/pkg/proxy/conntrack
[gosec] 2026/02/05 18:30:55 Checking package: healthcheck
[gosec] 2026/02/05 18:30:55 Checking file: /tmp/blitzy/blitzy-kubernetes/blitzy5f91179c1/pkg/proxy/healthcheck/common.go
[gosec] 2026/02/05 18:30:55 Import directory: /tmp/blitzy/blitzy-kubernetes/blitzy5f91179c1/pkg/proxy/iptables
[gosec] 2026/02/05 18:30:55 Checking file: /tmp/blitzy/blitzy-kubernetes/blitzy5f91179c1/pkg/proxy/healthcheck/doc.go
[gosec] 2026/02/05 18:30:55 Checking file: /tmp/blitzy/blitzy-kubernetes/blitzy5f91179c1/pkg/proxy/healthcheck/proxy_health.go
[gosec] 2026/02/05 18:30:55 Checking file: /tmp/blitzy/blitzy-kubernetes/blitzy5f91179c1/pkg/proxy/healthcheck/service_health.go
[gosec] 2026/02/05 18:30:55 Checking package: util
[gosec] 2026/02/05 18:30:55 Checking file: /tmp/blitzy/blitzy-kubernetes/blitzy5f91179c1/pkg/proxy/util/endpoints.go
[gosec] 2026/02/05 18:30:55 Import directory: /tmp/blitzy/blitzy-kubernetes/blitzy5f91179c1/pkg/proxy/util/testing
[gosec] 2026/02/05 18:30:56 Checking file: /tmp/blitzy/blitzy-kubernetes/blitzy5f91179c1/pkg/proxy/util/linebuffer.go
[gosec] 2026/02/05 18:30:56 Checking file: /tmp/blitzy/blitzy-kubernetes/blitzy5f91179c1/pkg/proxy/util/localdetector.go
[gosec] 2026/02/05 18:30:56 Checking file: /tmp/blitzy/blitzy-kubernetes/blitzy5f91179c1/pkg/proxy/util/network.go
[gosec] 2026/02/05 18:30:56 Checking file: /tmp/blitzy/blitzy-kubernetes/blitzy5f91179c1/pkg/proxy/util/nodeport_addresses.go
[gosec] 2026/02/05 18:30:56 Checking file: /tmp/blitzy/blitzy-kubernetes/blitzy5f91179c1/pkg/proxy/util/utils.go
[gosec] 2026/02/05 18:30:57 Checking file: /tmp/blitzy/blitzy-kubernetes/blitzy5f91179c1/pkg/proxy/util/utils_linux.go
[gosec] 2026/02/05 18:30:57 Checking package: metaproxier
[gosec] 2026/02/05 18:30:57 Checking file: /tmp/blitzy/blitzy-kubernetes/blitzy5f91179c1/pkg/proxy/metaproxier/meta_proxier.go
[gosec] 2026/02/05 18:30:57 Import directory: /tmp/blitzy/blitzy-kubernetes/blitzy5f91179c1/pkg/proxy/apis/config/v1alpha1
[gosec] 2026/02/05 18:30:57 Checking package: kubemark
[gosec] 2026/02/05 18:30:57 Checking file: /tmp/blitzy/blitzy-kubernetes/blitzy5f91179c1/pkg/proxy/kubemark/hollow_proxy.go
[gosec] 2026/02/05 18:30:57 Import directory: /tmp/blitzy/blitzy-kubernetes/blitzy5f91179c1/pkg/proxy/apis
[gosec] 2026/02/05 18:30:57 Checking package: nftables
[gosec] 2026/02/05 18:30:57 Checking file: /tmp/blitzy/blitzy-kubernetes/blitzy5f91179c1/pkg/proxy/nftables/doc.go
[gosec] 2026/02/05 18:30:57 Checking file: /tmp/blitzy/blitzy-kubernetes/blitzy5f91179c1/pkg/proxy/nftables/proxier.go
[gosec] 2026/02/05 18:30:57 Import directory: /tmp/blitzy/blitzy-kubernetes/blitzy5f91179c1/pkg/proxy
[gosec] 2026/02/05 18:31:00 Checking package: validation
[gosec] 2026/02/05 18:31:00 Checking file: /tmp/blitzy/blitzy-kubernetes/blitzy5f91179c1/pkg/proxy/apis/config/validation/validation.go
[gosec] 2026/02/05 18:31:00 Import directory: /tmp/blitzy/blitzy-kubernetes/blitzy5f91179c1/pkg/proxy/ipvs/testing
[gosec] 2026/02/05 18:31:00 Checking package: config
[gosec] 2026/02/05 18:31:00 Checking file: /tmp/blitzy/blitzy-kubernetes/blitzy5f91179c1/pkg/proxy/config/config.go
[gosec] 2026/02/05 18:31:00 Import directory: /tmp/blitzy/blitzy-kubernetes/blitzy5f91179c1/pkg/proxy/ipvs/util
[gosec] 2026/02/05 18:31:01 Checking file: /tmp/blitzy/blitzy-kubernetes/blitzy5f91179c1/pkg/proxy/config/doc.go
[gosec] 2026/02/05 18:31:01 Checking package: conntrack
[gosec] 2026/02/05 18:31:01 Checking file: /tmp/blitzy/blitzy-kubernetes/blitzy5f91179c1/pkg/proxy/conntrack/cleanup.go
[gosec] 2026/02/05 18:31:01 Import directory: /tmp/blitzy/blitzy-kubernetes/blitzy5f91179c1/pkg/proxy/metrics
[gosec] 2026/02/05 18:31:02 Checking file: /tmp/blitzy/blitzy-kubernetes/blitzy5f91179c1/pkg/proxy/conntrack/conntrack.go
[gosec] 2026/02/05 18:31:02 Checking file: /tmp/blitzy/blitzy-kubernetes/blitzy5f91179c1/pkg/proxy/conntrack/doc.go
[gosec] 2026/02/05 18:31:02 Checking file: /tmp/blitzy/blitzy-kubernetes/blitzy5f91179c1/pkg/proxy/conntrack/fake.go
[gosec] 2026/02/05 18:31:02 Checking file: /tmp/blitzy/blitzy-kubernetes/blitzy5f91179c1/pkg/proxy/conntrack/filter.go
[gosec] 2026/02/05 18:31:02 Checking package: iptables
[gosec] 2026/02/05 18:31:02 Checking file: /tmp/blitzy/blitzy-kubernetes/blitzy5f91179c1/pkg/proxy/iptables/doc.go
[gosec] 2026/02/05 18:31:02 Checking file: /tmp/blitzy/blitzy-kubernetes/blitzy5f91179c1/pkg/proxy/iptables/proxier.go
[gosec] 2026/02/05 18:31:02 Import directory: /tmp/blitzy/blitzy-kubernetes/blitzy5f91179c1/pkg/proxy/runner
[gosec] 2026/02/05 18:31:04 Checking package: testing
[gosec] 2026/02/05 18:31:04 Checking file: /tmp/blitzy/blitzy-kubernetes/blitzy5f91179c1/pkg/proxy/util/testing/fake.go
[gosec] 2026/02/05 18:31:04 Import directory: /tmp/blitzy/blitzy-kubernetes/blitzy5f91179c1/pkg/proxy/winkernel
[gosec] 2026/02/05 18:31:04 Checking package: apis
[gosec] 2026/02/05 18:31:04 Checking file: /tmp/blitzy/blitzy-kubernetes/blitzy5f91179c1/pkg/proxy/apis/well_known_labels.go
[gosec] 2026/02/05 18:31:04 Import directory: /tmp/blitzy/blitzy-kubernetes/blitzy5f91179c1/pkg/proxy/apis/config/fuzzer
[gosec] 2026/02/05 18:31:04 Checking package: proxy
[gosec] 2026/02/05 18:31:04 Checking file: /tmp/blitzy/blitzy-kubernetes/blitzy5f91179c1/pkg/proxy/doc.go
[gosec] 2026/02/05 18:31:04 Checking file: /tmp/blitzy/blitzy-kubernetes/blitzy5f91179c1/pkg/proxy/endpoint.go
[gosec] 2026/02/05 18:31:04 Import directory: /tmp/blitzy/blitzy-kubernetes/blitzy5f91179c1/pkg/proxy/apis/config/scheme
[gosec] 2026/02/05 18:31:04 Checking file: /tmp/blitzy/blitzy-kubernetes/blitzy5f91179c1/pkg/proxy/endpointschangetracker.go
[gosec] 2026/02/05 18:31:05 Checking file: /tmp/blitzy/blitzy-kubernetes/blitzy5f91179c1/pkg/proxy/endpointslicecache.go
[gosec] 2026/02/05 18:31:05 Checking file: /tmp/blitzy/blitzy-kubernetes/blitzy5f91179c1/pkg/proxy/node.go
[gosec] 2026/02/05 18:31:06 Checking file: /tmp/blitzy/blitzy-kubernetes/blitzy5f91179c1/pkg/proxy/servicechangetracker.go
[gosec] 2026/02/05 18:31:06 Checking file: /tmp/blitzy/blitzy-kubernetes/blitzy5f91179c1/pkg/proxy/serviceport.go
[gosec] 2026/02/05 18:31:06 Checking file: /tmp/blitzy/blitzy-kubernetes/blitzy5f91179c1/pkg/proxy/topology.go
[gosec] 2026/02/05 18:31:07 Checking file: /tmp/blitzy/blitzy-kubernetes/blitzy5f91179c1/pkg/proxy/types.go
[gosec] 2026/02/05 18:31:07 Checking package: v1alpha1
[gosec] 2026/02/05 18:31:07 Checking file: /tmp/blitzy/blitzy-kubernetes/blitzy5f91179c1/pkg/proxy/apis/config/v1alpha1/conversion.go
[gosec] 2026/02/05 18:31:07 Import directory: /tmp/blitzy/blitzy-kubernetes/blitzy5f91179c1/pkg/proxy/ipvs
[gosec] 2026/02/05 18:31:07 Checking file: /tmp/blitzy/blitzy-kubernetes/blitzy5f91179c1/pkg/proxy/apis/config/v1alpha1/defaults.go
[gosec] 2026/02/05 18:31:07 Checking file: /tmp/blitzy/blitzy-kubernetes/blitzy5f91179c1/pkg/proxy/apis/config/v1alpha1/doc.go
[gosec] 2026/02/05 18:31:07 Checking file: /tmp/blitzy/blitzy-kubernetes/blitzy5f91179c1/pkg/proxy/apis/config/v1alpha1/register.go
[gosec] 2026/02/05 18:31:07 Checking file: /tmp/blitzy/blitzy-kubernetes/blitzy5f91179c1/pkg/proxy/apis/config/v1alpha1/zz_generated.conversion.go
[gosec] 2026/02/05 18:31:09 Checking file: /tmp/blitzy/blitzy-kubernetes/blitzy5f91179c1/pkg/proxy/apis/config/v1alpha1/zz_generated.deepcopy.go
[gosec] 2026/02/05 18:31:09 Checking file: /tmp/blitzy/blitzy-kubernetes/blitzy5f91179c1/pkg/proxy/apis/config/v1alpha1/zz_generated.defaults.go
[gosec] 2026/02/05 18:31:09 Checking package: testing
[gosec] 2026/02/05 18:31:09 Checking file: /tmp/blitzy/blitzy-kubernetes/blitzy5f91179c1/pkg/proxy/ipvs/testing/doc.go
[gosec] 2026/02/05 18:31:09 Import directory: /tmp/blitzy/blitzy-kubernetes/blitzy5f91179c1/pkg/proxy/ipvs/ipset/testing
[gosec] 2026/02/05 18:31:09 Checking file: /tmp/blitzy/blitzy-kubernetes/blitzy5f91179c1/pkg/proxy/ipvs/testing/fake.go
[gosec] 2026/02/05 18:31:10 Checking file: /tmp/blitzy/blitzy-kubernetes/blitzy5f91179c1/pkg/proxy/ipvs/testing/util.go
[gosec] 2026/02/05 18:31:10 Checking package: ipvs
[gosec] 2026/02/05 18:31:10 Checking file: /tmp/blitzy/blitzy-kubernetes/blitzy5f91179c1/pkg/proxy/ipvs/util/doc.go
[gosec] 2026/02/05 18:31:10 Checking file: /tmp/blitzy/blitzy-kubernetes/blitzy5f91179c1/pkg/proxy/ipvs/util/ipvs.go
[gosec] 2026/02/05 18:31:10 Import directory: /tmp/blitzy/blitzy-kubernetes/blitzy5f91179c1/pkg/proxy/util/nfacct
[gosec] 2026/02/05 18:31:10 Checking file: /tmp/blitzy/blitzy-kubernetes/blitzy5f91179c1/pkg/proxy/ipvs/util/ipvs_linux.go
[gosec] 2026/02/05 18:31:11 Checking package: metrics
[gosec] 2026/02/05 18:31:11 Checking file: /tmp/blitzy/blitzy-kubernetes/blitzy5f91179c1/pkg/proxy/metrics/metrics.go
[gosec] 2026/02/05 18:31:11 Import directory: /tmp/blitzy/blitzy-kubernetes/blitzy5f91179c1/pkg/proxy/winkernel/testing
[gosec] 2026/02/05 18:31:11 Checking package: runner
[gosec] 2026/02/05 18:31:11 Checking file: /tmp/blitzy/blitzy-kubernetes/blitzy5f91179c1/pkg/proxy/runner/bounded_frequency_runner.go
[gosec] 2026/02/05 18:31:11 Import directory: /tmp/blitzy/blitzy-kubernetes/blitzy5f91179c1/pkg/quota/v1/evaluator/core
[gosec] 2026/02/05 18:31:11 Checking package: winkernel
[gosec] 2026/02/05 18:31:11 Checking file: /tmp/blitzy/blitzy-kubernetes/blitzy5f91179c1/pkg/proxy/winkernel/doc.go
[gosec] 2026/02/05 18:31:11 Import directory: /tmp/blitzy/blitzy-kubernetes/blitzy5f91179c1/pkg/quota/v1/install
[gosec] 2026/02/05 18:31:11 Checking package: fuzzer
[gosec] 2026/02/05 18:31:11 Checking file: /tmp/blitzy/blitzy-kubernetes/blitzy5f91179c1/pkg/proxy/apis/config/fuzzer/fuzzer.go
[gosec] 2026/02/05 18:31:11 Import directory: /tmp/blitzy/blitzy-kubernetes/blitzy5f91179c1/pkg/registry/core/pod
[gosec] 2026/02/05 18:31:11 Checking package: scheme
[gosec] 2026/02/05 18:31:11 Checking file: /tmp/blitzy/blitzy-kubernetes/blitzy5f91179c1/pkg/proxy/apis/config/scheme/scheme.go
[gosec] 2026/02/05 18:31:11 Import directory: /tmp/blitzy/blitzy-kubernetes/blitzy5f91179c1/pkg/registry/flowcontrol/flowschema
[gosec] 2026/02/05 18:31:11 Checking package: ipvs
[gosec] 2026/02/05 18:31:11 Checking file: /tmp/blitzy/blitzy-kubernetes/blitzy5f91179c1/pkg/proxy/ipvs/graceful_termination.go
[gosec] 2026/02/05 18:31:11 Import directory: /tmp/blitzy/blitzy-kubernetes/blitzy5f91179c1/pkg/registry/rbac/clusterrole
[gosec] 2026/02/05 18:31:12 Checking file: /tmp/blitzy/blitzy-kubernetes/blitzy5f91179c1/pkg/proxy/ipvs/ipset.go
[gosec] 2026/02/05 18:31:12 Checking file: /tmp/blitzy/blitzy-kubernetes/blitzy5f91179c1/pkg/proxy/ipvs/netlink.go
[gosec] 2026/02/05 18:31:12 Checking file: /tmp/blitzy/blitzy-kubernetes/blitzy5f91179c1/pkg/proxy/ipvs/netlink_linux.go
[gosec] 2026/02/05 18:31:13 Checking file: /tmp/blitzy/blitzy-kubernetes/blitzy5f91179c1/pkg/proxy/ipvs/proxier.go
[gosec] 2026/02/05 18:31:16 Checking package: testing
[gosec] 2026/02/05 18:31:16 Checking file: /tmp/blitzy/blitzy-kubernetes/blitzy5f91179c1/pkg/proxy/ipvs/ipset/testing/doc.go
[gosec] 2026/02/05 18:31:16 Checking file: /tmp/blitzy/blitzy-kubernetes/blitzy5f91179c1/pkg/proxy/ipvs/ipset/testing/fake.go
[gosec] 2026/02/05 18:31:16 Import directory: /tmp/blitzy/blitzy-kubernetes/blitzy5f91179c1/pkg/registry/storagemigration/storagemigration/storage
[gosec] 2026/02/05 18:31:16 Checking package: nfacct
[gosec] 2026/02/05 18:31:16 Checking file: /tmp/blitzy/blitzy-kubernetes/blitzy5f91179c1/pkg/proxy/util/nfacct/handler.go
[gosec] 2026/02/05 18:31:16 Import directory: /tmp/blitzy/blitzy-kubernetes/blitzy5f91179c1/pkg/registry/admissionregistration/mutatingadmissionpolicybinding
[gosec] 2026/02/05 18:31:16 Checking file: /tmp/blitzy/blitzy-kubernetes/blitzy5f91179c1/pkg/proxy/util/nfacct/nfacct.go
[gosec] 2026/02/05 18:31:16 Checking file: /tmp/blitzy/blitzy-kubernetes/blitzy5f91179c1/pkg/proxy/util/nfacct/nfacct_linux.go
[gosec] 2026/02/05 18:31:17 Checking package: clusterrole
[gosec] 2026/02/05 18:31:17 Checking file: /tmp/blitzy/blitzy-kubernetes/blitzy5f91179c1/pkg/registry/rbac/clusterrole/doc.go
[gosec] 2026/02/05 18:31:17 Import directory: /tmp/blitzy/blitzy-kubernetes/blitzy5f91179c1/pkg/registry/coordination/rest
[gosec] 2026/02/05 18:31:17 Checking file: /tmp/blitzy/blitzy-kubernetes/blitzy5f91179c1/pkg/registry/rbac/clusterrole/registry.go
[gosec] 2026/02/05 18:31:17 Import directory: /tmp/blitzy/blitzy-kubernetes/blitzy5f91179c1/pkg/registry/core/event/storage
[gosec] 2026/02/05 18:31:17 Checking file: /tmp/blitzy/blitzy-kubernetes/blitzy5f91179c1/pkg/registry/rbac/clusterrole/strategy.go
[gosec] 2026/02/05 18:31:17 Checking package: flowschema
[gosec] 2026/02/05 18:31:17 Checking file: /tmp/blitzy/blitzy-kubernetes/blitzy5f91179c1/pkg/registry/flowcontrol/flowschema/doc.go
[gosec] 2026/02/05 18:31:17 Import directory: /tmp/blitzy/blitzy-kubernetes/blitzy5f91179c1/pkg/registry/core/node
[gosec] 2026/02/05 18:31:17 Checking file: /tmp/blitzy/blitzy-kubernetes/blitzy5f91179c1/pkg/registry/flowcontrol/flowschema/strategy.go
[gosec] 2026/02/05 18:31:18 Checking package: core
[gosec] 2026/02/05 18:31:18 Checking file: /tmp/blitzy/blitzy-kubernetes/blitzy5f91179c1/pkg/quota/v1/evaluator/core/doc.go
[gosec] 2026/02/05 18:31:18 Import directory: /tmp/blitzy/blitzy-kubernetes/blitzy5f91179c1/pkg/registry/core/resourcequota
[gosec] 2026/02/05 18:31:18 Checking file: /tmp/blitzy/blitzy-kubernetes/blitzy5f91179c1/pkg/quota/v1/evaluator/core/persistent_volume_claims.go
[gosec] 2026/02/05 18:31:19 Checking file: /tmp/blitzy/blitzy-kubernetes/blitzy5f91179c1/pkg/quota/v1/evaluator/core/pods.go
[gosec] 2026/02/05 18:31:20 Checking file: /tmp/blitzy/blitzy-kubernetes/blitzy5f91179c1/pkg/quota/v1/evaluator/core/registry.go
[gosec] 2026/02/05 18:31:20 Checking file: /tmp/blitzy/blitzy-kubernetes/blitzy5f91179c1/pkg/quota/v1/evaluator/core/resource_claims.go
[gosec] 2026/02/05 18:31:21 Checking file: /tmp/blitzy/blitzy-kubernetes/blitzy5f91179c1/pkg/quota/v1/evaluator/core/services.go
[gosec] 2026/02/05 18:31:21 Checking package: install
[gosec] 2026/02/05 18:31:21 Checking file: /tmp/blitzy/blitzy-kubernetes/blitzy5f91179c1/pkg/quota/v1/install/registry.go
[gosec] 2026/02/05 18:31:21 Import directory: /tmp/blitzy/blitzy-kubernetes/blitzy5f91179c1/pkg/registry/core/serviceaccount
[gosec] 2026/02/05 18:31:21 Checking file: /tmp/blitzy/blitzy-kubernetes/blitzy5f91179c1/pkg/quota/v1/install/update_filter.go
[gosec] 2026/02/05 18:31:21 Checking package: pod
[gosec] 2026/02/05 18:31:21 Checking file: /tmp/blitzy/blitzy-kubernetes/blitzy5f91179c1/pkg/registry/core/pod/doc.go
[gosec] 2026/02/05 18:31:21 Checking file: /tmp/blitzy/blitzy-kubernetes/blitzy5f91179c1/pkg/registry/core/pod/strategy.go
[gosec] 2026/02/05 18:31:21 Import directory: /tmp/blitzy/blitzy-kubernetes/blitzy5f91179c1/pkg/registry/networking/servicecidr
[gosec] 2026/02/05 18:31:24 Checking package: storage
[gosec] 2026/02/05 18:31:24 Checking file: /tmp/blitzy/blitzy-kubernetes/blitzy5f91179c1/pkg/registry/storagemigration/storagemigration/storage/storage.go
[gosec] 2026/02/05 18:31:24 Import directory: /tmp/blitzy/blitzy-kubernetes/blitzy5f91179c1/pkg/registry/policy/poddisruptionbudget
[gosec] 2026/02/05 18:31:24 Checking package: mutatingadmissionpolicybinding
[gosec] 2026/02/05 18:31:24 Checking file: /tmp/blitzy/blitzy-kubernetes/blitzy5f91179c1/pkg/registry/admissionregistration/mutatingadmissionpolicybinding/authz.go
[gosec] 2026/02/05 18:31:24 Import directory: /tmp/blitzy/blitzy-kubernetes/blitzy5f91179c1/pkg/registry/apiserverinternal/storageversion
[gosec] 2026/02/05 18:31:25 Checking file: /tmp/blitzy/blitzy-kubernetes/blitzy5f91179c1/pkg/registry/admissionregistration/mutatingadmissionpolicybinding/doc.go
[gosec] 2026/02/05 18:31:25 Checking file: /tmp/blitzy/blitzy-kubernetes/blitzy5f91179c1/pkg/registry/admissionregistration/mutatingadmissionpolicybinding/strategy.go
[gosec] 2026/02/05 18:31:25 Checking package: storage
[gosec] 2026/02/05 18:31:25 Checking file: /tmp/blitzy/blitzy-kubernetes/blitzy5f91179c1/pkg/registry/core/event/storage/storage.go
[gosec] 2026/02/05 18:31:25 Import directory: /tmp/blitzy/blitzy-kubernetes/blitzy5f91179c1/pkg/registry/core/replicationcontroller/storage
[gosec] 2026/02/05 18:31:25 Checking package: resourcequota
[gosec] 2026/02/05 18:31:25 Checking file: /tmp/blitzy/blitzy-kubernetes/blitzy5f91179c1/pkg/registry/core/resourcequota/doc.go
[gosec] 2026/02/05 18:31:25 Checking file: /tmp/blitzy/blitzy-kubernetes/blitzy5f91179c1/pkg/registry/core/resourcequota/strategy.go
[gosec] 2026/02/05 18:31:25 Import directory: /tmp/blitzy/blitzy-kubernetes/blitzy5f91179c1/pkg/registry/core/service/ipallocator
[gosec] 2026/02/05 18:31:25 Checking package: rest
[gosec] 2026/02/05 18:31:25 Checking file: /tmp/blitzy/blitzy-kubernetes/blitzy5f91179c1/pkg/registry/coordination/rest/storage_coordination.go
[gosec] 2026/02/05 18:31:25 Import directory: /tmp/blitzy/blitzy-kubernetes/blitzy5f91179c1/pkg/registry/discovery/endpointslice
[gosec] 2026/02/05 18:31:26 Checking package: node
[gosec] 2026/02/05 18:31:26 Checking file: /tmp/blitzy/blitzy-kubernetes/blitzy5f91179c1/pkg/registry/core/node/doc.go
[gosec] 2026/02/05 18:31:26 Import directory: /tmp/blitzy/blitzy-kubernetes/blitzy5f91179c1/pkg/registry/resource/resourceclaimtemplate
[gosec] 2026/02/05 18:31:26 Checking file: /tmp/blitzy/blitzy-kubernetes/blitzy5f91179c1/pkg/registry/core/node/strategy.go
[gosec] 2026/02/05 18:31:26 Checking package: serviceaccount
[gosec] 2026/02/05 18:31:26 Checking file: /tmp/blitzy/blitzy-kubernetes/blitzy5f91179c1/pkg/registry/core/serviceaccount/doc.go
[gosec] 2026/02/05 18:31:26 Checking file: /tmp/blitzy/blitzy-kubernetes/blitzy5f91179c1/pkg/registry/core/serviceaccount/strategy.go
[gosec] 2026/02/05 18:31:26 Import directory: /tmp/blitzy/blitzy-kubernetes/blitzy5f91179c1/pkg/registry/resource/resourceslice/storage
[gosec] 2026/02/05 18:31:27 Checking package: servicecidr
[gosec] 2026/02/05 18:31:27 Checking file: /tmp/blitzy/blitzy-kubernetes/blitzy5f91179c1/pkg/registry/networking/servicecidr/doc.go
[gosec] 2026/02/05 18:31:27 Checking file: /tmp/blitzy/blitzy-kubernetes/blitzy5f91179c1/pkg/registry/networking/servicecidr/strategy.go
[gosec] 2026/02/05 18:31:27 Import directory: /tmp/blitzy/blitzy-kubernetes/blitzy5f91179c1/pkg/registry/storage/csinode
[gosec] 2026/02/05 18:31:27 Checking package: poddisruptionbudget
[gosec] 2026/02/05 18:31:27 Checking file: /tmp/blitzy/blitzy-kubernetes/blitzy5f91179c1/pkg/registry/policy/poddisruptionbudget/doc.go
[gosec] 2026/02/05 18:31:27 Checking file: /tmp/blitzy/blitzy-kubernetes/blitzy5f91179c1/pkg/registry/policy/poddisruptionbudget/strategy.go
[gosec] 2026/02/05 18:31:27 Import directory: /tmp/blitzy/blitzy-kubernetes/blitzy5f91179c1/pkg/registry/core/secret
[gosec] 2026/02/05 18:31:27 Checking package: storageversion
[gosec] 2026/02/05 18:31:27 Checking file: /tmp/blitzy/blitzy-kubernetes/blitzy5f91179c1/pkg/registry/apiserverinternal/storageversion/doc.go
[gosec] 2026/02/05 18:31:27 Checking file: /tmp/blitzy/blitzy-kubernetes/blitzy5f91179c1/pkg/registry/apiserverinternal/storageversion/strategy.go
[gosec] 2026/02/05 18:31:27 Import directory: /tmp/blitzy/blitzy-kubernetes/blitzy5f91179c1/pkg/registry/networking/ipaddress/storage
[gosec] 2026/02/05 18:31:27 Checking package: storage
[gosec] 2026/02/05 18:31:27 Checking file: /tmp/blitzy/blitzy-kubernetes/blitzy5f91179c1/pkg/registry/core/replicationcontroller/storage/storage.go
[gosec] 2026/02/05 18:31:27 Import directory: /tmp/blitzy/blitzy-kubernetes/blitzy5f91179c1/pkg/registry/storage/volumeattachment
[gosec] 2026/02/05 18:31:28 Checking package: ipallocator
[gosec] 2026/02/05 18:31:28 Checking file: /tmp/blitzy/blitzy-kubernetes/blitzy5f91179c1/pkg/registry/core/service/ipallocator/bitmap.go
[gosec] 2026/02/05 18:31:28 Import directory: /tmp/blitzy/blitzy-kubernetes/blitzy5f91179c1/pkg/registry/admissionregistration/mutatingadmissionpolicy/storage
[gosec] 2026/02/05 18:31:30 Checking file: /tmp/blitzy/blitzy-kubernetes/blitzy5f91179c1/pkg/registry/core/service/ipallocator/cidrallocator.go
[gosec] 2026/02/05 18:31:31 Checking file: /tmp/blitzy/blitzy-kubernetes/blitzy5f91179c1/pkg/registry/core/service/ipallocator/interfaces.go
[gosec] 2026/02/05 18:31:31 Checking file: /tmp/blitzy/blitzy-kubernetes/blitzy5f91179c1/pkg/registry/core/service/ipallocator/ipallocator.go
[gosec] 2026/02/05 18:31:32 Checking file: /tmp/blitzy/blitzy-kubernetes/blitzy5f91179c1/pkg/registry/core/service/ipallocator/metrics.go
[gosec] 2026/02/05 18:31:33 Checking package: endpointslice
[gosec] 2026/02/05 18:31:33 Checking file: /tmp/blitzy/blitzy-kubernetes/blitzy5f91179c1/pkg/registry/discovery/endpointslice/doc.go
[gosec] 2026/02/05 18:31:33 Checking file: /tmp/blitzy/blitzy-kubernetes/blitzy5f91179c1/pkg/registry/discovery/endpointslice/strategy.go
[gosec] 2026/02/05 18:31:33 Import directory: /tmp/blitzy/blitzy-kubernetes/blitzy5f91179c1/pkg/registry/core/node/rest
[gosec] 2026/02/05 18:31:33 Checking package: resourceclaimtemplate
[gosec] 2026/02/05 18:31:33 Checking file: /tmp/blitzy/blitzy-kubernetes/blitzy5f91179c1/pkg/registry/resource/resourceclaimtemplate/strategy.go
[gosec] 2026/02/05 18:31:33 Import directory: /tmp/blitzy/blitzy-kubernetes/blitzy5f91179c1/pkg/registry/core/secret/storage
[gosec] 2026/02/05 18:31:34 Checking package: csinode
[gosec] 2026/02/05 18:31:34 Checking file: /tmp/blitzy/blitzy-kubernetes/blitzy5f91179c1/pkg/registry/storage/csinode/doc.go
[gosec] 2026/02/05 18:31:34 Checking file: /tmp/blitzy/blitzy-kubernetes/blitzy5f91179c1/pkg/registry/storage/csinode/strategy.go
[gosec] 2026/02/05 18:31:34 Import directory: /tmp/blitzy/blitzy-kubernetes/blitzy5f91179c1/pkg/registry/apps/controllerrevision/storage
[gosec] 2026/02/05 18:31:34 Checking package: storage
[gosec] 2026/02/05 18:31:34 Checking file: /tmp/blitzy/blitzy-kubernetes/blitzy5f91179c1/pkg/registry/resource/resourceslice/storage/storage.go
[gosec] 2026/02/05 18:31:34 Import directory: /tmp/blitzy/blitzy-kubernetes/blitzy5f91179c1/pkg/registry/core/configmap/storage
[gosec] 2026/02/05 18:31:34 Checking package: secret
[gosec] 2026/02/05 18:31:34 Checking file: /tmp/blitzy/blitzy-kubernetes/blitzy5f91179c1/pkg/registry/core/secret/doc.go
[gosec] 2026/02/05 18:31:34 Import directory: /tmp/blitzy/blitzy-kubernetes/blitzy5f91179c1/pkg/registry/rbac/clusterrolebinding
[gosec] 2026/02/05 18:31:34 Checking file: /tmp/blitzy/blitzy-kubernetes/blitzy5f91179c1/pkg/registry/core/secret/strategy.go
[gosec] 2026/02/05 18:31:34 Checking package: volumeattachment
[gosec] 2026/02/05 18:31:34 Checking file: /tmp/blitzy/blitzy-kubernetes/blitzy5f91179c1/pkg/registry/storage/volumeattachment/doc.go
[gosec] 2026/02/05 18:31:34 Checking file: /tmp/blitzy/blitzy-kubernetes/blitzy5f91179c1/pkg/registry/storage/volumeattachment/strategy.go
[gosec] 2026/02/05 18:31:34 Import directory: /tmp/blitzy/blitzy-kubernetes/blitzy5f91179c1/pkg/registry/storage/storageclass/storage
[gosec] 2026/02/05 18:31:34 Checking package: storage
[gosec] 2026/02/05 18:31:34 Checking file: /tmp/blitzy/blitzy-kubernetes/blitzy5f91179c1/pkg/registry/networking/ipaddress/storage/storage.go
[gosec] 2026/02/05 18:31:34 Import directory: /tmp/blitzy/blitzy-kubernetes/blitzy5f91179c1/pkg/registry/coordination/leasecandidate/storage
[gosec] 2026/02/05 18:31:35 Checking package: storage
[gosec] 2026/02/05 18:31:35 Checking file: /tmp/blitzy/blitzy-kubernetes/blitzy5f91179c1/pkg/registry/admissionregistration/mutatingadmissionpolicy/storage/storage.go
[gosec] 2026/02/05 18:31:35 Import directory: /tmp/blitzy/blitzy-kubernetes/blitzy5f91179c1/pkg/registry/rbac/role/storage
[gosec] 2026/02/05 18:31:35 Checking package: node
[gosec] 2026/02/05 18:31:35 Checking file: /tmp/blitzy/blitzy-kubernetes/blitzy5f91179c1/pkg/registry/core/node/rest/proxy.go
[gosec] 2026/02/05 18:31:35 Import directory: /tmp/blitzy/blitzy-kubernetes/blitzy5f91179c1/pkg/registry/scheduling/rest
[gosec] 2026/02/05 18:31:35 Checking package: storage
[gosec] 2026/02/05 18:31:35 Checking file: /tmp/blitzy/blitzy-kubernetes/blitzy5f91179c1/pkg/registry/core/secret/storage/storage.go
[gosec] 2026/02/05 18:31:35 Import directory: /tmp/blitzy/blitzy-kubernetes/blitzy5f91179c1/pkg/registry/rbac/clusterrolebinding/storage
[gosec] 2026/02/05 18:31:35 Import directory: /tmp/blitzy/blitzy-kubernetes/blitzy5f91179c1/pkg/registry/registrytest
[gosec] 2026/02/05 18:31:35 Checking package: clusterrolebinding
[gosec] 2026/02/05 18:31:35 Checking file: /tmp/blitzy/blitzy-kubernetes/blitzy5f91179c1/pkg/registry/rbac/clusterrolebinding/doc.go
[gosec] 2026/02/05 18:31:35 Checking file: /tmp/blitzy/blitzy-kubernetes/blitzy5f91179c1/pkg/registry/rbac/clusterrolebinding/registry.go
[gosec] 2026/02/05 18:31:36 Checking file: /tmp/blitzy/blitzy-kubernetes/blitzy5f91179c1/pkg/registry/rbac/clusterrolebinding/strategy.go
[gosec] 2026/02/05 18:31:36 Import directory: /tmp/blitzy/blitzy-kubernetes/blitzy5f91179c1/pkg/registry/core/service/portallocator/controller
[gosec] 2026/02/05 18:31:36 Checking package: storage
[gosec] 2026/02/05 18:31:36 Checking file: /tmp/blitzy/blitzy-kubernetes/blitzy5f91179c1/pkg/registry/apps/controllerrevision/storage/storage.go
[gosec] 2026/02/05 18:31:36 Checking package: storage
[gosec] 2026/02/05 18:31:36 Checking file: /tmp/blitzy/blitzy-kubernetes/blitzy5f91179c1/pkg/registry/core/configmap/storage/storage.go
[gosec] 2026/02/05 18:31:36 Import directory: /tmp/blitzy/blitzy-kubernetes/blitzy5f91179c1/pkg/registry/flowcontrol/rest
[gosec] 2026/02/05 18:31:36 Checking package: storage
[gosec] 2026/02/05 18:31:36 Checking file: /tmp/blitzy/blitzy-kubernetes/blitzy5f91179c1/pkg/registry/storage/storageclass/storage/storage.go
[gosec] 2026/02/05 18:31:36 Import directory: /tmp/blitzy/blitzy-kubernetes/blitzy5f91179c1/pkg/registry/admissionregistration/resolver
[gosec] 2026/02/05 18:31:37 Checking package: storage
[gosec] 2026/02/05 18:31:37 Checking file: /tmp/blitzy/blitzy-kubernetes/blitzy5f91179c1/pkg/registry/coordination/leasecandidate/storage/storage.go
[gosec] 2026/02/05 18:31:37 Import directory: /tmp/blitzy/blitzy-kubernetes/blitzy5f91179c1/pkg/registry/core/persistentvolume
[gosec] 2026/02/05 18:31:37 Checking package: storage
[gosec] 2026/02/05 18:31:37 Checking file: /tmp/blitzy/blitzy-kubernetes/blitzy5f91179c1/pkg/registry/rbac/role/storage/storage.go
[gosec] 2026/02/05 18:31:37 Import directory: /tmp/blitzy/blitzy-kubernetes/blitzy5f91179c1/pkg/registry/networking/ingressclass
[gosec] 2026/02/05 18:31:37 Checking package: rest
[gosec] 2026/02/05 18:31:37 Checking file: /tmp/blitzy/blitzy-kubernetes/blitzy5f91179c1/pkg/registry/scheduling/rest/storage_scheduling.go
[gosec] 2026/02/05 18:31:37 Import directory: /tmp/blitzy/blitzy-kubernetes/blitzy5f91179c1/pkg/registry/rbac/rolebinding
[gosec] 2026/02/05 18:31:37 Checking package: storage
[gosec] 2026/02/05 18:31:37 Checking file: /tmp/blitzy/blitzy-kubernetes/blitzy5f91179c1/pkg/registry/rbac/clusterrolebinding/storage/storage.go
[gosec] 2026/02/05 18:31:37 Import directory: /tmp/blitzy/blitzy-kubernetes/blitzy5f91179c1/pkg/registry/rbac/validation
[gosec] 2026/02/05 18:31:38 Checking package: controller
[gosec] 2026/02/05 18:31:38 Checking file: /tmp/blitzy/blitzy-kubernetes/blitzy5f91179c1/pkg/registry/core/service/portallocator/controller/metrics.go
[gosec] 2026/02/05 18:31:38 Import directory: /tmp/blitzy/blitzy-kubernetes/blitzy5f91179c1/pkg/registry/testapigroup/carp
[gosec] 2026/02/05 18:31:38 Checking file: /tmp/blitzy/blitzy-kubernetes/blitzy5f91179c1/pkg/registry/core/service/portallocator/controller/repair.go
[gosec] 2026/02/05 18:31:38 Checking package: registrytest
[gosec] 2026/02/05 18:31:38 Checking file: /tmp/blitzy/blitzy-kubernetes/blitzy5f91179c1/pkg/registry/registrytest/categoriesProvider.go
[gosec] 2026/02/05 18:31:38 Import directory: /tmp/blitzy/blitzy-kubernetes/blitzy5f91179c1/pkg/registry/admissionregistration/rest
[gosec] 2026/02/05 18:31:38 Checking file: /tmp/blitzy/blitzy-kubernetes/blitzy5f91179c1/pkg/registry/registrytest/doc.go
[gosec] 2026/02/05 18:31:38 Checking file: /tmp/blitzy/blitzy-kubernetes/blitzy5f91179c1/pkg/registry/registrytest/endpoint.go
[gosec] 2026/02/05 18:31:38 Checking file: /tmp/blitzy/blitzy-kubernetes/blitzy5f91179c1/pkg/registry/registrytest/etcd.go
[gosec] 2026/02/05 18:31:38 Checking file: /tmp/blitzy/blitzy-kubernetes/blitzy5f91179c1/pkg/registry/registrytest/node.go
[gosec] 2026/02/05 18:31:39 Checking file: /tmp/blitzy/blitzy-kubernetes/blitzy5f91179c1/pkg/registry/registrytest/service.go
[gosec] 2026/02/05 18:31:39 Checking file: /tmp/blitzy/blitzy-kubernetes/blitzy5f91179c1/pkg/registry/registrytest/shortNamesProvider.go
[gosec] 2026/02/05 18:31:39 Checking file: /tmp/blitzy/blitzy-kubernetes/blitzy5f91179c1/pkg/registry/registrytest/validate.go
[gosec] 2026/02/05 18:31:39 Checking package: resolver
[gosec] 2026/02/05 18:31:39 Checking file: /tmp/blitzy/blitzy-kubernetes/blitzy5f91179c1/pkg/registry/admissionregistration/resolver/resolver.go
[gosec] 2026/02/05 18:31:39 Import directory: /tmp/blitzy/blitzy-kubernetes/blitzy5f91179c1/pkg/registry/apiserverinternal/rest
[gosec] 2026/02/05 18:31:39 Checking package: ingressclass
[gosec] 2026/02/05 18:31:39 Checking file: /tmp/blitzy/blitzy-kubernetes/blitzy5f91179c1/pkg/registry/networking/ingressclass/doc.go
[gosec] 2026/02/05 18:31:39 Import directory: /tmp/blitzy/blitzy-kubernetes/blitzy5f91179c1/pkg/registry/apps/controllerrevision
[gosec] 2026/02/05 18:31:39 Checking file: /tmp/blitzy/blitzy-kubernetes/blitzy5f91179c1/pkg/registry/networking/ingressclass/strategy.go
[gosec] 2026/02/05 18:31:39 Checking package: rest
[gosec] 2026/02/05 18:31:39 Checking file: /tmp/blitzy/blitzy-kubernetes/blitzy5f91179c1/pkg/registry/flowcontrol/rest/storage_flowcontrol.go
[gosec] 2026/02/05 18:31:39 Import directory: /tmp/blitzy/blitzy-kubernetes/blitzy5f91179c1/pkg/registry/coordination/lease/storage
[gosec] 2026/02/05 18:31:40 Checking package: rolebinding
[gosec] 2026/02/05 18:31:40 Checking file: /tmp/blitzy/blitzy-kubernetes/blitzy5f91179c1/pkg/registry/rbac/rolebinding/doc.go
[gosec] 2026/02/05 18:31:40 Checking file: /tmp/blitzy/blitzy-kubernetes/blitzy5f91179c1/pkg/registry/rbac/rolebinding/registry.go
[gosec] 2026/02/05 18:31:40 Import directory: /tmp/blitzy/blitzy-kubernetes/blitzy5f91179c1/pkg/registry/networking/servicecidr/storage
[gosec] 2026/02/05 18:31:40 Checking file: /tmp/blitzy/blitzy-kubernetes/blitzy5f91179c1/pkg/registry/rbac/rolebinding/strategy.go
[gosec] 2026/02/05 18:31:40 Checking package: persistentvolume
[gosec] 2026/02/05 18:31:40 Checking file: /tmp/blitzy/blitzy-kubernetes/blitzy5f91179c1/pkg/registry/core/persistentvolume/doc.go
[gosec] 2026/02/05 18:31:40 Checking file: /tmp/blitzy/blitzy-kubernetes/blitzy5f91179c1/pkg/registry/core/persistentvolume/strategy.go
[gosec] 2026/02/05 18:31:40 Import directory: /tmp/blitzy/blitzy-kubernetes/blitzy5f91179c1/pkg/registry/node/rest
[gosec] 2026/02/05 18:31:41 Checking package: validation
[gosec] 2026/02/05 18:31:41 Checking file: /tmp/blitzy/blitzy-kubernetes/blitzy5f91179c1/pkg/registry/rbac/validation/internal_version_adapter.go
[gosec] 2026/02/05 18:31:41 Import directory: /tmp/blitzy/blitzy-kubernetes/blitzy5f91179c1/pkg/registry/resource/devicetaintrule
[gosec] 2026/02/05 18:31:41 Checking file: /tmp/blitzy/blitzy-kubernetes/blitzy5f91179c1/pkg/registry/rbac/validation/policy_compact.go
[gosec] 2026/02/05 18:31:41 Checking file: /tmp/blitzy/blitzy-kubernetes/blitzy5f91179c1/pkg/registry/rbac/validation/rule.go
[gosec] 2026/02/05 18:31:42 Checking package: carp
[gosec] 2026/02/05 18:31:42 Checking file: /tmp/blitzy/blitzy-kubernetes/blitzy5f91179c1/pkg/registry/testapigroup/carp/strategy.go
[gosec] 2026/02/05 18:31:42 Import directory: /tmp/blitzy/blitzy-kubernetes/blitzy5f91179c1/pkg/registry/admissionregistration/validatingadmissionpolicybinding
[gosec] 2026/02/05 18:31:43 Checking package: rest
[gosec] 2026/02/05 18:31:43 Checking file: /tmp/blitzy/blitzy-kubernetes/blitzy5f91179c1/pkg/registry/admissionregistration/rest/storage_apiserver.go
[gosec] 2026/02/05 18:31:43 Import directory: /tmp/blitzy/blitzy-kubernetes/blitzy5f91179c1/pkg/registry/certificates/certificates
[gosec] 2026/02/05 18:31:43 Checking package: controllerrevision
[gosec] 2026/02/05 18:31:43 Checking file: /tmp/blitzy/blitzy-kubernetes/blitzy5f91179c1/pkg/registry/apps/controllerrevision/doc.go
[gosec] 2026/02/05 18:31:43 Import directory: /tmp/blitzy/blitzy-kubernetes/blitzy5f91179c1/pkg/registry/core/configmap
[gosec] 2026/02/05 18:31:43 Checking file: /tmp/blitzy/blitzy-kubernetes/blitzy5f91179c1/pkg/registry/apps/controllerrevision/strategy.go
[gosec] 2026/02/05 18:31:43 Checking package: rest
[gosec] 2026/02/05 18:31:43 Checking file: /tmp/blitzy/blitzy-kubernetes/blitzy5f91179c1/pkg/registry/apiserverinternal/rest/storage.go
[gosec] 2026/02/05 18:31:43 Import directory: /tmp/blitzy/blitzy-kubernetes/blitzy5f91179c1/pkg/registry/core/endpoint
[gosec] 2026/02/05 18:31:43 Checking package: storage
[gosec] 2026/02/05 18:31:43 Checking file: /tmp/blitzy/blitzy-kubernetes/blitzy5f91179c1/pkg/registry/coordination/lease/storage/storage.go
[gosec] 2026/02/05 18:31:43 Import directory: /tmp/blitzy/blitzy-kubernetes/blitzy5f91179c1/pkg/registry/networking/ingress
[gosec] 2026/02/05 18:31:44 Checking package: storage
[gosec] 2026/02/05 18:31:44 Checking file: /tmp/blitzy/blitzy-kubernetes/blitzy5f91179c1/pkg/registry/networking/servicecidr/storage/storage.go
[gosec] 2026/02/05 18:31:44 Import directory: /tmp/blitzy/blitzy-kubernetes/blitzy5f91179c1/pkg/registry/resource
[gosec] 2026/02/05 18:31:44 Checking package: devicetaintrule
[gosec] 2026/02/05 18:31:44 Checking file: /tmp/blitzy/blitzy-kubernetes/blitzy5f91179c1/pkg/registry/resource/devicetaintrule/strategy.go
[gosec] 2026/02/05 18:31:44 Import directory: /tmp/blitzy/blitzy-kubernetes/blitzy5f91179c1/pkg/registry/admissionregistration/validatingwebhookconfiguration/storage
[gosec] 2026/02/05 18:31:44 Checking package: rest
[gosec] 2026/02/05 18:31:44 Checking file: /tmp/blitzy/blitzy-kubernetes/blitzy5f91179c1/pkg/registry/node/rest/runtime_class.go
[gosec] 2026/02/05 18:31:44 Import directory: /tmp/blitzy/blitzy-kubernetes/blitzy5f91179c1/pkg/registry/apps/daemonset
[gosec] 2026/02/05 18:31:44 Checking package: validatingadmissionpolicybinding
[gosec] 2026/02/05 18:31:44 Checking file: /tmp/blitzy/blitzy-kubernetes/blitzy5f91179c1/pkg/registry/admissionregistration/validatingadmissionpolicybinding/authz.go
[gosec] 2026/02/05 18:31:44 Import directory: /tmp/blitzy/blitzy-kubernetes/blitzy5f91179c1/pkg/registry/apps/statefulset
[gosec] 2026/02/05 18:31:45 Checking file: /tmp/blitzy/blitzy-kubernetes/blitzy5f91179c1/pkg/registry/admissionregistration/validatingadmissionpolicybinding/doc.go
[gosec] 2026/02/05 18:31:45 Checking file: /tmp/blitzy/blitzy-kubernetes/blitzy5f91179c1/pkg/registry/admissionregistration/validatingadmissionpolicybinding/strategy.go
[gosec] 2026/02/05 18:31:45 Checking package: certificates
[gosec] 2026/02/05 18:31:45 Checking file: /tmp/blitzy/blitzy-kubernetes/blitzy5f91179c1/pkg/registry/certificates/certificates/doc.go
[gosec] 2026/02/05 18:31:45 Checking file: /tmp/blitzy/blitzy-kubernetes/blitzy5f91179c1/pkg/registry/certificates/certificates/strategy.go
[gosec] 2026/02/05 18:31:45 Import directory: /tmp/blitzy/blitzy-kubernetes/blitzy5f91179c1/pkg/registry/autoscaling/rest
[gosec] 2026/02/05 18:31:45 Checking package: ingress
[gosec] 2026/02/05 18:31:45 Checking file: /tmp/blitzy/blitzy-kubernetes/blitzy5f91179c1/pkg/registry/networking/ingress/doc.go
[gosec] 2026/02/05 18:31:45 Import directory: /tmp/blitzy/blitzy-kubernetes/blitzy5f91179c1/pkg/registry/core/podtemplate
[gosec] 2026/02/05 18:31:45 Checking file: /tmp/blitzy/blitzy-kubernetes/blitzy5f91179c1/pkg/registry/networking/ingress/strategy.go
[gosec] 2026/02/05 18:31:46 Checking package: configmap
[gosec] 2026/02/05 18:31:46 Checking file: /tmp/blitzy/blitzy-kubernetes/blitzy5f91179c1/pkg/registry/core/configmap/doc.go
[gosec] 2026/02/05 18:31:46 Checking file: /tmp/blitzy/blitzy-kubernetes/blitzy5f91179c1/pkg/registry/core/configmap/strategy.go
[gosec] 2026/02/05 18:31:46 Import directory: /tmp/blitzy/blitzy-kubernetes/blitzy5f91179c1/pkg/registry/core/rangeallocation
[gosec] 2026/02/05 18:31:46 Checking package: endpoint
[gosec] 2026/02/05 18:31:46 Checking file: /tmp/blitzy/blitzy-kubernetes/blitzy5f91179c1/pkg/registry/core/endpoint/doc.go
[gosec] 2026/02/05 18:31:46 Checking file: /tmp/blitzy/blitzy-kubernetes/blitzy5f91179c1/pkg/registry/core/endpoint/strategy.go
[gosec] 2026/02/05 18:31:46 Import directory: /tmp/blitzy/blitzy-kubernetes/blitzy5f91179c1/pkg/registry/core/service/allocator
[gosec] 2026/02/05 18:31:46 Checking package: resource
[gosec] 2026/02/05 18:31:46 Checking file: /tmp/blitzy/blitzy-kubernetes/blitzy5f91179c1/pkg/registry/resource/utils.go
[gosec] 2026/02/05 18:31:46 Import directory: /tmp/blitzy/blitzy-kubernetes/blitzy5f91179c1/pkg/registry/rbac
[gosec] 2026/02/05 18:31:46 Checking package: daemonset
[gosec] 2026/02/05 18:31:46 Checking file: /tmp/blitzy/blitzy-kubernetes/blitzy5f91179c1/pkg/registry/apps/daemonset/doc.go
[gosec] 2026/02/05 18:31:46 Checking file: /tmp/blitzy/blitzy-kubernetes/blitzy5f91179c1/pkg/registry/apps/daemonset/strategy.go
[gosec] 2026/02/05 18:31:46 Import directory: /tmp/blitzy/blitzy-kubernetes/blitzy5f91179c1/pkg/registry/admissionregistration/mutatingadmissionpolicy
[gosec] 2026/02/05 18:31:47 Checking package: statefulset
[gosec] 2026/02/05 18:31:47 Checking file: /tmp/blitzy/blitzy-kubernetes/blitzy5f91179c1/pkg/registry/apps/statefulset/doc.go
[gosec] 2026/02/05 18:31:47 Checking file: /tmp/blitzy/blitzy-kubernetes/blitzy5f91179c1/pkg/registry/apps/statefulset/strategy.go
[gosec] 2026/02/05 18:31:47 Import directory: /tmp/blitzy/blitzy-kubernetes/blitzy5f91179c1/pkg/registry/admissionregistration/mutatingwebhookconfiguration
[gosec] 2026/02/05 18:31:47 Checking package: storage
[gosec] 2026/02/05 18:31:47 Checking file: /tmp/blitzy/blitzy-kubernetes/blitzy5f91179c1/pkg/registry/admissionregistration/validatingwebhookconfiguration/storage/storage.go
[gosec] 2026/02/05 18:31:47 Import directory: /tmp/blitzy/blitzy-kubernetes/blitzy5f91179c1/pkg/registry/admissionregistration/validatingwebhookconfiguration
[gosec] 2026/02/05 18:31:48 Checking package: podtemplate
[gosec] 2026/02/05 18:31:48 Checking file: /tmp/blitzy/blitzy-kubernetes/blitzy5f91179c1/pkg/registry/core/podtemplate/doc.go
[gosec] 2026/02/05 18:31:48 Checking file: /tmp/blitzy/blitzy-kubernetes/blitzy5f91179c1/pkg/registry/core/podtemplate/strategy.go
[gosec] 2026/02/05 18:31:48 Import directory: /tmp/blitzy/blitzy-kubernetes/blitzy5f91179c1/pkg/registry/core/persistentvolume/storage
[gosec] 2026/02/05 18:31:48 Checking package: rest
[gosec] 2026/02/05 18:31:48 Checking file: /tmp/blitzy/blitzy-kubernetes/blitzy5f91179c1/pkg/registry/autoscaling/rest/storage_autoscaling.go
[gosec] 2026/02/05 18:31:48 Import directory: /tmp/blitzy/blitzy-kubernetes/blitzy5f91179c1/pkg/registry/core/service/ipallocator/storage
[gosec] 2026/02/05 18:31:48 Checking package: rangeallocation
[gosec] 2026/02/05 18:31:48 Checking file: /tmp/blitzy/blitzy-kubernetes/blitzy5f91179c1/pkg/registry/core/rangeallocation/doc.go
[gosec] 2026/02/05 18:31:48 Checking file: /tmp/blitzy/blitzy-kubernetes/blitzy5f91179c1/pkg/registry/core/rangeallocation/registry.go
[gosec] 2026/02/05 18:31:48 Import directory: /tmp/blitzy/blitzy-kubernetes/blitzy5f91179c1/pkg/registry/storage/csistoragecapacity/storage
[gosec] 2026/02/05 18:31:48 Checking package: allocator
[gosec] 2026/02/05 18:31:48 Checking file: /tmp/blitzy/blitzy-kubernetes/blitzy5f91179c1/pkg/registry/core/service/allocator/bitmap.go
[gosec] 2026/02/05 18:31:48 Import directory: /tmp/blitzy/blitzy-kubernetes/blitzy5f91179c1/pkg/registry/storage/volumeattributesclass/storage
[gosec] 2026/02/05 18:31:49 Checking file: /tmp/blitzy/blitzy-kubernetes/blitzy5f91179c1/pkg/registry/core/service/allocator/interfaces.go
[gosec] 2026/02/05 18:31:49 Checking file: /tmp/blitzy/blitzy-kubernetes/blitzy5f91179c1/pkg/registry/core/service/allocator/utils.go
[gosec] 2026/02/05 18:31:49 Checking package: rbac
[gosec] 2026/02/05 18:31:49 Checking file: /tmp/blitzy/blitzy-kubernetes/blitzy5f91179c1/pkg/registry/rbac/escalation_check.go
[gosec] 2026/02/05 18:31:49 Import directory: /tmp/blitzy/blitzy-kubernetes/blitzy5f91179c1/pkg/registry/testapigroup/rest
[gosec] 2026/02/05 18:31:49 Checking file: /tmp/blitzy/blitzy-kubernetes/blitzy5f91179c1/pkg/registry/rbac/helpers.go
[gosec] 2026/02/05 18:31:49 Checking package: mutatingadmissionpolicy
[gosec] 2026/02/05 18:31:49 Checking file: /tmp/blitzy/blitzy-kubernetes/blitzy5f91179c1/pkg/registry/admissionregistration/mutatingadmissionpolicy/authz.go
[gosec] 2026/02/05 18:31:49 Import directory: /tmp/blitzy/blitzy-kubernetes/blitzy5f91179c1/pkg/registry/certificates/podcertificaterequest/storage
[gosec] 2026/02/05 18:31:49 Checking file: /tmp/blitzy/blitzy-kubernetes/blitzy5f91179c1/pkg/registry/admissionregistration/mutatingadmissionpolicy/doc.go
[gosec] 2026/02/05 18:31:49 Checking file: /tmp/blitzy/blitzy-kubernetes/blitzy5f91179c1/pkg/registry/admissionregistration/mutatingadmissionpolicy/strategy.go
[gosec] 2026/02/05 18:31:50 Checking package: mutatingwebhookconfiguration
[gosec] 2026/02/05 18:31:50 Checking file: /tmp/blitzy/blitzy-kubernetes/blitzy5f91179c1/pkg/registry/admissionregistration/mutatingwebhookconfiguration/doc.go
[gosec] 2026/02/05 18:31:50 Checking file: /tmp/blitzy/blitzy-kubernetes/blitzy5f91179c1/pkg/registry/admissionregistration/mutatingwebhookconfiguration/strategy.go
[gosec] 2026/02/05 18:31:50 Import directory: /tmp/blitzy/blitzy-kubernetes/blitzy5f91179c1/pkg/registry/core/service/ipallocator/controller
[gosec] 2026/02/05 18:31:50 Checking package: storage
[gosec] 2026/02/05 18:31:50 Checking file: /tmp/blitzy/blitzy-kubernetes/blitzy5f91179c1/pkg/registry/core/service/ipallocator/storage/storage.go
[gosec] 2026/02/05 18:31:50 Import directory: /tmp/blitzy/blitzy-kubernetes/blitzy5f91179c1/pkg/registry/resource/deviceclass/storage
[gosec] 2026/02/05 18:31:50 Checking package: validatingwebhookconfiguration
[gosec] 2026/02/05 18:31:50 Checking file: /tmp/blitzy/blitzy-kubernetes/blitzy5f91179c1/pkg/registry/admissionregistration/validatingwebhookconfiguration/doc.go
[gosec] 2026/02/05 18:31:50 Checking file: /tmp/blitzy/blitzy-kubernetes/blitzy5f91179c1/pkg/registry/admissionregistration/validatingwebhookconfiguration/strategy.go
[gosec] 2026/02/05 18:31:50 Import directory: /tmp/blitzy/blitzy-kubernetes/blitzy5f91179c1/pkg/registry/discovery/rest
[gosec] 2026/02/05 18:31:50 Checking package: storage
[gosec] 2026/02/05 18:31:50 Checking file: /tmp/blitzy/blitzy-kubernetes/blitzy5f91179c1/pkg/registry/core/persistentvolume/storage/storage.go
[gosec] 2026/02/05 18:31:50 Import directory: /tmp/blitzy/blitzy-kubernetes/blitzy5f91179c1/pkg/registry/flowcontrol/ensurer
[gosec] 2026/02/05 18:31:50 Checking package: storage
[gosec] 2026/02/05 18:31:50 Checking file: /tmp/blitzy/blitzy-kubernetes/blitzy5f91179c1/pkg/registry/storage/csistoragecapacity/storage/storage.go
[gosec] 2026/02/05 18:31:50 Import directory: /tmp/blitzy/blitzy-kubernetes/blitzy5f91179c1/pkg/registry/networking/ingressclass/storage
[gosec] 2026/02/05 18:31:51 Checking package: storage
[gosec] 2026/02/05 18:31:51 Checking file: /tmp/blitzy/blitzy-kubernetes/blitzy5f91179c1/pkg/registry/storage/volumeattributesclass/storage/storage.go
[gosec] 2026/02/05 18:31:51 Import directory: /tmp/blitzy/blitzy-kubernetes/blitzy5f91179c1/pkg/registry/policy/rest
[gosec] 2026/02/05 18:31:51 Checking package: rest
[gosec] 2026/02/05 18:31:51 Checking file: /tmp/blitzy/blitzy-kubernetes/blitzy5f91179c1/pkg/registry/testapigroup/rest/storage_resource.go
[gosec] 2026/02/05 18:31:51 Import directory: /tmp/blitzy/blitzy-kubernetes/blitzy5f91179c1/pkg/registry/apps/rest
[gosec] 2026/02/05 18:31:51 Checking package: storage
[gosec] 2026/02/05 18:31:51 Checking file: /tmp/blitzy/blitzy-kubernetes/blitzy5f91179c1/pkg/registry/certificates/podcertificaterequest/storage/storage.go
[gosec] 2026/02/05 18:31:51 Import directory: /tmp/blitzy/blitzy-kubernetes/blitzy5f91179c1/pkg/registry/core/service/portallocator
[gosec] 2026/02/05 18:31:52 Checking package: controller
[gosec] 2026/02/05 18:31:52 Checking file: /tmp/blitzy/blitzy-kubernetes/blitzy5f91179c1/pkg/registry/core/service/ipallocator/controller/metrics.go
[gosec] 2026/02/05 18:31:52 Import directory: /tmp/blitzy/blitzy-kubernetes/blitzy5f91179c1/pkg/registry/discovery/endpointslice/storage
[gosec] 2026/02/05 18:31:52 Checking file: /tmp/blitzy/blitzy-kubernetes/blitzy5f91179c1/pkg/registry/core/service/ipallocator/controller/repair.go
[gosec] 2026/02/05 18:31:52 Checking file: /tmp/blitzy/blitzy-kubernetes/blitzy5f91179c1/pkg/registry/core/service/ipallocator/controller/repairip.go
[gosec] 2026/02/05 18:31:54 Checking package: ensurer
[gosec] 2026/02/05 18:31:54 Checking file: /tmp/blitzy/blitzy-kubernetes/blitzy5f91179c1/pkg/registry/flowcontrol/ensurer/flowschema.go
[gosec] 2026/02/05 18:31:54 Import directory: /tmp/blitzy/blitzy-kubernetes/blitzy5f91179c1/pkg/registry/flowcontrol/flowschema/storage
[gosec] 2026/02/05 18:31:54 Checking file: /tmp/blitzy/blitzy-kubernetes/blitzy5f91179c1/pkg/registry/flowcontrol/ensurer/prioritylevelconfiguration.go
[gosec] 2026/02/05 18:31:54 Checking file: /tmp/blitzy/blitzy-kubernetes/blitzy5f91179c1/pkg/registry/flowcontrol/ensurer/strategy.go
[gosec] 2026/02/05 18:31:55 Checking package: storage
[gosec] 2026/02/05 18:31:55 Checking file: /tmp/blitzy/blitzy-kubernetes/blitzy5f91179c1/pkg/registry/resource/deviceclass/storage/storage.go
[gosec] 2026/02/05 18:31:55 Import directory: /tmp/blitzy/blitzy-kubernetes/blitzy5f91179c1/pkg/registry/networking/networkpolicy/storage
[gosec] 2026/02/05 18:31:55 Checking package: rest
[gosec] 2026/02/05 18:31:55 Checking file: /tmp/blitzy/blitzy-kubernetes/blitzy5f91179c1/pkg/registry/discovery/rest/storage_discovery.go
[gosec] 2026/02/05 18:31:55 Import directory: /tmp/blitzy/blitzy-kubernetes/blitzy5f91179c1/pkg/registry/storagemigration/rest
[gosec] 2026/02/05 18:31:55 Checking package: storage
[gosec] 2026/02/05 18:31:55 Checking file: /tmp/blitzy/blitzy-kubernetes/blitzy5f91179c1/pkg/registry/networking/ingressclass/storage/storage.go
[gosec] 2026/02/05 18:31:55 Import directory: /tmp/blitzy/blitzy-kubernetes/blitzy5f91179c1/pkg/registry/apiserverinternal/storageversion/storage
[gosec] 2026/02/05 18:31:55 Checking package: portallocator
[gosec] 2026/02/05 18:31:55 Checking file: /tmp/blitzy/blitzy-kubernetes/blitzy5f91179c1/pkg/registry/core/service/portallocator/allocator.go
[gosec] 2026/02/05 18:31:55 Import directory: /tmp/blitzy/blitzy-kubernetes/blitzy5f91179c1/pkg/registry/authentication/tokenreview
[gosec] 2026/02/05 18:31:56 Checking file: /tmp/blitzy/blitzy-kubernetes/blitzy5f91179c1/pkg/registry/core/service/portallocator/metrics.go
[gosec] 2026/02/05 18:31:56 Checking file: /tmp/blitzy/blitzy-kubernetes/blitzy5f91179c1/pkg/registry/core/service/portallocator/operation.go
[gosec] 2026/02/05 18:31:56 Checking package: rest
[gosec] 2026/02/05 18:31:56 Checking file: /tmp/blitzy/blitzy-kubernetes/blitzy5f91179c1/pkg/registry/policy/rest/storage_policy.go
[gosec] 2026/02/05 18:31:56 Import directory: /tmp/blitzy/blitzy-kubernetes/blitzy5f91179c1/pkg/registry/flowcontrol/prioritylevelconfiguration
[gosec] 2026/02/05 18:31:57 Checking package: rest
[gosec] 2026/02/05 18:31:57 Checking file: /tmp/blitzy/blitzy-kubernetes/blitzy5f91179c1/pkg/registry/apps/rest/storage_apps.go
[gosec] 2026/02/05 18:31:57 Import directory: /tmp/blitzy/blitzy-kubernetes/blitzy5f91179c1/pkg/registry/node/runtimeclass/storage
[gosec] 2026/02/05 18:31:57 Checking package: storage
[gosec] 2026/02/05 18:31:57 Checking file: /tmp/blitzy/blitzy-kubernetes/blitzy5f91179c1/pkg/registry/discovery/endpointslice/storage/storage.go
[gosec] 2026/02/05 18:31:57 Import directory: /tmp/blitzy/blitzy-kubernetes/blitzy5f91179c1/pkg/registry/core/namespace/storage
[gosec] 2026/02/05 18:31:57 Checking package: storage
[gosec] 2026/02/05 18:31:57 Checking file: /tmp/blitzy/blitzy-kubernetes/blitzy5f91179c1/pkg/registry/flowcontrol/flowschema/storage/storage.go
[gosec] 2026/02/05 18:31:57 Import directory: /tmp/blitzy/blitzy-kubernetes/blitzy5f91179c1/pkg/registry/rbac/clusterrole/policybased
[gosec] 2026/02/05 18:31:57 Checking package: storage
[gosec] 2026/02/05 18:31:57 Checking file: /tmp/blitzy/blitzy-kubernetes/blitzy5f91179c1/pkg/registry/networking/networkpolicy/storage/storage.go
[gosec] 2026/02/05 18:31:57 Import directory: /tmp/blitzy/blitzy-kubernetes/blitzy5f91179c1/pkg/registry/rbac/rolebinding/storage
[gosec] 2026/02/05 18:31:57 Checking package: tokenreview
[gosec] 2026/02/05 18:31:57 Checking file: /tmp/blitzy/blitzy-kubernetes/blitzy5f91179c1/pkg/registry/authentication/tokenreview/storage.go
[gosec] 2026/02/05 18:31:57 Import directory: /tmp/blitzy/blitzy-kubernetes/blitzy5f91179c1/pkg/registry/scheduling/priorityclass/storage
[gosec] 2026/02/05 18:31:58 Checking package: storage
[gosec] 2026/02/05 18:31:58 Checking file: /tmp/blitzy/blitzy-kubernetes/blitzy5f91179c1/pkg/registry/apiserverinternal/storageversion/storage/storage.go
[gosec] 2026/02/05 18:31:58 Import directory: /tmp/blitzy/blitzy-kubernetes/blitzy5f91179c1/pkg/registry/storage/csidriver
[gosec] 2026/02/05 18:31:58 Checking package: rest
[gosec] 2026/02/05 18:31:58 Checking file: /tmp/blitzy/blitzy-kubernetes/blitzy5f91179c1/pkg/registry/storagemigration/rest/storage_storagemigration.go
[gosec] 2026/02/05 18:31:58 Import directory: /tmp/blitzy/blitzy-kubernetes/blitzy5f91179c1/pkg/registry/admissionregistration/validatingadmissionpolicy
[gosec] 2026/02/05 18:31:58 Checking package: prioritylevelconfiguration
[gosec] 2026/02/05 18:31:58 Checking file: /tmp/blitzy/blitzy-kubernetes/blitzy5f91179c1/pkg/registry/flowcontrol/prioritylevelconfiguration/doc.go
[gosec] 2026/02/05 18:31:58 Checking file: /tmp/blitzy/blitzy-kubernetes/blitzy5f91179c1/pkg/registry/flowcontrol/prioritylevelconfiguration/strategy.go
[gosec] 2026/02/05 18:31:58 Import directory: /tmp/blitzy/blitzy-kubernetes/blitzy5f91179c1/pkg/registry/coordination/lease
[gosec] 2026/02/05 18:31:59 Checking package: policybased
[gosec] 2026/02/05 18:31:59 Checking file: /tmp/blitzy/blitzy-kubernetes/blitzy5f91179c1/pkg/registry/rbac/clusterrole/policybased/storage.go
[gosec] 2026/02/05 18:31:59 Import directory: /tmp/blitzy/blitzy-kubernetes/blitzy5f91179c1/pkg/registry/resource/resourceclaim/storage
[gosec] 2026/02/05 18:31:59 Checking package: storage
[gosec] 2026/02/05 18:31:59 Checking file: /tmp/blitzy/blitzy-kubernetes/blitzy5f91179c1/pkg/registry/node/runtimeclass/storage/storage.go
[gosec] 2026/02/05 18:31:59 Import directory: /tmp/blitzy/blitzy-kubernetes/blitzy5f91179c1/pkg/registry/scheduling/workload
[gosec] 2026/02/05 18:31:59 Checking package: storage
[gosec] 2026/02/05 18:31:59 Checking file: /tmp/blitzy/blitzy-kubernetes/blitzy5f91179c1/pkg/registry/core/namespace/storage/storage.go
[gosec] 2026/02/05 18:31:59 Import directory: /tmp/blitzy/blitzy-kubernetes/blitzy5f91179c1/pkg/registry/autoscaling/horizontalpodautoscaler
[gosec] 2026/02/05 18:32:00 Checking package: storage
[gosec] 2026/02/05 18:32:00 Checking file: /tmp/blitzy/blitzy-kubernetes/blitzy5f91179c1/pkg/registry/rbac/rolebinding/storage/storage.go
[gosec] 2026/02/05 18:32:00 Import directory: /tmp/blitzy/blitzy-kubernetes/blitzy5f91179c1/pkg/registry/core/namespace
[gosec] 2026/02/05 18:32:01 Checking package: csidriver
[gosec] 2026/02/05 18:32:01 Checking file: /tmp/blitzy/blitzy-kubernetes/blitzy5f91179c1/pkg/registry/storage/csidriver/doc.go
[gosec] 2026/02/05 18:32:01 Checking file: /tmp/blitzy/blitzy-kubernetes/blitzy5f91179c1/pkg/registry/storage/csidriver/strategy.go
[gosec] 2026/02/05 18:32:01 Import directory: /tmp/blitzy/blitzy-kubernetes/blitzy5f91179c1/pkg/registry/core/persistentvolumeclaim
[gosec] 2026/02/05 18:32:01 Checking package: storage
[gosec] 2026/02/05 18:32:01 Checking file: /tmp/blitzy/blitzy-kubernetes/blitzy5f91179c1/pkg/registry/scheduling/priorityclass/storage/storage.go
[gosec] 2026/02/05 18:32:01 Import directory: /tmp/blitzy/blitzy-kubernetes/blitzy5f91179c1/pkg/registry
[gosec] 2026/02/05 18:32:01 Checking package: lease
[gosec] 2026/02/05 18:32:01 Checking file: /tmp/blitzy/blitzy-kubernetes/blitzy5f91179c1/pkg/registry/coordination/lease/doc.go
[gosec] 2026/02/05 18:32:01 Checking file: /tmp/blitzy/blitzy-kubernetes/blitzy5f91179c1/pkg/registry/coordination/lease/strategy.go
[gosec] 2026/02/05 18:32:01 Import directory: /tmp/blitzy/blitzy-kubernetes/blitzy5f91179c1/pkg/registry/storage/csidriver/storage
[gosec] 2026/02/05 18:32:01 Checking package: validatingadmissionpolicy
[gosec] 2026/02/05 18:32:01 Checking file: /tmp/blitzy/blitzy-kubernetes/blitzy5f91179c1/pkg/registry/admissionregistration/validatingadmissionpolicy/authz.go
[gosec] 2026/02/05 18:32:01 Import directory: /tmp/blitzy/blitzy-kubernetes/blitzy5f91179c1/pkg/registry/storage/rest
[gosec] 2026/02/05 18:32:02 Checking file: /tmp/blitzy/blitzy-kubernetes/blitzy5f91179c1/pkg/registry/admissionregistration/validatingadmissionpolicy/doc.go
[gosec] 2026/02/05 18:32:02 Checking file: /tmp/blitzy/blitzy-kubernetes/blitzy5f91179c1/pkg/registry/admissionregistration/validatingadmissionpolicy/strategy.go
[gosec] 2026/02/05 18:32:02 Checking package: workload
[gosec] 2026/02/05 18:32:02 Checking file: /tmp/blitzy/blitzy-kubernetes/blitzy5f91179c1/pkg/registry/scheduling/workload/doc.go
[gosec] 2026/02/05 18:32:02 Import directory: /tmp/blitzy/blitzy-kubernetes/blitzy5f91179c1/pkg/registry/apps/daemonset/storage
[gosec] 2026/02/05 18:32:02 Checking file: /tmp/blitzy/blitzy-kubernetes/blitzy5f91179c1/pkg/registry/scheduling/workload/strategy.go
[gosec] 2026/02/05 18:32:02 Checking package: storage
[gosec] 2026/02/05 18:32:02 Checking file: /tmp/blitzy/blitzy-kubernetes/blitzy5f91179c1/pkg/registry/resource/resourceclaim/storage/storage.go
[gosec] 2026/02/05 18:32:02 Import directory: /tmp/blitzy/blitzy-kubernetes/blitzy5f91179c1/pkg/registry/batch/job/storage
[gosec] 2026/02/05 18:32:02 Checking package: horizontalpodautoscaler
[gosec] 2026/02/05 18:32:02 Checking file: /tmp/blitzy/blitzy-kubernetes/blitzy5f91179c1/pkg/registry/autoscaling/horizontalpodautoscaler/doc.go
[gosec] 2026/02/05 18:32:02 Import directory: /tmp/blitzy/blitzy-kubernetes/blitzy5f91179c1/pkg/registry/core/pod/storage
[gosec] 2026/02/05 18:32:02 Checking file: /tmp/blitzy/blitzy-kubernetes/blitzy5f91179c1/pkg/registry/autoscaling/horizontalpodautoscaler/strategy.go
[gosec] 2026/02/05 18:32:03 Checking package: registry
[gosec] 2026/02/05 18:32:03 Checking file: /tmp/blitzy/blitzy-kubernetes/blitzy5f91179c1/pkg/registry/doc.go
[gosec] 2026/02/05 18:32:03 Checking package: namespace
[gosec] 2026/02/05 18:32:03 Checking file: /tmp/blitzy/blitzy-kubernetes/blitzy5f91179c1/pkg/registry/core/namespace/doc.go
[gosec] 2026/02/05 18:32:03 Import directory: /tmp/blitzy/blitzy-kubernetes/blitzy5f91179c1/pkg/registry/core/service/portallocator/storage
[gosec] 2026/02/05 18:32:03 Checking file: /tmp/blitzy/blitzy-kubernetes/blitzy5f91179c1/pkg/registry/core/namespace/strategy.go
[gosec] 2026/02/05 18:32:03 Import directory: /tmp/blitzy/blitzy-kubernetes/blitzy5f91179c1/pkg/registry/networking/ipaddress
[gosec] 2026/02/05 18:32:03 Checking package: persistentvolumeclaim
[gosec] 2026/02/05 18:32:03 Checking file: /tmp/blitzy/blitzy-kubernetes/blitzy5f91179c1/pkg/registry/core/persistentvolumeclaim/doc.go
[gosec] 2026/02/05 18:32:03 Import directory: /tmp/blitzy/blitzy-kubernetes/blitzy5f91179c1/pkg/registry/rbac/clusterrole/storage
[gosec] 2026/02/05 18:32:03 Checking file: /tmp/blitzy/blitzy-kubernetes/blitzy5f91179c1/pkg/registry/core/persistentvolumeclaim/strategy.go
[gosec] 2026/02/05 18:32:04 Checking package: storage
[gosec] 2026/02/05 18:32:04 Checking file: /tmp/blitzy/blitzy-kubernetes/blitzy5f91179c1/pkg/registry/storage/csidriver/storage/storage.go
[gosec] 2026/02/05 18:32:04 Import directory: /tmp/blitzy/blitzy-kubernetes/blitzy5f91179c1/pkg/registry/rbac/role/policybased
[gosec] 2026/02/05 18:32:04 Checking package: rest
[gosec] 2026/02/05 18:32:04 Checking file: /tmp/blitzy/blitzy-kubernetes/blitzy5f91179c1/pkg/registry/storage/rest/storage_storage.go
[gosec] 2026/02/05 18:32:04 Import directory: /tmp/blitzy/blitzy-kubernetes/blitzy5f91179c1/pkg/registry/resource/devicetaintrule/storage
[gosec] 2026/02/05 18:32:04 Checking package: storage
[gosec] 2026/02/05 18:32:04 Checking file: /tmp/blitzy/blitzy-kubernetes/blitzy5f91179c1/pkg/registry/apps/daemonset/storage/storage.go
[gosec] 2026/02/05 18:32:04 Import directory: /tmp/blitzy/blitzy-kubernetes/blitzy5f91179c1/pkg/registry/networking/networkpolicy
[gosec] 2026/02/05 18:32:05 Checking package: storage
[gosec] 2026/02/05 18:32:05 Checking file: /tmp/blitzy/blitzy-kubernetes/blitzy5f91179c1/pkg/registry/batch/job/storage/storage.go
[gosec] 2026/02/05 18:32:05 Import directory: /tmp/blitzy/blitzy-kubernetes/blitzy5f91179c1/pkg/registry/rbac/rest
[gosec] 2026/02/05 18:32:05 Checking package: storage
[gosec] 2026/02/05 18:32:05 Checking file: /tmp/blitzy/blitzy-kubernetes/blitzy5f91179c1/pkg/registry/core/service/portallocator/storage/storage.go
[gosec] 2026/02/05 18:32:05 Import directory: /tmp/blitzy/blitzy-kubernetes/blitzy5f91179c1/pkg/registry/scheduling/workload/storage
[gosec] 2026/02/05 18:32:05 Checking package: ipaddress
[gosec] 2026/02/05 18:32:05 Checking file: /tmp/blitzy/blitzy-kubernetes/blitzy5f91179c1/pkg/registry/networking/ipaddress/doc.go
[gosec] 2026/02/05 18:32:05 Checking file: /tmp/blitzy/blitzy-kubernetes/blitzy5f91179c1/pkg/registry/networking/ipaddress/strategy.go
[gosec] 2026/02/05 18:32:05 Import directory: /tmp/blitzy/blitzy-kubernetes/blitzy5f91179c1/pkg/registry/storage/csinode/storage
[gosec] 2026/02/05 18:32:05 Checking package: storage
[gosec] 2026/02/05 18:32:05 Checking file: /tmp/blitzy/blitzy-kubernetes/blitzy5f91179c1/pkg/registry/core/pod/storage/eviction.go
[gosec] 2026/02/05 18:32:05 Import directory: /tmp/blitzy/blitzy-kubernetes/blitzy5f91179c1/pkg/registry/storagemigration/storagemigration
[gosec] 2026/02/05 18:32:07 Checking file: /tmp/blitzy/blitzy-kubernetes/blitzy5f91179c1/pkg/registry/core/pod/storage/storage.go
[gosec] 2026/02/05 18:32:08 Checking package: storage
[gosec] 2026/02/05 18:32:08 Checking file: /tmp/blitzy/blitzy-kubernetes/blitzy5f91179c1/pkg/registry/rbac/clusterrole/storage/storage.go
[gosec] 2026/02/05 18:32:08 Import directory: /tmp/blitzy/blitzy-kubernetes/blitzy5f91179c1/pkg/registry/testapigroup/carp/storage
[gosec] 2026/02/05 18:32:08 Checking package: policybased
[gosec] 2026/02/05 18:32:08 Checking file: /tmp/blitzy/blitzy-kubernetes/blitzy5f91179c1/pkg/registry/rbac/role/policybased/storage.go
[gosec] 2026/02/05 18:32:08 Import directory: /tmp/blitzy/blitzy-kubernetes/blitzy5f91179c1/pkg/registry/admissionregistration/validatingadmissionpolicybinding/storage
[gosec] 2026/02/05 18:32:09 Checking package: networkpolicy
[gosec] 2026/02/05 18:32:09 Checking file: /tmp/blitzy/blitzy-kubernetes/blitzy5f91179c1/pkg/registry/networking/networkpolicy/doc.go
[gosec] 2026/02/05 18:32:09 Checking file: /tmp/blitzy/blitzy-kubernetes/blitzy5f91179c1/pkg/registry/networking/networkpolicy/strategy.go
[gosec] 2026/02/05 18:32:09 Import directory: /tmp/blitzy/blitzy-kubernetes/blitzy5f91179c1/pkg/registry/apps/deployment/storage
[gosec] 2026/02/05 18:32:09 Checking package: storage
[gosec] 2026/02/05 18:32:09 Checking file: /tmp/blitzy/blitzy-kubernetes/blitzy5f91179c1/pkg/registry/resource/devicetaintrule/storage/storage.go
[gosec] 2026/02/05 18:32:09 Import directory: /tmp/blitzy/blitzy-kubernetes/blitzy5f91179c1/pkg/registry/core/limitrange
[gosec] 2026/02/05 18:32:10 Checking package: storagemigration
[gosec] 2026/02/05 18:32:10 Checking file: /tmp/blitzy/blitzy-kubernetes/blitzy5f91179c1/pkg/registry/storagemigration/storagemigration/strategy.go
[gosec] 2026/02/05 18:32:10 Import directory: /tmp/blitzy/blitzy-kubernetes/blitzy5f91179c1/pkg/registry/core/podtemplate/storage
[gosec] 2026/02/05 18:32:10 Checking package: rest
[gosec] 2026/02/05 18:32:10 Checking file: /tmp/blitzy/blitzy-kubernetes/blitzy5f91179c1/pkg/registry/rbac/rest/storage_rbac.go
[gosec] 2026/02/05 18:32:10 Import directory: /tmp/blitzy/blitzy-kubernetes/blitzy5f91179c1/pkg/registry/authorization/selfsubjectrulesreview
[gosec] 2026/02/05 18:32:11 Checking package: storage
[gosec] 2026/02/05 18:32:11 Checking file: /tmp/blitzy/blitzy-kubernetes/blitzy5f91179c1/pkg/registry/storage/csinode/storage/storage.go
[gosec] 2026/02/05 18:32:11 Import directory: /tmp/blitzy/blitzy-kubernetes/blitzy5f91179c1/pkg/registry/authorization/util
[gosec] 2026/02/05 18:32:11 Checking package: storage
[gosec] 2026/02/05 18:32:11 Checking file: /tmp/blitzy/blitzy-kubernetes/blitzy5f91179c1/pkg/registry/scheduling/workload/storage/storage.go
[gosec] 2026/02/05 18:32:11 Import directory: /tmp/blitzy/blitzy-kubernetes/blitzy5f91179c1/pkg/registry/core/service/allocator/storage
[gosec] 2026/02/05 18:32:11 Checking package: storage
[gosec] 2026/02/05 18:32:11 Checking file: /tmp/blitzy/blitzy-kubernetes/blitzy5f91179c1/pkg/registry/testapigroup/carp/storage/storage.go
[gosec] 2026/02/05 18:32:11 Import directory: /tmp/blitzy/blitzy-kubernetes/blitzy5f91179c1/pkg/registry/core/serviceaccount/storage
[gosec] 2026/02/05 18:32:11 Checking package: storage
[gosec] 2026/02/05 18:32:11 Checking file: /tmp/blitzy/blitzy-kubernetes/blitzy5f91179c1/pkg/registry/admissionregistration/validatingadmissionpolicybinding/storage/storage.go
[gosec] 2026/02/05 18:32:11 Import directory: /tmp/blitzy/blitzy-kubernetes/blitzy5f91179c1/pkg/registry/flowcontrol/prioritylevelconfiguration/storage
[gosec] 2026/02/05 18:32:12 Checking package: limitrange
[gosec] 2026/02/05 18:32:12 Checking file: /tmp/blitzy/blitzy-kubernetes/blitzy5f91179c1/pkg/registry/core/limitrange/doc.go
[gosec] 2026/02/05 18:32:12 Checking file: /tmp/blitzy/blitzy-kubernetes/blitzy5f91179c1/pkg/registry/core/limitrange/strategy.go
[gosec] 2026/02/05 18:32:12 Import directory: /tmp/blitzy/blitzy-kubernetes/blitzy5f91179c1/pkg/registry/apps/replicaset/storage
[gosec] 2026/02/05 18:32:12 Checking package: storage
[gosec] 2026/02/05 18:32:12 Checking file: /tmp/blitzy/blitzy-kubernetes/blitzy5f91179c1/pkg/registry/apps/deployment/storage/storage.go
[gosec] 2026/02/05 18:32:12 Import directory: /tmp/blitzy/blitzy-kubernetes/blitzy5f91179c1/pkg/registry/authorization/subjectaccessreview
[gosec] 2026/02/05 18:32:14 Checking package: selfsubjectrulesreview
[gosec] 2026/02/05 18:32:14 Checking file: /tmp/blitzy/blitzy-kubernetes/blitzy5f91179c1/pkg/registry/authorization/selfsubjectrulesreview/rest.go
[gosec] 2026/02/05 18:32:14 Import directory: /tmp/blitzy/blitzy-kubernetes/blitzy5f91179c1/pkg/registry/batch/rest
[gosec] 2026/02/05 18:32:14 Checking package: storage
[gosec] 2026/02/05 18:32:14 Checking file: /tmp/blitzy/blitzy-kubernetes/blitzy5f91179c1/pkg/registry/core/podtemplate/storage/storage.go
[gosec] 2026/02/05 18:32:14 Import directory: /tmp/blitzy/blitzy-kubernetes/blitzy5f91179c1/pkg/registry/core/endpoint/storage
[gosec] 2026/02/05 18:32:14 Checking package: util
[gosec] 2026/02/05 18:32:14 Checking file: /tmp/blitzy/blitzy-kubernetes/blitzy5f91179c1/pkg/registry/authorization/util/helpers.go
[gosec] 2026/02/05 18:32:14 Import directory: /tmp/blitzy/blitzy-kubernetes/blitzy5f91179c1/pkg/registry/core/limitrange/storage
[gosec] 2026/02/05 18:32:14 Checking package: storage
[gosec] 2026/02/05 18:32:14 Checking file: /tmp/blitzy/blitzy-kubernetes/blitzy5f91179c1/pkg/registry/core/service/allocator/storage/storage.go
[gosec] 2026/02/05 18:32:14 Import directory: /tmp/blitzy/blitzy-kubernetes/blitzy5f91179c1/pkg/registry/core/persistentvolumeclaim/storage
[gosec] 2026/02/05 18:32:15 Checking package: storage
[gosec] 2026/02/05 18:32:15 Checking file: /tmp/blitzy/blitzy-kubernetes/blitzy5f91179c1/pkg/registry/core/serviceaccount/storage/storage.go
[gosec] 2026/02/05 18:32:15 Import directory: /tmp/blitzy/blitzy-kubernetes/blitzy5f91179c1/pkg/registry/node/runtimeclass
[gosec] 2026/02/05 18:32:15 Checking file: /tmp/blitzy/blitzy-kubernetes/blitzy5f91179c1/pkg/registry/core/serviceaccount/storage/token.go
[gosec] 2026/02/05 18:32:16 Checking package: storage
[gosec] 2026/02/05 18:32:16 Checking file: /tmp/blitzy/blitzy-kubernetes/blitzy5f91179c1/pkg/registry/flowcontrol/prioritylevelconfiguration/storage/storage.go
[gosec] 2026/02/05 18:32:16 Import directory: /tmp/blitzy/blitzy-kubernetes/blitzy5f91179c1/pkg/registry/core/rest
[gosec] 2026/02/05 18:32:16 Checking package: subjectaccessreview
[gosec] 2026/02/05 18:32:16 Checking file: /tmp/blitzy/blitzy-kubernetes/blitzy5f91179c1/pkg/registry/authorization/subjectaccessreview/rest.go
[gosec] 2026/02/05 18:32:16 Import directory: /tmp/blitzy/blitzy-kubernetes/blitzy5f91179c1/pkg/registry/batch/cronjob
[gosec] 2026/02/05 18:32:17 Checking package: storage
[gosec] 2026/02/05 18:32:17 Checking file: /tmp/blitzy/blitzy-kubernetes/blitzy5f91179c1/pkg/registry/apps/replicaset/storage/storage.go
[gosec] 2026/02/05 18:32:17 Import directory: /tmp/blitzy/blitzy-kubernetes/blitzy5f91179c1/pkg/registry/certificates/certificates/storage
[gosec] 2026/02/05 18:32:18 Checking package: rest
[gosec] 2026/02/05 18:32:18 Checking file: /tmp/blitzy/blitzy-kubernetes/blitzy5f91179c1/pkg/registry/batch/rest/storage_batch.go
[gosec] 2026/02/05 18:32:18 Import directory: /tmp/blitzy/blitzy-kubernetes/blitzy5f91179c1/pkg/registry/coordination/leasecandidate
[gosec] 2026/02/05 18:32:18 Checking package: storage
[gosec] 2026/02/05 18:32:18 Checking file: /tmp/blitzy/blitzy-kubernetes/blitzy5f91179c1/pkg/registry/core/endpoint/storage/storage.go
[gosec] 2026/02/05 18:32:18 Import directory: /tmp/blitzy/blitzy-kubernetes/blitzy5f91179c1/pkg/registry/core/resourcequota/storage
[gosec] 2026/02/05 18:32:18 Checking package: storage
[gosec] 2026/02/05 18:32:18 Checking file: /tmp/blitzy/blitzy-kubernetes/blitzy5f91179c1/pkg/registry/core/limitrange/storage/storage.go
[gosec] 2026/02/05 18:32:18 Import directory: /tmp/blitzy/blitzy-kubernetes/blitzy5f91179c1/pkg/registry/rbac/clusterrolebinding/policybased
[gosec] 2026/02/05 18:32:18 Checking package: storage
[gosec] 2026/02/05 18:32:18 Checking file: /tmp/blitzy/blitzy-kubernetes/blitzy5f91179c1/pkg/registry/core/persistentvolumeclaim/storage/storage.go
[gosec] 2026/02/05 18:32:18 Import directory: /tmp/blitzy/blitzy-kubernetes/blitzy5f91179c1/pkg/registry/resource/deviceclass
[gosec] 2026/02/05 18:32:19 Checking package: runtimeclass
[gosec] 2026/02/05 18:32:19 Checking file: /tmp/blitzy/blitzy-kubernetes/blitzy5f91179c1/pkg/registry/node/runtimeclass/doc.go
[gosec] 2026/02/05 18:32:19 Checking file: /tmp/blitzy/blitzy-kubernetes/blitzy5f91179c1/pkg/registry/node/runtimeclass/strategy.go
[gosec] 2026/02/05 18:32:19 Import directory: /tmp/blitzy/blitzy-kubernetes/blitzy5f91179c1/pkg/registry/storage/storageclass
[gosec] 2026/02/05 18:32:19 Checking package: cronjob
[gosec] 2026/02/05 18:32:19 Checking file: /tmp/blitzy/blitzy-kubernetes/blitzy5f91179c1/pkg/registry/batch/cronjob/doc.go
[gosec] 2026/02/05 18:32:19 Checking file: /tmp/blitzy/blitzy-kubernetes/blitzy5f91179c1/pkg/registry/batch/cronjob/strategy.go
[gosec] 2026/02/05 18:32:19 Import directory: /tmp/blitzy/blitzy-kubernetes/blitzy5f91179c1/pkg/registry/admissionregistration/mutatingadmissionpolicybinding/storage
[gosec] 2026/02/05 18:32:19 Checking package: rest
[gosec] 2026/02/05 18:32:19 Checking file: /tmp/blitzy/blitzy-kubernetes/blitzy5f91179c1/pkg/registry/core/rest/storage_core.go
[gosec] 2026/02/05 18:32:19 Import directory: /tmp/blitzy/blitzy-kubernetes/blitzy5f91179c1/pkg/registry/apps/deployment
[gosec] 2026/02/05 18:32:21 Checking file: /tmp/blitzy/blitzy-kubernetes/blitzy5f91179c1/pkg/registry/core/rest/storage_core_generic.go
[gosec] 2026/02/05 18:32:21 Checking package: storage
[gosec] 2026/02/05 18:32:21 Checking file: /tmp/blitzy/blitzy-kubernetes/blitzy5f91179c1/pkg/registry/certificates/certificates/storage/metrics.go
[gosec] 2026/02/05 18:32:21 Import directory: /tmp/blitzy/blitzy-kubernetes/blitzy5f91179c1/pkg/registry/apps/replicaset
[gosec] 2026/02/05 18:32:21 Checking file: /tmp/blitzy/blitzy-kubernetes/blitzy5f91179c1/pkg/registry/certificates/certificates/storage/storage.go
[gosec] 2026/02/05 18:32:22 Checking package: policybased
[gosec] 2026/02/05 18:32:22 Checking file: /tmp/blitzy/blitzy-kubernetes/blitzy5f91179c1/pkg/registry/rbac/clusterrolebinding/policybased/storage.go
[gosec] 2026/02/05 18:32:22 Import directory: /tmp/blitzy/blitzy-kubernetes/blitzy5f91179c1/pkg/registry/batch/cronjob/storage
[gosec] 2026/02/05 18:32:22 Checking package: leasecandidate
[gosec] 2026/02/05 18:32:22 Checking file: /tmp/blitzy/blitzy-kubernetes/blitzy5f91179c1/pkg/registry/coordination/leasecandidate/doc.go
[gosec] 2026/02/05 18:32:22 Checking file: /tmp/blitzy/blitzy-kubernetes/blitzy5f91179c1/pkg/registry/coordination/leasecandidate/strategy.go
[gosec] 2026/02/05 18:32:22 Import directory: /tmp/blitzy/blitzy-kubernetes/blitzy5f91179c1/pkg/registry/core/node/storage
[gosec] 2026/02/05 18:32:23 Checking package: storage
[gosec] 2026/02/05 18:32:23 Checking file: /tmp/blitzy/blitzy-kubernetes/blitzy5f91179c1/pkg/registry/core/resourcequota/storage/storage.go
[gosec] 2026/02/05 18:32:23 Import directory: /tmp/blitzy/blitzy-kubernetes/blitzy5f91179c1/pkg/registry/core/service
[gosec] 2026/02/05 18:32:23 Checking package: deviceclass
[gosec] 2026/02/05 18:32:23 Checking file: /tmp/blitzy/blitzy-kubernetes/blitzy5f91179c1/pkg/registry/resource/deviceclass/strategy.go
[gosec] 2026/02/05 18:32:23 Import directory: /tmp/blitzy/blitzy-kubernetes/blitzy5f91179c1/pkg/registry/storage/volumeattributesclass
[gosec] 2026/02/05 18:32:23 Checking package: storageclass
[gosec] 2026/02/05 18:32:23 Checking file: /tmp/blitzy/blitzy-kubernetes/blitzy5f91179c1/pkg/registry/storage/storageclass/doc.go
[gosec] 2026/02/05 18:32:23 Checking file: /tmp/blitzy/blitzy-kubernetes/blitzy5f91179c1/pkg/registry/storage/storageclass/strategy.go
[gosec] 2026/02/05 18:32:23 Import directory: /tmp/blitzy/blitzy-kubernetes/blitzy5f91179c1/pkg/registry/apps/statefulset/storage
[gosec] 2026/02/05 18:32:23 Checking package: deployment
[gosec] 2026/02/05 18:32:23 Checking file: /tmp/blitzy/blitzy-kubernetes/blitzy5f91179c1/pkg/registry/apps/deployment/doc.go
[gosec] 2026/02/05 18:32:23 Checking file: /tmp/blitzy/blitzy-kubernetes/blitzy5f91179c1/pkg/registry/apps/deployment/strategy.go
[gosec] 2026/02/05 18:32:23 Import directory: /tmp/blitzy/blitzy-kubernetes/blitzy5f91179c1/pkg/registry/authorization/localsubjectaccessreview
[gosec] 2026/02/05 18:32:24 Checking package: storage
[gosec] 2026/02/05 18:32:24 Checking file: /tmp/blitzy/blitzy-kubernetes/blitzy5f91179c1/pkg/registry/admissionregistration/mutatingadmissionpolicybinding/storage/storage.go
[gosec] 2026/02/05 18:32:24 Import directory: /tmp/blitzy/blitzy-kubernetes/blitzy5f91179c1/pkg/registry/authorization/rest
[gosec] 2026/02/05 18:32:24 Checking package: replicaset
[gosec] 2026/02/05 18:32:24 Checking file: /tmp/blitzy/blitzy-kubernetes/blitzy5f91179c1/pkg/registry/apps/replicaset/doc.go
[gosec] 2026/02/05 18:32:24 Import directory: /tmp/blitzy/blitzy-kubernetes/blitzy5f91179c1/pkg/registry/certificates/clustertrustbundle/storage
[gosec] 2026/02/05 18:32:24 Checking file: /tmp/blitzy/blitzy-kubernetes/blitzy5f91179c1/pkg/registry/apps/replicaset/strategy.go
[gosec] 2026/02/05 18:32:25 Checking package: storage
[gosec] 2026/02/05 18:32:25 Checking file: /tmp/blitzy/blitzy-kubernetes/blitzy5f91179c1/pkg/registry/batch/cronjob/storage/storage.go
[gosec] 2026/02/05 18:32:25 Import directory: /tmp/blitzy/blitzy-kubernetes/blitzy5f91179c1/pkg/registry/certificates/podcertificaterequest
[gosec] 2026/02/05 18:32:25 Checking package: storage
[gosec] 2026/02/05 18:32:25 Checking file: /tmp/blitzy/blitzy-kubernetes/blitzy5f91179c1/pkg/registry/core/node/storage/storage.go
[gosec] 2026/02/05 18:32:25 Import directory: /tmp/blitzy/blitzy-kubernetes/blitzy5f91179c1/pkg/registry/certificates/rest
[gosec] 2026/02/05 18:32:26 Checking package: volumeattributesclass
[gosec] 2026/02/05 18:32:26 Checking file: /tmp/blitzy/blitzy-kubernetes/blitzy5f91179c1/pkg/registry/storage/volumeattributesclass/doc.go
[gosec] 2026/02/05 18:32:26 Checking file: /tmp/blitzy/blitzy-kubernetes/blitzy5f91179c1/pkg/registry/storage/volumeattributesclass/strategy.go
[gosec] 2026/02/05 18:32:26 Import directory: /tmp/blitzy/blitzy-kubernetes/blitzy5f91179c1/pkg/registry/rbac/rolebinding/policybased
[gosec] 2026/02/05 18:32:26 Checking package: service
[gosec] 2026/02/05 18:32:26 Checking file: /tmp/blitzy/blitzy-kubernetes/blitzy5f91179c1/pkg/registry/core/service/doc.go
[gosec] 2026/02/05 18:32:26 Checking file: /tmp/blitzy/blitzy-kubernetes/blitzy5f91179c1/pkg/registry/core/service/proxy.go
[gosec] 2026/02/05 18:32:26 Import directory: /tmp/blitzy/blitzy-kubernetes/blitzy5f91179c1/pkg/registry/admissionregistration/mutatingwebhookconfiguration/storage
[gosec] 2026/02/05 18:32:26 Checking file: /tmp/blitzy/blitzy-kubernetes/blitzy5f91179c1/pkg/registry/core/service/strategy.go
[gosec] 2026/02/05 18:32:27 Checking package: localsubjectaccessreview
[gosec] 2026/02/05 18:32:27 Checking file: /tmp/blitzy/blitzy-kubernetes/blitzy5f91179c1/pkg/registry/authorization/localsubjectaccessreview/rest.go
[gosec] 2026/02/05 18:32:27 Import directory: /tmp/blitzy/blitzy-kubernetes/blitzy5f91179c1/pkg/registry/authentication/rest
[gosec] 2026/02/05 18:32:27 Checking package: storage
[gosec] 2026/02/05 18:32:27 Checking file: /tmp/blitzy/blitzy-kubernetes/blitzy5f91179c1/pkg/registry/apps/statefulset/storage/storage.go
[gosec] 2026/02/05 18:32:27 Import directory: /tmp/blitzy/blitzy-kubernetes/blitzy5f91179c1/pkg/registry/authentication/selfsubjectreview
[gosec] 2026/02/05 18:32:28 Checking package: rest
[gosec] 2026/02/05 18:32:28 Checking file: /tmp/blitzy/blitzy-kubernetes/blitzy5f91179c1/pkg/registry/authorization/rest/storage_authorization.go
[gosec] 2026/02/05 18:32:28 Import directory: /tmp/blitzy/blitzy-kubernetes/blitzy5f91179c1/pkg/registry/batch/job
[gosec] 2026/02/05 18:32:28 Checking package: storage
[gosec] 2026/02/05 18:32:28 Checking file: /tmp/blitzy/blitzy-kubernetes/blitzy5f91179c1/pkg/registry/certificates/clustertrustbundle/storage/storage.go
[gosec] 2026/02/05 18:32:28 Import directory: /tmp/blitzy/blitzy-kubernetes/blitzy5f91179c1/pkg/registry/core/service/storage
[gosec] 2026/02/05 18:32:29 Checking package: podcertificaterequest
[gosec] 2026/02/05 18:32:29 Checking file: /tmp/blitzy/blitzy-kubernetes/blitzy5f91179c1/pkg/registry/certificates/podcertificaterequest/strategy.go
[gosec] 2026/02/05 18:32:29 Import directory: /tmp/blitzy/blitzy-kubernetes/blitzy5f91179c1/pkg/registry/events/rest
[gosec] 2026/02/05 18:32:29 Checking package: policybased
[gosec] 2026/02/05 18:32:29 Checking file: /tmp/blitzy/blitzy-kubernetes/blitzy5f91179c1/pkg/registry/rbac/rolebinding/policybased/storage.go
[gosec] 2026/02/05 18:32:29 Import directory: /tmp/blitzy/blitzy-kubernetes/blitzy5f91179c1/pkg/registry/networking/rest
[gosec] 2026/02/05 18:32:30 Checking package: rest
[gosec] 2026/02/05 18:32:30 Checking file: /tmp/blitzy/blitzy-kubernetes/blitzy5f91179c1/pkg/registry/certificates/rest/storage_certificates.go
[gosec] 2026/02/05 18:32:30 Import directory: /tmp/blitzy/blitzy-kubernetes/blitzy5f91179c1/pkg/registry/policy/poddisruptionbudget/storage
[gosec] 2026/02/05 18:32:30 Checking package: storage
[gosec] 2026/02/05 18:32:30 Checking file: /tmp/blitzy/blitzy-kubernetes/blitzy5f91179c1/pkg/registry/admissionregistration/mutatingwebhookconfiguration/storage/storage.go
[gosec] 2026/02/05 18:32:30 Import directory: /tmp/blitzy/blitzy-kubernetes/blitzy5f91179c1/pkg/registry/core/pod/rest
[gosec] 2026/02/05 18:32:30 Checking package: selfsubjectreview
[gosec] 2026/02/05 18:32:30 Checking file: /tmp/blitzy/blitzy-kubernetes/blitzy5f91179c1/pkg/registry/authentication/selfsubjectreview/rest.go
[gosec] 2026/02/05 18:32:30 Import directory: /tmp/blitzy/blitzy-kubernetes/blitzy5f91179c1/pkg/registry/core/replicationcontroller
[gosec] 2026/02/05 18:32:31 Checking package: rest
[gosec] 2026/02/05 18:32:31 Checking file: /tmp/blitzy/blitzy-kubernetes/blitzy5f91179c1/pkg/registry/authentication/rest/storage_authentication.go
[gosec] 2026/02/05 18:32:31 Import directory: /tmp/blitzy/blitzy-kubernetes/blitzy5f91179c1/pkg/registry/resource/resourceclaim
[gosec] 2026/02/05 18:32:31 Checking package: job
[gosec] 2026/02/05 18:32:31 Checking file: /tmp/blitzy/blitzy-kubernetes/blitzy5f91179c1/pkg/registry/batch/job/doc.go
[gosec] 2026/02/05 18:32:31 Checking file: /tmp/blitzy/blitzy-kubernetes/blitzy5f91179c1/pkg/registry/batch/job/strategy.go
[gosec] 2026/02/05 18:32:31 Import directory: /tmp/blitzy/blitzy-kubernetes/blitzy5f91179c1/pkg/registry/storage/csistoragecapacity
[gosec] 2026/02/05 18:32:32 Checking package: storage
[gosec] 2026/02/05 18:32:32 Checking file: /tmp/blitzy/blitzy-kubernetes/blitzy5f91179c1/pkg/registry/core/service/storage/alloc.go
[gosec] 2026/02/05 18:32:32 Import directory: /tmp/blitzy/blitzy-kubernetes/blitzy5f91179c1/pkg/registry/autoscaling/horizontalpodautoscaler/storage
[gosec] 2026/02/05 18:32:34 Checking file: /tmp/blitzy/blitzy-kubernetes/blitzy5f91179c1/pkg/registry/core/service/storage/storage.go
[gosec] 2026/02/05 18:32:36 Checking file: /tmp/blitzy/blitzy-kubernetes/blitzy5f91179c1/pkg/registry/core/service/storage/transaction.go
[gosec] 2026/02/05 18:32:36 Checking package: rest
[gosec] 2026/02/05 18:32:36 Checking file: /tmp/blitzy/blitzy-kubernetes/blitzy5f91179c1/pkg/registry/events/rest/storage_events.go
[gosec] 2026/02/05 18:32:36 Import directory: /tmp/blitzy/blitzy-kubernetes/blitzy5f91179c1/pkg/registry/networking/ingress/storage
[gosec] 2026/02/05 18:32:36 Checking package: rest
[gosec] 2026/02/05 18:32:36 Checking file: /tmp/blitzy/blitzy-kubernetes/blitzy5f91179c1/pkg/registry/networking/rest/storage_settings.go
[gosec] 2026/02/05 18:32:36 Import directory: /tmp/blitzy/blitzy-kubernetes/blitzy5f91179c1/pkg/registry/resource/resourceclaimtemplate/storage
[gosec] 2026/02/05 18:32:36 Checking package: storage
[gosec] 2026/02/05 18:32:36 Checking file: /tmp/blitzy/blitzy-kubernetes/blitzy5f91179c1/pkg/registry/policy/poddisruptionbudget/storage/storage.go
[gosec] 2026/02/05 18:32:36 Import directory: /tmp/blitzy/blitzy-kubernetes/blitzy5f91179c1/pkg/registry/resource/resourceslice
[gosec] 2026/02/05 18:32:37 Checking package: rest
[gosec] 2026/02/05 18:32:37 Checking file: /tmp/blitzy/blitzy-kubernetes/blitzy5f91179c1/pkg/registry/core/pod/rest/authorize.go
[gosec] 2026/02/05 18:32:37 Import directory: /tmp/blitzy/blitzy-kubernetes/blitzy5f91179c1/pkg/registry/authorization/selfsubjectaccessreview
[gosec] 2026/02/05 18:32:37 Checking file: /tmp/blitzy/blitzy-kubernetes/blitzy5f91179c1/pkg/registry/core/pod/rest/log.go
[gosec] 2026/02/05 18:32:37 Checking file: /tmp/blitzy/blitzy-kubernetes/blitzy5f91179c1/pkg/registry/core/pod/rest/metrics.go
[gosec] 2026/02/05 18:32:37 Checking file: /tmp/blitzy/blitzy-kubernetes/blitzy5f91179c1/pkg/registry/core/pod/rest/subresources.go
[gosec] 2026/02/05 18:32:38 Checking package: replicationcontroller
[gosec] 2026/02/05 18:32:38 Checking file: /tmp/blitzy/blitzy-kubernetes/blitzy5f91179c1/pkg/registry/core/replicationcontroller/doc.go
[gosec] 2026/02/05 18:32:38 Checking file: /tmp/blitzy/blitzy-kubernetes/blitzy5f91179c1/pkg/registry/core/replicationcontroller/strategy.go
[gosec] 2026/02/05 18:32:38 Import directory: /tmp/blitzy/blitzy-kubernetes/blitzy5f91179c1/pkg/registry/certificates/clustertrustbundle
[gosec] 2026/02/05 18:32:38 Checking package: csistoragecapacity
[gosec] 2026/02/05 18:32:38 Checking file: /tmp/blitzy/blitzy-kubernetes/blitzy5f91179c1/pkg/registry/storage/csistoragecapacity/doc.go
[gosec] 2026/02/05 18:32:38 Checking file: /tmp/blitzy/blitzy-kubernetes/blitzy5f91179c1/pkg/registry/storage/csistoragecapacity/strategy.go
[gosec] 2026/02/05 18:32:38 Import directory: /tmp/blitzy/blitzy-kubernetes/blitzy5f91179c1/pkg/registry/rbac/role
[gosec] 2026/02/05 18:32:39 Checking package: resourceclaim
[gosec] 2026/02/05 18:32:39 Checking file: /tmp/blitzy/blitzy-kubernetes/blitzy5f91179c1/pkg/registry/resource/resourceclaim/strategy.go
[gosec] 2026/02/05 18:32:39 Import directory: /tmp/blitzy/blitzy-kubernetes/blitzy5f91179c1/pkg/registry/resource/rest
[gosec] 2026/02/05 18:32:40 Checking package: storage
[gosec] 2026/02/05 18:32:40 Checking file: /tmp/blitzy/blitzy-kubernetes/blitzy5f91179c1/pkg/registry/autoscaling/horizontalpodautoscaler/storage/storage.go
[gosec] 2026/02/05 18:32:40 Import directory: /tmp/blitzy/blitzy-kubernetes/blitzy5f91179c1/pkg/registry/scheduling/priorityclass
[gosec] 2026/02/05 18:32:40 Checking package: storage
[gosec] 2026/02/05 18:32:40 Checking file: /tmp/blitzy/blitzy-kubernetes/blitzy5f91179c1/pkg/registry/networking/ingress/storage/storage.go
[gosec] 2026/02/05 18:32:40 Import directory: /tmp/blitzy/blitzy-kubernetes/blitzy5f91179c1/pkg/registry/storage/volumeattachment/storage
[gosec] 2026/02/05 18:32:40 Checking package: storage
[gosec] 2026/02/05 18:32:40 Checking file: /tmp/blitzy/blitzy-kubernetes/blitzy5f91179c1/pkg/registry/resource/resourceclaimtemplate/storage/storage.go
[gosec] 2026/02/05 18:32:40 Import directory: /tmp/blitzy/blitzy-kubernetes/blitzy5f91179c1/pkg/registry/admissionregistration/validatingadmissionpolicy/storage
[gosec] 2026/02/05 18:32:41 Checking package: selfsubjectaccessreview
[gosec] 2026/02/05 18:32:41 Checking file: /tmp/blitzy/blitzy-kubernetes/blitzy5f91179c1/pkg/registry/authorization/selfsubjectaccessreview/rest.go
[gosec] 2026/02/05 18:32:41 Import directory: /tmp/blitzy/blitzy-kubernetes/blitzy5f91179c1/pkg/registry/core/componentstatus
[gosec] 2026/02/05 18:32:41 Checking package: resourceslice
[gosec] 2026/02/05 18:32:41 Checking file: /tmp/blitzy/blitzy-kubernetes/blitzy5f91179c1/pkg/registry/resource/resourceslice/strategy.go
[gosec] 2026/02/05 18:32:41 Import directory: /tmp/blitzy/blitzy-kubernetes/blitzy5f91179c1/pkg/registry/core/event
[gosec] 2026/02/05 18:32:42 Checking package: clustertrustbundle
[gosec] 2026/02/05 18:32:42 Checking file: /tmp/blitzy/blitzy-kubernetes/blitzy5f91179c1/pkg/registry/certificates/clustertrustbundle/strategy.go
[gosec] 2026/02/05 18:32:42 Import directory: /tmp/blitzy/blitzy-kubernetes/blitzy5f91179c1/pkg/routes
[gosec] 2026/02/05 18:32:42 Checking package: role
[gosec] 2026/02/05 18:32:42 Checking file: /tmp/blitzy/blitzy-kubernetes/blitzy5f91179c1/pkg/registry/rbac/role/doc.go
[gosec] 2026/02/05 18:32:42 Import directory: /tmp/blitzy/blitzy-kubernetes/blitzy5f91179c1/pkg/scheduler/testing
[gosec] 2026/02/05 18:32:42 Checking file: /tmp/blitzy/blitzy-kubernetes/blitzy5f91179c1/pkg/registry/rbac/role/registry.go
[gosec] 2026/02/05 18:32:42 Checking file: /tmp/blitzy/blitzy-kubernetes/blitzy5f91179c1/pkg/registry/rbac/role/strategy.go
[gosec] 2026/02/05 18:32:42 Checking package: rest
[gosec] 2026/02/05 18:32:42 Checking file: /tmp/blitzy/blitzy-kubernetes/blitzy5f91179c1/pkg/registry/resource/rest/storage_resource.go
[gosec] 2026/02/05 18:32:42 Import directory: /tmp/blitzy/blitzy-kubernetes/blitzy5f91179c1/pkg/scheduler/backend/cache/debugger
[gosec] 2026/02/05 18:32:43 Checking package: priorityclass
[gosec] 2026/02/05 18:32:43 Checking file: /tmp/blitzy/blitzy-kubernetes/blitzy5f91179c1/pkg/registry/scheduling/priorityclass/doc.go
[gosec] 2026/02/05 18:32:43 Checking file: /tmp/blitzy/blitzy-kubernetes/blitzy5f91179c1/pkg/registry/scheduling/priorityclass/strategy.go
[gosec] 2026/02/05 18:32:43 Import directory: /tmp/blitzy/blitzy-kubernetes/blitzy5f91179c1/pkg/scheduler/framework/api_calls
[gosec] 2026/02/05 18:32:43 Checking package: storage
[gosec] 2026/02/05 18:32:43 Checking file: /tmp/blitzy/blitzy-kubernetes/blitzy5f91179c1/pkg/registry/storage/volumeattachment/storage/storage.go
[gosec] 2026/02/05 18:32:43 Import directory: /tmp/blitzy/blitzy-kubernetes/blitzy5f91179c1/pkg/scheduler/framework/autoscaler_contract
[gosec] 2026/02/05 18:32:43 Checking package: storage
[gosec] 2026/02/05 18:32:43 Checking file: /tmp/blitzy/blitzy-kubernetes/blitzy5f91179c1/pkg/registry/admissionregistration/validatingadmissionpolicy/storage/storage.go
[gosec] 2026/02/05 18:32:43 Import directory: /tmp/blitzy/blitzy-kubernetes/blitzy5f91179c1/pkg/scheduler/framework/plugins/interpodaffinity
[gosec] 2026/02/05 18:32:44 Checking package: componentstatus
[gosec] 2026/02/05 18:32:44 Checking file: /tmp/blitzy/blitzy-kubernetes/blitzy5f91179c1/pkg/registry/core/componentstatus/doc.go
[gosec] 2026/02/05 18:32:44 Checking file: /tmp/blitzy/blitzy-kubernetes/blitzy5f91179c1/pkg/registry/core/componentstatus/rest.go
[gosec] 2026/02/05 18:32:44 Import directory: /tmp/blitzy/blitzy-kubernetes/blitzy5f91179c1/pkg/scheduler/framework/runtime
[gosec] 2026/02/05 18:32:44 Checking file: /tmp/blitzy/blitzy-kubernetes/blitzy5f91179c1/pkg/registry/core/componentstatus/validator.go
[gosec] 2026/02/05 18:32:44 Checking package: event
[gosec] 2026/02/05 18:32:44 Checking file: /tmp/blitzy/blitzy-kubernetes/blitzy5f91179c1/pkg/registry/core/event/doc.go
[gosec] 2026/02/05 18:32:44 Import directory: /tmp/blitzy/blitzy-kubernetes/blitzy5f91179c1/pkg/scheduler/profile
[gosec] 2026/02/05 18:32:44 Checking file: /tmp/blitzy/blitzy-kubernetes/blitzy5f91179c1/pkg/registry/core/event/strategy.go
[gosec] 2026/02/05 18:32:45 Checking package: testing
[gosec] 2026/02/05 18:32:45 Checking file: /tmp/blitzy/blitzy-kubernetes/blitzy5f91179c1/pkg/scheduler/testing/workload_prep.go
[gosec] 2026/02/05 18:32:45 Import directory: /tmp/blitzy/blitzy-kubernetes/blitzy5f91179c1/pkg/scheduler/util/assumecache
[gosec] 2026/02/05 18:32:45 Checking file: /tmp/blitzy/blitzy-kubernetes/blitzy5f91179c1/pkg/scheduler/testing/wrappers.go
[gosec] 2026/02/05 18:32:50 Checking package: routes
[gosec] 2026/02/05 18:32:50 Checking file: /tmp/blitzy/blitzy-kubernetes/blitzy5f91179c1/pkg/routes/const_other.go
[gosec] 2026/02/05 18:32:50 Checking file: /tmp/blitzy/blitzy-kubernetes/blitzy5f91179c1/pkg/routes/doc.go
[gosec] 2026/02/05 18:32:50 Checking file: /tmp/blitzy/blitzy-kubernetes/blitzy5f91179c1/pkg/routes/logs.go
[gosec] 2026/02/05 18:32:50 Import directory: /tmp/blitzy/blitzy-kubernetes/blitzy5f91179c1/pkg/scheduler/apis/config/scheme
[gosec] 2026/02/05 18:32:50 Checking file: /tmp/blitzy/blitzy-kubernetes/blitzy5f91179c1/pkg/routes/openidmetadata.go
[gosec] 2026/02/05 18:32:50 Checking package: debugger
[gosec] 2026/02/05 18:32:50 Checking file: /tmp/blitzy/blitzy-kubernetes/blitzy5f91179c1/pkg/scheduler/backend/cache/debugger/comparer.go
[gosec] 2026/02/05 18:32:50 Import directory: /tmp/blitzy/blitzy-kubernetes/blitzy5f91179c1/pkg/scheduler/backend/api_cache
[gosec] 2026/02/05 18:32:50 Import directory: /tmp/blitzy/blitzy-kubernetes/blitzy5f91179c1/pkg/scheduler/framework/plugins/imagelocality
[gosec] 2026/02/05 18:32:50 Checking file: /tmp/blitzy/blitzy-kubernetes/blitzy5f91179c1/pkg/scheduler/backend/cache/debugger/debugger.go
[gosec] 2026/02/05 18:32:50 Checking file: /tmp/blitzy/blitzy-kubernetes/blitzy5f91179c1/pkg/scheduler/backend/cache/debugger/dumper.go
[gosec] 2026/02/05 18:32:50 Checking file: /tmp/blitzy/blitzy-kubernetes/blitzy5f91179c1/pkg/scheduler/backend/cache/debugger/signal.go
[gosec] 2026/02/05 18:32:50 Checking package: apicalls
[gosec] 2026/02/05 18:32:50 Checking file: /tmp/blitzy/blitzy-kubernetes/blitzy5f91179c1/pkg/scheduler/framework/api_calls/api_calls.go
[gosec] 2026/02/05 18:32:50 Import directory: /tmp/blitzy/blitzy-kubernetes/blitzy5f91179c1/pkg/scheduler/framework/plugins/podtopologyspread
[gosec] 2026/02/05 18:32:50 Checking file: /tmp/blitzy/blitzy-kubernetes/blitzy5f91179c1/pkg/scheduler/framework/api_calls/pod_binding.go
[gosec] 2026/02/05 18:32:50 Checking file: /tmp/blitzy/blitzy-kubernetes/blitzy5f91179c1/pkg/scheduler/framework/api_calls/pod_status_patch.go
[gosec] 2026/02/05 18:32:51 Checking package: interpodaffinity
[gosec] 2026/02/05 18:32:51 Checking file: /tmp/blitzy/blitzy-kubernetes/blitzy5f91179c1/pkg/scheduler/framework/plugins/interpodaffinity/filtering.go
[gosec] 2026/02/05 18:32:51 Import directory: /tmp/blitzy/blitzy-kubernetes/blitzy5f91179c1/pkg/scheduler/framework/plugins/schedulinggates
[gosec] 2026/02/05 18:32:52 Checking file: /tmp/blitzy/blitzy-kubernetes/blitzy5f91179c1/pkg/scheduler/framework/plugins/interpodaffinity/plugin.go
[gosec] 2026/02/05 18:32:53 Checking file: /tmp/blitzy/blitzy-kubernetes/blitzy5f91179c1/pkg/scheduler/framework/plugins/interpodaffinity/scoring.go
[gosec] 2026/02/05 18:32:54 Checking package: runtime
[gosec] 2026/02/05 18:32:54 Checking file: /tmp/blitzy/blitzy-kubernetes/blitzy5f91179c1/pkg/scheduler/framework/runtime/batch.go
[gosec] 2026/02/05 18:32:54 Import directory: /tmp/blitzy/blitzy-kubernetes/blitzy5f91179c1/pkg/scheduler/framework/plugins/volumezone
[gosec] 2026/02/05 18:32:54 Checking file: /tmp/blitzy/blitzy-kubernetes/blitzy5f91179c1/pkg/scheduler/framework/runtime/framework.go
[gosec] 2026/02/05 18:32:59 Checking file: /tmp/blitzy/blitzy-kubernetes/blitzy5f91179c1/pkg/scheduler/framework/runtime/instrumented_plugins.go
[gosec] 2026/02/05 18:32:59 Checking file: /tmp/blitzy/blitzy-kubernetes/blitzy5f91179c1/pkg/scheduler/framework/runtime/registry.go
[gosec] 2026/02/05 18:33:00 Checking file: /tmp/blitzy/blitzy-kubernetes/blitzy5f91179c1/pkg/scheduler/framework/runtime/waiting_pods_map.go
[gosec] 2026/02/05 18:33:00 Checking package: assumecache
[gosec] 2026/02/05 18:33:00 Checking file: /tmp/blitzy/blitzy-kubernetes/blitzy5f91179c1/pkg/scheduler/util/assumecache/assume_cache.go
[gosec] 2026/02/05 18:33:00 Import directory: /tmp/blitzy/blitzy-kubernetes/blitzy5f91179c1/pkg/scheduler/testing/framework
[gosec] 2026/02/05 18:33:01 Checking package: profile
[gosec] 2026/02/05 18:33:01 Checking file: /tmp/blitzy/blitzy-kubernetes/blitzy5f91179c1/pkg/scheduler/profile/profile.go
[gosec] 2026/02/05 18:33:01 Import directory: /tmp/blitzy/blitzy-kubernetes/blitzy5f91179c1/pkg/scheduler/util
[gosec] 2026/02/05 18:33:01 Checking package: scheme
[gosec] 2026/02/05 18:33:01 Checking file: /tmp/blitzy/blitzy-kubernetes/blitzy5f91179c1/pkg/scheduler/apis/config/scheme/scheme.go
[gosec] 2026/02/05 18:33:01 Import directory: /tmp/blitzy/blitzy-kubernetes/blitzy5f91179c1/pkg/scheduler/apis/config/validation
[gosec] 2026/02/05 18:33:01 Checking package: imagelocality
[gosec] 2026/02/05 18:33:01 Checking file: /tmp/blitzy/blitzy-kubernetes/blitzy5f91179c1/pkg/scheduler/framework/plugins/imagelocality/image_locality.go
[gosec] 2026/02/05 18:33:01 Import directory: /tmp/blitzy/blitzy-kubernetes/blitzy5f91179c1/pkg/scheduler/backend/heap
[gosec] 2026/02/05 18:33:02 Checking package: apicache
[gosec] 2026/02/05 18:33:02 Checking file: /tmp/blitzy/blitzy-kubernetes/blitzy5f91179c1/pkg/scheduler/backend/api_cache/api_cache.go
[gosec] 2026/02/05 18:33:02 Import directory: /tmp/blitzy/blitzy-kubernetes/blitzy5f91179c1/pkg/scheduler/framework
[gosec] 2026/02/05 18:33:02 Checking package: podtopologyspread
[gosec] 2026/02/05 18:33:02 Checking file: /tmp/blitzy/blitzy-kubernetes/blitzy5f91179c1/pkg/scheduler/framework/plugins/podtopologyspread/common.go
[gosec] 2026/02/05 18:33:02 Import directory: /tmp/blitzy/blitzy-kubernetes/blitzy5f91179c1/pkg/scheduler/framework/plugins/gangscheduling
[gosec] 2026/02/05 18:33:02 Checking file: /tmp/blitzy/blitzy-kubernetes/blitzy5f91179c1/pkg/scheduler/framework/plugins/podtopologyspread/filtering.go
[gosec] 2026/02/05 18:33:03 Checking file: /tmp/blitzy/blitzy-kubernetes/blitzy5f91179c1/pkg/scheduler/framework/plugins/podtopologyspread/plugin.go
[gosec] 2026/02/05 18:33:04 Checking file: /tmp/blitzy/blitzy-kubernetes/blitzy5f91179c1/pkg/scheduler/framework/plugins/podtopologyspread/scoring.go
[gosec] 2026/02/05 18:33:05 Checking package: schedulinggates
[gosec] 2026/02/05 18:33:05 Checking file: /tmp/blitzy/blitzy-kubernetes/blitzy5f91179c1/pkg/scheduler/framework/plugins/schedulinggates/scheduling_gates.go
[gosec] 2026/02/05 18:33:05 Import directory: /tmp/blitzy/blitzy-kubernetes/blitzy5f91179c1/pkg/scheduler/framework/plugins/testing
[gosec] 2026/02/05 18:33:05 Checking package: volumezone
[gosec] 2026/02/05 18:33:05 Checking file: /tmp/blitzy/blitzy-kubernetes/blitzy5f91179c1/pkg/scheduler/framework/plugins/volumezone/volume_zone.go
[gosec] 2026/02/05 18:33:05 Import directory: /tmp/blitzy/blitzy-kubernetes/blitzy5f91179c1/pkg/scheduler/framework/plugins/volumerestrictions
[gosec] 2026/02/05 18:33:07 Checking package: framework
[gosec] 2026/02/05 18:33:07 Checking file: /tmp/blitzy/blitzy-kubernetes/blitzy5f91179c1/pkg/scheduler/testing/framework/fake_extender.go
[gosec] 2026/02/05 18:33:07 Import directory: /tmp/blitzy/blitzy-kubernetes/blitzy5f91179c1/pkg/scheduler/framework/preemption
[gosec] 2026/02/05 18:33:08 Checking file: /tmp/blitzy/blitzy-kubernetes/blitzy5f91179c1/pkg/scheduler/testing/framework/fake_listers.go
[gosec] 2026/02/05 18:33:09 Checking file: /tmp/blitzy/blitzy-kubernetes/blitzy5f91179c1/pkg/scheduler/testing/framework/fake_plugins.go
[gosec] 2026/02/05 18:33:10 Checking file: /tmp/blitzy/blitzy-kubernetes/blitzy5f91179c1/pkg/scheduler/testing/framework/framework_helpers.go
[gosec] 2026/02/05 18:33:11 Checking package: util
[gosec] 2026/02/05 18:33:11 Checking file: /tmp/blitzy/blitzy-kubernetes/blitzy5f91179c1/pkg/scheduler/util/pod_resources.go
[gosec] 2026/02/05 18:33:11 Import directory: /tmp/blitzy/blitzy-kubernetes/blitzy5f91179c1/pkg/scheduler/apis/config/testing
[gosec] 2026/02/05 18:33:11 Checking file: /tmp/blitzy/blitzy-kubernetes/blitzy5f91179c1/pkg/scheduler/util/utils.go
[gosec] 2026/02/05 18:33:11 Checking package: heap
[gosec] 2026/02/05 18:33:11 Checking file: /tmp/blitzy/blitzy-kubernetes/blitzy5f91179c1/pkg/scheduler/backend/heap/heap.go
[gosec] 2026/02/05 18:33:11 Import directory: /tmp/blitzy/blitzy-kubernetes/blitzy5f91179c1/pkg/scheduler/backend/queue
[gosec] 2026/02/05 18:33:12 Checking package: validation
[gosec] 2026/02/05 18:33:12 Checking file: /tmp/blitzy/blitzy-kubernetes/blitzy5f91179c1/pkg/scheduler/apis/config/validation/validation.go
[gosec] 2026/02/05 18:33:12 Import directory: /tmp/blitzy/blitzy-kubernetes/blitzy5f91179c1/pkg/scheduler/framework/parallelize
[gosec] 2026/02/05 18:33:12 Checking file: /tmp/blitzy/blitzy-kubernetes/blitzy5f91179c1/pkg/scheduler/apis/config/validation/validation_pluginargs.go
[gosec] 2026/02/05 18:33:13 Checking package: framework
[gosec] 2026/02/05 18:33:13 Checking file: /tmp/blitzy/blitzy-kubernetes/blitzy5f91179c1/pkg/scheduler/framework/cycle_state.go
[gosec] 2026/02/05 18:33:13 Import directory: /tmp/blitzy/blitzy-kubernetes/blitzy5f91179c1/pkg/scheduler/framework/plugins/dynamicresources
[gosec] 2026/02/05 18:33:13 Checking file: /tmp/blitzy/blitzy-kubernetes/blitzy5f91179c1/pkg/scheduler/framework/events.go
[gosec] 2026/02/05 18:33:14 Checking file: /tmp/blitzy/blitzy-kubernetes/blitzy5f91179c1/pkg/scheduler/framework/interface.go
[gosec] 2026/02/05 18:33:14 Checking file: /tmp/blitzy/blitzy-kubernetes/blitzy5f91179c1/pkg/scheduler/framework/types.go
[gosec] 2026/02/05 18:33:16 Checking package: gangscheduling
[gosec] 2026/02/05 18:33:16 Checking file: /tmp/blitzy/blitzy-kubernetes/blitzy5f91179c1/pkg/scheduler/framework/plugins/gangscheduling/gangscheduling.go
[gosec] 2026/02/05 18:33:16 Import directory: /tmp/blitzy/blitzy-kubernetes/blitzy5f91179c1/pkg/scheduler/metrics
[gosec] 2026/02/05 18:33:17 Checking package: testing
[gosec] 2026/02/05 18:33:17 Checking file: /tmp/blitzy/blitzy-kubernetes/blitzy5f91179c1/pkg/scheduler/framework/plugins/testing/testing.go
[gosec] 2026/02/05 18:33:17 Import directory: /tmp/blitzy/blitzy-kubernetes/blitzy5f91179c1/pkg/scheduler/apis/config/v1
[gosec] 2026/02/05 18:33:17 Checking package: volumerestrictions
[gosec] 2026/02/05 18:33:17 Checking file: /tmp/blitzy/blitzy-kubernetes/blitzy5f91179c1/pkg/scheduler/framework/plugins/volumerestrictions/volume_restrictions.go
[gosec] 2026/02/05 18:33:17 Import directory: /tmp/blitzy/blitzy-kubernetes/blitzy5f91179c1/pkg/scheduler/framework/plugins/nodename
[gosec] 2026/02/05 18:33:19 Checking package: preemption
[gosec] 2026/02/05 18:33:19 Checking file: /tmp/blitzy/blitzy-kubernetes/blitzy5f91179c1/pkg/scheduler/framework/preemption/preemption.go
[gosec] 2026/02/05 18:33:19 Import directory: /tmp/blitzy/blitzy-kubernetes/blitzy5f91179c1/pkg/scheduler/framework/plugins/noderesources
[gosec] 2026/02/05 18:33:20 Checking package: testing
[gosec] 2026/02/05 18:33:20 Checking file: /tmp/blitzy/blitzy-kubernetes/blitzy5f91179c1/pkg/scheduler/apis/config/testing/config.go
[gosec] 2026/02/05 18:33:20 Import directory: /tmp/blitzy/blitzy-kubernetes/blitzy5f91179c1/pkg/scheduler/framework/plugins/volumebinding/metrics
[gosec] 2026/02/05 18:33:20 Checking package: queue
[gosec] 2026/02/05 18:33:20 Checking file: /tmp/blitzy/blitzy-kubernetes/blitzy5f91179c1/pkg/scheduler/backend/queue/active_queue.go
[gosec] 2026/02/05 18:33:20 Import directory: /tmp/blitzy/blitzy-kubernetes/blitzy5f91179c1/pkg/scheduler/backend/api_dispatcher
[gosec] 2026/02/05 18:33:21 Checking file: /tmp/blitzy/blitzy-kubernetes/blitzy5f91179c1/pkg/scheduler/backend/queue/backoff_queue.go
[gosec] 2026/02/05 18:33:22 Checking file: /tmp/blitzy/blitzy-kubernetes/blitzy5f91179c1/pkg/scheduler/backend/queue/nominator.go
[gosec] 2026/02/05 18:33:22 Checking file: /tmp/blitzy/blitzy-kubernetes/blitzy5f91179c1/pkg/scheduler/backend/queue/scheduling_queue.go
[gosec] 2026/02/05 18:33:25 Checking file: /tmp/blitzy/blitzy-kubernetes/blitzy5f91179c1/pkg/scheduler/backend/queue/testing.go
[gosec] 2026/02/05 18:33:25 Checking file: /tmp/blitzy/blitzy-kubernetes/blitzy5f91179c1/pkg/scheduler/backend/queue/unschedulable_pods.go
[gosec] 2026/02/05 18:33:25 Checking package: parallelize
[gosec] 2026/02/05 18:33:25 Checking file: /tmp/blitzy/blitzy-kubernetes/blitzy5f91179c1/pkg/scheduler/framework/parallelize/error_channel.go
[gosec] 2026/02/05 18:33:25 Import directory: /tmp/blitzy/blitzy-kubernetes/blitzy5f91179c1/pkg/scheduler/backend/cache
[gosec] 2026/02/05 18:33:25 Checking file: /tmp/blitzy/blitzy-kubernetes/blitzy5f91179c1/pkg/scheduler/framework/parallelize/parallelism.go
[gosec] 2026/02/05 18:33:25 Checking package: dynamicresources
[gosec] 2026/02/05 18:33:25 Checking file: /tmp/blitzy/blitzy-kubernetes/blitzy5f91179c1/pkg/scheduler/framework/plugins/dynamicresources/allocateddevices.go
[gosec] 2026/02/05 18:33:25 Import directory: /tmp/blitzy/blitzy-kubernetes/blitzy5f91179c1/pkg/scheduler/framework/plugins/defaultpreemption
[gosec] 2026/02/05 18:33:25 Checking file: /tmp/blitzy/blitzy-kubernetes/blitzy5f91179c1/pkg/scheduler/framework/plugins/dynamicresources/claims.go
[gosec] 2026/02/05 18:33:26 Checking file: /tmp/blitzy/blitzy-kubernetes/blitzy5f91179c1/pkg/scheduler/framework/plugins/dynamicresources/dra_manager.go
[gosec] 2026/02/05 18:33:26 Checking file: /tmp/blitzy/blitzy-kubernetes/blitzy5f91179c1/pkg/scheduler/framework/plugins/dynamicresources/dynamicresources.go
[gosec] 2026/02/05 18:33:30 Checking file: /tmp/blitzy/blitzy-kubernetes/blitzy5f91179c1/pkg/scheduler/framework/plugins/dynamicresources/extendeddynamicresources.go
[gosec] 2026/02/05 18:33:32 Checking package: metrics
[gosec] 2026/02/05 18:33:32 Checking file: /tmp/blitzy/blitzy-kubernetes/blitzy5f91179c1/pkg/scheduler/metrics/metric_recorder.go
[gosec] 2026/02/05 18:33:32 Import directory: /tmp/blitzy/blitzy-kubernetes/blitzy5f91179c1/pkg/scheduler/framework/plugins/names
[gosec] 2026/02/05 18:33:32 Checking file: /tmp/blitzy/blitzy-kubernetes/blitzy5f91179c1/pkg/scheduler/metrics/metrics.go
[gosec] 2026/02/05 18:33:33 Checking file: /tmp/blitzy/blitzy-kubernetes/blitzy5f91179c1/pkg/scheduler/metrics/profile_metrics.go
[gosec] 2026/02/05 18:33:33 Checking package: v1
[gosec] 2026/02/05 18:33:33 Checking file: /tmp/blitzy/blitzy-kubernetes/blitzy5f91179c1/pkg/scheduler/apis/config/v1/conversion.go
[gosec] 2026/02/05 18:33:33 Import directory: /tmp/blitzy/blitzy-kubernetes/blitzy5f91179c1/pkg/scheduler/framework/plugins/nodeunschedulable
[gosec] 2026/02/05 18:33:33 Checking file: /tmp/blitzy/blitzy-kubernetes/blitzy5f91179c1/pkg/scheduler/apis/config/v1/default_plugins.go
[gosec] 2026/02/05 18:33:33 Checking file: /tmp/blitzy/blitzy-kubernetes/blitzy5f91179c1/pkg/scheduler/apis/config/v1/defaults.go
[gosec] 2026/02/05 18:33:33 Checking file: /tmp/blitzy/blitzy-kubernetes/blitzy5f91179c1/pkg/scheduler/apis/config/v1/doc.go
[gosec] 2026/02/05 18:33:33 Checking file: /tmp/blitzy/blitzy-kubernetes/blitzy5f91179c1/pkg/scheduler/apis/config/v1/register.go
[gosec] 2026/02/05 18:33:33 Checking file: /tmp/blitzy/blitzy-kubernetes/blitzy5f91179c1/pkg/scheduler/apis/config/v1/zz_generated.conversion.go
[gosec] 2026/02/05 18:33:40 Checking file: /tmp/blitzy/blitzy-kubernetes/blitzy5f91179c1/pkg/scheduler/apis/config/v1/zz_generated.deepcopy.go
[gosec] 2026/02/05 18:33:40 Checking file: /tmp/blitzy/blitzy-kubernetes/blitzy5f91179c1/pkg/scheduler/apis/config/v1/zz_generated.defaults.go
[gosec] 2026/02/05 18:33:40 Checking package: nodename
[gosec] 2026/02/05 18:33:40 Checking file: /tmp/blitzy/blitzy-kubernetes/blitzy5f91179c1/pkg/scheduler/framework/plugins/nodename/node_name.go
[gosec] 2026/02/05 18:33:40 Import directory: /tmp/blitzy/blitzy-kubernetes/blitzy5f91179c1/pkg/scheduler/framework/plugins/nodevolumelimits
[gosec] 2026/02/05 18:33:41 Checking package: noderesources
[gosec] 2026/02/05 18:33:41 Checking file: /tmp/blitzy/blitzy-kubernetes/blitzy5f91179c1/pkg/scheduler/framework/plugins/noderesources/balanced_allocation.go
[gosec] 2026/02/05 18:33:41 Import directory: /tmp/blitzy/blitzy-kubernetes/blitzy5f91179c1/pkg/scheduler/framework/plugins
[gosec] 2026/02/05 18:33:41 Checking file: /tmp/blitzy/blitzy-kubernetes/blitzy5f91179c1/pkg/scheduler/framework/plugins/noderesources/fit.go
[gosec] 2026/02/05 18:33:43 Checking file: /tmp/blitzy/blitzy-kubernetes/blitzy5f91179c1/pkg/scheduler/framework/plugins/noderesources/least_allocated.go
[gosec] 2026/02/05 18:33:43 Checking file: /tmp/blitzy/blitzy-kubernetes/blitzy5f91179c1/pkg/scheduler/framework/plugins/noderesources/most_allocated.go
[gosec] 2026/02/05 18:33:43 Checking file: /tmp/blitzy/blitzy-kubernetes/blitzy5f91179c1/pkg/scheduler/framework/plugins/noderesources/requested_to_capacity_ratio.go
[gosec] 2026/02/05 18:33:43 Checking file: /tmp/blitzy/blitzy-kubernetes/blitzy5f91179c1/pkg/scheduler/framework/plugins/noderesources/resource_allocation.go
[gosec] 2026/02/05 18:33:44 Checking file: /tmp/blitzy/blitzy-kubernetes/blitzy5f91179c1/pkg/scheduler/framework/plugins/noderesources/test_util.go
[gosec] 2026/02/05 18:33:44 Checking package: metrics
[gosec] 2026/02/05 18:33:44 Checking file: /tmp/blitzy/blitzy-kubernetes/blitzy5f91179c1/pkg/scheduler/framework/plugins/volumebinding/metrics/metrics.go
[gosec] 2026/02/05 18:33:44 Import directory: /tmp/blitzy/blitzy-kubernetes/blitzy5f91179c1/pkg/scheduler/framework/plugins/volumebinding
[gosec] 2026/02/05 18:33:44 Checking package: apidispatcher
[gosec] 2026/02/05 18:33:44 Checking file: /tmp/blitzy/blitzy-kubernetes/blitzy5f91179c1/pkg/scheduler/backend/api_dispatcher/api_dispatcher.go
[gosec] 2026/02/05 18:33:44 Import directory: /tmp/blitzy/blitzy-kubernetes/blitzy5f91179c1/pkg/scheduler/apis/config
[gosec] 2026/02/05 18:33:44 Checking file: /tmp/blitzy/blitzy-kubernetes/blitzy5f91179c1/pkg/scheduler/backend/api_dispatcher/call_queue.go
[gosec] 2026/02/05 18:33:45 Checking file: /tmp/blitzy/blitzy-kubernetes/blitzy5f91179c1/pkg/scheduler/backend/api_dispatcher/goroutines_limiter.go
[gosec] 2026/02/05 18:33:45 Checking package: cache
[gosec] 2026/02/05 18:33:45 Checking file: /tmp/blitzy/blitzy-kubernetes/blitzy5f91179c1/pkg/scheduler/backend/cache/cache.go
[gosec] 2026/02/05 18:33:45 Import directory: /tmp/blitzy/blitzy-kubernetes/blitzy5f91179c1/pkg/scheduler/backend/cache/fake
[gosec] 2026/02/05 18:33:47 Checking file: /tmp/blitzy/blitzy-kubernetes/blitzy5f91179c1/pkg/scheduler/backend/cache/interface.go
[gosec] 2026/02/05 18:33:47 Checking file: /tmp/blitzy/blitzy-kubernetes/blitzy5f91179c1/pkg/scheduler/backend/cache/node_tree.go
[gosec] 2026/02/05 18:33:47 Checking file: /tmp/blitzy/blitzy-kubernetes/blitzy5f91179c1/pkg/scheduler/backend/cache/snapshot.go
[gosec] 2026/02/05 18:33:47 Checking package: defaultpreemption
[gosec] 2026/02/05 18:33:47 Checking file: /tmp/blitzy/blitzy-kubernetes/blitzy5f91179c1/pkg/scheduler/framework/plugins/defaultpreemption/default_preemption.go
[gosec] 2026/02/05 18:33:47 Import directory: /tmp/blitzy/blitzy-kubernetes/blitzy5f91179c1/pkg/scheduler
[gosec] 2026/02/05 18:33:49 Checking package: names
[gosec] 2026/02/05 18:33:49 Checking file: /tmp/blitzy/blitzy-kubernetes/blitzy5f91179c1/pkg/scheduler/framework/plugins/names/names.go
[gosec] 2026/02/05 18:33:49 Import directory: /tmp/blitzy/blitzy-kubernetes/blitzy5f91179c1/pkg/scheduler/framework/plugins/defaultbinder
[gosec] 2026/02/05 18:33:49 Checking package: nodeunschedulable
[gosec] 2026/02/05 18:33:49 Checking file: /tmp/blitzy/blitzy-kubernetes/blitzy5f91179c1/pkg/scheduler/framework/plugins/nodeunschedulable/node_unschedulable.go
[gosec] 2026/02/05 18:33:49 Import directory: /tmp/blitzy/blitzy-kubernetes/blitzy5f91179c1/pkg/scheduler/framework/plugins/feature
[gosec] 2026/02/05 18:33:49 Checking package: nodevolumelimits
[gosec] 2026/02/05 18:33:49 Checking file: /tmp/blitzy/blitzy-kubernetes/blitzy5f91179c1/pkg/scheduler/framework/plugins/nodevolumelimits/csi.go
[gosec] 2026/02/05 18:33:49 Import directory: /tmp/blitzy/blitzy-kubernetes/blitzy5f91179c1/pkg/scheduler/framework/plugins/nodedeclaredfeatures
[gosec] 2026/02/05 18:33:51 Checking file: /tmp/blitzy/blitzy-kubernetes/blitzy5f91179c1/pkg/scheduler/framework/plugins/nodevolumelimits/csi_manager.go
[gosec] 2026/02/05 18:33:51 Checking file: /tmp/blitzy/blitzy-kubernetes/blitzy5f91179c1/pkg/scheduler/framework/plugins/nodevolumelimits/utils.go
[gosec] 2026/02/05 18:33:51 Checking package: plugins
[gosec] 2026/02/05 18:33:51 Checking file: /tmp/blitzy/blitzy-kubernetes/blitzy5f91179c1/pkg/scheduler/framework/plugins/registry.go
[gosec] 2026/02/05 18:33:51 Import directory: /tmp/blitzy/blitzy-kubernetes/blitzy5f91179c1/pkg/scheduler/framework/plugins/nodeports
[gosec] 2026/02/05 18:33:51 Checking package: config
[gosec] 2026/02/05 18:33:51 Checking file: /tmp/blitzy/blitzy-kubernetes/blitzy5f91179c1/pkg/scheduler/apis/config/doc.go
[gosec] 2026/02/05 18:33:51 Import directory: /tmp/blitzy/blitzy-kubernetes/blitzy5f91179c1/pkg/scheduler/framework/plugins/queuesort
[gosec] 2026/02/05 18:33:51 Checking file: /tmp/blitzy/blitzy-kubernetes/blitzy5f91179c1/pkg/scheduler/apis/config/register.go
[gosec] 2026/02/05 18:33:52 Checking file: /tmp/blitzy/blitzy-kubernetes/blitzy5f91179c1/pkg/scheduler/apis/config/types.go
[gosec] 2026/02/05 18:33:52 Checking file: /tmp/blitzy/blitzy-kubernetes/blitzy5f91179c1/pkg/scheduler/apis/config/types_pluginargs.go
[gosec] 2026/02/05 18:33:52 Checking file: /tmp/blitzy/blitzy-kubernetes/blitzy5f91179c1/pkg/scheduler/apis/config/zz_generated.deepcopy.go
[gosec] 2026/02/05 18:33:54 Checking package: volumebinding
[gosec] 2026/02/05 18:33:54 Checking file: /tmp/blitzy/blitzy-kubernetes/blitzy5f91179c1/pkg/scheduler/framework/plugins/volumebinding/assume_cache.go
[gosec] 2026/02/05 18:33:54 Import directory: /tmp/blitzy/blitzy-kubernetes/blitzy5f91179c1/pkg/scheduler/apis/config/latest
[gosec] 2026/02/05 18:33:54 Checking file: /tmp/blitzy/blitzy-kubernetes/blitzy5f91179c1/pkg/scheduler/framework/plugins/volumebinding/binder.go
[gosec] 2026/02/05 18:33:57 Checking file: /tmp/blitzy/blitzy-kubernetes/blitzy5f91179c1/pkg/scheduler/framework/plugins/volumebinding/fake_binder.go
[gosec] 2026/02/05 18:33:57 Checking file: /tmp/blitzy/blitzy-kubernetes/blitzy5f91179c1/pkg/scheduler/framework/plugins/volumebinding/passive_assume_cache.go
[gosec] 2026/02/05 18:33:58 Checking file: /tmp/blitzy/blitzy-kubernetes/blitzy5f91179c1/pkg/scheduler/framework/plugins/volumebinding/scorer.go
[gosec] 2026/02/05 18:33:58 Checking file: /tmp/blitzy/blitzy-kubernetes/blitzy5f91179c1/pkg/scheduler/framework/plugins/volumebinding/test_utils.go
[gosec] 2026/02/05 18:33:58 Checking file: /tmp/blitzy/blitzy-kubernetes/blitzy5f91179c1/pkg/scheduler/framework/plugins/volumebinding/volume_binding.go
[gosec] 2026/02/05 18:34:00 Checking package: fake
[gosec] 2026/02/05 18:34:00 Checking file: /tmp/blitzy/blitzy-kubernetes/blitzy5f91179c1/pkg/scheduler/backend/cache/fake/fake_cache.go
[gosec] 2026/02/05 18:34:00 Import directory: /tmp/blitzy/blitzy-kubernetes/blitzy5f91179c1/pkg/scheduler/apis/config/testing/defaults
[gosec] 2026/02/05 18:34:00 Checking package: scheduler
[gosec] 2026/02/05 18:34:00 Checking file: /tmp/blitzy/blitzy-kubernetes/blitzy5f91179c1/pkg/scheduler/eventhandlers.go
[gosec] 2026/02/05 18:34:00 Import directory: /tmp/blitzy/blitzy-kubernetes/blitzy5f91179c1/pkg/scheduler/backend/workloadmanager
[gosec] 2026/02/05 18:34:02 Checking file: /tmp/blitzy/blitzy-kubernetes/blitzy5f91179c1/pkg/scheduler/extender.go
[gosec] 2026/02/05 18:34:03 Checking file: /tmp/blitzy/blitzy-kubernetes/blitzy5f91179c1/pkg/scheduler/schedule_one.go
[gosec] 2026/02/05 18:34:06 Checking file: /tmp/blitzy/blitzy-kubernetes/blitzy5f91179c1/pkg/scheduler/scheduler.go
[gosec] 2026/02/05 18:34:07 Checking package: feature
[gosec] 2026/02/05 18:34:07 Checking file: /tmp/blitzy/blitzy-kubernetes/blitzy5f91179c1/pkg/scheduler/framework/plugins/feature/feature.go
[gosec] 2026/02/05 18:34:07 Import directory: /tmp/blitzy/blitzy-kubernetes/blitzy5f91179c1/pkg/scheduler/framework/plugins/helper
[gosec] 2026/02/05 18:34:07 Checking package: defaultbinder
[gosec] 2026/02/05 18:34:07 Checking file: /tmp/blitzy/blitzy-kubernetes/blitzy5f91179c1/pkg/scheduler/framework/plugins/defaultbinder/default_binder.go
[gosec] 2026/02/05 18:34:07 Import directory: /tmp/blitzy/blitzy-kubernetes/blitzy5f91179c1/pkg/scheduler/framework/plugins/nodeaffinity
[gosec] 2026/02/05 18:34:07 Checking package: nodedeclaredfeatures
[gosec] 2026/02/05 18:34:07 Checking file: /tmp/blitzy/blitzy-kubernetes/blitzy5f91179c1/pkg/scheduler/framework/plugins/nodedeclaredfeatures/nodedeclaredfeatures.go
[gosec] 2026/02/05 18:34:07 Import directory: /tmp/blitzy/blitzy-kubernetes/blitzy5f91179c1/pkg/scheduler/framework/plugins/tainttoleration
[gosec] 2026/02/05 18:34:08 Checking package: queuesort
[gosec] 2026/02/05 18:34:08 Checking file: /tmp/blitzy/blitzy-kubernetes/blitzy5f91179c1/pkg/scheduler/framework/plugins/queuesort/priority_sort.go
[gosec] 2026/02/05 18:34:08 Import directory: /tmp/blitzy/blitzy-kubernetes/blitzy5f91179c1/pkg/scheduler/metrics/resources
[gosec] 2026/02/05 18:34:08 Checking package: nodeports
[gosec] 2026/02/05 18:34:08 Checking file: /tmp/blitzy/blitzy-kubernetes/blitzy5f91179c1/pkg/scheduler/framework/plugins/nodeports/node_ports.go
[gosec] 2026/02/05 18:34:08 Import directory: /tmp/blitzy/blitzy-kubernetes/blitzy5f91179c1/pkg/security/apparmor
[gosec] 2026/02/05 18:34:09 Checking package: latest
[gosec] 2026/02/05 18:34:09 Checking file: /tmp/blitzy/blitzy-kubernetes/blitzy5f91179c1/pkg/scheduler/apis/config/latest/latest.go
[gosec] 2026/02/05 18:34:09 Import directory: /tmp/blitzy/blitzy-kubernetes/blitzy5f91179c1/pkg/security
[gosec] 2026/02/05 18:34:09 Checking package: defaults
[gosec] 2026/02/05 18:34:09 Checking file: /tmp/blitzy/blitzy-kubernetes/blitzy5f91179c1/pkg/scheduler/apis/config/testing/defaults/defaults.go
[gosec] 2026/02/05 18:34:09 Import directory: /tmp/blitzy/blitzy-kubernetes/blitzy5f91179c1/pkg/securitycontext
[gosec] 2026/02/05 18:34:09 Checking package: workloadmanager
[gosec] 2026/02/05 18:34:09 Checking file: /tmp/blitzy/blitzy-kubernetes/blitzy5f91179c1/pkg/scheduler/backend/workloadmanager/podgroupinfo.go
[gosec] 2026/02/05 18:34:09 Import directory: /tmp/blitzy/blitzy-kubernetes/blitzy5f91179c1/pkg/serviceaccount
[gosec] 2026/02/05 18:34:09 Checking file: /tmp/blitzy/blitzy-kubernetes/blitzy5f91179c1/pkg/scheduler/backend/workloadmanager/workloadmanager.go
[gosec] 2026/02/05 18:34:10 Checking package: helper
[gosec] 2026/02/05 18:34:10 Checking file: /tmp/blitzy/blitzy-kubernetes/blitzy5f91179c1/pkg/scheduler/framework/plugins/helper/normalize_score.go
[gosec] 2026/02/05 18:34:10 Import directory: /tmp/blitzy/blitzy-kubernetes/blitzy5f91179c1/pkg/serviceaccount/externaljwt/metrics
[gosec] 2026/02/05 18:34:10 Checking file: /tmp/blitzy/blitzy-kubernetes/blitzy5f91179c1/pkg/scheduler/framework/plugins/helper/shape_score.go
[gosec] 2026/02/05 18:34:10 Checking file: /tmp/blitzy/blitzy-kubernetes/blitzy5f91179c1/pkg/scheduler/framework/plugins/helper/spread.go
[gosec] 2026/02/05 18:34:10 Checking file: /tmp/blitzy/blitzy-kubernetes/blitzy5f91179c1/pkg/scheduler/framework/plugins/helper/taint.go
[gosec] 2026/02/05 18:34:10 Checking package: nodeaffinity
[gosec] 2026/02/05 18:34:10 Checking file: /tmp/blitzy/blitzy-kubernetes/blitzy5f91179c1/pkg/scheduler/framework/plugins/nodeaffinity/node_affinity.go
[gosec] 2026/02/05 18:34:10 Import directory: /tmp/blitzy/blitzy-kubernetes/blitzy5f91179c1/pkg/serviceaccount/externaljwt/plugin
[gosec] 2026/02/05 18:34:11 Checking package: tainttoleration
[gosec] 2026/02/05 18:34:11 Checking file: /tmp/blitzy/blitzy-kubernetes/blitzy5f91179c1/pkg/scheduler/framework/plugins/tainttoleration/taint_toleration.go
[gosec] 2026/02/05 18:34:11 Import directory: /tmp/blitzy/blitzy-kubernetes/blitzy5f91179c1/pkg/serviceaccount/externaljwt/plugin/testing/v1
[gosec] 2026/02/05 18:34:12 Checking package: resources
[gosec] 2026/02/05 18:34:12 Checking file: /tmp/blitzy/blitzy-kubernetes/blitzy5f91179c1/pkg/scheduler/metrics/resources/resources.go
[gosec] 2026/02/05 18:34:12 Import directory: /tmp/blitzy/blitzy-kubernetes/blitzy5f91179c1/pkg/util/labels
[gosec] 2026/02/05 18:34:12 Checking package: apparmor
[gosec] 2026/02/05 18:34:12 Checking file: /tmp/blitzy/blitzy-kubernetes/blitzy5f91179c1/pkg/security/apparmor/helpers.go
[gosec] 2026/02/05 18:34:12 Import directory: /tmp/blitzy/blitzy-kubernetes/blitzy5f91179c1/pkg/util/oom
[gosec] 2026/02/05 18:34:12 Checking file: /tmp/blitzy/blitzy-kubernetes/blitzy5f91179c1/pkg/security/apparmor/validate.go
[gosec] 2026/02/05 18:34:13 Checking package: security
[gosec] 2026/02/05 18:34:13 Checking file: /tmp/blitzy/blitzy-kubernetes/blitzy5f91179c1/pkg/security/doc.go
[gosec] 2026/02/05 18:34:13 Checking package: securitycontext
[gosec] 2026/02/05 18:34:13 Checking file: /tmp/blitzy/blitzy-kubernetes/blitzy5f91179c1/pkg/securitycontext/accessors.go
[gosec] 2026/02/05 18:34:13 Import directory: /tmp/blitzy/blitzy-kubernetes/blitzy5f91179c1/pkg/util/slice
[gosec] 2026/02/05 18:34:13 Import directory: /tmp/blitzy/blitzy-kubernetes/blitzy5f91179c1/pkg/util/tail
[gosec] 2026/02/05 18:34:14 Checking file: /tmp/blitzy/blitzy-kubernetes/blitzy5f91179c1/pkg/securitycontext/doc.go
[gosec] 2026/02/05 18:34:14 Checking file: /tmp/blitzy/blitzy-kubernetes/blitzy5f91179c1/pkg/securitycontext/fake.go
[gosec] 2026/02/05 18:34:15 Checking file: /tmp/blitzy/blitzy-kubernetes/blitzy5f91179c1/pkg/securitycontext/util.go
[gosec] 2026/02/05 18:34:15 Checking file: /tmp/blitzy/blitzy-kubernetes/blitzy5f91179c1/pkg/securitycontext/util_linux.go
[gosec] 2026/02/05 18:34:15 Checking package: serviceaccount
[gosec] 2026/02/05 18:34:15 Checking file: /tmp/blitzy/blitzy-kubernetes/blitzy5f91179c1/pkg/serviceaccount/claims.go
[gosec] 2026/02/05 18:34:15 Import directory: /tmp/blitzy/blitzy-kubernetes/blitzy5f91179c1/pkg/util/tolerations
[gosec] 2026/02/05 18:34:16 Checking file: /tmp/blitzy/blitzy-kubernetes/blitzy5f91179c1/pkg/serviceaccount/jwt.go
[gosec] 2026/02/05 18:34:17 Checking file: /tmp/blitzy/blitzy-kubernetes/blitzy5f91179c1/pkg/serviceaccount/legacy.go
[gosec] 2026/02/05 18:34:17 Checking file: /tmp/blitzy/blitzy-kubernetes/blitzy5f91179c1/pkg/serviceaccount/metrics.go
[gosec] 2026/02/05 18:34:17 Checking file: /tmp/blitzy/blitzy-kubernetes/blitzy5f91179c1/pkg/serviceaccount/openidmetadata.go
[gosec] 2026/02/05 18:34:18 Checking package: metrics
[gosec] 2026/02/05 18:34:18 Checking file: /tmp/blitzy/blitzy-kubernetes/blitzy5f91179c1/pkg/serviceaccount/externaljwt/metrics/metrics.go
[gosec] 2026/02/05 18:34:18 Import directory: /tmp/blitzy/blitzy-kubernetes/blitzy5f91179c1/pkg/util/async
[gosec] 2026/02/05 18:34:18 Checking package: plugin
[gosec] 2026/02/05 18:34:18 Checking file: /tmp/blitzy/blitzy-kubernetes/blitzy5f91179c1/pkg/serviceaccount/externaljwt/plugin/keycache.go
[gosec] 2026/02/05 18:34:18 Import directory: /tmp/blitzy/blitzy-kubernetes/blitzy5f91179c1/pkg/util/filesystem
[gosec] 2026/02/05 18:34:19 Checking file: /tmp/blitzy/blitzy-kubernetes/blitzy5f91179c1/pkg/serviceaccount/externaljwt/plugin/plugin.go
[gosec] 2026/02/05 18:34:20 Checking package: v1
[gosec] 2026/02/05 18:34:20 Checking file: /tmp/blitzy/blitzy-kubernetes/blitzy5f91179c1/pkg/serviceaccount/externaljwt/plugin/testing/v1/externalsigner_mock.go
[gosec] 2026/02/05 18:34:20 Import directory: /tmp/blitzy/blitzy-kubernetes/blitzy5f91179c1/pkg/util/goroutinemap/exponentialbackoff
[gosec] 2026/02/05 18:34:20 Checking package: labels
[gosec] 2026/02/05 18:34:20 Checking file: /tmp/blitzy/blitzy-kubernetes/blitzy5f91179c1/pkg/util/labels/doc.go
[gosec] 2026/02/05 18:34:20 Checking file: /tmp/blitzy/blitzy-kubernetes/blitzy5f91179c1/pkg/util/labels/labels.go
[gosec] 2026/02/05 18:34:20 Import directory: /tmp/blitzy/blitzy-kubernetes/blitzy5f91179c1/pkg/util/goroutinemap
[gosec] 2026/02/05 18:34:20 Checking package: oom
[gosec] 2026/02/05 18:34:20 Checking file: /tmp/blitzy/blitzy-kubernetes/blitzy5f91179c1/pkg/util/oom/doc.go
[gosec] 2026/02/05 18:34:20 Import directory: /tmp/blitzy/blitzy-kubernetes/blitzy5f91179c1/pkg/util/iptables
[gosec] 2026/02/05 18:34:20 Checking file: /tmp/blitzy/blitzy-kubernetes/blitzy5f91179c1/pkg/util/oom/oom.go
[gosec] 2026/02/05 18:34:20 Checking file: /tmp/blitzy/blitzy-kubernetes/blitzy5f91179c1/pkg/util/oom/oom_fake.go
[gosec] 2026/02/05 18:34:20 Checking file: /tmp/blitzy/blitzy-kubernetes/blitzy5f91179c1/pkg/util/oom/oom_linux.go
[gosec] 2026/02/05 18:34:21 Checking package: slice
[gosec] 2026/02/05 18:34:21 Checking file: /tmp/blitzy/blitzy-kubernetes/blitzy5f91179c1/pkg/util/slice/slice.go
[gosec] 2026/02/05 18:34:21 Import directory: /tmp/blitzy/blitzy-kubernetes/blitzy5f91179c1/pkg/util/removeall
[gosec] 2026/02/05 18:34:21 Checking package: tail
[gosec] 2026/02/05 18:34:21 Checking file: /tmp/blitzy/blitzy-kubernetes/blitzy5f91179c1/pkg/util/tail/tail.go
[gosec] 2026/02/05 18:34:21 Import directory: /tmp/blitzy/blitzy-kubernetes/blitzy5f91179c1/pkg/util/taints
[gosec] 2026/02/05 18:34:21 Checking package: tolerations
[gosec] 2026/02/05 18:34:21 Checking file: /tmp/blitzy/blitzy-kubernetes/blitzy5f91179c1/pkg/util/tolerations/doc.go
[gosec] 2026/02/05 18:34:21 Checking file: /tmp/blitzy/blitzy-kubernetes/blitzy5f91179c1/pkg/util/tolerations/tolerations.go
[gosec] 2026/02/05 18:34:21 Import directory: /tmp/blitzy/blitzy-kubernetes/blitzy5f91179c1/pkg/util/bandwidth
[gosec] 2026/02/05 18:34:21 Checking package: async
[gosec] 2026/02/05 18:34:21 Checking file: /tmp/blitzy/blitzy-kubernetes/blitzy5f91179c1/pkg/util/async/runner.go
[gosec] 2026/02/05 18:34:21 Import directory: /tmp/blitzy/blitzy-kubernetes/blitzy5f91179c1/pkg/util/flag
[gosec] 2026/02/05 18:34:21 Checking package: filesystem
[gosec] 2026/02/05 18:34:21 Checking file: /tmp/blitzy/blitzy-kubernetes/blitzy5f91179c1/pkg/util/filesystem/defaultfs.go
[gosec] 2026/02/05 18:34:21 Import directory: /tmp/blitzy/blitzy-kubernetes/blitzy5f91179c1/pkg/util/hash
[gosec] 2026/02/05 18:34:22 Checking file: /tmp/blitzy/blitzy-kubernetes/blitzy5f91179c1/pkg/util/filesystem/filesystem.go
[gosec] 2026/02/05 18:34:22 Checking file: /tmp/blitzy/blitzy-kubernetes/blitzy5f91179c1/pkg/util/filesystem/util.go
[gosec] 2026/02/05 18:34:22 Checking file: /tmp/blitzy/blitzy-kubernetes/blitzy5f91179c1/pkg/util/filesystem/util_unix.go
[gosec] 2026/02/05 18:34:22 Checking file: /tmp/blitzy/blitzy-kubernetes/blitzy5f91179c1/pkg/util/filesystem/watcher.go
[gosec] 2026/02/05 18:34:22 Checking package: exponentialbackoff
[gosec] 2026/02/05 18:34:22 Checking file: /tmp/blitzy/blitzy-kubernetes/blitzy5f91179c1/pkg/util/goroutinemap/exponentialbackoff/exponential_backoff.go
[gosec] 2026/02/05 18:34:22 Import directory: /tmp/blitzy/blitzy-kubernetes/blitzy5f91179c1/pkg/util/iptables/testing
[gosec] 2026/02/05 18:34:23 Checking package: goroutinemap
[gosec] 2026/02/05 18:34:23 Checking file: /tmp/blitzy/blitzy-kubernetes/blitzy5f91179c1/pkg/util/goroutinemap/goroutinemap.go
[gosec] 2026/02/05 18:34:23 Import directory: /tmp/blitzy/blitzy-kubernetes/blitzy5f91179c1/pkg/util/pod
[gosec] 2026/02/05 18:34:23 Checking package: iptables
[gosec] 2026/02/05 18:34:23 Checking file: /tmp/blitzy/blitzy-kubernetes/blitzy5f91179c1/pkg/util/iptables/doc.go
[gosec] 2026/02/05 18:34:23 Checking file: /tmp/blitzy/blitzy-kubernetes/blitzy5f91179c1/pkg/util/iptables/iptables.go
[gosec] 2026/02/05 18:34:23 Import directory: /tmp/blitzy/blitzy-kubernetes/blitzy5f91179c1/pkg/util/procfs
[gosec] 2026/02/05 18:34:24 Checking file: /tmp/blitzy/blitzy-kubernetes/blitzy5f91179c1/pkg/util/iptables/iptables_linux.go
[gosec] 2026/02/05 18:34:25 Checking file: /tmp/blitzy/blitzy-kubernetes/blitzy5f91179c1/pkg/util/iptables/save_restore.go
[gosec] 2026/02/05 18:34:25 Checking package: removeall
[gosec] 2026/02/05 18:34:25 Checking file: /tmp/blitzy/blitzy-kubernetes/blitzy5f91179c1/pkg/util/removeall/removeall.go
[gosec] 2026/02/05 18:34:25 Import directory: /tmp/blitzy/blitzy-kubernetes/blitzy5f91179c1/pkg/util/rlimit
[gosec] 2026/02/05 18:34:25 Checking package: bandwidth
[gosec] 2026/02/05 18:34:25 Checking file: /tmp/blitzy/blitzy-kubernetes/blitzy5f91179c1/pkg/util/bandwidth/doc.go
[gosec] 2026/02/05 18:34:25 Checking package: taints
[gosec] 2026/02/05 18:34:25 Checking file: /tmp/blitzy/blitzy-kubernetes/blitzy5f91179c1/pkg/util/taints/taints.go
[gosec] 2026/02/05 18:34:25 Import directory: /tmp/blitzy/blitzy-kubernetes/blitzy5f91179c1/pkg/util/coverage
[gosec] 2026/02/05 18:34:25 Import directory: /tmp/blitzy/blitzy-kubernetes/blitzy5f91179c1/pkg/util/env
[gosec] 2026/02/05 18:34:26 Checking package: hash
[gosec] 2026/02/05 18:34:26 Checking file: /tmp/blitzy/blitzy-kubernetes/blitzy5f91179c1/pkg/util/hash/hash.go
[gosec] 2026/02/05 18:34:26 Import directory: /tmp/blitzy/blitzy-kubernetes/blitzy5f91179c1/pkg/util/flock
[gosec] 2026/02/05 18:34:26 Checking package: flag
[gosec] 2026/02/05 18:34:26 Checking file: /tmp/blitzy/blitzy-kubernetes/blitzy5f91179c1/pkg/util/flag/flags.go
[gosec] 2026/02/05 18:34:26 Import directory: /tmp/blitzy/blitzy-kubernetes/blitzy5f91179c1/pkg/util/node
[gosec] 2026/02/05 18:34:27 Checking package: testing
[gosec] 2026/02/05 18:34:27 Checking file: /tmp/blitzy/blitzy-kubernetes/blitzy5f91179c1/pkg/util/iptables/testing/doc.go
[gosec] 2026/02/05 18:34:27 Import directory: /tmp/blitzy/blitzy-kubernetes/blitzy5f91179c1/pkg/util/parsers
[gosec] 2026/02/05 18:34:27 Checking file: /tmp/blitzy/blitzy-kubernetes/blitzy5f91179c1/pkg/util/iptables/testing/fake.go
[gosec] 2026/02/05 18:34:28 Checking file: /tmp/blitzy/blitzy-kubernetes/blitzy5f91179c1/pkg/util/iptables/testing/parse.go
[gosec] 2026/02/05 18:34:29 Checking package: procfs
[gosec] 2026/02/05 18:34:29 Checking file: /tmp/blitzy/blitzy-kubernetes/blitzy5f91179c1/pkg/util/procfs/doc.go
[gosec] 2026/02/05 18:34:29 Checking file: /tmp/blitzy/blitzy-kubernetes/blitzy5f91179c1/pkg/util/procfs/procfs.go
[gosec] 2026/02/05 18:34:29 Import directory: /tmp/blitzy/blitzy-kubernetes/blitzy5f91179c1/pkg/util/interrupt
[gosec] 2026/02/05 18:34:29 Checking file: /tmp/blitzy/blitzy-kubernetes/blitzy5f91179c1/pkg/util/procfs/procfs_fake.go
[gosec] 2026/02/05 18:34:29 Checking file: /tmp/blitzy/blitzy-kubernetes/blitzy5f91179c1/pkg/util/procfs/procfs_linux.go
[gosec] 2026/02/05 18:34:29 Checking package: pod
[gosec] 2026/02/05 18:34:29 Checking file: /tmp/blitzy/blitzy-kubernetes/blitzy5f91179c1/pkg/util/pod/pod.go
[gosec] 2026/02/05 18:34:29 Import directory: /tmp/blitzy/blitzy-kubernetes/blitzy5f91179c1/pkg/util/kernel
[gosec] 2026/02/05 18:34:29 Checking package: rlimit
[gosec] 2026/02/05 18:34:29 Checking file: /tmp/blitzy/blitzy-kubernetes/blitzy5f91179c1/pkg/util/rlimit/rlimit_linux.go
[gosec] 2026/02/05 18:34:29 Import directory: /tmp/blitzy/blitzy-kubernetes/blitzy5f91179c1/pkg/volume/csi
[gosec] 2026/02/05 18:34:29 Checking package: env
[gosec] 2026/02/05 18:34:29 Checking file: /tmp/blitzy/blitzy-kubernetes/blitzy5f91179c1/pkg/util/env/env.go
[gosec] 2026/02/05 18:34:29 Import directory: /tmp/blitzy/blitzy-kubernetes/blitzy5f91179c1/pkg/volume/secret
[gosec] 2026/02/05 18:34:29 Checking package: coverage
[gosec] 2026/02/05 18:34:29 Checking file: /tmp/blitzy/blitzy-kubernetes/blitzy5f91179c1/pkg/util/coverage/coverage_disabled.go
[gosec] 2026/02/05 18:34:29 Import directory: /tmp/blitzy/blitzy-kubernetes/blitzy5f91179c1/pkg/volume/util/volumepathhandler
[gosec] 2026/02/05 18:34:29 Checking file: /tmp/blitzy/blitzy-kubernetes/blitzy5f91179c1/pkg/util/coverage/fake_test_deps.go
[gosec] 2026/02/05 18:34:30 Checking package: flock
[gosec] 2026/02/05 18:34:30 Checking file: /tmp/blitzy/blitzy-kubernetes/blitzy5f91179c1/pkg/util/flock/flock_unix.go
[gosec] 2026/02/05 18:34:30 Import directory: /tmp/blitzy/blitzy-kubernetes/blitzy5f91179c1/pkg/volume/hostpath
[gosec] 2026/02/05 18:34:30 Checking package: node
[gosec] 2026/02/05 18:34:30 Checking file: /tmp/blitzy/blitzy-kubernetes/blitzy5f91179c1/pkg/util/node/node.go
[gosec] 2026/02/05 18:34:30 Import directory: /tmp/blitzy/blitzy-kubernetes/blitzy5f91179c1/pkg/volume/nfs
[gosec] 2026/02/05 18:34:30 Checking package: parsers
[gosec] 2026/02/05 18:34:30 Checking file: /tmp/blitzy/blitzy-kubernetes/blitzy5f91179c1/pkg/util/parsers/parsers.go
[gosec] 2026/02/05 18:34:30 Import directory: /tmp/blitzy/blitzy-kubernetes/blitzy5f91179c1/pkg/volume/util
[gosec] 2026/02/05 18:34:30 Checking package: interrupt
[gosec] 2026/02/05 18:34:30 Checking file: /tmp/blitzy/blitzy-kubernetes/blitzy5f91179c1/pkg/util/interrupt/interrupt.go
[gosec] 2026/02/05 18:34:30 Import directory: /tmp/blitzy/blitzy-kubernetes/blitzy5f91179c1/pkg/volume/util/subpath
[gosec] 2026/02/05 18:34:30 Checking package: kernel
[gosec] 2026/02/05 18:34:30 Checking file: /tmp/blitzy/blitzy-kubernetes/blitzy5f91179c1/pkg/util/kernel/constants.go
[gosec] 2026/02/05 18:34:30 Checking file: /tmp/blitzy/blitzy-kubernetes/blitzy5f91179c1/pkg/util/kernel/version.go
[gosec] 2026/02/05 18:34:30 Import directory: /tmp/blitzy/blitzy-kubernetes/blitzy5f91179c1/pkg/volume/csi/fake
[gosec] 2026/02/05 18:34:30 Checking package: volumepathhandler
[gosec] 2026/02/05 18:34:30 Checking file: /tmp/blitzy/blitzy-kubernetes/blitzy5f91179c1/pkg/volume/util/volumepathhandler/volume_path_handler.go
[gosec] 2026/02/05 18:34:30 Import directory: /tmp/blitzy/blitzy-kubernetes/blitzy5f91179c1/pkg/volume/csi/nodeinfomanager
[gosec] 2026/02/05 18:34:31 Checking file: /tmp/blitzy/blitzy-kubernetes/blitzy5f91179c1/pkg/volume/util/volumepathhandler/volume_path_handler_linux.go
[gosec] 2026/02/05 18:34:32 Checking package: secret
[gosec] 2026/02/05 18:34:32 Checking file: /tmp/blitzy/blitzy-kubernetes/blitzy5f91179c1/pkg/volume/secret/doc.go
[gosec] 2026/02/05 18:34:32 Checking file: /tmp/blitzy/blitzy-kubernetes/blitzy5f91179c1/pkg/volume/secret/secret.go
[gosec] 2026/02/05 18:34:32 Import directory: /tmp/blitzy/blitzy-kubernetes/blitzy5f91179c1/pkg/volume
[gosec] 2026/02/05 18:34:33 Checking package: csi
[gosec] 2026/02/05 18:34:33 Checking file: /tmp/blitzy/blitzy-kubernetes/blitzy5f91179c1/pkg/volume/csi/csi_attacher.go
[gosec] 2026/02/05 18:34:33 Import directory: /tmp/blitzy/blitzy-kubernetes/blitzy5f91179c1/pkg/volume/downwardapi
[gosec] 2026/02/05 18:34:35 Checking file: /tmp/blitzy/blitzy-kubernetes/blitzy5f91179c1/pkg/volume/csi/csi_block.go
[gosec] 2026/02/05 18:34:36 Checking file: /tmp/blitzy/blitzy-kubernetes/blitzy5f91179c1/pkg/volume/csi/csi_client.go
[gosec] 2026/02/05 18:34:38 Checking file: /tmp/blitzy/blitzy-kubernetes/blitzy5f91179c1/pkg/volume/csi/csi_drivers_store.go
[gosec] 2026/02/05 18:34:38 Checking file: /tmp/blitzy/blitzy-kubernetes/blitzy5f91179c1/pkg/volume/csi/csi_metrics.go
[gosec] 2026/02/05 18:34:38 Checking file: /tmp/blitzy/blitzy-kubernetes/blitzy5f91179c1/pkg/volume/csi/csi_mounter.go
[gosec] 2026/02/05 18:34:40 Checking file: /tmp/blitzy/blitzy-kubernetes/blitzy5f91179c1/pkg/volume/csi/csi_node_updater.go
[gosec] 2026/02/05 18:34:40 Checking file: /tmp/blitzy/blitzy-kubernetes/blitzy5f91179c1/pkg/volume/csi/csi_plugin.go
[gosec] 2026/02/05 18:34:43 Checking file: /tmp/blitzy/blitzy-kubernetes/blitzy5f91179c1/pkg/volume/csi/csi_util.go
[gosec] 2026/02/05 18:34:43 Checking file: /tmp/blitzy/blitzy-kubernetes/blitzy5f91179c1/pkg/volume/csi/expander.go
[gosec] 2026/02/05 18:34:44 Checking package: subpath
[gosec] 2026/02/05 18:34:44 Checking file: /tmp/blitzy/blitzy-kubernetes/blitzy5f91179c1/pkg/volume/util/subpath/subpath.go
[gosec] 2026/02/05 18:34:44 Import directory: /tmp/blitzy/blitzy-kubernetes/blitzy5f91179c1/pkg/volume/flexvolume
[gosec] 2026/02/05 18:34:44 Checking file: /tmp/blitzy/blitzy-kubernetes/blitzy5f91179c1/pkg/volume/util/subpath/subpath_linux.go
[gosec] 2026/02/05 18:34:46 Checking package: hostpath
[gosec] 2026/02/05 18:34:46 Checking file: /tmp/blitzy/blitzy-kubernetes/blitzy5f91179c1/pkg/volume/hostpath/doc.go
[gosec] 2026/02/05 18:34:46 Checking file: /tmp/blitzy/blitzy-kubernetes/blitzy5f91179c1/pkg/volume/hostpath/host_path.go
[gosec] 2026/02/05 18:34:46 Import directory: /tmp/blitzy/blitzy-kubernetes/blitzy5f91179c1/pkg/volume/git_repo
[gosec] 2026/02/05 18:34:48 Checking package: nfs
[gosec] 2026/02/05 18:34:48 Checking file: /tmp/blitzy/blitzy-kubernetes/blitzy5f91179c1/pkg/volume/nfs/doc.go
[gosec] 2026/02/05 18:34:48 Checking file: /tmp/blitzy/blitzy-kubernetes/blitzy5f91179c1/pkg/volume/nfs/nfs.go
[gosec] 2026/02/05 18:34:48 Import directory: /tmp/blitzy/blitzy-kubernetes/blitzy5f91179c1/pkg/volume/util/fs
[gosec] 2026/02/05 18:34:49 Checking package: fake
[gosec] 2026/02/05 18:34:49 Checking file: /tmp/blitzy/blitzy-kubernetes/blitzy5f91179c1/pkg/volume/csi/fake/fake_client.go
[gosec] 2026/02/05 18:34:49 Import directory: /tmp/blitzy/blitzy-kubernetes/blitzy5f91179c1/pkg/volume/util/fsquota/common
[gosec] 2026/02/05 18:34:50 Checking file: /tmp/blitzy/blitzy-kubernetes/blitzy5f91179c1/pkg/volume/csi/fake/fake_closer.go
[gosec] 2026/02/05 18:34:50 Checking package: util
[gosec] 2026/02/05 18:34:50 Checking file: /tmp/blitzy/blitzy-kubernetes/blitzy5f91179c1/pkg/volume/util/atomic_writer.go
[gosec] 2026/02/05 18:34:50 Import directory: /tmp/blitzy/blitzy-kubernetes/blitzy5f91179c1/pkg/volume/image
[gosec] 2026/02/05 18:34:51 Checking file: /tmp/blitzy/blitzy-kubernetes/blitzy5f91179c1/pkg/volume/util/atomic_writer_linux.go
[gosec] 2026/02/05 18:34:51 Checking file: /tmp/blitzy/blitzy-kubernetes/blitzy5f91179c1/pkg/volume/util/attach_limit.go
[gosec] 2026/02/05 18:34:51 Checking file: /tmp/blitzy/blitzy-kubernetes/blitzy5f91179c1/pkg/volume/util/device_util.go
[gosec] 2026/02/05 18:34:51 Checking file: /tmp/blitzy/blitzy-kubernetes/blitzy5f91179c1/pkg/volume/util/device_util_linux.go
[gosec] 2026/02/05 18:34:52 Checking file: /tmp/blitzy/blitzy-kubernetes/blitzy5f91179c1/pkg/volume/util/doc.go
[gosec] 2026/02/05 18:34:52 Checking file: /tmp/blitzy/blitzy-kubernetes/blitzy5f91179c1/pkg/volume/util/finalizer.go
[gosec] 2026/02/05 18:34:52 Checking file: /tmp/blitzy/blitzy-kubernetes/blitzy5f91179c1/pkg/volume/util/io_util.go
[gosec] 2026/02/05 18:34:52 Checking file: /tmp/blitzy/blitzy-kubernetes/blitzy5f91179c1/pkg/volume/util/metrics.go
[gosec] 2026/02/05 18:34:52 Checking file: /tmp/blitzy/blitzy-kubernetes/blitzy5f91179c1/pkg/volume/util/nested_volumes.go
[gosec] 2026/02/05 18:34:53 Checking file: /tmp/blitzy/blitzy-kubernetes/blitzy5f91179c1/pkg/volume/util/resize_util.go
[gosec] 2026/02/05 18:34:53 Checking file: /tmp/blitzy/blitzy-kubernetes/blitzy5f91179c1/pkg/volume/util/selinux.go
[gosec] 2026/02/05 18:34:54 Checking file: /tmp/blitzy/blitzy-kubernetes/blitzy5f91179c1/pkg/volume/util/storageclass.go
[gosec] 2026/02/05 18:34:54 Checking file: /tmp/blitzy/blitzy-kubernetes/blitzy5f91179c1/pkg/volume/util/util.go
[gosec] 2026/02/05 18:34:56 Checking package: nodeinfomanager
[gosec] 2026/02/05 18:34:56 Checking file: /tmp/blitzy/blitzy-kubernetes/blitzy5f91179c1/pkg/volume/csi/nodeinfomanager/nodeinfomanager.go
[gosec] 2026/02/05 18:34:56 Import directory: /tmp/blitzy/blitzy-kubernetes/blitzy5f91179c1/pkg/volume/util/recyclerclient
[gosec] 2026/02/05 18:34:58 Checking package: volume
[gosec] 2026/02/05 18:34:58 Checking file: /tmp/blitzy/blitzy-kubernetes/blitzy5f91179c1/pkg/volume/doc.go
[gosec] 2026/02/05 18:34:58 Checking file: /tmp/blitzy/blitzy-kubernetes/blitzy5f91179c1/pkg/volume/metrics_block.go
[gosec] 2026/02/05 18:34:58 Import directory: /tmp/blitzy/blitzy-kubernetes/blitzy5f91179c1/pkg/volume/validation
[gosec] 2026/02/05 18:34:58 Checking file: /tmp/blitzy/blitzy-kubernetes/blitzy5f91179c1/pkg/volume/metrics_cached.go
[gosec] 2026/02/05 18:34:59 Checking file: /tmp/blitzy/blitzy-kubernetes/blitzy5f91179c1/pkg/volume/metrics_du.go
[gosec] 2026/02/05 18:34:59 Checking file: /tmp/blitzy/blitzy-kubernetes/blitzy5f91179c1/pkg/volume/metrics_errors.go
[gosec] 2026/02/05 18:34:59 Checking file: /tmp/blitzy/blitzy-kubernetes/blitzy5f91179c1/pkg/volume/metrics_nil.go
[gosec] 2026/02/05 18:34:59 Checking file: /tmp/blitzy/blitzy-kubernetes/blitzy5f91179c1/pkg/volume/metrics_statfs.go
[gosec] 2026/02/05 18:34:59 Checking file: /tmp/blitzy/blitzy-kubernetes/blitzy5f91179c1/pkg/volume/noop_expandable_plugin.go
[gosec] 2026/02/05 18:34:59 Checking file: /tmp/blitzy/blitzy-kubernetes/blitzy5f91179c1/pkg/volume/plugins.go
[gosec] 2026/02/05 18:35:01 Checking file: /tmp/blitzy/blitzy-kubernetes/blitzy5f91179c1/pkg/volume/volume.go
[gosec] 2026/02/05 18:35:01 Checking file: /tmp/blitzy/blitzy-kubernetes/blitzy5f91179c1/pkg/volume/volume_linux.go
[gosec] 2026/02/05 18:35:02 Checking package: downwardapi
[gosec] 2026/02/05 18:35:02 Checking file: /tmp/blitzy/blitzy-kubernetes/blitzy5f91179c1/pkg/volume/downwardapi/downwardapi.go
[gosec] 2026/02/05 18:35:02 Import directory: /tmp/blitzy/blitzy-kubernetes/blitzy5f91179c1/pkg/volume/configmap
[gosec] 2026/02/05 18:35:03 Checking package: flexvolume
[gosec] 2026/02/05 18:35:03 Checking file: /tmp/blitzy/blitzy-kubernetes/blitzy5f91179c1/pkg/volume/flexvolume/attacher-defaults.go
[gosec] 2026/02/05 18:35:03 Import directory: /tmp/blitzy/blitzy-kubernetes/blitzy5f91179c1/pkg/volume/csi/testing
[gosec] 2026/02/05 18:35:03 Checking file: /tmp/blitzy/blitzy-kubernetes/blitzy5f91179c1/pkg/volume/flexvolume/attacher.go
[gosec] 2026/02/05 18:35:03 Checking file: /tmp/blitzy/blitzy-kubernetes/blitzy5f91179c1/pkg/volume/flexvolume/detacher-defaults.go
[gosec] 2026/02/05 18:35:03 Checking file: /tmp/blitzy/blitzy-kubernetes/blitzy5f91179c1/pkg/volume/flexvolume/detacher.go
[gosec] 2026/02/05 18:35:03 Checking file: /tmp/blitzy/blitzy-kubernetes/blitzy5f91179c1/pkg/volume/flexvolume/driver-call.go
[gosec] 2026/02/05 18:35:04 Checking file: /tmp/blitzy/blitzy-kubernetes/blitzy5f91179c1/pkg/volume/flexvolume/expander-defaults.go
[gosec] 2026/02/05 18:35:04 Checking file: /tmp/blitzy/blitzy-kubernetes/blitzy5f91179c1/pkg/volume/flexvolume/expander.go
[gosec] 2026/02/05 18:35:04 Checking file: /tmp/blitzy/blitzy-kubernetes/blitzy5f91179c1/pkg/volume/flexvolume/fake_watcher.go
[gosec] 2026/02/05 18:35:04 Checking file: /tmp/blitzy/blitzy-kubernetes/blitzy5f91179c1/pkg/volume/flexvolume/mounter-defaults.go
[gosec] 2026/02/05 18:35:04 Checking file: /tmp/blitzy/blitzy-kubernetes/blitzy5f91179c1/pkg/volume/flexvolume/mounter.go
[gosec] 2026/02/05 18:35:04 Checking file: /tmp/blitzy/blitzy-kubernetes/blitzy5f91179c1/pkg/volume/flexvolume/plugin-defaults.go
[gosec] 2026/02/05 18:35:04 Checking file: /tmp/blitzy/blitzy-kubernetes/blitzy5f91179c1/pkg/volume/flexvolume/plugin.go
[gosec] 2026/02/05 18:35:05 Checking file: /tmp/blitzy/blitzy-kubernetes/blitzy5f91179c1/pkg/volume/flexvolume/probe.go
[gosec] 2026/02/05 18:35:06 Checking file: /tmp/blitzy/blitzy-kubernetes/blitzy5f91179c1/pkg/volume/flexvolume/unmounter-defaults.go
[gosec] 2026/02/05 18:35:06 Checking file: /tmp/blitzy/blitzy-kubernetes/blitzy5f91179c1/pkg/volume/flexvolume/unmounter.go
[gosec] 2026/02/05 18:35:06 Checking file: /tmp/blitzy/blitzy-kubernetes/blitzy5f91179c1/pkg/volume/flexvolume/util.go
[gosec] 2026/02/05 18:35:07 Checking file: /tmp/blitzy/blitzy-kubernetes/blitzy5f91179c1/pkg/volume/flexvolume/volume.go
[gosec] 2026/02/05 18:35:07 Checking package: git_repo
[gosec] 2026/02/05 18:35:07 Checking file: /tmp/blitzy/blitzy-kubernetes/blitzy5f91179c1/pkg/volume/git_repo/doc.go
[gosec] 2026/02/05 18:35:07 Checking file: /tmp/blitzy/blitzy-kubernetes/blitzy5f91179c1/pkg/volume/git_repo/git_repo.go
[gosec] 2026/02/05 18:35:07 Import directory: /tmp/blitzy/blitzy-kubernetes/blitzy5f91179c1/pkg/volume/util/fsquota
[gosec] 2026/02/05 18:35:08 Checking package: fs
[gosec] 2026/02/05 18:35:08 Checking file: /tmp/blitzy/blitzy-kubernetes/blitzy5f91179c1/pkg/volume/util/fs/fs.go
[gosec] 2026/02/05 18:35:08 Import directory: /tmp/blitzy/blitzy-kubernetes/blitzy5f91179c1/pkg/volume/util/hostutil
[gosec] 2026/02/05 18:35:08 Checking package: common
[gosec] 2026/02/05 18:35:08 Checking file: /tmp/blitzy/blitzy-kubernetes/blitzy5f91179c1/pkg/volume/util/fsquota/common/quota_common.go
[gosec] 2026/02/05 18:35:08 Import directory: /tmp/blitzy/blitzy-kubernetes/blitzy5f91179c1/pkg/volume/csimigration
[gosec] 2026/02/05 18:35:08 Checking file: /tmp/blitzy/blitzy-kubernetes/blitzy5f91179c1/pkg/volume/util/fsquota/common/quota_common_linux.go
[gosec] 2026/02/05 18:35:08 Checking file: /tmp/blitzy/blitzy-kubernetes/blitzy5f91179c1/pkg/volume/util/fsquota/common/quota_common_linux_impl.go
[gosec] 2026/02/05 18:35:09 Checking package: image
[gosec] 2026/02/05 18:35:09 Checking file: /tmp/blitzy/blitzy-kubernetes/blitzy5f91179c1/pkg/volume/image/image.go
[gosec] 2026/02/05 18:35:09 Import directory: /tmp/blitzy/blitzy-kubernetes/blitzy5f91179c1/pkg/volume/emptydir
[gosec] 2026/02/05 18:35:09 Checking package: recyclerclient
[gosec] 2026/02/05 18:35:09 Checking file: /tmp/blitzy/blitzy-kubernetes/blitzy5f91179c1/pkg/volume/util/recyclerclient/recycler_client.go
[gosec] 2026/02/05 18:35:09 Import directory: /tmp/blitzy/blitzy-kubernetes/blitzy5f91179c1/pkg/volume/fc
[gosec] 2026/02/05 18:35:10 Checking package: validation
[gosec] 2026/02/05 18:35:10 Checking file: /tmp/blitzy/blitzy-kubernetes/blitzy5f91179c1/pkg/volume/validation/pv_validation.go
[gosec] 2026/02/05 18:35:10 Import directory: /tmp/blitzy/blitzy-kubernetes/blitzy5f91179c1/pkg/volume/iscsi
[gosec] 2026/02/05 18:35:10 Checking package: configmap
[gosec] 2026/02/05 18:35:10 Checking file: /tmp/blitzy/blitzy-kubernetes/blitzy5f91179c1/pkg/volume/configmap/configmap.go
[gosec] 2026/02/05 18:35:10 Import directory: /tmp/blitzy/blitzy-kubernetes/blitzy5f91179c1/pkg/volume/util/types
[gosec] 2026/02/05 18:35:11 Checking file: /tmp/blitzy/blitzy-kubernetes/blitzy5f91179c1/pkg/volume/configmap/doc.go
[gosec] 2026/02/05 18:35:11 Checking package: testing
[gosec] 2026/02/05 18:35:11 Checking file: /tmp/blitzy/blitzy-kubernetes/blitzy5f91179c1/pkg/volume/csi/testing/testing.go
[gosec] 2026/02/05 18:35:11 Import directory: /tmp/blitzy/blitzy-kubernetes/blitzy5f91179c1/pkg/volume/local
[gosec] 2026/02/05 18:35:11 Checking package: fsquota
[gosec] 2026/02/05 18:35:11 Checking file: /tmp/blitzy/blitzy-kubernetes/blitzy5f91179c1/pkg/volume/util/fsquota/project.go
[gosec] 2026/02/05 18:35:11 Import directory: /tmp/blitzy/blitzy-kubernetes/blitzy5f91179c1/pkg/volume/portworx
[gosec] 2026/02/05 18:35:12 Checking file: /tmp/blitzy/blitzy-kubernetes/blitzy5f91179c1/pkg/volume/util/fsquota/quota.go
[gosec] 2026/02/05 18:35:12 Checking file: /tmp/blitzy/blitzy-kubernetes/blitzy5f91179c1/pkg/volume/util/fsquota/quota_linux.go
[gosec] 2026/02/05 18:35:13 Checking package: hostutil
[gosec] 2026/02/05 18:35:13 Checking file: /tmp/blitzy/blitzy-kubernetes/blitzy5f91179c1/pkg/volume/util/hostutil/fake_hostutil.go
[gosec] 2026/02/05 18:35:13 Import directory: /tmp/blitzy/blitzy-kubernetes/blitzy5f91179c1/pkg/volume/projected
[gosec] 2026/02/05 18:35:13 Checking file: /tmp/blitzy/blitzy-kubernetes/blitzy5f91179c1/pkg/volume/util/hostutil/hostutil.go
[gosec] 2026/02/05 18:35:14 Checking file: /tmp/blitzy/blitzy-kubernetes/blitzy5f91179c1/pkg/volume/util/hostutil/hostutil_linux.go
[gosec] 2026/02/05 18:35:15 Checking package: csimigration
[gosec] 2026/02/05 18:35:15 Checking file: /tmp/blitzy/blitzy-kubernetes/blitzy5f91179c1/pkg/volume/csimigration/plugin_manager.go
[gosec] 2026/02/05 18:35:15 Import directory: /tmp/blitzy/blitzy-kubernetes/blitzy5f91179c1/pkg/volume/testing
[gosec] 2026/02/05 18:35:15 Checking package: emptydir
[gosec] 2026/02/05 18:35:15 Checking file: /tmp/blitzy/blitzy-kubernetes/blitzy5f91179c1/pkg/volume/emptydir/doc.go
[gosec] 2026/02/05 18:35:15 Checking file: /tmp/blitzy/blitzy-kubernetes/blitzy5f91179c1/pkg/volume/emptydir/empty_dir.go
[gosec] 2026/02/05 18:35:15 Import directory: /tmp/blitzy/blitzy-kubernetes/blitzy5f91179c1/pkg/volume/util/nestedpendingoperations
[gosec] 2026/02/05 18:35:17 Checking file: /tmp/blitzy/blitzy-kubernetes/blitzy5f91179c1/pkg/volume/emptydir/empty_dir_linux.go
[gosec] 2026/02/05 18:35:17 Checking package: fc
[gosec] 2026/02/05 18:35:17 Checking file: /tmp/blitzy/blitzy-kubernetes/blitzy5f91179c1/pkg/volume/fc/attacher.go
[gosec] 2026/02/05 18:35:17 Import directory: /tmp/blitzy/blitzy-kubernetes/blitzy5f91179c1/pkg/volume/util/operationexecutor
[gosec] 2026/02/05 18:35:18 Checking file: /tmp/blitzy/blitzy-kubernetes/blitzy5f91179c1/pkg/volume/fc/disk_manager.go
[gosec] 2026/02/05 18:35:18 Checking file: /tmp/blitzy/blitzy-kubernetes/blitzy5f91179c1/pkg/volume/fc/doc.go
[gosec] 2026/02/05 18:35:18 Checking file: /tmp/blitzy/blitzy-kubernetes/blitzy5f91179c1/pkg/volume/fc/fc.go
[gosec] 2026/02/05 18:35:20 Checking file: /tmp/blitzy/blitzy-kubernetes/blitzy5f91179c1/pkg/volume/fc/fc_util.go
[gosec] 2026/02/05 18:35:21 Checking package: types
[gosec] 2026/02/05 18:35:21 Checking file: /tmp/blitzy/blitzy-kubernetes/blitzy5f91179c1/pkg/volume/util/types/types.go
[gosec] 2026/02/05 18:35:21 Import directory: /tmp/blitzy/blitzy-kubernetes/blitzy5f91179c1/pkg/windows/service
[gosec] 2026/02/05 18:35:22 Checking package: iscsi
[gosec] 2026/02/05 18:35:22 Checking file: /tmp/blitzy/blitzy-kubernetes/blitzy5f91179c1/pkg/volume/iscsi/attacher.go
[gosec] 2026/02/05 18:35:23 Checking file: /tmp/blitzy/blitzy-kubernetes/blitzy5f91179c1/pkg/volume/iscsi/disk_manager.go
[gosec] 2026/02/05 18:35:23 Checking file: /tmp/blitzy/blitzy-kubernetes/blitzy5f91179c1/pkg/volume/iscsi/doc.go
[gosec] 2026/02/05 18:35:23 Checking file: /tmp/blitzy/blitzy-kubernetes/blitzy5f91179c1/pkg/volume/iscsi/iscsi.go
[gosec] 2026/02/05 18:35:25 Checking file: /tmp/blitzy/blitzy-kubernetes/blitzy5f91179c1/pkg/volume/iscsi/iscsi_util.go
[gosec] 2026/02/05 18:35:27 Checking package: local
[gosec] 2026/02/05 18:35:27 Checking file: /tmp/blitzy/blitzy-kubernetes/blitzy5f91179c1/pkg/volume/local/doc.go
[gosec] 2026/02/05 18:35:27 Checking file: /tmp/blitzy/blitzy-kubernetes/blitzy5f91179c1/pkg/volume/local/local.go
[gosec] 2026/02/05 18:35:30 Checking package: portworx
[gosec] 2026/02/05 18:35:30 Checking file: /tmp/blitzy/blitzy-kubernetes/blitzy5f91179c1/pkg/volume/portworx/doc.go
[gosec] 2026/02/05 18:35:30 Checking file: /tmp/blitzy/blitzy-kubernetes/blitzy5f91179c1/pkg/volume/portworx/portworx.go
[gosec] 2026/02/05 18:35:31 Checking file: /tmp/blitzy/blitzy-kubernetes/blitzy5f91179c1/pkg/volume/portworx/portworx_util.go
[gosec] 2026/02/05 18:35:32 Checking package: projected
[gosec] 2026/02/05 18:35:32 Checking file: /tmp/blitzy/blitzy-kubernetes/blitzy5f91179c1/pkg/volume/projected/projected.go
[gosec] 2026/02/05 18:35:33 Checking package: testing
[gosec] 2026/02/05 18:35:33 Checking file: /tmp/blitzy/blitzy-kubernetes/blitzy5f91179c1/pkg/volume/testing/testing.go
[gosec] 2026/02/05 18:35:38 Checking file: /tmp/blitzy/blitzy-kubernetes/blitzy5f91179c1/pkg/volume/testing/volume_host.go
[gosec] 2026/02/05 18:35:39 Checking package: nestedpendingoperations
[gosec] 2026/02/05 18:35:39 Checking file: /tmp/blitzy/blitzy-kubernetes/blitzy5f91179c1/pkg/volume/util/nestedpendingoperations/nestedpendingoperations.go
[gosec] 2026/02/05 18:35:40 Checking package: operationexecutor
[gosec] 2026/02/05 18:35:40 Checking file: /tmp/blitzy/blitzy-kubernetes/blitzy5f91179c1/pkg/volume/util/operationexecutor/fakegenerator.go
[gosec] 2026/02/05 18:35:40 Checking file: /tmp/blitzy/blitzy-kubernetes/blitzy5f91179c1/pkg/volume/util/operationexecutor/node_expander.go
[gosec] 2026/02/05 18:35:40 Checking file: /tmp/blitzy/blitzy-kubernetes/blitzy5f91179c1/pkg/volume/util/operationexecutor/operation_executor.go
[gosec] 2026/02/05 18:35:41 Checking file: /tmp/blitzy/blitzy-kubernetes/blitzy5f91179c1/pkg/volume/util/operationexecutor/operation_generator.go
