[gosec] 2026/02/05 17:42:20 Including rules: default
[gosec] 2026/02/05 17:42:20 Excluding rules: G104
[gosec] 2026/02/05 17:42:20 Including analyzers: default
[gosec] 2026/02/05 17:42:20 Excluding analyzers: G104
[gosec] 2026/02/05 17:42:21 Import directory: /tmp/blitzy/blitzy-kubernetes/blitzy5f91179c1/staging/src/k8s.io/client-go/informers/apps/v1beta2
[gosec] 2026/02/05 17:42:21 Import directory: /tmp/blitzy/blitzy-kubernetes/blitzy5f91179c1/staging/src/k8s.io/client-go/informers/flowcontrol/v1
[gosec] 2026/02/05 17:42:21 Import directory: /tmp/blitzy/blitzy-kubernetes/blitzy5f91179c1/staging/src/k8s.io/client-go/informers/storagemigration/v1beta1
[gosec] 2026/02/05 17:42:21 Import directory: /tmp/blitzy/blitzy-kubernetes/blitzy5f91179c1/staging/src/k8s.io/client-go/plugin/pkg/client/auth/gcp
[gosec] 2026/02/05 17:42:21 Import directory: /tmp/blitzy/blitzy-kubernetes/blitzy5f91179c1/staging/src/k8s.io/client-go/util/keyutil
[gosec] 2026/02/05 17:42:21 Import directory: /tmp/blitzy/blitzy-kubernetes/blitzy5f91179c1/staging/src/k8s.io/client-go/kubernetes/typed/networking/v1/fake
[gosec] 2026/02/05 17:42:21 Import directory: /tmp/blitzy/blitzy-kubernetes/blitzy5f91179c1/staging/src/k8s.io/client-go/applyconfigurations/discovery/v1
[gosec] 2026/02/05 17:42:21 Import directory: /tmp/blitzy/blitzy-kubernetes/blitzy5f91179c1/staging/src/k8s.io/client-go/informers/extensions/v1beta1
[gosec] 2026/02/05 17:42:21 Import directory: /tmp/blitzy/blitzy-kubernetes/blitzy5f91179c1/staging/src/k8s.io/client-go/informers/policy/v1beta1
[gosec] 2026/02/05 17:42:21 Checking package: keyutil
[gosec] 2026/02/05 17:42:21 Checking file: /tmp/blitzy/blitzy-kubernetes/blitzy5f91179c1/staging/src/k8s.io/client-go/util/keyutil/key.go
[gosec] 2026/02/05 17:42:22 Checking package: gcp
[gosec] 2026/02/05 17:42:22 Checking file: /tmp/blitzy/blitzy-kubernetes/blitzy5f91179c1/staging/src/k8s.io/client-go/plugin/pkg/client/auth/gcp/gcp_stub.go
[gosec] 2026/02/05 17:42:22 Import directory: /tmp/blitzy/blitzy-kubernetes/blitzy5f91179c1/staging/src/k8s.io/client-go/kubernetes/typed/events/v1
[gosec] 2026/02/05 17:42:22 Checking package: v1
[gosec] 2026/02/05 17:42:22 Checking file: /tmp/blitzy/blitzy-kubernetes/blitzy5f91179c1/staging/src/k8s.io/client-go/applyconfigurations/discovery/v1/endpoint.go
[gosec] 2026/02/05 17:42:22 Import directory: /tmp/blitzy/blitzy-kubernetes/blitzy5f91179c1/staging/src/k8s.io/client-go/kubernetes/typed/resource/v1alpha3
[gosec] 2026/02/05 17:42:23 Checking file: /tmp/blitzy/blitzy-kubernetes/blitzy5f91179c1/staging/src/k8s.io/client-go/applyconfigurations/discovery/v1/endpointconditions.go
[gosec] 2026/02/05 17:42:23 Checking file: /tmp/blitzy/blitzy-kubernetes/blitzy5f91179c1/staging/src/k8s.io/client-go/applyconfigurations/discovery/v1/endpointhints.go
[gosec] 2026/02/05 17:42:23 Checking file: /tmp/blitzy/blitzy-kubernetes/blitzy5f91179c1/staging/src/k8s.io/client-go/applyconfigurations/discovery/v1/endpointport.go
[gosec] 2026/02/05 17:42:23 Checking file: /tmp/blitzy/blitzy-kubernetes/blitzy5f91179c1/staging/src/k8s.io/client-go/applyconfigurations/discovery/v1/endpointslice.go
[gosec] 2026/02/05 17:42:24 Checking file: /tmp/blitzy/blitzy-kubernetes/blitzy5f91179c1/staging/src/k8s.io/client-go/applyconfigurations/discovery/v1/fornode.go
[gosec] 2026/02/05 17:42:24 Checking file: /tmp/blitzy/blitzy-kubernetes/blitzy5f91179c1/staging/src/k8s.io/client-go/applyconfigurations/discovery/v1/forzone.go
[gosec] 2026/02/05 17:42:24 Checking package: v1beta2
[gosec] 2026/02/05 17:42:24 Checking file: /tmp/blitzy/blitzy-kubernetes/blitzy5f91179c1/staging/src/k8s.io/client-go/informers/apps/v1beta2/controllerrevision.go
[gosec] 2026/02/05 17:42:24 Import directory: /tmp/blitzy/blitzy-kubernetes/blitzy5f91179c1/staging/src/k8s.io/client-go/listers/batch/v1beta1
[gosec] 2026/02/05 17:42:24 Checking file: /tmp/blitzy/blitzy-kubernetes/blitzy5f91179c1/staging/src/k8s.io/client-go/informers/apps/v1beta2/daemonset.go
[gosec] 2026/02/05 17:42:24 Checking file: /tmp/blitzy/blitzy-kubernetes/blitzy5f91179c1/staging/src/k8s.io/client-go/informers/apps/v1beta2/deployment.go
[gosec] 2026/02/05 17:42:25 Checking file: /tmp/blitzy/blitzy-kubernetes/blitzy5f91179c1/staging/src/k8s.io/client-go/informers/apps/v1beta2/interface.go
[gosec] 2026/02/05 17:42:25 Checking file: /tmp/blitzy/blitzy-kubernetes/blitzy5f91179c1/staging/src/k8s.io/client-go/informers/apps/v1beta2/replicaset.go
[gosec] 2026/02/05 17:42:25 Checking file: /tmp/blitzy/blitzy-kubernetes/blitzy5f91179c1/staging/src/k8s.io/client-go/informers/apps/v1beta2/statefulset.go
[gosec] 2026/02/05 17:42:26 Checking package: v1
[gosec] 2026/02/05 17:42:26 Checking file: /tmp/blitzy/blitzy-kubernetes/blitzy5f91179c1/staging/src/k8s.io/client-go/informers/flowcontrol/v1/flowschema.go
[gosec] 2026/02/05 17:42:26 Import directory: /tmp/blitzy/blitzy-kubernetes/blitzy5f91179c1/staging/src/k8s.io/client-go/listers/certificates/v1
[gosec] 2026/02/05 17:42:26 Checking file: /tmp/blitzy/blitzy-kubernetes/blitzy5f91179c1/staging/src/k8s.io/client-go/informers/flowcontrol/v1/interface.go
[gosec] 2026/02/05 17:42:26 Checking file: /tmp/blitzy/blitzy-kubernetes/blitzy5f91179c1/staging/src/k8s.io/client-go/informers/flowcontrol/v1/prioritylevelconfiguration.go
[gosec] 2026/02/05 17:42:26 Checking package: v1beta1
[gosec] 2026/02/05 17:42:26 Checking file: /tmp/blitzy/blitzy-kubernetes/blitzy5f91179c1/staging/src/k8s.io/client-go/informers/policy/v1beta1/interface.go
[gosec] 2026/02/05 17:42:26 Import directory: /tmp/blitzy/blitzy-kubernetes/blitzy5f91179c1/staging/src/k8s.io/client-go/listers/storage/v1alpha1
[gosec] 2026/02/05 17:42:26 Checking file: /tmp/blitzy/blitzy-kubernetes/blitzy5f91179c1/staging/src/k8s.io/client-go/informers/policy/v1beta1/poddisruptionbudget.go
[gosec] 2026/02/05 17:42:27 Checking package: fake
[gosec] 2026/02/05 17:42:27 Checking file: /tmp/blitzy/blitzy-kubernetes/blitzy5f91179c1/staging/src/k8s.io/client-go/kubernetes/typed/networking/v1/fake/doc.go
[gosec] 2026/02/05 17:42:27 Checking file: /tmp/blitzy/blitzy-kubernetes/blitzy5f91179c1/staging/src/k8s.io/client-go/kubernetes/typed/networking/v1/fake/fake_ingress.go
[gosec] 2026/02/05 17:42:27 Import directory: /tmp/blitzy/blitzy-kubernetes/blitzy5f91179c1/staging/src/k8s.io/client-go/applyconfigurations/rbac/v1beta1
[gosec] 2026/02/05 17:42:27 Checking file: /tmp/blitzy/blitzy-kubernetes/blitzy5f91179c1/staging/src/k8s.io/client-go/kubernetes/typed/networking/v1/fake/fake_ingressclass.go
[gosec] 2026/02/05 17:42:27 Checking file: /tmp/blitzy/blitzy-kubernetes/blitzy5f91179c1/staging/src/k8s.io/client-go/kubernetes/typed/networking/v1/fake/fake_ipaddress.go
[gosec] 2026/02/05 17:42:27 Checking file: /tmp/blitzy/blitzy-kubernetes/blitzy5f91179c1/staging/src/k8s.io/client-go/kubernetes/typed/networking/v1/fake/fake_networking_client.go
[gosec] 2026/02/05 17:42:27 Checking file: /tmp/blitzy/blitzy-kubernetes/blitzy5f91179c1/staging/src/k8s.io/client-go/kubernetes/typed/networking/v1/fake/fake_networkpolicy.go
[gosec] 2026/02/05 17:42:27 Checking file: /tmp/blitzy/blitzy-kubernetes/blitzy5f91179c1/staging/src/k8s.io/client-go/kubernetes/typed/networking/v1/fake/fake_servicecidr.go
[gosec] 2026/02/05 17:42:27 Checking package: v1beta1
[gosec] 2026/02/05 17:42:27 Checking file: /tmp/blitzy/blitzy-kubernetes/blitzy5f91179c1/staging/src/k8s.io/client-go/informers/storagemigration/v1beta1/interface.go
[gosec] 2026/02/05 17:42:27 Import directory: /tmp/blitzy/blitzy-kubernetes/blitzy5f91179c1/staging/src/k8s.io/client-go/discovery/cached/disk
[gosec] 2026/02/05 17:42:27 Checking file: /tmp/blitzy/blitzy-kubernetes/blitzy5f91179c1/staging/src/k8s.io/client-go/informers/storagemigration/v1beta1/storageversionmigration.go
[gosec] 2026/02/05 17:42:28 Checking package: v1beta1
[gosec] 2026/02/05 17:42:28 Checking file: /tmp/blitzy/blitzy-kubernetes/blitzy5f91179c1/staging/src/k8s.io/client-go/informers/extensions/v1beta1/daemonset.go
[gosec] 2026/02/05 17:42:28 Import directory: /tmp/blitzy/blitzy-kubernetes/blitzy5f91179c1/staging/src/k8s.io/client-go/discovery/cached/memory
[gosec] 2026/02/05 17:42:28 Checking file: /tmp/blitzy/blitzy-kubernetes/blitzy5f91179c1/staging/src/k8s.io/client-go/informers/extensions/v1beta1/deployment.go
[gosec] 2026/02/05 17:42:28 Checking file: /tmp/blitzy/blitzy-kubernetes/blitzy5f91179c1/staging/src/k8s.io/client-go/informers/extensions/v1beta1/ingress.go
[gosec] 2026/02/05 17:42:28 Checking file: /tmp/blitzy/blitzy-kubernetes/blitzy5f91179c1/staging/src/k8s.io/client-go/informers/extensions/v1beta1/interface.go
[gosec] 2026/02/05 17:42:29 Checking file: /tmp/blitzy/blitzy-kubernetes/blitzy5f91179c1/staging/src/k8s.io/client-go/informers/extensions/v1beta1/networkpolicy.go
[gosec] 2026/02/05 17:42:29 Checking file: /tmp/blitzy/blitzy-kubernetes/blitzy5f91179c1/staging/src/k8s.io/client-go/informers/extensions/v1beta1/replicaset.go
[gosec] 2026/02/05 17:42:29 Checking package: v1alpha3
[gosec] 2026/02/05 17:42:29 Checking file: /tmp/blitzy/blitzy-kubernetes/blitzy5f91179c1/staging/src/k8s.io/client-go/kubernetes/typed/resource/v1alpha3/devicetaintrule.go
[gosec] 2026/02/05 17:42:29 Import directory: /tmp/blitzy/blitzy-kubernetes/blitzy5f91179c1/staging/src/k8s.io/client-go/kubernetes/typed/autoscaling/v2beta1
[gosec] 2026/02/05 17:42:29 Checking file: /tmp/blitzy/blitzy-kubernetes/blitzy5f91179c1/staging/src/k8s.io/client-go/kubernetes/typed/resource/v1alpha3/doc.go
[gosec] 2026/02/05 17:42:29 Checking file: /tmp/blitzy/blitzy-kubernetes/blitzy5f91179c1/staging/src/k8s.io/client-go/kubernetes/typed/resource/v1alpha3/generated_expansion.go
[gosec] 2026/02/05 17:42:29 Checking file: /tmp/blitzy/blitzy-kubernetes/blitzy5f91179c1/staging/src/k8s.io/client-go/kubernetes/typed/resource/v1alpha3/resource_client.go
[gosec] 2026/02/05 17:42:30 Checking package: v1
[gosec] 2026/02/05 17:42:30 Checking file: /tmp/blitzy/blitzy-kubernetes/blitzy5f91179c1/staging/src/k8s.io/client-go/kubernetes/typed/events/v1/doc.go
[gosec] 2026/02/05 17:42:30 Checking file: /tmp/blitzy/blitzy-kubernetes/blitzy5f91179c1/staging/src/k8s.io/client-go/kubernetes/typed/events/v1/event.go
[gosec] 2026/02/05 17:42:30 Import directory: /tmp/blitzy/blitzy-kubernetes/blitzy5f91179c1/staging/src/k8s.io/client-go/kubernetes/typed/core/v1
[gosec] 2026/02/05 17:42:30 Checking file: /tmp/blitzy/blitzy-kubernetes/blitzy5f91179c1/staging/src/k8s.io/client-go/kubernetes/typed/events/v1/events_client.go
[gosec] 2026/02/05 17:42:30 Checking file: /tmp/blitzy/blitzy-kubernetes/blitzy5f91179c1/staging/src/k8s.io/client-go/kubernetes/typed/events/v1/generated_expansion.go
[gosec] 2026/02/05 17:42:30 Checking package: v1beta1
[gosec] 2026/02/05 17:42:30 Checking file: /tmp/blitzy/blitzy-kubernetes/blitzy5f91179c1/staging/src/k8s.io/client-go/listers/batch/v1beta1/cronjob.go
[gosec] 2026/02/05 17:42:30 Import directory: /tmp/blitzy/blitzy-kubernetes/blitzy5f91179c1/staging/src/k8s.io/client-go/tools/portforward
[gosec] 2026/02/05 17:42:30 Checking file: /tmp/blitzy/blitzy-kubernetes/blitzy5f91179c1/staging/src/k8s.io/client-go/listers/batch/v1beta1/expansion_generated.go
[gosec] 2026/02/05 17:42:30 Checking package: v1
[gosec] 2026/02/05 17:42:30 Checking file: /tmp/blitzy/blitzy-kubernetes/blitzy5f91179c1/staging/src/k8s.io/client-go/listers/certificates/v1/certificatesigningrequest.go
[gosec] 2026/02/05 17:42:30 Import directory: /tmp/blitzy/blitzy-kubernetes/blitzy5f91179c1/staging/src/k8s.io/client-go/applyconfigurations/admissionregistration/v1
[gosec] 2026/02/05 17:42:30 Checking file: /tmp/blitzy/blitzy-kubernetes/blitzy5f91179c1/staging/src/k8s.io/client-go/listers/certificates/v1/expansion_generated.go
[gosec] 2026/02/05 17:42:30 Checking package: v1alpha1
[gosec] 2026/02/05 17:42:30 Checking file: /tmp/blitzy/blitzy-kubernetes/blitzy5f91179c1/staging/src/k8s.io/client-go/listers/storage/v1alpha1/csistoragecapacity.go
[gosec] 2026/02/05 17:42:30 Import directory: /tmp/blitzy/blitzy-kubernetes/blitzy5f91179c1/staging/src/k8s.io/client-go/applyconfigurations/admissionregistration/v1beta1
[gosec] 2026/02/05 17:42:30 Checking file: /tmp/blitzy/blitzy-kubernetes/blitzy5f91179c1/staging/src/k8s.io/client-go/listers/storage/v1alpha1/expansion_generated.go
[gosec] 2026/02/05 17:42:30 Checking file: /tmp/blitzy/blitzy-kubernetes/blitzy5f91179c1/staging/src/k8s.io/client-go/listers/storage/v1alpha1/volumeattachment.go
[gosec] 2026/02/05 17:42:30 Checking file: /tmp/blitzy/blitzy-kubernetes/blitzy5f91179c1/staging/src/k8s.io/client-go/listers/storage/v1alpha1/volumeattributesclass.go
[gosec] 2026/02/05 17:42:30 Checking package: v1beta1
[gosec] 2026/02/05 17:42:30 Checking file: /tmp/blitzy/blitzy-kubernetes/blitzy5f91179c1/staging/src/k8s.io/client-go/applyconfigurations/rbac/v1beta1/aggregationrule.go
[gosec] 2026/02/05 17:42:30 Import directory: /tmp/blitzy/blitzy-kubernetes/blitzy5f91179c1/staging/src/k8s.io/client-go/informers/extensions
[gosec] 2026/02/05 17:42:30 Checking file: /tmp/blitzy/blitzy-kubernetes/blitzy5f91179c1/staging/src/k8s.io/client-go/applyconfigurations/rbac/v1beta1/clusterrole.go
[gosec] 2026/02/05 17:42:31 Checking file: /tmp/blitzy/blitzy-kubernetes/blitzy5f91179c1/staging/src/k8s.io/client-go/applyconfigurations/rbac/v1beta1/clusterrolebinding.go
[gosec] 2026/02/05 17:42:32 Checking file: /tmp/blitzy/blitzy-kubernetes/blitzy5f91179c1/staging/src/k8s.io/client-go/applyconfigurations/rbac/v1beta1/policyrule.go
[gosec] 2026/02/05 17:42:32 Checking file: /tmp/blitzy/blitzy-kubernetes/blitzy5f91179c1/staging/src/k8s.io/client-go/applyconfigurations/rbac/v1beta1/role.go
[gosec] 2026/02/05 17:42:33 Checking file: /tmp/blitzy/blitzy-kubernetes/blitzy5f91179c1/staging/src/k8s.io/client-go/applyconfigurations/rbac/v1beta1/rolebinding.go
[gosec] 2026/02/05 17:42:34 Checking file: /tmp/blitzy/blitzy-kubernetes/blitzy5f91179c1/staging/src/k8s.io/client-go/applyconfigurations/rbac/v1beta1/roleref.go
[gosec] 2026/02/05 17:42:34 Checking file: /tmp/blitzy/blitzy-kubernetes/blitzy5f91179c1/staging/src/k8s.io/client-go/applyconfigurations/rbac/v1beta1/subject.go
[gosec] 2026/02/05 17:42:34 Checking package: disk
[gosec] 2026/02/05 17:42:34 Checking file: /tmp/blitzy/blitzy-kubernetes/blitzy5f91179c1/staging/src/k8s.io/client-go/discovery/cached/disk/cached_discovery.go
[gosec] 2026/02/05 17:42:34 Import directory: /tmp/blitzy/blitzy-kubernetes/blitzy5f91179c1/staging/src/k8s.io/client-go/kubernetes/typed/discovery/v1/fake
[gosec] 2026/02/05 17:42:35 Checking file: /tmp/blitzy/blitzy-kubernetes/blitzy5f91179c1/staging/src/k8s.io/client-go/discovery/cached/disk/round_tripper.go
[gosec] 2026/02/05 17:42:35 Checking package: memory
[gosec] 2026/02/05 17:42:35 Checking file: /tmp/blitzy/blitzy-kubernetes/blitzy5f91179c1/staging/src/k8s.io/client-go/discovery/cached/memory/memcache.go
[gosec] 2026/02/05 17:42:35 Import directory: /tmp/blitzy/blitzy-kubernetes/blitzy5f91179c1/staging/src/k8s.io/client-go/metadata/metadatalister
[gosec] 2026/02/05 17:42:36 Checking package: v2beta1
[gosec] 2026/02/05 17:42:36 Checking file: /tmp/blitzy/blitzy-kubernetes/blitzy5f91179c1/staging/src/k8s.io/client-go/kubernetes/typed/autoscaling/v2beta1/autoscaling_client.go
[gosec] 2026/02/05 17:42:36 Import directory: /tmp/blitzy/blitzy-kubernetes/blitzy5f91179c1/staging/src/k8s.io/client-go/testing
[gosec] 2026/02/05 17:42:36 Checking file: /tmp/blitzy/blitzy-kubernetes/blitzy5f91179c1/staging/src/k8s.io/client-go/kubernetes/typed/autoscaling/v2beta1/doc.go
[gosec] 2026/02/05 17:42:36 Checking file: /tmp/blitzy/blitzy-kubernetes/blitzy5f91179c1/staging/src/k8s.io/client-go/kubernetes/typed/autoscaling/v2beta1/generated_expansion.go
[gosec] 2026/02/05 17:42:36 Checking file: /tmp/blitzy/blitzy-kubernetes/blitzy5f91179c1/staging/src/k8s.io/client-go/kubernetes/typed/autoscaling/v2beta1/horizontalpodautoscaler.go
[gosec] 2026/02/05 17:42:36 Checking package: v1
[gosec] 2026/02/05 17:42:36 Checking file: /tmp/blitzy/blitzy-kubernetes/blitzy5f91179c1/staging/src/k8s.io/client-go/kubernetes/typed/core/v1/componentstatus.go
[gosec] 2026/02/05 17:42:36 Import directory: /tmp/blitzy/blitzy-kubernetes/blitzy5f91179c1/staging/src/k8s.io/client-go/third_party/forked/golang/template
[gosec] 2026/02/05 17:42:36 Checking file: /tmp/blitzy/blitzy-kubernetes/blitzy5f91179c1/staging/src/k8s.io/client-go/kubernetes/typed/core/v1/configmap.go
[gosec] 2026/02/05 17:42:36 Checking file: /tmp/blitzy/blitzy-kubernetes/blitzy5f91179c1/staging/src/k8s.io/client-go/kubernetes/typed/core/v1/core_client.go
[gosec] 2026/02/05 17:42:37 Checking file: /tmp/blitzy/blitzy-kubernetes/blitzy5f91179c1/staging/src/k8s.io/client-go/kubernetes/typed/core/v1/doc.go
[gosec] 2026/02/05 17:42:37 Checking file: /tmp/blitzy/blitzy-kubernetes/blitzy5f91179c1/staging/src/k8s.io/client-go/kubernetes/typed/core/v1/endpoints.go
[gosec] 2026/02/05 17:42:37 Checking file: /tmp/blitzy/blitzy-kubernetes/blitzy5f91179c1/staging/src/k8s.io/client-go/kubernetes/typed/core/v1/event.go
[gosec] 2026/02/05 17:42:37 Checking file: /tmp/blitzy/blitzy-kubernetes/blitzy5f91179c1/staging/src/k8s.io/client-go/kubernetes/typed/core/v1/event_expansion.go
[gosec] 2026/02/05 17:42:37 Checking file: /tmp/blitzy/blitzy-kubernetes/blitzy5f91179c1/staging/src/k8s.io/client-go/kubernetes/typed/core/v1/generated_expansion.go
[gosec] 2026/02/05 17:42:37 Checking file: /tmp/blitzy/blitzy-kubernetes/blitzy5f91179c1/staging/src/k8s.io/client-go/kubernetes/typed/core/v1/limitrange.go
[gosec] 2026/02/05 17:42:37 Checking file: /tmp/blitzy/blitzy-kubernetes/blitzy5f91179c1/staging/src/k8s.io/client-go/kubernetes/typed/core/v1/namespace.go
[gosec] 2026/02/05 17:42:38 Checking file: /tmp/blitzy/blitzy-kubernetes/blitzy5f91179c1/staging/src/k8s.io/client-go/kubernetes/typed/core/v1/namespace_expansion.go
[gosec] 2026/02/05 17:42:38 Checking file: /tmp/blitzy/blitzy-kubernetes/blitzy5f91179c1/staging/src/k8s.io/client-go/kubernetes/typed/core/v1/node.go
[gosec] 2026/02/05 17:42:38 Checking file: /tmp/blitzy/blitzy-kubernetes/blitzy5f91179c1/staging/src/k8s.io/client-go/kubernetes/typed/core/v1/node_expansion.go
[gosec] 2026/02/05 17:42:38 Checking file: /tmp/blitzy/blitzy-kubernetes/blitzy5f91179c1/staging/src/k8s.io/client-go/kubernetes/typed/core/v1/persistentvolume.go
[gosec] 2026/02/05 17:42:38 Checking file: /tmp/blitzy/blitzy-kubernetes/blitzy5f91179c1/staging/src/k8s.io/client-go/kubernetes/typed/core/v1/persistentvolumeclaim.go
[gosec] 2026/02/05 17:42:38 Checking file: /tmp/blitzy/blitzy-kubernetes/blitzy5f91179c1/staging/src/k8s.io/client-go/kubernetes/typed/core/v1/pod.go
[gosec] 2026/02/05 17:42:38 Checking file: /tmp/blitzy/blitzy-kubernetes/blitzy5f91179c1/staging/src/k8s.io/client-go/kubernetes/typed/core/v1/pod_expansion.go
[gosec] 2026/02/05 17:42:38 Checking file: /tmp/blitzy/blitzy-kubernetes/blitzy5f91179c1/staging/src/k8s.io/client-go/kubernetes/typed/core/v1/podtemplate.go
[gosec] 2026/02/05 17:42:38 Checking file: /tmp/blitzy/blitzy-kubernetes/blitzy5f91179c1/staging/src/k8s.io/client-go/kubernetes/typed/core/v1/replicationcontroller.go
[gosec] 2026/02/05 17:42:39 Checking file: /tmp/blitzy/blitzy-kubernetes/blitzy5f91179c1/staging/src/k8s.io/client-go/kubernetes/typed/core/v1/resourcequota.go
[gosec] 2026/02/05 17:42:39 Checking file: /tmp/blitzy/blitzy-kubernetes/blitzy5f91179c1/staging/src/k8s.io/client-go/kubernetes/typed/core/v1/secret.go
[gosec] 2026/02/05 17:42:39 Checking file: /tmp/blitzy/blitzy-kubernetes/blitzy5f91179c1/staging/src/k8s.io/client-go/kubernetes/typed/core/v1/service.go
[gosec] 2026/02/05 17:42:39 Checking file: /tmp/blitzy/blitzy-kubernetes/blitzy5f91179c1/staging/src/k8s.io/client-go/kubernetes/typed/core/v1/service_expansion.go
[gosec] 2026/02/05 17:42:39 Checking file: /tmp/blitzy/blitzy-kubernetes/blitzy5f91179c1/staging/src/k8s.io/client-go/kubernetes/typed/core/v1/serviceaccount.go
[gosec] 2026/02/05 17:42:39 Checking package: portforward
[gosec] 2026/02/05 17:42:39 Checking file: /tmp/blitzy/blitzy-kubernetes/blitzy5f91179c1/staging/src/k8s.io/client-go/tools/portforward/doc.go
[gosec] 2026/02/05 17:42:39 Import directory: /tmp/blitzy/blitzy-kubernetes/blitzy5f91179c1/staging/src/k8s.io/client-go/applyconfigurations/node/v1beta1
[gosec] 2026/02/05 17:42:39 Checking file: /tmp/blitzy/blitzy-kubernetes/blitzy5f91179c1/staging/src/k8s.io/client-go/tools/portforward/fallback_dialer.go
[gosec] 2026/02/05 17:42:39 Checking file: /tmp/blitzy/blitzy-kubernetes/blitzy5f91179c1/staging/src/k8s.io/client-go/tools/portforward/portforward.go
[gosec] 2026/02/05 17:42:40 Checking file: /tmp/blitzy/blitzy-kubernetes/blitzy5f91179c1/staging/src/k8s.io/client-go/tools/portforward/tunneling_connection.go
[gosec] 2026/02/05 17:42:41 Checking file: /tmp/blitzy/blitzy-kubernetes/blitzy5f91179c1/staging/src/k8s.io/client-go/tools/portforward/tunneling_dialer.go
[gosec] 2026/02/05 17:42:41 Checking package: v1
[gosec] 2026/02/05 17:42:41 Checking file: /tmp/blitzy/blitzy-kubernetes/blitzy5f91179c1/staging/src/k8s.io/client-go/applyconfigurations/admissionregistration/v1/auditannotation.go
[gosec] 2026/02/05 17:42:41 Import directory: /tmp/blitzy/blitzy-kubernetes/blitzy5f91179c1/staging/src/k8s.io/client-go/applyconfigurations/rbac/v1
[gosec] 2026/02/05 17:42:41 Checking file: /tmp/blitzy/blitzy-kubernetes/blitzy5f91179c1/staging/src/k8s.io/client-go/applyconfigurations/admissionregistration/v1/expressionwarning.go
[gosec] 2026/02/05 17:42:41 Checking file: /tmp/blitzy/blitzy-kubernetes/blitzy5f91179c1/staging/src/k8s.io/client-go/applyconfigurations/admissionregistration/v1/matchcondition.go
[gosec] 2026/02/05 17:42:41 Checking file: /tmp/blitzy/blitzy-kubernetes/blitzy5f91179c1/staging/src/k8s.io/client-go/applyconfigurations/admissionregistration/v1/matchresources.go
[gosec] 2026/02/05 17:42:41 Checking file: /tmp/blitzy/blitzy-kubernetes/blitzy5f91179c1/staging/src/k8s.io/client-go/applyconfigurations/admissionregistration/v1/mutatingwebhook.go
[gosec] 2026/02/05 17:42:42 Checking file: /tmp/blitzy/blitzy-kubernetes/blitzy5f91179c1/staging/src/k8s.io/client-go/applyconfigurations/admissionregistration/v1/mutatingwebhookconfiguration.go
[gosec] 2026/02/05 17:42:42 Checking file: /tmp/blitzy/blitzy-kubernetes/blitzy5f91179c1/staging/src/k8s.io/client-go/applyconfigurations/admissionregistration/v1/namedrulewithoperations.go
[gosec] 2026/02/05 17:42:42 Checking file: /tmp/blitzy/blitzy-kubernetes/blitzy5f91179c1/staging/src/k8s.io/client-go/applyconfigurations/admissionregistration/v1/paramkind.go
[gosec] 2026/02/05 17:42:43 Checking file: /tmp/blitzy/blitzy-kubernetes/blitzy5f91179c1/staging/src/k8s.io/client-go/applyconfigurations/admissionregistration/v1/paramref.go
[gosec] 2026/02/05 17:42:43 Checking file: /tmp/blitzy/blitzy-kubernetes/blitzy5f91179c1/staging/src/k8s.io/client-go/applyconfigurations/admissionregistration/v1/rule.go
[gosec] 2026/02/05 17:42:43 Checking file: /tmp/blitzy/blitzy-kubernetes/blitzy5f91179c1/staging/src/k8s.io/client-go/applyconfigurations/admissionregistration/v1/rulewithoperations.go
[gosec] 2026/02/05 17:42:43 Checking file: /tmp/blitzy/blitzy-kubernetes/blitzy5f91179c1/staging/src/k8s.io/client-go/applyconfigurations/admissionregistration/v1/servicereference.go
[gosec] 2026/02/05 17:42:43 Checking file: /tmp/blitzy/blitzy-kubernetes/blitzy5f91179c1/staging/src/k8s.io/client-go/applyconfigurations/admissionregistration/v1/typechecking.go
[gosec] 2026/02/05 17:42:43 Checking file: /tmp/blitzy/blitzy-kubernetes/blitzy5f91179c1/staging/src/k8s.io/client-go/applyconfigurations/admissionregistration/v1/validatingadmissionpolicy.go
[gosec] 2026/02/05 17:42:44 Checking file: /tmp/blitzy/blitzy-kubernetes/blitzy5f91179c1/staging/src/k8s.io/client-go/applyconfigurations/admissionregistration/v1/validatingadmissionpolicybinding.go
[gosec] 2026/02/05 17:42:45 Checking file: /tmp/blitzy/blitzy-kubernetes/blitzy5f91179c1/staging/src/k8s.io/client-go/applyconfigurations/admissionregistration/v1/validatingadmissionpolicybindingspec.go
[gosec] 2026/02/05 17:42:45 Checking file: /tmp/blitzy/blitzy-kubernetes/blitzy5f91179c1/staging/src/k8s.io/client-go/applyconfigurations/admissionregistration/v1/validatingadmissionpolicyspec.go
[gosec] 2026/02/05 17:42:45 Checking file: /tmp/blitzy/blitzy-kubernetes/blitzy5f91179c1/staging/src/k8s.io/client-go/applyconfigurations/admissionregistration/v1/validatingadmissionpolicystatus.go
[gosec] 2026/02/05 17:42:45 Checking file: /tmp/blitzy/blitzy-kubernetes/blitzy5f91179c1/staging/src/k8s.io/client-go/applyconfigurations/admissionregistration/v1/validatingwebhook.go
[gosec] 2026/02/05 17:42:46 Checking file: /tmp/blitzy/blitzy-kubernetes/blitzy5f91179c1/staging/src/k8s.io/client-go/applyconfigurations/admissionregistration/v1/validatingwebhookconfiguration.go
[gosec] 2026/02/05 17:42:46 Checking file: /tmp/blitzy/blitzy-kubernetes/blitzy5f91179c1/staging/src/k8s.io/client-go/applyconfigurations/admissionregistration/v1/validation.go
[gosec] 2026/02/05 17:42:47 Checking file: /tmp/blitzy/blitzy-kubernetes/blitzy5f91179c1/staging/src/k8s.io/client-go/applyconfigurations/admissionregistration/v1/variable.go
[gosec] 2026/02/05 17:42:47 Checking file: /tmp/blitzy/blitzy-kubernetes/blitzy5f91179c1/staging/src/k8s.io/client-go/applyconfigurations/admissionregistration/v1/webhookclientconfig.go
[gosec] 2026/02/05 17:42:47 Checking package: v1beta1
[gosec] 2026/02/05 17:42:47 Checking file: /tmp/blitzy/blitzy-kubernetes/blitzy5f91179c1/staging/src/k8s.io/client-go/applyconfigurations/admissionregistration/v1beta1/applyconfiguration.go
[gosec] 2026/02/05 17:42:47 Import directory: /tmp/blitzy/blitzy-kubernetes/blitzy5f91179c1/staging/src/k8s.io/client-go/kubernetes/typed/coordination/v1beta1
[gosec] 2026/02/05 17:42:47 Checking file: /tmp/blitzy/blitzy-kubernetes/blitzy5f91179c1/staging/src/k8s.io/client-go/applyconfigurations/admissionregistration/v1beta1/auditannotation.go
[gosec] 2026/02/05 17:42:47 Checking file: /tmp/blitzy/blitzy-kubernetes/blitzy5f91179c1/staging/src/k8s.io/client-go/applyconfigurations/admissionregistration/v1beta1/expressionwarning.go
[gosec] 2026/02/05 17:42:47 Checking file: /tmp/blitzy/blitzy-kubernetes/blitzy5f91179c1/staging/src/k8s.io/client-go/applyconfigurations/admissionregistration/v1beta1/jsonpatch.go
[gosec] 2026/02/05 17:42:47 Checking file: /tmp/blitzy/blitzy-kubernetes/blitzy5f91179c1/staging/src/k8s.io/client-go/applyconfigurations/admissionregistration/v1beta1/matchcondition.go
[gosec] 2026/02/05 17:42:47 Checking file: /tmp/blitzy/blitzy-kubernetes/blitzy5f91179c1/staging/src/k8s.io/client-go/applyconfigurations/admissionregistration/v1beta1/matchresources.go
[gosec] 2026/02/05 17:42:47 Checking file: /tmp/blitzy/blitzy-kubernetes/blitzy5f91179c1/staging/src/k8s.io/client-go/applyconfigurations/admissionregistration/v1beta1/mutatingadmissionpolicy.go
[gosec] 2026/02/05 17:42:48 Checking file: /tmp/blitzy/blitzy-kubernetes/blitzy5f91179c1/staging/src/k8s.io/client-go/applyconfigurations/admissionregistration/v1beta1/mutatingadmissionpolicybinding.go
[gosec] 2026/02/05 17:42:49 Checking file: /tmp/blitzy/blitzy-kubernetes/blitzy5f91179c1/staging/src/k8s.io/client-go/applyconfigurations/admissionregistration/v1beta1/mutatingadmissionpolicybindingspec.go
[gosec] 2026/02/05 17:42:49 Checking file: /tmp/blitzy/blitzy-kubernetes/blitzy5f91179c1/staging/src/k8s.io/client-go/applyconfigurations/admissionregistration/v1beta1/mutatingadmissionpolicyspec.go
[gosec] 2026/02/05 17:42:49 Checking file: /tmp/blitzy/blitzy-kubernetes/blitzy5f91179c1/staging/src/k8s.io/client-go/applyconfigurations/admissionregistration/v1beta1/mutatingwebhook.go
[gosec] 2026/02/05 17:42:50 Checking file: /tmp/blitzy/blitzy-kubernetes/blitzy5f91179c1/staging/src/k8s.io/client-go/applyconfigurations/admissionregistration/v1beta1/mutatingwebhookconfiguration.go
[gosec] 2026/02/05 17:42:50 Checking file: /tmp/blitzy/blitzy-kubernetes/blitzy5f91179c1/staging/src/k8s.io/client-go/applyconfigurations/admissionregistration/v1beta1/mutation.go
[gosec] 2026/02/05 17:42:50 Checking file: /tmp/blitzy/blitzy-kubernetes/blitzy5f91179c1/staging/src/k8s.io/client-go/applyconfigurations/admissionregistration/v1beta1/namedrulewithoperations.go
[gosec] 2026/02/05 17:42:51 Checking file: /tmp/blitzy/blitzy-kubernetes/blitzy5f91179c1/staging/src/k8s.io/client-go/applyconfigurations/admissionregistration/v1beta1/paramkind.go
[gosec] 2026/02/05 17:42:51 Checking file: /tmp/blitzy/blitzy-kubernetes/blitzy5f91179c1/staging/src/k8s.io/client-go/applyconfigurations/admissionregistration/v1beta1/paramref.go
[gosec] 2026/02/05 17:42:51 Checking file: /tmp/blitzy/blitzy-kubernetes/blitzy5f91179c1/staging/src/k8s.io/client-go/applyconfigurations/admissionregistration/v1beta1/servicereference.go
[gosec] 2026/02/05 17:42:51 Checking file: /tmp/blitzy/blitzy-kubernetes/blitzy5f91179c1/staging/src/k8s.io/client-go/applyconfigurations/admissionregistration/v1beta1/typechecking.go
[gosec] 2026/02/05 17:42:51 Checking file: /tmp/blitzy/blitzy-kubernetes/blitzy5f91179c1/staging/src/k8s.io/client-go/applyconfigurations/admissionregistration/v1beta1/validatingadmissionpolicy.go
[gosec] 2026/02/05 17:42:52 Checking file: /tmp/blitzy/blitzy-kubernetes/blitzy5f91179c1/staging/src/k8s.io/client-go/applyconfigurations/admissionregistration/v1beta1/validatingadmissionpolicybinding.go
[gosec] 2026/02/05 17:42:53 Checking file: /tmp/blitzy/blitzy-kubernetes/blitzy5f91179c1/staging/src/k8s.io/client-go/applyconfigurations/admissionregistration/v1beta1/validatingadmissionpolicybindingspec.go
[gosec] 2026/02/05 17:42:53 Checking file: /tmp/blitzy/blitzy-kubernetes/blitzy5f91179c1/staging/src/k8s.io/client-go/applyconfigurations/admissionregistration/v1beta1/validatingadmissionpolicyspec.go
[gosec] 2026/02/05 17:42:53 Checking file: /tmp/blitzy/blitzy-kubernetes/blitzy5f91179c1/staging/src/k8s.io/client-go/applyconfigurations/admissionregistration/v1beta1/validatingadmissionpolicystatus.go
[gosec] 2026/02/05 17:42:53 Checking file: /tmp/blitzy/blitzy-kubernetes/blitzy5f91179c1/staging/src/k8s.io/client-go/applyconfigurations/admissionregistration/v1beta1/validatingwebhook.go
[gosec] 2026/02/05 17:42:54 Checking file: /tmp/blitzy/blitzy-kubernetes/blitzy5f91179c1/staging/src/k8s.io/client-go/applyconfigurations/admissionregistration/v1beta1/validatingwebhookconfiguration.go
[gosec] 2026/02/05 17:42:54 Checking file: /tmp/blitzy/blitzy-kubernetes/blitzy5f91179c1/staging/src/k8s.io/client-go/applyconfigurations/admissionregistration/v1beta1/validation.go
[gosec] 2026/02/05 17:42:54 Checking file: /tmp/blitzy/blitzy-kubernetes/blitzy5f91179c1/staging/src/k8s.io/client-go/applyconfigurations/admissionregistration/v1beta1/variable.go
[gosec] 2026/02/05 17:42:55 Checking file: /tmp/blitzy/blitzy-kubernetes/blitzy5f91179c1/staging/src/k8s.io/client-go/applyconfigurations/admissionregistration/v1beta1/webhookclientconfig.go
[gosec] 2026/02/05 17:42:55 Checking package: extensions
[gosec] 2026/02/05 17:42:55 Checking file: /tmp/blitzy/blitzy-kubernetes/blitzy5f91179c1/staging/src/k8s.io/client-go/informers/extensions/interface.go
[gosec] 2026/02/05 17:42:55 Import directory: /tmp/blitzy/blitzy-kubernetes/blitzy5f91179c1/staging/src/k8s.io/client-go/kubernetes/typed/resource/v1beta2/fake
[gosec] 2026/02/05 17:42:55 Checking package: fake
[gosec] 2026/02/05 17:42:55 Checking file: /tmp/blitzy/blitzy-kubernetes/blitzy5f91179c1/staging/src/k8s.io/client-go/kubernetes/typed/discovery/v1/fake/doc.go
[gosec] 2026/02/05 17:42:55 Checking file: /tmp/blitzy/blitzy-kubernetes/blitzy5f91179c1/staging/src/k8s.io/client-go/kubernetes/typed/discovery/v1/fake/fake_discovery_client.go
[gosec] 2026/02/05 17:42:55 Import directory: /tmp/blitzy/blitzy-kubernetes/blitzy5f91179c1/staging/src/k8s.io/client-go/listers/admissionregistration/v1beta1
[gosec] 2026/02/05 17:42:55 Checking file: /tmp/blitzy/blitzy-kubernetes/blitzy5f91179c1/staging/src/k8s.io/client-go/kubernetes/typed/discovery/v1/fake/fake_endpointslice.go
[gosec] 2026/02/05 17:42:55 Checking package: metadatalister
[gosec] 2026/02/05 17:42:55 Checking file: /tmp/blitzy/blitzy-kubernetes/blitzy5f91179c1/staging/src/k8s.io/client-go/metadata/metadatalister/interface.go
[gosec] 2026/02/05 17:42:55 Checking file: /tmp/blitzy/blitzy-kubernetes/blitzy5f91179c1/staging/src/k8s.io/client-go/metadata/metadatalister/lister.go
[gosec] 2026/02/05 17:42:55 Import directory: /tmp/blitzy/blitzy-kubernetes/blitzy5f91179c1/staging/src/k8s.io/client-go/metadata/metadatainformer
[gosec] 2026/02/05 17:42:55 Checking file: /tmp/blitzy/blitzy-kubernetes/blitzy5f91179c1/staging/src/k8s.io/client-go/metadata/metadatalister/shim.go
[gosec] 2026/02/05 17:42:56 Checking package: testing
[gosec] 2026/02/05 17:42:56 Checking file: /tmp/blitzy/blitzy-kubernetes/blitzy5f91179c1/staging/src/k8s.io/client-go/testing/actions.go
[gosec] 2026/02/05 17:42:56 Import directory: /tmp/blitzy/blitzy-kubernetes/blitzy5f91179c1/staging/src/k8s.io/client-go/scale/scheme/appsint
[gosec] 2026/02/05 17:42:57 Checking file: /tmp/blitzy/blitzy-kubernetes/blitzy5f91179c1/staging/src/k8s.io/client-go/testing/fake.go
[gosec] 2026/02/05 17:42:58 Checking file: /tmp/blitzy/blitzy-kubernetes/blitzy5f91179c1/staging/src/k8s.io/client-go/testing/fixture.go
[gosec] 2026/02/05 17:43:00 Checking file: /tmp/blitzy/blitzy-kubernetes/blitzy5f91179c1/staging/src/k8s.io/client-go/testing/interface.go
[gosec] 2026/02/05 17:43:00 Checking package: template
[gosec] 2026/02/05 17:43:00 Checking file: /tmp/blitzy/blitzy-kubernetes/blitzy5f91179c1/staging/src/k8s.io/client-go/third_party/forked/golang/template/exec.go
[gosec] 2026/02/05 17:43:00 Import directory: /tmp/blitzy/blitzy-kubernetes/blitzy5f91179c1/staging/src/k8s.io/client-go/tools/leaderelection
[gosec] 2026/02/05 17:43:01 Checking file: /tmp/blitzy/blitzy-kubernetes/blitzy5f91179c1/staging/src/k8s.io/client-go/third_party/forked/golang/template/funcs.go
[gosec] 2026/02/05 17:43:01 Checking package: v1beta1
[gosec] 2026/02/05 17:43:01 Checking file: /tmp/blitzy/blitzy-kubernetes/blitzy5f91179c1/staging/src/k8s.io/client-go/applyconfigurations/node/v1beta1/overhead.go
[gosec] 2026/02/05 17:43:01 Import directory: /tmp/blitzy/blitzy-kubernetes/blitzy5f91179c1/staging/src/k8s.io/client-go/applyconfigurations/coordination/v1
[gosec] 2026/02/05 17:43:01 Checking file: /tmp/blitzy/blitzy-kubernetes/blitzy5f91179c1/staging/src/k8s.io/client-go/applyconfigurations/node/v1beta1/runtimeclass.go
[gosec] 2026/02/05 17:43:02 Checking file: /tmp/blitzy/blitzy-kubernetes/blitzy5f91179c1/staging/src/k8s.io/client-go/applyconfigurations/node/v1beta1/scheduling.go
[gosec] 2026/02/05 17:43:02 Checking package: v1
[gosec] 2026/02/05 17:43:02 Checking file: /tmp/blitzy/blitzy-kubernetes/blitzy5f91179c1/staging/src/k8s.io/client-go/applyconfigurations/rbac/v1/aggregationrule.go
[gosec] 2026/02/05 17:43:02 Import directory: /tmp/blitzy/blitzy-kubernetes/blitzy5f91179c1/staging/src/k8s.io/client-go/features/testing
[gosec] 2026/02/05 17:43:02 Checking file: /tmp/blitzy/blitzy-kubernetes/blitzy5f91179c1/staging/src/k8s.io/client-go/applyconfigurations/rbac/v1/clusterrole.go
[gosec] 2026/02/05 17:43:03 Checking file: /tmp/blitzy/blitzy-kubernetes/blitzy5f91179c1/staging/src/k8s.io/client-go/applyconfigurations/rbac/v1/clusterrolebinding.go
[gosec] 2026/02/05 17:43:04 Checking file: /tmp/blitzy/blitzy-kubernetes/blitzy5f91179c1/staging/src/k8s.io/client-go/applyconfigurations/rbac/v1/policyrule.go
[gosec] 2026/02/05 17:43:04 Checking file: /tmp/blitzy/blitzy-kubernetes/blitzy5f91179c1/staging/src/k8s.io/client-go/applyconfigurations/rbac/v1/role.go
[gosec] 2026/02/05 17:43:05 Checking file: /tmp/blitzy/blitzy-kubernetes/blitzy5f91179c1/staging/src/k8s.io/client-go/applyconfigurations/rbac/v1/rolebinding.go
[gosec] 2026/02/05 17:43:05 Checking file: /tmp/blitzy/blitzy-kubernetes/blitzy5f91179c1/staging/src/k8s.io/client-go/applyconfigurations/rbac/v1/roleref.go
[gosec] 2026/02/05 17:43:05 Checking file: /tmp/blitzy/blitzy-kubernetes/blitzy5f91179c1/staging/src/k8s.io/client-go/applyconfigurations/rbac/v1/subject.go
[gosec] 2026/02/05 17:43:06 Checking package: v1beta1
[gosec] 2026/02/05 17:43:06 Checking file: /tmp/blitzy/blitzy-kubernetes/blitzy5f91179c1/staging/src/k8s.io/client-go/kubernetes/typed/coordination/v1beta1/coordination_client.go
[gosec] 2026/02/05 17:43:06 Import directory: /tmp/blitzy/blitzy-kubernetes/blitzy5f91179c1/staging/src/k8s.io/client-go/informers/batch
[gosec] 2026/02/05 17:43:06 Checking file: /tmp/blitzy/blitzy-kubernetes/blitzy5f91179c1/staging/src/k8s.io/client-go/kubernetes/typed/coordination/v1beta1/doc.go
[gosec] 2026/02/05 17:43:06 Checking file: /tmp/blitzy/blitzy-kubernetes/blitzy5f91179c1/staging/src/k8s.io/client-go/kubernetes/typed/coordination/v1beta1/generated_expansion.go
[gosec] 2026/02/05 17:43:06 Checking file: /tmp/blitzy/blitzy-kubernetes/blitzy5f91179c1/staging/src/k8s.io/client-go/kubernetes/typed/coordination/v1beta1/lease.go
[gosec] 2026/02/05 17:43:06 Checking file: /tmp/blitzy/blitzy-kubernetes/blitzy5f91179c1/staging/src/k8s.io/client-go/kubernetes/typed/coordination/v1beta1/leasecandidate.go
[gosec] 2026/02/05 17:43:06 Checking package: v1beta1
[gosec] 2026/02/05 17:43:06 Checking file: /tmp/blitzy/blitzy-kubernetes/blitzy5f91179c1/staging/src/k8s.io/client-go/listers/admissionregistration/v1beta1/expansion_generated.go
[gosec] 2026/02/05 17:43:06 Checking file: /tmp/blitzy/blitzy-kubernetes/blitzy5f91179c1/staging/src/k8s.io/client-go/listers/admissionregistration/v1beta1/mutatingadmissionpolicy.go
[gosec] 2026/02/05 17:43:06 Import directory: /tmp/blitzy/blitzy-kubernetes/blitzy5f91179c1/staging/src/k8s.io/client-go/informers/batch/v1
[gosec] 2026/02/05 17:43:06 Checking file: /tmp/blitzy/blitzy-kubernetes/blitzy5f91179c1/staging/src/k8s.io/client-go/listers/admissionregistration/v1beta1/mutatingadmissionpolicybinding.go
[gosec] 2026/02/05 17:43:06 Checking file: /tmp/blitzy/blitzy-kubernetes/blitzy5f91179c1/staging/src/k8s.io/client-go/listers/admissionregistration/v1beta1/mutatingwebhookconfiguration.go
[gosec] 2026/02/05 17:43:06 Checking file: /tmp/blitzy/blitzy-kubernetes/blitzy5f91179c1/staging/src/k8s.io/client-go/listers/admissionregistration/v1beta1/validatingadmissionpolicy.go
[gosec] 2026/02/05 17:43:06 Checking file: /tmp/blitzy/blitzy-kubernetes/blitzy5f91179c1/staging/src/k8s.io/client-go/listers/admissionregistration/v1beta1/validatingadmissionpolicybinding.go
[gosec] 2026/02/05 17:43:06 Checking file: /tmp/blitzy/blitzy-kubernetes/blitzy5f91179c1/staging/src/k8s.io/client-go/listers/admissionregistration/v1beta1/validatingwebhookconfiguration.go
[gosec] 2026/02/05 17:43:06 Checking package: fake
[gosec] 2026/02/05 17:43:06 Checking file: /tmp/blitzy/blitzy-kubernetes/blitzy5f91179c1/staging/src/k8s.io/client-go/kubernetes/typed/resource/v1beta2/fake/doc.go
[gosec] 2026/02/05 17:43:06 Import directory: /tmp/blitzy/blitzy-kubernetes/blitzy5f91179c1/staging/src/k8s.io/client-go/informers/core/v1
[gosec] 2026/02/05 17:43:06 Checking file: /tmp/blitzy/blitzy-kubernetes/blitzy5f91179c1/staging/src/k8s.io/client-go/kubernetes/typed/resource/v1beta2/fake/fake_deviceclass.go
[gosec] 2026/02/05 17:43:07 Checking file: /tmp/blitzy/blitzy-kubernetes/blitzy5f91179c1/staging/src/k8s.io/client-go/kubernetes/typed/resource/v1beta2/fake/fake_resource_client.go
[gosec] 2026/02/05 17:43:07 Checking file: /tmp/blitzy/blitzy-kubernetes/blitzy5f91179c1/staging/src/k8s.io/client-go/kubernetes/typed/resource/v1beta2/fake/fake_resourceclaim.go
[gosec] 2026/02/05 17:43:07 Checking file: /tmp/blitzy/blitzy-kubernetes/blitzy5f91179c1/staging/src/k8s.io/client-go/kubernetes/typed/resource/v1beta2/fake/fake_resourceclaimtemplate.go
[gosec] 2026/02/05 17:43:07 Checking file: /tmp/blitzy/blitzy-kubernetes/blitzy5f91179c1/staging/src/k8s.io/client-go/kubernetes/typed/resource/v1beta2/fake/fake_resourceslice.go
[gosec] 2026/02/05 17:43:07 Checking package: metadatainformer
[gosec] 2026/02/05 17:43:07 Checking file: /tmp/blitzy/blitzy-kubernetes/blitzy5f91179c1/staging/src/k8s.io/client-go/metadata/metadatainformer/informer.go
[gosec] 2026/02/05 17:43:07 Import directory: /tmp/blitzy/blitzy-kubernetes/blitzy5f91179c1/staging/src/k8s.io/client-go/informers/discovery/v1beta1
[gosec] 2026/02/05 17:43:08 Checking file: /tmp/blitzy/blitzy-kubernetes/blitzy5f91179c1/staging/src/k8s.io/client-go/metadata/metadatainformer/interface.go
[gosec] 2026/02/05 17:43:08 Checking package: appsint
[gosec] 2026/02/05 17:43:08 Checking file: /tmp/blitzy/blitzy-kubernetes/blitzy5f91179c1/staging/src/k8s.io/client-go/scale/scheme/appsint/doc.go
[gosec] 2026/02/05 17:43:08 Import directory: /tmp/blitzy/blitzy-kubernetes/blitzy5f91179c1/staging/src/k8s.io/client-go/kubernetes/typed/resource/v1beta2
[gosec] 2026/02/05 17:43:08 Checking file: /tmp/blitzy/blitzy-kubernetes/blitzy5f91179c1/staging/src/k8s.io/client-go/scale/scheme/appsint/register.go
[gosec] 2026/02/05 17:43:08 Checking package: leaderelection
[gosec] 2026/02/05 17:43:08 Checking file: /tmp/blitzy/blitzy-kubernetes/blitzy5f91179c1/staging/src/k8s.io/client-go/tools/leaderelection/healthzadaptor.go
[gosec] 2026/02/05 17:43:08 Import directory: /tmp/blitzy/blitzy-kubernetes/blitzy5f91179c1/staging/src/k8s.io/client-go/listers/events/v1
[gosec] 2026/02/05 17:43:08 Checking file: /tmp/blitzy/blitzy-kubernetes/blitzy5f91179c1/staging/src/k8s.io/client-go/tools/leaderelection/leaderelection.go
[gosec] 2026/02/05 17:43:09 Checking file: /tmp/blitzy/blitzy-kubernetes/blitzy5f91179c1/staging/src/k8s.io/client-go/tools/leaderelection/leasecandidate.go
[gosec] 2026/02/05 17:43:09 Checking file: /tmp/blitzy/blitzy-kubernetes/blitzy5f91179c1/staging/src/k8s.io/client-go/tools/leaderelection/metrics.go
[gosec] 2026/02/05 17:43:09 Checking package: v1
[gosec] 2026/02/05 17:43:09 Checking file: /tmp/blitzy/blitzy-kubernetes/blitzy5f91179c1/staging/src/k8s.io/client-go/applyconfigurations/coordination/v1/lease.go
[gosec] 2026/02/05 17:43:09 Import directory: /tmp/blitzy/blitzy-kubernetes/blitzy5f91179c1/staging/src/k8s.io/client-go/applyconfigurations/events/v1beta1
[gosec] 2026/02/05 17:43:10 Checking file: /tmp/blitzy/blitzy-kubernetes/blitzy5f91179c1/staging/src/k8s.io/client-go/applyconfigurations/coordination/v1/leasespec.go
[gosec] 2026/02/05 17:43:10 Checking package: testing
[gosec] 2026/02/05 17:43:10 Checking file: /tmp/blitzy/blitzy-kubernetes/blitzy5f91179c1/staging/src/k8s.io/client-go/features/testing/features.go
[gosec] 2026/02/05 17:43:10 Import directory: /tmp/blitzy/blitzy-kubernetes/blitzy5f91179c1/staging/src/k8s.io/client-go/discovery/cached
[gosec] 2026/02/05 17:43:10 Checking package: batch
[gosec] 2026/02/05 17:43:10 Checking file: /tmp/blitzy/blitzy-kubernetes/blitzy5f91179c1/staging/src/k8s.io/client-go/informers/batch/interface.go
[gosec] 2026/02/05 17:43:10 Import directory: /tmp/blitzy/blitzy-kubernetes/blitzy5f91179c1/staging/src/k8s.io/client-go/informers/node/v1beta1
[gosec] 2026/02/05 17:43:10 Checking package: v1
[gosec] 2026/02/05 17:43:10 Checking file: /tmp/blitzy/blitzy-kubernetes/blitzy5f91179c1/staging/src/k8s.io/client-go/informers/batch/v1/cronjob.go
[gosec] 2026/02/05 17:43:10 Import directory: /tmp/blitzy/blitzy-kubernetes/blitzy5f91179c1/staging/src/k8s.io/client-go/kubernetes/typed/certificates/v1alpha1
[gosec] 2026/02/05 17:43:11 Checking file: /tmp/blitzy/blitzy-kubernetes/blitzy5f91179c1/staging/src/k8s.io/client-go/informers/batch/v1/interface.go
[gosec] 2026/02/05 17:43:11 Checking file: /tmp/blitzy/blitzy-kubernetes/blitzy5f91179c1/staging/src/k8s.io/client-go/informers/batch/v1/job.go
[gosec] 2026/02/05 17:43:11 Checking package: v1
[gosec] 2026/02/05 17:43:11 Checking file: /tmp/blitzy/blitzy-kubernetes/blitzy5f91179c1/staging/src/k8s.io/client-go/informers/core/v1/componentstatus.go
[gosec] 2026/02/05 17:43:11 Import directory: /tmp/blitzy/blitzy-kubernetes/blitzy5f91179c1/staging/src/k8s.io/client-go/kubernetes/typed/coordination/v1/fake
[gosec] 2026/02/05 17:43:11 Checking file: /tmp/blitzy/blitzy-kubernetes/blitzy5f91179c1/staging/src/k8s.io/client-go/informers/core/v1/configmap.go
[gosec] 2026/02/05 17:43:12 Checking file: /tmp/blitzy/blitzy-kubernetes/blitzy5f91179c1/staging/src/k8s.io/client-go/informers/core/v1/endpoints.go
[gosec] 2026/02/05 17:43:12 Checking file: /tmp/blitzy/blitzy-kubernetes/blitzy5f91179c1/staging/src/k8s.io/client-go/informers/core/v1/event.go
[gosec] 2026/02/05 17:43:12 Checking file: /tmp/blitzy/blitzy-kubernetes/blitzy5f91179c1/staging/src/k8s.io/client-go/informers/core/v1/interface.go
[gosec] 2026/02/05 17:43:13 Checking file: /tmp/blitzy/blitzy-kubernetes/blitzy5f91179c1/staging/src/k8s.io/client-go/informers/core/v1/limitrange.go
[gosec] 2026/02/05 17:43:13 Checking file: /tmp/blitzy/blitzy-kubernetes/blitzy5f91179c1/staging/src/k8s.io/client-go/informers/core/v1/namespace.go
[gosec] 2026/02/05 17:43:13 Checking file: /tmp/blitzy/blitzy-kubernetes/blitzy5f91179c1/staging/src/k8s.io/client-go/informers/core/v1/node.go
[gosec] 2026/02/05 17:43:14 Checking file: /tmp/blitzy/blitzy-kubernetes/blitzy5f91179c1/staging/src/k8s.io/client-go/informers/core/v1/persistentvolume.go
[gosec] 2026/02/05 17:43:14 Checking file: /tmp/blitzy/blitzy-kubernetes/blitzy5f91179c1/staging/src/k8s.io/client-go/informers/core/v1/persistentvolumeclaim.go
[gosec] 2026/02/05 17:43:14 Checking file: /tmp/blitzy/blitzy-kubernetes/blitzy5f91179c1/staging/src/k8s.io/client-go/informers/core/v1/pod.go
[gosec] 2026/02/05 17:43:14 Checking file: /tmp/blitzy/blitzy-kubernetes/blitzy5f91179c1/staging/src/k8s.io/client-go/informers/core/v1/podtemplate.go
[gosec] 2026/02/05 17:43:15 Checking file: /tmp/blitzy/blitzy-kubernetes/blitzy5f91179c1/staging/src/k8s.io/client-go/informers/core/v1/replicationcontroller.go
[gosec] 2026/02/05 17:43:15 Checking file: /tmp/blitzy/blitzy-kubernetes/blitzy5f91179c1/staging/src/k8s.io/client-go/informers/core/v1/resourcequota.go
[gosec] 2026/02/05 17:43:15 Checking file: /tmp/blitzy/blitzy-kubernetes/blitzy5f91179c1/staging/src/k8s.io/client-go/informers/core/v1/secret.go
[gosec] 2026/02/05 17:43:16 Checking file: /tmp/blitzy/blitzy-kubernetes/blitzy5f91179c1/staging/src/k8s.io/client-go/informers/core/v1/service.go
[gosec] 2026/02/05 17:43:16 Checking file: /tmp/blitzy/blitzy-kubernetes/blitzy5f91179c1/staging/src/k8s.io/client-go/informers/core/v1/serviceaccount.go
[gosec] 2026/02/05 17:43:16 Checking package: v1beta1
[gosec] 2026/02/05 17:43:16 Checking file: /tmp/blitzy/blitzy-kubernetes/blitzy5f91179c1/staging/src/k8s.io/client-go/informers/discovery/v1beta1/endpointslice.go
[gosec] 2026/02/05 17:43:16 Import directory: /tmp/blitzy/blitzy-kubernetes/blitzy5f91179c1/staging/src/k8s.io/client-go/kubernetes/typed/coordination/v1beta1/fake
[gosec] 2026/02/05 17:43:16 Checking file: /tmp/blitzy/blitzy-kubernetes/blitzy5f91179c1/staging/src/k8s.io/client-go/informers/discovery/v1beta1/interface.go
[gosec] 2026/02/05 17:43:16 Checking package: v1
[gosec] 2026/02/05 17:43:16 Checking file: /tmp/blitzy/blitzy-kubernetes/blitzy5f91179c1/staging/src/k8s.io/client-go/listers/events/v1/event.go
[gosec] 2026/02/05 17:43:16 Import directory: /tmp/blitzy/blitzy-kubernetes/blitzy5f91179c1/staging/src/k8s.io/client-go/kubernetes/typed/node/v1/fake
[gosec] 2026/02/05 17:43:17 Checking file: /tmp/blitzy/blitzy-kubernetes/blitzy5f91179c1/staging/src/k8s.io/client-go/listers/events/v1/expansion_generated.go
[gosec] 2026/02/05 17:43:17 Checking package: v1beta2
[gosec] 2026/02/05 17:43:17 Checking file: /tmp/blitzy/blitzy-kubernetes/blitzy5f91179c1/staging/src/k8s.io/client-go/kubernetes/typed/resource/v1beta2/deviceclass.go
[gosec] 2026/02/05 17:43:17 Import directory: /tmp/blitzy/blitzy-kubernetes/blitzy5f91179c1/staging/src/k8s.io/client-go/listers/coordination/v1alpha2
[gosec] 2026/02/05 17:43:17 Checking file: /tmp/blitzy/blitzy-kubernetes/blitzy5f91179c1/staging/src/k8s.io/client-go/kubernetes/typed/resource/v1beta2/doc.go
[gosec] 2026/02/05 17:43:17 Checking file: /tmp/blitzy/blitzy-kubernetes/blitzy5f91179c1/staging/src/k8s.io/client-go/kubernetes/typed/resource/v1beta2/generated_expansion.go
[gosec] 2026/02/05 17:43:17 Checking file: /tmp/blitzy/blitzy-kubernetes/blitzy5f91179c1/staging/src/k8s.io/client-go/kubernetes/typed/resource/v1beta2/resource_client.go
[gosec] 2026/02/05 17:43:17 Checking file: /tmp/blitzy/blitzy-kubernetes/blitzy5f91179c1/staging/src/k8s.io/client-go/kubernetes/typed/resource/v1beta2/resourceclaim.go
[gosec] 2026/02/05 17:43:17 Checking file: /tmp/blitzy/blitzy-kubernetes/blitzy5f91179c1/staging/src/k8s.io/client-go/kubernetes/typed/resource/v1beta2/resourceclaimtemplate.go
[gosec] 2026/02/05 17:43:17 Checking file: /tmp/blitzy/blitzy-kubernetes/blitzy5f91179c1/staging/src/k8s.io/client-go/kubernetes/typed/resource/v1beta2/resourceslice.go
[gosec] 2026/02/05 17:43:17 Checking package: v1beta1
[gosec] 2026/02/05 17:43:17 Checking file: /tmp/blitzy/blitzy-kubernetes/blitzy5f91179c1/staging/src/k8s.io/client-go/applyconfigurations/events/v1beta1/event.go
[gosec] 2026/02/05 17:43:17 Import directory: /tmp/blitzy/blitzy-kubernetes/blitzy5f91179c1/staging/src/k8s.io/client-go/applyconfigurations/flowcontrol/v1
[gosec] 2026/02/05 17:43:18 Checking file: /tmp/blitzy/blitzy-kubernetes/blitzy5f91179c1/staging/src/k8s.io/client-go/applyconfigurations/events/v1beta1/eventseries.go
[gosec] 2026/02/05 17:43:19 Checking package: memory
[gosec] 2026/02/05 17:43:19 Checking file: /tmp/blitzy/blitzy-kubernetes/blitzy5f91179c1/staging/src/k8s.io/client-go/discovery/cached/legacy.go
[gosec] 2026/02/05 17:43:19 Import directory: /tmp/blitzy/blitzy-kubernetes/blitzy5f91179c1/staging/src/k8s.io/client-go/applyconfigurations/networking/v1
[gosec] 2026/02/05 17:43:19 Checking package: v1alpha1
[gosec] 2026/02/05 17:43:19 Checking file: /tmp/blitzy/blitzy-kubernetes/blitzy5f91179c1/staging/src/k8s.io/client-go/kubernetes/typed/certificates/v1alpha1/certificates_client.go
[gosec] 2026/02/05 17:43:19 Import directory: /tmp/blitzy/blitzy-kubernetes/blitzy5f91179c1/staging/src/k8s.io/client-go/kubernetes/typed/networking/v1beta1
[gosec] 2026/02/05 17:43:19 Checking file: /tmp/blitzy/blitzy-kubernetes/blitzy5f91179c1/staging/src/k8s.io/client-go/kubernetes/typed/certificates/v1alpha1/clustertrustbundle.go
[gosec] 2026/02/05 17:43:19 Checking file: /tmp/blitzy/blitzy-kubernetes/blitzy5f91179c1/staging/src/k8s.io/client-go/kubernetes/typed/certificates/v1alpha1/doc.go
[gosec] 2026/02/05 17:43:19 Checking file: /tmp/blitzy/blitzy-kubernetes/blitzy5f91179c1/staging/src/k8s.io/client-go/kubernetes/typed/certificates/v1alpha1/generated_expansion.go
[gosec] 2026/02/05 17:43:19 Checking package: v1beta1
[gosec] 2026/02/05 17:43:19 Checking file: /tmp/blitzy/blitzy-kubernetes/blitzy5f91179c1/staging/src/k8s.io/client-go/informers/node/v1beta1/interface.go
[gosec] 2026/02/05 17:43:19 Import directory: /tmp/blitzy/blitzy-kubernetes/blitzy5f91179c1/staging/src/k8s.io/client-go/listers
[gosec] 2026/02/05 17:43:19 Checking file: /tmp/blitzy/blitzy-kubernetes/blitzy5f91179c1/staging/src/k8s.io/client-go/informers/node/v1beta1/runtimeclass.go
[gosec] 2026/02/05 17:43:19 Checking package: fake
[gosec] 2026/02/05 17:43:19 Checking file: /tmp/blitzy/blitzy-kubernetes/blitzy5f91179c1/staging/src/k8s.io/client-go/kubernetes/typed/coordination/v1/fake/doc.go
[gosec] 2026/02/05 17:43:19 Checking file: /tmp/blitzy/blitzy-kubernetes/blitzy5f91179c1/staging/src/k8s.io/client-go/kubernetes/typed/coordination/v1/fake/fake_coordination_client.go
[gosec] 2026/02/05 17:43:19 Import directory: /tmp/blitzy/blitzy-kubernetes/blitzy5f91179c1/staging/src/k8s.io/client-go/listers/events/v1beta1
[gosec] 2026/02/05 17:43:19 Checking file: /tmp/blitzy/blitzy-kubernetes/blitzy5f91179c1/staging/src/k8s.io/client-go/kubernetes/typed/coordination/v1/fake/fake_lease.go
[gosec] 2026/02/05 17:43:19 Checking package: fake
[gosec] 2026/02/05 17:43:19 Checking file: /tmp/blitzy/blitzy-kubernetes/blitzy5f91179c1/staging/src/k8s.io/client-go/kubernetes/typed/coordination/v1beta1/fake/doc.go
[gosec] 2026/02/05 17:43:19 Import directory: /tmp/blitzy/blitzy-kubernetes/blitzy5f91179c1/staging/src/k8s.io/client-go/util/csaupgrade
[gosec] 2026/02/05 17:43:19 Checking file: /tmp/blitzy/blitzy-kubernetes/blitzy5f91179c1/staging/src/k8s.io/client-go/kubernetes/typed/coordination/v1beta1/fake/fake_coordination_client.go
[gosec] 2026/02/05 17:43:20 Checking file: /tmp/blitzy/blitzy-kubernetes/blitzy5f91179c1/staging/src/k8s.io/client-go/kubernetes/typed/coordination/v1beta1/fake/fake_lease.go
[gosec] 2026/02/05 17:43:20 Checking file: /tmp/blitzy/blitzy-kubernetes/blitzy5f91179c1/staging/src/k8s.io/client-go/kubernetes/typed/coordination/v1beta1/fake/fake_leasecandidate.go
[gosec] 2026/02/05 17:43:20 Checking package: v1alpha2
[gosec] 2026/02/05 17:43:20 Checking file: /tmp/blitzy/blitzy-kubernetes/blitzy5f91179c1/staging/src/k8s.io/client-go/listers/coordination/v1alpha2/expansion_generated.go
[gosec] 2026/02/05 17:43:20 Import directory: /tmp/blitzy/blitzy-kubernetes/blitzy5f91179c1/staging/src/k8s.io/client-go/examples/workqueue
[gosec] 2026/02/05 17:43:20 Checking file: /tmp/blitzy/blitzy-kubernetes/blitzy5f91179c1/staging/src/k8s.io/client-go/listers/coordination/v1alpha2/leasecandidate.go
[gosec] 2026/02/05 17:43:20 Checking package: fake
[gosec] 2026/02/05 17:43:20 Checking file: /tmp/blitzy/blitzy-kubernetes/blitzy5f91179c1/staging/src/k8s.io/client-go/kubernetes/typed/node/v1/fake/doc.go
[gosec] 2026/02/05 17:43:20 Import directory: /tmp/blitzy/blitzy-kubernetes/blitzy5f91179c1/staging/src/k8s.io/client-go/informers/batch/v1beta1
[gosec] 2026/02/05 17:43:20 Checking file: /tmp/blitzy/blitzy-kubernetes/blitzy5f91179c1/staging/src/k8s.io/client-go/kubernetes/typed/node/v1/fake/fake_node_client.go
[gosec] 2026/02/05 17:43:20 Checking file: /tmp/blitzy/blitzy-kubernetes/blitzy5f91179c1/staging/src/k8s.io/client-go/kubernetes/typed/node/v1/fake/fake_runtimeclass.go
[gosec] 2026/02/05 17:43:20 Checking package: v1
[gosec] 2026/02/05 17:43:20 Checking file: /tmp/blitzy/blitzy-kubernetes/blitzy5f91179c1/staging/src/k8s.io/client-go/applyconfigurations/flowcontrol/v1/exemptprioritylevelconfiguration.go
[gosec] 2026/02/05 17:43:20 Import directory: /tmp/blitzy/blitzy-kubernetes/blitzy5f91179c1/staging/src/k8s.io/client-go/informers/discovery
[gosec] 2026/02/05 17:43:20 Checking file: /tmp/blitzy/blitzy-kubernetes/blitzy5f91179c1/staging/src/k8s.io/client-go/applyconfigurations/flowcontrol/v1/flowdistinguishermethod.go
[gosec] 2026/02/05 17:43:20 Checking file: /tmp/blitzy/blitzy-kubernetes/blitzy5f91179c1/staging/src/k8s.io/client-go/applyconfigurations/flowcontrol/v1/flowschema.go
[gosec] 2026/02/05 17:43:21 Checking file: /tmp/blitzy/blitzy-kubernetes/blitzy5f91179c1/staging/src/k8s.io/client-go/applyconfigurations/flowcontrol/v1/flowschemacondition.go
[gosec] 2026/02/05 17:43:21 Checking file: /tmp/blitzy/blitzy-kubernetes/blitzy5f91179c1/staging/src/k8s.io/client-go/applyconfigurations/flowcontrol/v1/flowschemaspec.go
[gosec] 2026/02/05 17:43:21 Checking file: /tmp/blitzy/blitzy-kubernetes/blitzy5f91179c1/staging/src/k8s.io/client-go/applyconfigurations/flowcontrol/v1/flowschemastatus.go
[gosec] 2026/02/05 17:43:21 Checking file: /tmp/blitzy/blitzy-kubernetes/blitzy5f91179c1/staging/src/k8s.io/client-go/applyconfigurations/flowcontrol/v1/groupsubject.go
[gosec] 2026/02/05 17:43:21 Checking file: /tmp/blitzy/blitzy-kubernetes/blitzy5f91179c1/staging/src/k8s.io/client-go/applyconfigurations/flowcontrol/v1/limitedprioritylevelconfiguration.go
[gosec] 2026/02/05 17:43:22 Checking file: /tmp/blitzy/blitzy-kubernetes/blitzy5f91179c1/staging/src/k8s.io/client-go/applyconfigurations/flowcontrol/v1/limitresponse.go
[gosec] 2026/02/05 17:43:22 Checking file: /tmp/blitzy/blitzy-kubernetes/blitzy5f91179c1/staging/src/k8s.io/client-go/applyconfigurations/flowcontrol/v1/nonresourcepolicyrule.go
[gosec] 2026/02/05 17:43:22 Checking file: /tmp/blitzy/blitzy-kubernetes/blitzy5f91179c1/staging/src/k8s.io/client-go/applyconfigurations/flowcontrol/v1/policyruleswithsubjects.go
[gosec] 2026/02/05 17:43:22 Checking file: /tmp/blitzy/blitzy-kubernetes/blitzy5f91179c1/staging/src/k8s.io/client-go/applyconfigurations/flowcontrol/v1/prioritylevelconfiguration.go
[gosec] 2026/02/05 17:43:23 Checking file: /tmp/blitzy/blitzy-kubernetes/blitzy5f91179c1/staging/src/k8s.io/client-go/applyconfigurations/flowcontrol/v1/prioritylevelconfigurationcondition.go
[gosec] 2026/02/05 17:43:23 Checking file: /tmp/blitzy/blitzy-kubernetes/blitzy5f91179c1/staging/src/k8s.io/client-go/applyconfigurations/flowcontrol/v1/prioritylevelconfigurationreference.go
[gosec] 2026/02/05 17:43:23 Checking file: /tmp/blitzy/blitzy-kubernetes/blitzy5f91179c1/staging/src/k8s.io/client-go/applyconfigurations/flowcontrol/v1/prioritylevelconfigurationspec.go
[gosec] 2026/02/05 17:43:23 Checking file: /tmp/blitzy/blitzy-kubernetes/blitzy5f91179c1/staging/src/k8s.io/client-go/applyconfigurations/flowcontrol/v1/prioritylevelconfigurationstatus.go
[gosec] 2026/02/05 17:43:23 Checking file: /tmp/blitzy/blitzy-kubernetes/blitzy5f91179c1/staging/src/k8s.io/client-go/applyconfigurations/flowcontrol/v1/queuingconfiguration.go
[gosec] 2026/02/05 17:43:23 Checking file: /tmp/blitzy/blitzy-kubernetes/blitzy5f91179c1/staging/src/k8s.io/client-go/applyconfigurations/flowcontrol/v1/resourcepolicyrule.go
[gosec] 2026/02/05 17:43:24 Checking file: /tmp/blitzy/blitzy-kubernetes/blitzy5f91179c1/staging/src/k8s.io/client-go/applyconfigurations/flowcontrol/v1/serviceaccountsubject.go
[gosec] 2026/02/05 17:43:24 Checking file: /tmp/blitzy/blitzy-kubernetes/blitzy5f91179c1/staging/src/k8s.io/client-go/applyconfigurations/flowcontrol/v1/subject.go
[gosec] 2026/02/05 17:43:24 Checking file: /tmp/blitzy/blitzy-kubernetes/blitzy5f91179c1/staging/src/k8s.io/client-go/applyconfigurations/flowcontrol/v1/usersubject.go
[gosec] 2026/02/05 17:43:24 Checking package: v1
[gosec] 2026/02/05 17:43:24 Checking file: /tmp/blitzy/blitzy-kubernetes/blitzy5f91179c1/staging/src/k8s.io/client-go/applyconfigurations/networking/v1/httpingresspath.go
[gosec] 2026/02/05 17:43:24 Import directory: /tmp/blitzy/blitzy-kubernetes/blitzy5f91179c1/staging/src/k8s.io/client-go/kubernetes/typed/authentication/v1/fake
[gosec] 2026/02/05 17:43:24 Checking file: /tmp/blitzy/blitzy-kubernetes/blitzy5f91179c1/staging/src/k8s.io/client-go/applyconfigurations/networking/v1/httpingressrulevalue.go
[gosec] 2026/02/05 17:43:24 Checking file: /tmp/blitzy/blitzy-kubernetes/blitzy5f91179c1/staging/src/k8s.io/client-go/applyconfigurations/networking/v1/ingress.go
[gosec] 2026/02/05 17:43:25 Checking file: /tmp/blitzy/blitzy-kubernetes/blitzy5f91179c1/staging/src/k8s.io/client-go/applyconfigurations/networking/v1/ingressbackend.go
[gosec] 2026/02/05 17:43:25 Checking file: /tmp/blitzy/blitzy-kubernetes/blitzy5f91179c1/staging/src/k8s.io/client-go/applyconfigurations/networking/v1/ingressclass.go
[gosec] 2026/02/05 17:43:26 Checking file: /tmp/blitzy/blitzy-kubernetes/blitzy5f91179c1/staging/src/k8s.io/client-go/applyconfigurations/networking/v1/ingressclassparametersreference.go
[gosec] 2026/02/05 17:43:26 Checking file: /tmp/blitzy/blitzy-kubernetes/blitzy5f91179c1/staging/src/k8s.io/client-go/applyconfigurations/networking/v1/ingressclassspec.go
[gosec] 2026/02/05 17:43:26 Checking file: /tmp/blitzy/blitzy-kubernetes/blitzy5f91179c1/staging/src/k8s.io/client-go/applyconfigurations/networking/v1/ingressloadbalanceringress.go
[gosec] 2026/02/05 17:43:26 Checking file: /tmp/blitzy/blitzy-kubernetes/blitzy5f91179c1/staging/src/k8s.io/client-go/applyconfigurations/networking/v1/ingressloadbalancerstatus.go
[gosec] 2026/02/05 17:43:26 Checking file: /tmp/blitzy/blitzy-kubernetes/blitzy5f91179c1/staging/src/k8s.io/client-go/applyconfigurations/networking/v1/ingressportstatus.go
[gosec] 2026/02/05 17:43:26 Checking file: /tmp/blitzy/blitzy-kubernetes/blitzy5f91179c1/staging/src/k8s.io/client-go/applyconfigurations/networking/v1/ingressrule.go
[gosec] 2026/02/05 17:43:26 Checking file: /tmp/blitzy/blitzy-kubernetes/blitzy5f91179c1/staging/src/k8s.io/client-go/applyconfigurations/networking/v1/ingressrulevalue.go
[gosec] 2026/02/05 17:43:26 Checking file: /tmp/blitzy/blitzy-kubernetes/blitzy5f91179c1/staging/src/k8s.io/client-go/applyconfigurations/networking/v1/ingressservicebackend.go
[gosec] 2026/02/05 17:43:26 Checking file: /tmp/blitzy/blitzy-kubernetes/blitzy5f91179c1/staging/src/k8s.io/client-go/applyconfigurations/networking/v1/ingressspec.go
[gosec] 2026/02/05 17:43:27 Checking file: /tmp/blitzy/blitzy-kubernetes/blitzy5f91179c1/staging/src/k8s.io/client-go/applyconfigurations/networking/v1/ingressstatus.go
[gosec] 2026/02/05 17:43:27 Checking file: /tmp/blitzy/blitzy-kubernetes/blitzy5f91179c1/staging/src/k8s.io/client-go/applyconfigurations/networking/v1/ingresstls.go
[gosec] 2026/02/05 17:43:27 Checking file: /tmp/blitzy/blitzy-kubernetes/blitzy5f91179c1/staging/src/k8s.io/client-go/applyconfigurations/networking/v1/ipaddress.go
[gosec] 2026/02/05 17:43:27 Checking file: /tmp/blitzy/blitzy-kubernetes/blitzy5f91179c1/staging/src/k8s.io/client-go/applyconfigurations/networking/v1/ipaddressspec.go
[gosec] 2026/02/05 17:43:27 Checking file: /tmp/blitzy/blitzy-kubernetes/blitzy5f91179c1/staging/src/k8s.io/client-go/applyconfigurations/networking/v1/ipblock.go
[gosec] 2026/02/05 17:43:28 Checking file: /tmp/blitzy/blitzy-kubernetes/blitzy5f91179c1/staging/src/k8s.io/client-go/applyconfigurations/networking/v1/networkpolicy.go
[gosec] 2026/02/05 17:43:28 Checking file: /tmp/blitzy/blitzy-kubernetes/blitzy5f91179c1/staging/src/k8s.io/client-go/applyconfigurations/networking/v1/networkpolicyegressrule.go
[gosec] 2026/02/05 17:43:28 Checking file: /tmp/blitzy/blitzy-kubernetes/blitzy5f91179c1/staging/src/k8s.io/client-go/applyconfigurations/networking/v1/networkpolicyingressrule.go
[gosec] 2026/02/05 17:43:29 Checking file: /tmp/blitzy/blitzy-kubernetes/blitzy5f91179c1/staging/src/k8s.io/client-go/applyconfigurations/networking/v1/networkpolicypeer.go
[gosec] 2026/02/05 17:43:29 Checking file: /tmp/blitzy/blitzy-kubernetes/blitzy5f91179c1/staging/src/k8s.io/client-go/applyconfigurations/networking/v1/networkpolicyport.go
[gosec] 2026/02/05 17:43:29 Checking file: /tmp/blitzy/blitzy-kubernetes/blitzy5f91179c1/staging/src/k8s.io/client-go/applyconfigurations/networking/v1/networkpolicyspec.go
[gosec] 2026/02/05 17:43:29 Checking file: /tmp/blitzy/blitzy-kubernetes/blitzy5f91179c1/staging/src/k8s.io/client-go/applyconfigurations/networking/v1/parentreference.go
[gosec] 2026/02/05 17:43:29 Checking file: /tmp/blitzy/blitzy-kubernetes/blitzy5f91179c1/staging/src/k8s.io/client-go/applyconfigurations/networking/v1/servicebackendport.go
[gosec] 2026/02/05 17:43:29 Checking file: /tmp/blitzy/blitzy-kubernetes/blitzy5f91179c1/staging/src/k8s.io/client-go/applyconfigurations/networking/v1/servicecidr.go
[gosec] 2026/02/05 17:43:30 Checking file: /tmp/blitzy/blitzy-kubernetes/blitzy5f91179c1/staging/src/k8s.io/client-go/applyconfigurations/networking/v1/servicecidrspec.go
[gosec] 2026/02/05 17:43:30 Checking file: /tmp/blitzy/blitzy-kubernetes/blitzy5f91179c1/staging/src/k8s.io/client-go/applyconfigurations/networking/v1/servicecidrstatus.go
[gosec] 2026/02/05 17:43:30 Checking package: v1beta1
[gosec] 2026/02/05 17:43:30 Checking file: /tmp/blitzy/blitzy-kubernetes/blitzy5f91179c1/staging/src/k8s.io/client-go/kubernetes/typed/networking/v1beta1/doc.go
[gosec] 2026/02/05 17:43:30 Import directory: /tmp/blitzy/blitzy-kubernetes/blitzy5f91179c1/staging/src/k8s.io/client-go/kubernetes/typed/authentication/v1beta1/fake
[gosec] 2026/02/05 17:43:30 Checking file: /tmp/blitzy/blitzy-kubernetes/blitzy5f91179c1/staging/src/k8s.io/client-go/kubernetes/typed/networking/v1beta1/generated_expansion.go
[gosec] 2026/02/05 17:43:30 Checking file: /tmp/blitzy/blitzy-kubernetes/blitzy5f91179c1/staging/src/k8s.io/client-go/kubernetes/typed/networking/v1beta1/ingress.go
[gosec] 2026/02/05 17:43:30 Checking file: /tmp/blitzy/blitzy-kubernetes/blitzy5f91179c1/staging/src/k8s.io/client-go/kubernetes/typed/networking/v1beta1/ingressclass.go
[gosec] 2026/02/05 17:43:30 Checking file: /tmp/blitzy/blitzy-kubernetes/blitzy5f91179c1/staging/src/k8s.io/client-go/kubernetes/typed/networking/v1beta1/ipaddress.go
[gosec] 2026/02/05 17:43:30 Checking file: /tmp/blitzy/blitzy-kubernetes/blitzy5f91179c1/staging/src/k8s.io/client-go/kubernetes/typed/networking/v1beta1/networking_client.go
[gosec] 2026/02/05 17:43:31 Checking file: /tmp/blitzy/blitzy-kubernetes/blitzy5f91179c1/staging/src/k8s.io/client-go/kubernetes/typed/networking/v1beta1/servicecidr.go
[gosec] 2026/02/05 17:43:31 Checking package: listers
[gosec] 2026/02/05 17:43:31 Checking file: /tmp/blitzy/blitzy-kubernetes/blitzy5f91179c1/staging/src/k8s.io/client-go/listers/doc.go
[gosec] 2026/02/05 17:43:31 Checking file: /tmp/blitzy/blitzy-kubernetes/blitzy5f91179c1/staging/src/k8s.io/client-go/listers/generic_helpers.go
[gosec] 2026/02/05 17:43:31 Import directory: /tmp/blitzy/blitzy-kubernetes/blitzy5f91179c1/staging/src/k8s.io/client-go/listers/storagemigration/v1beta1
[gosec] 2026/02/05 17:43:31 Checking package: v1beta1
[gosec] 2026/02/05 17:43:31 Checking file: /tmp/blitzy/blitzy-kubernetes/blitzy5f91179c1/staging/src/k8s.io/client-go/listers/events/v1beta1/event.go
[gosec] 2026/02/05 17:43:31 Import directory: /tmp/blitzy/blitzy-kubernetes/blitzy5f91179c1/staging/src/k8s.io/client-go/rest/watch
[gosec] 2026/02/05 17:43:31 Checking file: /tmp/blitzy/blitzy-kubernetes/blitzy5f91179c1/staging/src/k8s.io/client-go/listers/events/v1beta1/expansion_generated.go
[gosec] 2026/02/05 17:43:31 Checking package: csaupgrade
[gosec] 2026/02/05 17:43:31 Checking file: /tmp/blitzy/blitzy-kubernetes/blitzy5f91179c1/staging/src/k8s.io/client-go/util/csaupgrade/options.go
[gosec] 2026/02/05 17:43:31 Import directory: /tmp/blitzy/blitzy-kubernetes/blitzy5f91179c1/staging/src/k8s.io/client-go/transport/spdy
[gosec] 2026/02/05 17:43:31 Checking file: /tmp/blitzy/blitzy-kubernetes/blitzy5f91179c1/staging/src/k8s.io/client-go/util/csaupgrade/upgrade.go
[gosec] 2026/02/05 17:43:32 Checking package: main
[gosec] 2026/02/05 17:43:32 Checking file: /tmp/blitzy/blitzy-kubernetes/blitzy5f91179c1/staging/src/k8s.io/client-go/examples/workqueue/main.go
[gosec] 2026/02/05 17:43:32 Import directory: /tmp/blitzy/blitzy-kubernetes/blitzy5f91179c1/staging/src/k8s.io/client-go/applyconfigurations/networking/v1beta1
[gosec] 2026/02/05 17:43:32 Checking package: v1beta1
[gosec] 2026/02/05 17:43:32 Checking file: /tmp/blitzy/blitzy-kubernetes/blitzy5f91179c1/staging/src/k8s.io/client-go/informers/batch/v1beta1/cronjob.go
[gosec] 2026/02/05 17:43:32 Import directory: /tmp/blitzy/blitzy-kubernetes/blitzy5f91179c1/staging/src/k8s.io/client-go/informers/storage
[gosec] 2026/02/05 17:43:32 Checking file: /tmp/blitzy/blitzy-kubernetes/blitzy5f91179c1/staging/src/k8s.io/client-go/informers/batch/v1beta1/interface.go
[gosec] 2026/02/05 17:43:32 Checking package: discovery
[gosec] 2026/02/05 17:43:32 Checking file: /tmp/blitzy/blitzy-kubernetes/blitzy5f91179c1/staging/src/k8s.io/client-go/informers/discovery/interface.go
[gosec] 2026/02/05 17:43:32 Import directory: /tmp/blitzy/blitzy-kubernetes/blitzy5f91179c1/staging/src/k8s.io/client-go/kubernetes/typed/extensions/v1beta1
[gosec] 2026/02/05 17:43:33 Checking package: fake
[gosec] 2026/02/05 17:43:33 Checking file: /tmp/blitzy/blitzy-kubernetes/blitzy5f91179c1/staging/src/k8s.io/client-go/kubernetes/typed/authentication/v1/fake/doc.go
[gosec] 2026/02/05 17:43:33 Checking file: /tmp/blitzy/blitzy-kubernetes/blitzy5f91179c1/staging/src/k8s.io/client-go/kubernetes/typed/authentication/v1/fake/fake_authentication_client.go
[gosec] 2026/02/05 17:43:33 Import directory: /tmp/blitzy/blitzy-kubernetes/blitzy5f91179c1/staging/src/k8s.io/client-go/kubernetes/typed/node/v1beta1
[gosec] 2026/02/05 17:43:33 Checking file: /tmp/blitzy/blitzy-kubernetes/blitzy5f91179c1/staging/src/k8s.io/client-go/kubernetes/typed/authentication/v1/fake/fake_selfsubjectreview.go
[gosec] 2026/02/05 17:43:33 Checking file: /tmp/blitzy/blitzy-kubernetes/blitzy5f91179c1/staging/src/k8s.io/client-go/kubernetes/typed/authentication/v1/fake/fake_tokenreview.go
[gosec] 2026/02/05 17:43:33 Checking package: fake
[gosec] 2026/02/05 17:43:33 Checking file: /tmp/blitzy/blitzy-kubernetes/blitzy5f91179c1/staging/src/k8s.io/client-go/kubernetes/typed/authentication/v1beta1/fake/doc.go
[gosec] 2026/02/05 17:43:33 Import directory: /tmp/blitzy/blitzy-kubernetes/blitzy5f91179c1/staging/src/k8s.io/client-go/listers/certificates/v1alpha1
[gosec] 2026/02/05 17:43:33 Checking file: /tmp/blitzy/blitzy-kubernetes/blitzy5f91179c1/staging/src/k8s.io/client-go/kubernetes/typed/authentication/v1beta1/fake/fake_authentication_client.go
[gosec] 2026/02/05 17:43:33 Checking file: /tmp/blitzy/blitzy-kubernetes/blitzy5f91179c1/staging/src/k8s.io/client-go/kubernetes/typed/authentication/v1beta1/fake/fake_selfsubjectreview.go
[gosec] 2026/02/05 17:43:33 Checking file: /tmp/blitzy/blitzy-kubernetes/blitzy5f91179c1/staging/src/k8s.io/client-go/kubernetes/typed/authentication/v1beta1/fake/fake_tokenreview.go
[gosec] 2026/02/05 17:43:33 Checking package: v1beta1
[gosec] 2026/02/05 17:43:33 Checking file: /tmp/blitzy/blitzy-kubernetes/blitzy5f91179c1/staging/src/k8s.io/client-go/listers/storagemigration/v1beta1/expansion_generated.go
[gosec] 2026/02/05 17:43:33 Import directory: /tmp/blitzy/blitzy-kubernetes/blitzy5f91179c1/staging/src/k8s.io/client-go/listers/scheduling/v1
[gosec] 2026/02/05 17:43:33 Checking file: /tmp/blitzy/blitzy-kubernetes/blitzy5f91179c1/staging/src/k8s.io/client-go/listers/storagemigration/v1beta1/storageversionmigration.go
[gosec] 2026/02/05 17:43:33 Checking package: watch
[gosec] 2026/02/05 17:43:33 Checking file: /tmp/blitzy/blitzy-kubernetes/blitzy5f91179c1/staging/src/k8s.io/client-go/rest/watch/decoder.go
[gosec] 2026/02/05 17:43:33 Import directory: /tmp/blitzy/blitzy-kubernetes/blitzy5f91179c1/staging/src/k8s.io/client-go/tools/leaderelection/resourcelock
[gosec] 2026/02/05 17:43:33 Checking file: /tmp/blitzy/blitzy-kubernetes/blitzy5f91179c1/staging/src/k8s.io/client-go/rest/watch/encoder.go
[gosec] 2026/02/05 17:43:33 Checking package: spdy
[gosec] 2026/02/05 17:43:33 Checking file: /tmp/blitzy/blitzy-kubernetes/blitzy5f91179c1/staging/src/k8s.io/client-go/transport/spdy/spdy.go
[gosec] 2026/02/05 17:43:33 Import directory: /tmp/blitzy/blitzy-kubernetes/blitzy5f91179c1/staging/src/k8s.io/client-go/tools/metrics
[gosec] 2026/02/05 17:43:34 Checking package: v1beta1
[gosec] 2026/02/05 17:43:34 Checking file: /tmp/blitzy/blitzy-kubernetes/blitzy5f91179c1/staging/src/k8s.io/client-go/applyconfigurations/networking/v1beta1/httpingresspath.go
[gosec] 2026/02/05 17:43:34 Import directory: /tmp/blitzy/blitzy-kubernetes/blitzy5f91179c1/staging/src/k8s.io/client-go/informers/autoscaling/v1
[gosec] 2026/02/05 17:43:34 Checking file: /tmp/blitzy/blitzy-kubernetes/blitzy5f91179c1/staging/src/k8s.io/client-go/applyconfigurations/networking/v1beta1/httpingressrulevalue.go
[gosec] 2026/02/05 17:43:34 Checking file: /tmp/blitzy/blitzy-kubernetes/blitzy5f91179c1/staging/src/k8s.io/client-go/applyconfigurations/networking/v1beta1/ingress.go
[gosec] 2026/02/05 17:43:35 Checking file: /tmp/blitzy/blitzy-kubernetes/blitzy5f91179c1/staging/src/k8s.io/client-go/applyconfigurations/networking/v1beta1/ingressbackend.go
[gosec] 2026/02/05 17:43:35 Checking file: /tmp/blitzy/blitzy-kubernetes/blitzy5f91179c1/staging/src/k8s.io/client-go/applyconfigurations/networking/v1beta1/ingressclass.go
[gosec] 2026/02/05 17:43:35 Checking file: /tmp/blitzy/blitzy-kubernetes/blitzy5f91179c1/staging/src/k8s.io/client-go/applyconfigurations/networking/v1beta1/ingressclassparametersreference.go
[gosec] 2026/02/05 17:43:36 Checking file: /tmp/blitzy/blitzy-kubernetes/blitzy5f91179c1/staging/src/k8s.io/client-go/applyconfigurations/networking/v1beta1/ingressclassspec.go
[gosec] 2026/02/05 17:43:36 Checking file: /tmp/blitzy/blitzy-kubernetes/blitzy5f91179c1/staging/src/k8s.io/client-go/applyconfigurations/networking/v1beta1/ingressloadbalanceringress.go
[gosec] 2026/02/05 17:43:36 Checking file: /tmp/blitzy/blitzy-kubernetes/blitzy5f91179c1/staging/src/k8s.io/client-go/applyconfigurations/networking/v1beta1/ingressloadbalancerstatus.go
[gosec] 2026/02/05 17:43:36 Checking file: /tmp/blitzy/blitzy-kubernetes/blitzy5f91179c1/staging/src/k8s.io/client-go/applyconfigurations/networking/v1beta1/ingressportstatus.go
[gosec] 2026/02/05 17:43:36 Checking file: /tmp/blitzy/blitzy-kubernetes/blitzy5f91179c1/staging/src/k8s.io/client-go/applyconfigurations/networking/v1beta1/ingressrule.go
[gosec] 2026/02/05 17:43:36 Checking file: /tmp/blitzy/blitzy-kubernetes/blitzy5f91179c1/staging/src/k8s.io/client-go/applyconfigurations/networking/v1beta1/ingressrulevalue.go
[gosec] 2026/02/05 17:43:36 Checking file: /tmp/blitzy/blitzy-kubernetes/blitzy5f91179c1/staging/src/k8s.io/client-go/applyconfigurations/networking/v1beta1/ingressspec.go
[gosec] 2026/02/05 17:43:36 Checking file: /tmp/blitzy/blitzy-kubernetes/blitzy5f91179c1/staging/src/k8s.io/client-go/applyconfigurations/networking/v1beta1/ingressstatus.go
[gosec] 2026/02/05 17:43:36 Checking file: /tmp/blitzy/blitzy-kubernetes/blitzy5f91179c1/staging/src/k8s.io/client-go/applyconfigurations/networking/v1beta1/ingresstls.go
[gosec] 2026/02/05 17:43:36 Checking file: /tmp/blitzy/blitzy-kubernetes/blitzy5f91179c1/staging/src/k8s.io/client-go/applyconfigurations/networking/v1beta1/ipaddress.go
[gosec] 2026/02/05 17:43:37 Checking file: /tmp/blitzy/blitzy-kubernetes/blitzy5f91179c1/staging/src/k8s.io/client-go/applyconfigurations/networking/v1beta1/ipaddressspec.go
[gosec] 2026/02/05 17:43:37 Checking file: /tmp/blitzy/blitzy-kubernetes/blitzy5f91179c1/staging/src/k8s.io/client-go/applyconfigurations/networking/v1beta1/parentreference.go
[gosec] 2026/02/05 17:43:37 Checking file: /tmp/blitzy/blitzy-kubernetes/blitzy5f91179c1/staging/src/k8s.io/client-go/applyconfigurations/networking/v1beta1/servicecidr.go
[gosec] 2026/02/05 17:43:38 Checking file: /tmp/blitzy/blitzy-kubernetes/blitzy5f91179c1/staging/src/k8s.io/client-go/applyconfigurations/networking/v1beta1/servicecidrspec.go
[gosec] 2026/02/05 17:43:38 Checking file: /tmp/blitzy/blitzy-kubernetes/blitzy5f91179c1/staging/src/k8s.io/client-go/applyconfigurations/networking/v1beta1/servicecidrstatus.go
[gosec] 2026/02/05 17:43:38 Checking package: storage
[gosec] 2026/02/05 17:43:38 Checking file: /tmp/blitzy/blitzy-kubernetes/blitzy5f91179c1/staging/src/k8s.io/client-go/informers/storage/interface.go
[gosec] 2026/02/05 17:43:38 Import directory: /tmp/blitzy/blitzy-kubernetes/blitzy5f91179c1/staging/src/k8s.io/client-go/kubernetes/typed/apps/v1beta1
[gosec] 2026/02/05 17:43:38 Checking package: v1beta1
[gosec] 2026/02/05 17:43:38 Checking file: /tmp/blitzy/blitzy-kubernetes/blitzy5f91179c1/staging/src/k8s.io/client-go/kubernetes/typed/node/v1beta1/doc.go
[gosec] 2026/02/05 17:43:38 Import directory: /tmp/blitzy/blitzy-kubernetes/blitzy5f91179c1/staging/src/k8s.io/client-go/kubernetes/typed/authentication/v1
[gosec] 2026/02/05 17:43:38 Checking file: /tmp/blitzy/blitzy-kubernetes/blitzy5f91179c1/staging/src/k8s.io/client-go/kubernetes/typed/node/v1beta1/generated_expansion.go
[gosec] 2026/02/05 17:43:38 Checking file: /tmp/blitzy/blitzy-kubernetes/blitzy5f91179c1/staging/src/k8s.io/client-go/kubernetes/typed/node/v1beta1/node_client.go
[gosec] 2026/02/05 17:43:39 Checking file: /tmp/blitzy/blitzy-kubernetes/blitzy5f91179c1/staging/src/k8s.io/client-go/kubernetes/typed/node/v1beta1/runtimeclass.go
[gosec] 2026/02/05 17:43:39 Checking package: v1alpha1
[gosec] 2026/02/05 17:43:39 Checking file: /tmp/blitzy/blitzy-kubernetes/blitzy5f91179c1/staging/src/k8s.io/client-go/listers/certificates/v1alpha1/clustertrustbundle.go
[gosec] 2026/02/05 17:43:39 Import directory: /tmp/blitzy/blitzy-kubernetes/blitzy5f91179c1/staging/src/k8s.io/client-go/kubernetes/typed/authorization/v1
[gosec] 2026/02/05 17:43:39 Checking file: /tmp/blitzy/blitzy-kubernetes/blitzy5f91179c1/staging/src/k8s.io/client-go/listers/certificates/v1alpha1/expansion_generated.go
[gosec] 2026/02/05 17:43:39 Checking package: v1beta1
[gosec] 2026/02/05 17:43:39 Checking file: /tmp/blitzy/blitzy-kubernetes/blitzy5f91179c1/staging/src/k8s.io/client-go/kubernetes/typed/extensions/v1beta1/daemonset.go
[gosec] 2026/02/05 17:43:39 Import directory: /tmp/blitzy/blitzy-kubernetes/blitzy5f91179c1/staging/src/k8s.io/client-go/kubernetes/typed/scheduling/v1beta1/fake
[gosec] 2026/02/05 17:43:39 Checking file: /tmp/blitzy/blitzy-kubernetes/blitzy5f91179c1/staging/src/k8s.io/client-go/kubernetes/typed/extensions/v1beta1/deployment.go
[gosec] 2026/02/05 17:43:39 Checking file: /tmp/blitzy/blitzy-kubernetes/blitzy5f91179c1/staging/src/k8s.io/client-go/kubernetes/typed/extensions/v1beta1/deployment_expansion.go
[gosec] 2026/02/05 17:43:39 Checking file: /tmp/blitzy/blitzy-kubernetes/blitzy5f91179c1/staging/src/k8s.io/client-go/kubernetes/typed/extensions/v1beta1/doc.go
[gosec] 2026/02/05 17:43:39 Checking file: /tmp/blitzy/blitzy-kubernetes/blitzy5f91179c1/staging/src/k8s.io/client-go/kubernetes/typed/extensions/v1beta1/extensions_client.go
[gosec] 2026/02/05 17:43:40 Checking file: /tmp/blitzy/blitzy-kubernetes/blitzy5f91179c1/staging/src/k8s.io/client-go/kubernetes/typed/extensions/v1beta1/generated_expansion.go
[gosec] 2026/02/05 17:43:40 Checking file: /tmp/blitzy/blitzy-kubernetes/blitzy5f91179c1/staging/src/k8s.io/client-go/kubernetes/typed/extensions/v1beta1/ingress.go
[gosec] 2026/02/05 17:43:40 Checking file: /tmp/blitzy/blitzy-kubernetes/blitzy5f91179c1/staging/src/k8s.io/client-go/kubernetes/typed/extensions/v1beta1/networkpolicy.go
[gosec] 2026/02/05 17:43:40 Checking file: /tmp/blitzy/blitzy-kubernetes/blitzy5f91179c1/staging/src/k8s.io/client-go/kubernetes/typed/extensions/v1beta1/replicaset.go
[gosec] 2026/02/05 17:43:40 Checking package: v1
[gosec] 2026/02/05 17:43:40 Checking file: /tmp/blitzy/blitzy-kubernetes/blitzy5f91179c1/staging/src/k8s.io/client-go/listers/scheduling/v1/expansion_generated.go
[gosec] 2026/02/05 17:43:40 Checking file: /tmp/blitzy/blitzy-kubernetes/blitzy5f91179c1/staging/src/k8s.io/client-go/listers/scheduling/v1/priorityclass.go
[gosec] 2026/02/05 17:43:40 Import directory: /tmp/blitzy/blitzy-kubernetes/blitzy5f91179c1/staging/src/k8s.io/client-go/util/consistencydetector
[gosec] 2026/02/05 17:43:40 Checking package: metrics
[gosec] 2026/02/05 17:43:40 Checking file: /tmp/blitzy/blitzy-kubernetes/blitzy5f91179c1/staging/src/k8s.io/client-go/tools/metrics/metrics.go
[gosec] 2026/02/05 17:43:40 Import directory: /tmp/blitzy/blitzy-kubernetes/blitzy5f91179c1/staging/src/k8s.io/client-go/informers/certificates/v1alpha1
[gosec] 2026/02/05 17:43:40 Checking package: resourcelock
[gosec] 2026/02/05 17:43:40 Checking file: /tmp/blitzy/blitzy-kubernetes/blitzy5f91179c1/staging/src/k8s.io/client-go/tools/leaderelection/resourcelock/interface.go
[gosec] 2026/02/05 17:43:40 Import directory: /tmp/blitzy/blitzy-kubernetes/blitzy5f91179c1/staging/src/k8s.io/client-go/kubernetes/typed/batch/v1beta1
[gosec] 2026/02/05 17:43:40 Checking file: /tmp/blitzy/blitzy-kubernetes/blitzy5f91179c1/staging/src/k8s.io/client-go/tools/leaderelection/resourcelock/leaselock.go
[gosec] 2026/02/05 17:43:41 Checking file: /tmp/blitzy/blitzy-kubernetes/blitzy5f91179c1/staging/src/k8s.io/client-go/tools/leaderelection/resourcelock/multilock.go
[gosec] 2026/02/05 17:43:41 Checking package: v1
[gosec] 2026/02/05 17:43:41 Checking file: /tmp/blitzy/blitzy-kubernetes/blitzy5f91179c1/staging/src/k8s.io/client-go/informers/autoscaling/v1/horizontalpodautoscaler.go
[gosec] 2026/02/05 17:43:41 Import directory: /tmp/blitzy/blitzy-kubernetes/blitzy5f91179c1/staging/src/k8s.io/client-go/listers/policy/v1
[gosec] 2026/02/05 17:43:41 Checking file: /tmp/blitzy/blitzy-kubernetes/blitzy5f91179c1/staging/src/k8s.io/client-go/informers/autoscaling/v1/interface.go
[gosec] 2026/02/05 17:43:41 Checking package: v1
[gosec] 2026/02/05 17:43:41 Checking file: /tmp/blitzy/blitzy-kubernetes/blitzy5f91179c1/staging/src/k8s.io/client-go/kubernetes/typed/authentication/v1/authentication_client.go
[gosec] 2026/02/05 17:43:41 Import directory: /tmp/blitzy/blitzy-kubernetes/blitzy5f91179c1/staging/src/k8s.io/client-go/transport/websocket
[gosec] 2026/02/05 17:43:42 Checking file: /tmp/blitzy/blitzy-kubernetes/blitzy5f91179c1/staging/src/k8s.io/client-go/kubernetes/typed/authentication/v1/doc.go
[gosec] 2026/02/05 17:43:42 Checking file: /tmp/blitzy/blitzy-kubernetes/blitzy5f91179c1/staging/src/k8s.io/client-go/kubernetes/typed/authentication/v1/generated_expansion.go
[gosec] 2026/02/05 17:43:42 Checking file: /tmp/blitzy/blitzy-kubernetes/blitzy5f91179c1/staging/src/k8s.io/client-go/kubernetes/typed/authentication/v1/selfsubjectreview.go
[gosec] 2026/02/05 17:43:42 Checking file: /tmp/blitzy/blitzy-kubernetes/blitzy5f91179c1/staging/src/k8s.io/client-go/kubernetes/typed/authentication/v1/tokenreview.go
[gosec] 2026/02/05 17:43:42 Checking package: v1beta1
[gosec] 2026/02/05 17:43:42 Checking file: /tmp/blitzy/blitzy-kubernetes/blitzy5f91179c1/staging/src/k8s.io/client-go/kubernetes/typed/apps/v1beta1/apps_client.go
[gosec] 2026/02/05 17:43:42 Import directory: /tmp/blitzy/blitzy-kubernetes/blitzy5f91179c1/staging/src/k8s.io/client-go/applyconfigurations/certificates/v1beta1
[gosec] 2026/02/05 17:43:42 Checking file: /tmp/blitzy/blitzy-kubernetes/blitzy5f91179c1/staging/src/k8s.io/client-go/kubernetes/typed/apps/v1beta1/controllerrevision.go
[gosec] 2026/02/05 17:43:42 Checking file: /tmp/blitzy/blitzy-kubernetes/blitzy5f91179c1/staging/src/k8s.io/client-go/kubernetes/typed/apps/v1beta1/deployment.go
[gosec] 2026/02/05 17:43:42 Checking file: /tmp/blitzy/blitzy-kubernetes/blitzy5f91179c1/staging/src/k8s.io/client-go/kubernetes/typed/apps/v1beta1/doc.go
[gosec] 2026/02/05 17:43:42 Checking file: /tmp/blitzy/blitzy-kubernetes/blitzy5f91179c1/staging/src/k8s.io/client-go/kubernetes/typed/apps/v1beta1/generated_expansion.go
[gosec] 2026/02/05 17:43:42 Checking file: /tmp/blitzy/blitzy-kubernetes/blitzy5f91179c1/staging/src/k8s.io/client-go/kubernetes/typed/apps/v1beta1/statefulset.go
[gosec] 2026/02/05 17:43:43 Checking package: v1
[gosec] 2026/02/05 17:43:43 Checking file: /tmp/blitzy/blitzy-kubernetes/blitzy5f91179c1/staging/src/k8s.io/client-go/kubernetes/typed/authorization/v1/authorization_client.go
[gosec] 2026/02/05 17:43:43 Import directory: /tmp/blitzy/blitzy-kubernetes/blitzy5f91179c1/staging/src/k8s.io/client-go/informers/coordination/v1
[gosec] 2026/02/05 17:43:43 Checking file: /tmp/blitzy/blitzy-kubernetes/blitzy5f91179c1/staging/src/k8s.io/client-go/kubernetes/typed/authorization/v1/doc.go
[gosec] 2026/02/05 17:43:43 Checking file: /tmp/blitzy/blitzy-kubernetes/blitzy5f91179c1/staging/src/k8s.io/client-go/kubernetes/typed/authorization/v1/generated_expansion.go
[gosec] 2026/02/05 17:43:43 Checking file: /tmp/blitzy/blitzy-kubernetes/blitzy5f91179c1/staging/src/k8s.io/client-go/kubernetes/typed/authorization/v1/localsubjectaccessreview.go
[gosec] 2026/02/05 17:43:43 Checking file: /tmp/blitzy/blitzy-kubernetes/blitzy5f91179c1/staging/src/k8s.io/client-go/kubernetes/typed/authorization/v1/selfsubjectaccessreview.go
[gosec] 2026/02/05 17:43:43 Checking file: /tmp/blitzy/blitzy-kubernetes/blitzy5f91179c1/staging/src/k8s.io/client-go/kubernetes/typed/authorization/v1/selfsubjectrulesreview.go
[gosec] 2026/02/05 17:43:43 Checking file: /tmp/blitzy/blitzy-kubernetes/blitzy5f91179c1/staging/src/k8s.io/client-go/kubernetes/typed/authorization/v1/subjectaccessreview.go
[gosec] 2026/02/05 17:43:43 Checking package: fake
[gosec] 2026/02/05 17:43:43 Checking file: /tmp/blitzy/blitzy-kubernetes/blitzy5f91179c1/staging/src/k8s.io/client-go/kubernetes/typed/scheduling/v1beta1/fake/doc.go
[gosec] 2026/02/05 17:43:43 Checking file: /tmp/blitzy/blitzy-kubernetes/blitzy5f91179c1/staging/src/k8s.io/client-go/kubernetes/typed/scheduling/v1beta1/fake/fake_priorityclass.go
[gosec] 2026/02/05 17:43:43 Import directory: /tmp/blitzy/blitzy-kubernetes/blitzy5f91179c1/staging/src/k8s.io/client-go/informers/discovery/v1
[gosec] 2026/02/05 17:43:43 Checking file: /tmp/blitzy/blitzy-kubernetes/blitzy5f91179c1/staging/src/k8s.io/client-go/kubernetes/typed/scheduling/v1beta1/fake/fake_scheduling_client.go
[gosec] 2026/02/05 17:43:43 Checking package: consistencydetector
[gosec] 2026/02/05 17:43:43 Checking file: /tmp/blitzy/blitzy-kubernetes/blitzy5f91179c1/staging/src/k8s.io/client-go/util/consistencydetector/data_consistency_detector.go
[gosec] 2026/02/05 17:43:43 Import directory: /tmp/blitzy/blitzy-kubernetes/blitzy5f91179c1/staging/src/k8s.io/client-go/informers
[gosec] 2026/02/05 17:43:44 Checking package: v1beta1
[gosec] 2026/02/05 17:43:44 Checking file: /tmp/blitzy/blitzy-kubernetes/blitzy5f91179c1/staging/src/k8s.io/client-go/kubernetes/typed/batch/v1beta1/batch_client.go
[gosec] 2026/02/05 17:43:44 Import directory: /tmp/blitzy/blitzy-kubernetes/blitzy5f91179c1/staging/src/k8s.io/client-go/kubernetes/typed/admissionregistration/v1
[gosec] 2026/02/05 17:43:44 Checking file: /tmp/blitzy/blitzy-kubernetes/blitzy5f91179c1/staging/src/k8s.io/client-go/kubernetes/typed/batch/v1beta1/cronjob.go
[gosec] 2026/02/05 17:43:44 Checking file: /tmp/blitzy/blitzy-kubernetes/blitzy5f91179c1/staging/src/k8s.io/client-go/kubernetes/typed/batch/v1beta1/doc.go
[gosec] 2026/02/05 17:43:44 Checking file: /tmp/blitzy/blitzy-kubernetes/blitzy5f91179c1/staging/src/k8s.io/client-go/kubernetes/typed/batch/v1beta1/generated_expansion.go
[gosec] 2026/02/05 17:43:44 Checking package: v1alpha1
[gosec] 2026/02/05 17:43:44 Checking file: /tmp/blitzy/blitzy-kubernetes/blitzy5f91179c1/staging/src/k8s.io/client-go/informers/certificates/v1alpha1/clustertrustbundle.go
[gosec] 2026/02/05 17:43:44 Import directory: /tmp/blitzy/blitzy-kubernetes/blitzy5f91179c1/staging/src/k8s.io/client-go/kubernetes/typed/certificates/v1/fake
[gosec] 2026/02/05 17:43:44 Checking file: /tmp/blitzy/blitzy-kubernetes/blitzy5f91179c1/staging/src/k8s.io/client-go/informers/certificates/v1alpha1/interface.go
[gosec] 2026/02/05 17:43:45 Checking package: v1
[gosec] 2026/02/05 17:43:45 Checking file: /tmp/blitzy/blitzy-kubernetes/blitzy5f91179c1/staging/src/k8s.io/client-go/listers/policy/v1/eviction.go
[gosec] 2026/02/05 17:43:45 Import directory: /tmp/blitzy/blitzy-kubernetes/blitzy5f91179c1/staging/src/k8s.io/client-go/kubernetes/typed/node/v1
[gosec] 2026/02/05 17:43:45 Checking file: /tmp/blitzy/blitzy-kubernetes/blitzy5f91179c1/staging/src/k8s.io/client-go/listers/policy/v1/expansion_generated.go
[gosec] 2026/02/05 17:43:45 Checking file: /tmp/blitzy/blitzy-kubernetes/blitzy5f91179c1/staging/src/k8s.io/client-go/listers/policy/v1/poddisruptionbudget.go
[gosec] 2026/02/05 17:43:45 Checking file: /tmp/blitzy/blitzy-kubernetes/blitzy5f91179c1/staging/src/k8s.io/client-go/listers/policy/v1/poddisruptionbudget_expansion.go
[gosec] 2026/02/05 17:43:45 Checking package: websocket
[gosec] 2026/02/05 17:43:45 Checking file: /tmp/blitzy/blitzy-kubernetes/blitzy5f91179c1/staging/src/k8s.io/client-go/transport/websocket/roundtripper.go
[gosec] 2026/02/05 17:43:45 Import directory: /tmp/blitzy/blitzy-kubernetes/blitzy5f91179c1/staging/src/k8s.io/client-go/kubernetes/typed/rbac/v1
[gosec] 2026/02/05 17:43:45 Checking package: v1beta1
[gosec] 2026/02/05 17:43:45 Checking file: /tmp/blitzy/blitzy-kubernetes/blitzy5f91179c1/staging/src/k8s.io/client-go/applyconfigurations/certificates/v1beta1/certificatesigningrequest.go
[gosec] 2026/02/05 17:43:45 Import directory: /tmp/blitzy/blitzy-kubernetes/blitzy5f91179c1/staging/src/k8s.io/client-go/examples/out-of-cluster-client-configuration
[gosec] 2026/02/05 17:43:46 Checking file: /tmp/blitzy/blitzy-kubernetes/blitzy5f91179c1/staging/src/k8s.io/client-go/applyconfigurations/certificates/v1beta1/certificatesigningrequestcondition.go
[gosec] 2026/02/05 17:43:46 Checking file: /tmp/blitzy/blitzy-kubernetes/blitzy5f91179c1/staging/src/k8s.io/client-go/applyconfigurations/certificates/v1beta1/certificatesigningrequestspec.go
[gosec] 2026/02/05 17:43:47 Checking file: /tmp/blitzy/blitzy-kubernetes/blitzy5f91179c1/staging/src/k8s.io/client-go/applyconfigurations/certificates/v1beta1/certificatesigningrequeststatus.go
[gosec] 2026/02/05 17:43:47 Checking file: /tmp/blitzy/blitzy-kubernetes/blitzy5f91179c1/staging/src/k8s.io/client-go/applyconfigurations/certificates/v1beta1/clustertrustbundle.go
[gosec] 2026/02/05 17:43:47 Checking file: /tmp/blitzy/blitzy-kubernetes/blitzy5f91179c1/staging/src/k8s.io/client-go/applyconfigurations/certificates/v1beta1/clustertrustbundlespec.go
[gosec] 2026/02/05 17:43:47 Checking file: /tmp/blitzy/blitzy-kubernetes/blitzy5f91179c1/staging/src/k8s.io/client-go/applyconfigurations/certificates/v1beta1/podcertificaterequest.go
[gosec] 2026/02/05 17:43:48 Checking file: /tmp/blitzy/blitzy-kubernetes/blitzy5f91179c1/staging/src/k8s.io/client-go/applyconfigurations/certificates/v1beta1/podcertificaterequestspec.go
[gosec] 2026/02/05 17:43:49 Checking file: /tmp/blitzy/blitzy-kubernetes/blitzy5f91179c1/staging/src/k8s.io/client-go/applyconfigurations/certificates/v1beta1/podcertificaterequeststatus.go
[gosec] 2026/02/05 17:43:49 Checking package: v1
[gosec] 2026/02/05 17:43:49 Checking file: /tmp/blitzy/blitzy-kubernetes/blitzy5f91179c1/staging/src/k8s.io/client-go/informers/coordination/v1/interface.go
[gosec] 2026/02/05 17:43:49 Import directory: /tmp/blitzy/blitzy-kubernetes/blitzy5f91179c1/staging/src/k8s.io/client-go/informers/storage/v1alpha1
[gosec] 2026/02/05 17:43:49 Checking file: /tmp/blitzy/blitzy-kubernetes/blitzy5f91179c1/staging/src/k8s.io/client-go/informers/coordination/v1/lease.go
[gosec] 2026/02/05 17:43:49 Checking package: v1
[gosec] 2026/02/05 17:43:49 Checking file: /tmp/blitzy/blitzy-kubernetes/blitzy5f91179c1/staging/src/k8s.io/client-go/informers/discovery/v1/endpointslice.go
[gosec] 2026/02/05 17:43:49 Import directory: /tmp/blitzy/blitzy-kubernetes/blitzy5f91179c1/staging/src/k8s.io/client-go/kubernetes/typed/authorization/v1beta1
[gosec] 2026/02/05 17:43:50 Checking file: /tmp/blitzy/blitzy-kubernetes/blitzy5f91179c1/staging/src/k8s.io/client-go/informers/discovery/v1/interface.go
[gosec] 2026/02/05 17:43:50 Checking package: v1
[gosec] 2026/02/05 17:43:50 Checking file: /tmp/blitzy/blitzy-kubernetes/blitzy5f91179c1/staging/src/k8s.io/client-go/kubernetes/typed/admissionregistration/v1/admissionregistration_client.go
[gosec] 2026/02/05 17:43:50 Import directory: /tmp/blitzy/blitzy-kubernetes/blitzy5f91179c1/staging/src/k8s.io/client-go/kubernetes/typed/autoscaling/v2beta1/fake
[gosec] 2026/02/05 17:43:50 Checking file: /tmp/blitzy/blitzy-kubernetes/blitzy5f91179c1/staging/src/k8s.io/client-go/kubernetes/typed/admissionregistration/v1/doc.go
[gosec] 2026/02/05 17:43:50 Checking file: /tmp/blitzy/blitzy-kubernetes/blitzy5f91179c1/staging/src/k8s.io/client-go/kubernetes/typed/admissionregistration/v1/generated_expansion.go
[gosec] 2026/02/05 17:43:50 Checking file: /tmp/blitzy/blitzy-kubernetes/blitzy5f91179c1/staging/src/k8s.io/client-go/kubernetes/typed/admissionregistration/v1/mutatingwebhookconfiguration.go
[gosec] 2026/02/05 17:43:50 Checking file: /tmp/blitzy/blitzy-kubernetes/blitzy5f91179c1/staging/src/k8s.io/client-go/kubernetes/typed/admissionregistration/v1/validatingadmissionpolicy.go
[gosec] 2026/02/05 17:43:50 Checking file: /tmp/blitzy/blitzy-kubernetes/blitzy5f91179c1/staging/src/k8s.io/client-go/kubernetes/typed/admissionregistration/v1/validatingadmissionpolicybinding.go
[gosec] 2026/02/05 17:43:50 Checking file: /tmp/blitzy/blitzy-kubernetes/blitzy5f91179c1/staging/src/k8s.io/client-go/kubernetes/typed/admissionregistration/v1/validatingwebhookconfiguration.go
[gosec] 2026/02/05 17:43:50 Checking package: fake
[gosec] 2026/02/05 17:43:50 Checking file: /tmp/blitzy/blitzy-kubernetes/blitzy5f91179c1/staging/src/k8s.io/client-go/kubernetes/typed/certificates/v1/fake/doc.go
[gosec] 2026/02/05 17:43:50 Checking file: /tmp/blitzy/blitzy-kubernetes/blitzy5f91179c1/staging/src/k8s.io/client-go/kubernetes/typed/certificates/v1/fake/fake_certificates_client.go
[gosec] 2026/02/05 17:43:50 Import directory: /tmp/blitzy/blitzy-kubernetes/blitzy5f91179c1/staging/src/k8s.io/client-go/listers/apps/v1beta2
[gosec] 2026/02/05 17:43:50 Checking file: /tmp/blitzy/blitzy-kubernetes/blitzy5f91179c1/staging/src/k8s.io/client-go/kubernetes/typed/certificates/v1/fake/fake_certificatesigningrequest.go
[gosec] 2026/02/05 17:43:51 Checking package: v1
[gosec] 2026/02/05 17:43:51 Checking file: /tmp/blitzy/blitzy-kubernetes/blitzy5f91179c1/staging/src/k8s.io/client-go/kubernetes/typed/node/v1/doc.go
[gosec] 2026/02/05 17:43:51 Checking file: /tmp/blitzy/blitzy-kubernetes/blitzy5f91179c1/staging/src/k8s.io/client-go/kubernetes/typed/node/v1/generated_expansion.go
[gosec] 2026/02/05 17:43:51 Import directory: /tmp/blitzy/blitzy-kubernetes/blitzy5f91179c1/staging/src/k8s.io/client-go/listers/extensions/v1beta1
[gosec] 2026/02/05 17:43:51 Checking file: /tmp/blitzy/blitzy-kubernetes/blitzy5f91179c1/staging/src/k8s.io/client-go/kubernetes/typed/node/v1/node_client.go
[gosec] 2026/02/05 17:43:51 Checking file: /tmp/blitzy/blitzy-kubernetes/blitzy5f91179c1/staging/src/k8s.io/client-go/kubernetes/typed/node/v1/runtimeclass.go
[gosec] 2026/02/05 17:43:51 Checking package: v1
[gosec] 2026/02/05 17:43:51 Checking file: /tmp/blitzy/blitzy-kubernetes/blitzy5f91179c1/staging/src/k8s.io/client-go/kubernetes/typed/rbac/v1/clusterrole.go
[gosec] 2026/02/05 17:43:51 Import directory: /tmp/blitzy/blitzy-kubernetes/blitzy5f91179c1/staging/src/k8s.io/client-go/listers/resource/v1beta1
[gosec] 2026/02/05 17:43:51 Checking file: /tmp/blitzy/blitzy-kubernetes/blitzy5f91179c1/staging/src/k8s.io/client-go/kubernetes/typed/rbac/v1/clusterrolebinding.go
[gosec] 2026/02/05 17:43:51 Checking file: /tmp/blitzy/blitzy-kubernetes/blitzy5f91179c1/staging/src/k8s.io/client-go/kubernetes/typed/rbac/v1/doc.go
[gosec] 2026/02/05 17:43:51 Checking file: /tmp/blitzy/blitzy-kubernetes/blitzy5f91179c1/staging/src/k8s.io/client-go/kubernetes/typed/rbac/v1/generated_expansion.go
[gosec] 2026/02/05 17:43:51 Checking file: /tmp/blitzy/blitzy-kubernetes/blitzy5f91179c1/staging/src/k8s.io/client-go/kubernetes/typed/rbac/v1/rbac_client.go
[gosec] 2026/02/05 17:43:52 Checking file: /tmp/blitzy/blitzy-kubernetes/blitzy5f91179c1/staging/src/k8s.io/client-go/kubernetes/typed/rbac/v1/role.go
[gosec] 2026/02/05 17:43:52 Checking file: /tmp/blitzy/blitzy-kubernetes/blitzy5f91179c1/staging/src/k8s.io/client-go/kubernetes/typed/rbac/v1/rolebinding.go
[gosec] 2026/02/05 17:43:52 Checking package: informers
[gosec] 2026/02/05 17:43:52 Checking file: /tmp/blitzy/blitzy-kubernetes/blitzy5f91179c1/staging/src/k8s.io/client-go/informers/doc.go
[gosec] 2026/02/05 17:43:52 Import directory: /tmp/blitzy/blitzy-kubernetes/blitzy5f91179c1/staging/src/k8s.io/client-go/openapi/openapitest
[gosec] 2026/02/05 17:43:52 Checking file: /tmp/blitzy/blitzy-kubernetes/blitzy5f91179c1/staging/src/k8s.io/client-go/informers/factory.go
[gosec] 2026/02/05 17:43:52 Checking file: /tmp/blitzy/blitzy-kubernetes/blitzy5f91179c1/staging/src/k8s.io/client-go/informers/generic.go
[gosec] 2026/02/05 17:43:57 Checking package: main
[gosec] 2026/02/05 17:43:57 Checking file: /tmp/blitzy/blitzy-kubernetes/blitzy5f91179c1/staging/src/k8s.io/client-go/examples/out-of-cluster-client-configuration/main.go
[gosec] 2026/02/05 17:43:57 Import directory: /tmp/blitzy/blitzy-kubernetes/blitzy5f91179c1/staging/src/k8s.io/client-go/applyconfigurations/node/v1alpha1
[gosec] 2026/02/05 17:43:57 Checking package: v1alpha1
[gosec] 2026/02/05 17:43:57 Checking file: /tmp/blitzy/blitzy-kubernetes/blitzy5f91179c1/staging/src/k8s.io/client-go/informers/storage/v1alpha1/csistoragecapacity.go
[gosec] 2026/02/05 17:43:57 Import directory: /tmp/blitzy/blitzy-kubernetes/blitzy5f91179c1/staging/src/k8s.io/client-go/applyconfigurations/storage/v1beta1
[gosec] 2026/02/05 17:43:58 Checking file: /tmp/blitzy/blitzy-kubernetes/blitzy5f91179c1/staging/src/k8s.io/client-go/informers/storage/v1alpha1/interface.go
[gosec] 2026/02/05 17:43:58 Checking file: /tmp/blitzy/blitzy-kubernetes/blitzy5f91179c1/staging/src/k8s.io/client-go/informers/storage/v1alpha1/volumeattachment.go
[gosec] 2026/02/05 17:43:58 Checking file: /tmp/blitzy/blitzy-kubernetes/blitzy5f91179c1/staging/src/k8s.io/client-go/informers/storage/v1alpha1/volumeattributesclass.go
[gosec] 2026/02/05 17:43:58 Checking package: v1beta1
[gosec] 2026/02/05 17:43:58 Checking file: /tmp/blitzy/blitzy-kubernetes/blitzy5f91179c1/staging/src/k8s.io/client-go/kubernetes/typed/authorization/v1beta1/authorization_client.go
[gosec] 2026/02/05 17:43:58 Import directory: /tmp/blitzy/blitzy-kubernetes/blitzy5f91179c1/staging/src/k8s.io/client-go/informers/flowcontrol
[gosec] 2026/02/05 17:43:59 Checking file: /tmp/blitzy/blitzy-kubernetes/blitzy5f91179c1/staging/src/k8s.io/client-go/kubernetes/typed/authorization/v1beta1/doc.go
[gosec] 2026/02/05 17:43:59 Checking file: /tmp/blitzy/blitzy-kubernetes/blitzy5f91179c1/staging/src/k8s.io/client-go/kubernetes/typed/authorization/v1beta1/generated_expansion.go
[gosec] 2026/02/05 17:43:59 Checking file: /tmp/blitzy/blitzy-kubernetes/blitzy5f91179c1/staging/src/k8s.io/client-go/kubernetes/typed/authorization/v1beta1/localsubjectaccessreview.go
[gosec] 2026/02/05 17:43:59 Checking file: /tmp/blitzy/blitzy-kubernetes/blitzy5f91179c1/staging/src/k8s.io/client-go/kubernetes/typed/authorization/v1beta1/selfsubjectaccessreview.go
[gosec] 2026/02/05 17:43:59 Checking file: /tmp/blitzy/blitzy-kubernetes/blitzy5f91179c1/staging/src/k8s.io/client-go/kubernetes/typed/authorization/v1beta1/selfsubjectrulesreview.go
[gosec] 2026/02/05 17:43:59 Checking file: /tmp/blitzy/blitzy-kubernetes/blitzy5f91179c1/staging/src/k8s.io/client-go/kubernetes/typed/authorization/v1beta1/subjectaccessreview.go
[gosec] 2026/02/05 17:43:59 Checking package: fake
[gosec] 2026/02/05 17:43:59 Checking file: /tmp/blitzy/blitzy-kubernetes/blitzy5f91179c1/staging/src/k8s.io/client-go/kubernetes/typed/autoscaling/v2beta1/fake/doc.go
[gosec] 2026/02/05 17:43:59 Checking file: /tmp/blitzy/blitzy-kubernetes/blitzy5f91179c1/staging/src/k8s.io/client-go/kubernetes/typed/autoscaling/v2beta1/fake/fake_autoscaling_client.go
[gosec] 2026/02/05 17:43:59 Import directory: /tmp/blitzy/blitzy-kubernetes/blitzy5f91179c1/staging/src/k8s.io/client-go/informers/policy/v1
[gosec] 2026/02/05 17:43:59 Checking file: /tmp/blitzy/blitzy-kubernetes/blitzy5f91179c1/staging/src/k8s.io/client-go/kubernetes/typed/autoscaling/v2beta1/fake/fake_horizontalpodautoscaler.go
[gosec] 2026/02/05 17:43:59 Checking package: v1beta2
[gosec] 2026/02/05 17:43:59 Checking file: /tmp/blitzy/blitzy-kubernetes/blitzy5f91179c1/staging/src/k8s.io/client-go/listers/apps/v1beta2/controllerrevision.go
[gosec] 2026/02/05 17:43:59 Import directory: /tmp/blitzy/blitzy-kubernetes/blitzy5f91179c1/staging/src/k8s.io/client-go/listers/batch/v1
[gosec] 2026/02/05 17:43:59 Checking file: /tmp/blitzy/blitzy-kubernetes/blitzy5f91179c1/staging/src/k8s.io/client-go/listers/apps/v1beta2/daemonset.go
[gosec] 2026/02/05 17:43:59 Checking file: /tmp/blitzy/blitzy-kubernetes/blitzy5f91179c1/staging/src/k8s.io/client-go/listers/apps/v1beta2/daemonset_expansion.go
[gosec] 2026/02/05 17:43:59 Checking file: /tmp/blitzy/blitzy-kubernetes/blitzy5f91179c1/staging/src/k8s.io/client-go/listers/apps/v1beta2/deployment.go
[gosec] 2026/02/05 17:43:59 Checking file: /tmp/blitzy/blitzy-kubernetes/blitzy5f91179c1/staging/src/k8s.io/client-go/listers/apps/v1beta2/expansion_generated.go
[gosec] 2026/02/05 17:43:59 Checking file: /tmp/blitzy/blitzy-kubernetes/blitzy5f91179c1/staging/src/k8s.io/client-go/listers/apps/v1beta2/replicaset.go
[gosec] 2026/02/05 17:43:59 Checking file: /tmp/blitzy/blitzy-kubernetes/blitzy5f91179c1/staging/src/k8s.io/client-go/listers/apps/v1beta2/replicaset_expansion.go
[gosec] 2026/02/05 17:44:00 Checking file: /tmp/blitzy/blitzy-kubernetes/blitzy5f91179c1/staging/src/k8s.io/client-go/listers/apps/v1beta2/statefulset.go
[gosec] 2026/02/05 17:44:00 Checking file: /tmp/blitzy/blitzy-kubernetes/blitzy5f91179c1/staging/src/k8s.io/client-go/listers/apps/v1beta2/statefulset_expansion.go
[gosec] 2026/02/05 17:44:00 Checking package: v1beta1
[gosec] 2026/02/05 17:44:00 Checking file: /tmp/blitzy/blitzy-kubernetes/blitzy5f91179c1/staging/src/k8s.io/client-go/listers/extensions/v1beta1/daemonset.go
[gosec] 2026/02/05 17:44:00 Import directory: /tmp/blitzy/blitzy-kubernetes/blitzy5f91179c1/staging/src/k8s.io/client-go/scale/scheme
[gosec] 2026/02/05 17:44:00 Checking file: /tmp/blitzy/blitzy-kubernetes/blitzy5f91179c1/staging/src/k8s.io/client-go/listers/extensions/v1beta1/daemonset_expansion.go
[gosec] 2026/02/05 17:44:00 Checking file: /tmp/blitzy/blitzy-kubernetes/blitzy5f91179c1/staging/src/k8s.io/client-go/listers/extensions/v1beta1/deployment.go
[gosec] 2026/02/05 17:44:00 Checking file: /tmp/blitzy/blitzy-kubernetes/blitzy5f91179c1/staging/src/k8s.io/client-go/listers/extensions/v1beta1/expansion_generated.go
[gosec] 2026/02/05 17:44:00 Checking file: /tmp/blitzy/blitzy-kubernetes/blitzy5f91179c1/staging/src/k8s.io/client-go/listers/extensions/v1beta1/ingress.go
[gosec] 2026/02/05 17:44:00 Checking file: /tmp/blitzy/blitzy-kubernetes/blitzy5f91179c1/staging/src/k8s.io/client-go/listers/extensions/v1beta1/networkpolicy.go
[gosec] 2026/02/05 17:44:00 Checking file: /tmp/blitzy/blitzy-kubernetes/blitzy5f91179c1/staging/src/k8s.io/client-go/listers/extensions/v1beta1/replicaset.go
[gosec] 2026/02/05 17:44:00 Checking file: /tmp/blitzy/blitzy-kubernetes/blitzy5f91179c1/staging/src/k8s.io/client-go/listers/extensions/v1beta1/replicaset_expansion.go
[gosec] 2026/02/05 17:44:00 Checking package: v1beta1
[gosec] 2026/02/05 17:44:00 Checking file: /tmp/blitzy/blitzy-kubernetes/blitzy5f91179c1/staging/src/k8s.io/client-go/listers/resource/v1beta1/deviceclass.go
[gosec] 2026/02/05 17:44:00 Import directory: /tmp/blitzy/blitzy-kubernetes/blitzy5f91179c1/staging/src/k8s.io/client-go/tools/record/util
[gosec] 2026/02/05 17:44:00 Checking file: /tmp/blitzy/blitzy-kubernetes/blitzy5f91179c1/staging/src/k8s.io/client-go/listers/resource/v1beta1/expansion_generated.go
[gosec] 2026/02/05 17:44:00 Checking file: /tmp/blitzy/blitzy-kubernetes/blitzy5f91179c1/staging/src/k8s.io/client-go/listers/resource/v1beta1/resourceclaim.go
[gosec] 2026/02/05 17:44:00 Checking file: /tmp/blitzy/blitzy-kubernetes/blitzy5f91179c1/staging/src/k8s.io/client-go/listers/resource/v1beta1/resourceclaimtemplate.go
[gosec] 2026/02/05 17:44:00 Checking file: /tmp/blitzy/blitzy-kubernetes/blitzy5f91179c1/staging/src/k8s.io/client-go/listers/resource/v1beta1/resourceslice.go
[gosec] 2026/02/05 17:44:01 Checking package: openapitest
[gosec] 2026/02/05 17:44:01 Checking file: /tmp/blitzy/blitzy-kubernetes/blitzy5f91179c1/staging/src/k8s.io/client-go/openapi/openapitest/fakeclient.go
[gosec] 2026/02/05 17:44:01 Import directory: /tmp/blitzy/blitzy-kubernetes/blitzy5f91179c1/staging/src/k8s.io/client-go/util/apply
[gosec] 2026/02/05 17:44:01 Checking file: /tmp/blitzy/blitzy-kubernetes/blitzy5f91179c1/staging/src/k8s.io/client-go/openapi/openapitest/fileclient.go
[gosec] 2026/02/05 17:44:01 Checking package: v1alpha1
[gosec] 2026/02/05 17:44:01 Checking file: /tmp/blitzy/blitzy-kubernetes/blitzy5f91179c1/staging/src/k8s.io/client-go/applyconfigurations/node/v1alpha1/overhead.go
[gosec] 2026/02/05 17:44:01 Import directory: /tmp/blitzy/blitzy-kubernetes/blitzy5f91179c1/staging/src/k8s.io/client-go/applyconfigurations/autoscaling/v1
[gosec] 2026/02/05 17:44:01 Checking file: /tmp/blitzy/blitzy-kubernetes/blitzy5f91179c1/staging/src/k8s.io/client-go/applyconfigurations/node/v1alpha1/runtimeclass.go
[gosec] 2026/02/05 17:44:02 Checking file: /tmp/blitzy/blitzy-kubernetes/blitzy5f91179c1/staging/src/k8s.io/client-go/applyconfigurations/node/v1alpha1/runtimeclassspec.go
[gosec] 2026/02/05 17:44:02 Checking file: /tmp/blitzy/blitzy-kubernetes/blitzy5f91179c1/staging/src/k8s.io/client-go/applyconfigurations/node/v1alpha1/scheduling.go
[gosec] 2026/02/05 17:44:02 Checking package: v1beta1
[gosec] 2026/02/05 17:44:02 Checking file: /tmp/blitzy/blitzy-kubernetes/blitzy5f91179c1/staging/src/k8s.io/client-go/applyconfigurations/storage/v1beta1/csidriver.go
[gosec] 2026/02/05 17:44:02 Import directory: /tmp/blitzy/blitzy-kubernetes/blitzy5f91179c1/staging/src/k8s.io/client-go/applyconfigurations/imagepolicy/v1alpha1
[gosec] 2026/02/05 17:44:03 Checking file: /tmp/blitzy/blitzy-kubernetes/blitzy5f91179c1/staging/src/k8s.io/client-go/applyconfigurations/storage/v1beta1/csidriverspec.go
[gosec] 2026/02/05 17:44:03 Checking file: /tmp/blitzy/blitzy-kubernetes/blitzy5f91179c1/staging/src/k8s.io/client-go/applyconfigurations/storage/v1beta1/csinode.go
[gosec] 2026/02/05 17:44:04 Checking file: /tmp/blitzy/blitzy-kubernetes/blitzy5f91179c1/staging/src/k8s.io/client-go/applyconfigurations/storage/v1beta1/csinodedriver.go
[gosec] 2026/02/05 17:44:04 Checking file: /tmp/blitzy/blitzy-kubernetes/blitzy5f91179c1/staging/src/k8s.io/client-go/applyconfigurations/storage/v1beta1/csinodespec.go
[gosec] 2026/02/05 17:44:04 Checking file: /tmp/blitzy/blitzy-kubernetes/blitzy5f91179c1/staging/src/k8s.io/client-go/applyconfigurations/storage/v1beta1/csistoragecapacity.go
[gosec] 2026/02/05 17:44:05 Checking file: /tmp/blitzy/blitzy-kubernetes/blitzy5f91179c1/staging/src/k8s.io/client-go/applyconfigurations/storage/v1beta1/storageclass.go
[gosec] 2026/02/05 17:44:06 Checking file: /tmp/blitzy/blitzy-kubernetes/blitzy5f91179c1/staging/src/k8s.io/client-go/applyconfigurations/storage/v1beta1/tokenrequest.go
[gosec] 2026/02/05 17:44:06 Checking file: /tmp/blitzy/blitzy-kubernetes/blitzy5f91179c1/staging/src/k8s.io/client-go/applyconfigurations/storage/v1beta1/volumeattachment.go
[gosec] 2026/02/05 17:44:07 Checking file: /tmp/blitzy/blitzy-kubernetes/blitzy5f91179c1/staging/src/k8s.io/client-go/applyconfigurations/storage/v1beta1/volumeattachmentsource.go
[gosec] 2026/02/05 17:44:07 Checking file: /tmp/blitzy/blitzy-kubernetes/blitzy5f91179c1/staging/src/k8s.io/client-go/applyconfigurations/storage/v1beta1/volumeattachmentspec.go
[gosec] 2026/02/05 17:44:07 Checking file: /tmp/blitzy/blitzy-kubernetes/blitzy5f91179c1/staging/src/k8s.io/client-go/applyconfigurations/storage/v1beta1/volumeattachmentstatus.go
[gosec] 2026/02/05 17:44:07 Checking file: /tmp/blitzy/blitzy-kubernetes/blitzy5f91179c1/staging/src/k8s.io/client-go/applyconfigurations/storage/v1beta1/volumeattributesclass.go
[gosec] 2026/02/05 17:44:08 Checking file: /tmp/blitzy/blitzy-kubernetes/blitzy5f91179c1/staging/src/k8s.io/client-go/applyconfigurations/storage/v1beta1/volumeerror.go
[gosec] 2026/02/05 17:44:08 Checking file: /tmp/blitzy/blitzy-kubernetes/blitzy5f91179c1/staging/src/k8s.io/client-go/applyconfigurations/storage/v1beta1/volumenoderesources.go
[gosec] 2026/02/05 17:44:08 Checking package: flowcontrol
[gosec] 2026/02/05 17:44:08 Checking file: /tmp/blitzy/blitzy-kubernetes/blitzy5f91179c1/staging/src/k8s.io/client-go/informers/flowcontrol/interface.go
[gosec] 2026/02/05 17:44:08 Import directory: /tmp/blitzy/blitzy-kubernetes/blitzy5f91179c1/staging/src/k8s.io/client-go/discovery/fake
[gosec] 2026/02/05 17:44:08 Checking package: v1
[gosec] 2026/02/05 17:44:08 Checking file: /tmp/blitzy/blitzy-kubernetes/blitzy5f91179c1/staging/src/k8s.io/client-go/listers/batch/v1/cronjob.go
[gosec] 2026/02/05 17:44:08 Import directory: /tmp/blitzy/blitzy-kubernetes/blitzy5f91179c1/staging/src/k8s.io/client-go/kubernetes/typed/policy/v1
[gosec] 2026/02/05 17:44:08 Checking file: /tmp/blitzy/blitzy-kubernetes/blitzy5f91179c1/staging/src/k8s.io/client-go/listers/batch/v1/expansion_generated.go
[gosec] 2026/02/05 17:44:08 Checking file: /tmp/blitzy/blitzy-kubernetes/blitzy5f91179c1/staging/src/k8s.io/client-go/listers/batch/v1/job.go
[gosec] 2026/02/05 17:44:08 Checking file: /tmp/blitzy/blitzy-kubernetes/blitzy5f91179c1/staging/src/k8s.io/client-go/listers/batch/v1/job_expansion.go
[gosec] 2026/02/05 17:44:08 Checking package: v1
[gosec] 2026/02/05 17:44:08 Checking file: /tmp/blitzy/blitzy-kubernetes/blitzy5f91179c1/staging/src/k8s.io/client-go/informers/policy/v1/interface.go
[gosec] 2026/02/05 17:44:08 Import directory: /tmp/blitzy/blitzy-kubernetes/blitzy5f91179c1/staging/src/k8s.io/client-go/listers/storage/v1
[gosec] 2026/02/05 17:44:08 Checking file: /tmp/blitzy/blitzy-kubernetes/blitzy5f91179c1/staging/src/k8s.io/client-go/informers/policy/v1/poddisruptionbudget.go
[gosec] 2026/02/05 17:44:09 Checking package: scheme
[gosec] 2026/02/05 17:44:09 Checking file: /tmp/blitzy/blitzy-kubernetes/blitzy5f91179c1/staging/src/k8s.io/client-go/scale/scheme/doc.go
[gosec] 2026/02/05 17:44:09 Checking file: /tmp/blitzy/blitzy-kubernetes/blitzy5f91179c1/staging/src/k8s.io/client-go/scale/scheme/register.go
[gosec] 2026/02/05 17:44:09 Import directory: /tmp/blitzy/blitzy-kubernetes/blitzy5f91179c1/staging/src/k8s.io/client-go/openapi3
[gosec] 2026/02/05 17:44:09 Checking file: /tmp/blitzy/blitzy-kubernetes/blitzy5f91179c1/staging/src/k8s.io/client-go/scale/scheme/types.go
[gosec] 2026/02/05 17:44:09 Checking file: /tmp/blitzy/blitzy-kubernetes/blitzy5f91179c1/staging/src/k8s.io/client-go/scale/scheme/zz_generated.deepcopy.go
[gosec] 2026/02/05 17:44:09 Checking package: util
[gosec] 2026/02/05 17:44:09 Checking file: /tmp/blitzy/blitzy-kubernetes/blitzy5f91179c1/staging/src/k8s.io/client-go/tools/record/util/util.go
[gosec] 2026/02/05 17:44:09 Import directory: /tmp/blitzy/blitzy-kubernetes/blitzy5f91179c1/staging/src/k8s.io/client-go/tools/record
[gosec] 2026/02/05 17:44:09 Checking package: apply
[gosec] 2026/02/05 17:44:09 Checking file: /tmp/blitzy/blitzy-kubernetes/blitzy5f91179c1/staging/src/k8s.io/client-go/util/apply/apply.go
[gosec] 2026/02/05 17:44:09 Import directory: /tmp/blitzy/blitzy-kubernetes/blitzy5f91179c1/staging/src/k8s.io/client-go/util/flowcontrol
[gosec] 2026/02/05 17:44:09 Checking package: v1
[gosec] 2026/02/05 17:44:09 Checking file: /tmp/blitzy/blitzy-kubernetes/blitzy5f91179c1/staging/src/k8s.io/client-go/applyconfigurations/autoscaling/v1/crossversionobjectreference.go
[gosec] 2026/02/05 17:44:09 Import directory: /tmp/blitzy/blitzy-kubernetes/blitzy5f91179c1/staging/src/k8s.io/client-go/applyconfigurations/apps/v1beta2
[gosec] 2026/02/05 17:44:09 Checking file: /tmp/blitzy/blitzy-kubernetes/blitzy5f91179c1/staging/src/k8s.io/client-go/applyconfigurations/autoscaling/v1/horizontalpodautoscaler.go
[gosec] 2026/02/05 17:44:10 Checking file: /tmp/blitzy/blitzy-kubernetes/blitzy5f91179c1/staging/src/k8s.io/client-go/applyconfigurations/autoscaling/v1/horizontalpodautoscalerspec.go
[gosec] 2026/02/05 17:44:10 Checking file: /tmp/blitzy/blitzy-kubernetes/blitzy5f91179c1/staging/src/k8s.io/client-go/applyconfigurations/autoscaling/v1/horizontalpodautoscalerstatus.go
[gosec] 2026/02/05 17:44:10 Checking file: /tmp/blitzy/blitzy-kubernetes/blitzy5f91179c1/staging/src/k8s.io/client-go/applyconfigurations/autoscaling/v1/scale.go
[gosec] 2026/02/05 17:44:11 Checking file: /tmp/blitzy/blitzy-kubernetes/blitzy5f91179c1/staging/src/k8s.io/client-go/applyconfigurations/autoscaling/v1/scalespec.go
[gosec] 2026/02/05 17:44:11 Checking file: /tmp/blitzy/blitzy-kubernetes/blitzy5f91179c1/staging/src/k8s.io/client-go/applyconfigurations/autoscaling/v1/scalestatus.go
[gosec] 2026/02/05 17:44:11 Checking package: v1alpha1
[gosec] 2026/02/05 17:44:11 Checking file: /tmp/blitzy/blitzy-kubernetes/blitzy5f91179c1/staging/src/k8s.io/client-go/applyconfigurations/imagepolicy/v1alpha1/imagereview.go
[gosec] 2026/02/05 17:44:11 Import directory: /tmp/blitzy/blitzy-kubernetes/blitzy5f91179c1/staging/src/k8s.io/client-go/openapi/cached
[gosec] 2026/02/05 17:44:12 Checking file: /tmp/blitzy/blitzy-kubernetes/blitzy5f91179c1/staging/src/k8s.io/client-go/applyconfigurations/imagepolicy/v1alpha1/imagereviewcontainerspec.go
[gosec] 2026/02/05 17:44:12 Checking file: /tmp/blitzy/blitzy-kubernetes/blitzy5f91179c1/staging/src/k8s.io/client-go/applyconfigurations/imagepolicy/v1alpha1/imagereviewspec.go
[gosec] 2026/02/05 17:44:12 Checking file: /tmp/blitzy/blitzy-kubernetes/blitzy5f91179c1/staging/src/k8s.io/client-go/applyconfigurations/imagepolicy/v1alpha1/imagereviewstatus.go
[gosec] 2026/02/05 17:44:12 Checking package: fake
[gosec] 2026/02/05 17:44:12 Checking file: /tmp/blitzy/blitzy-kubernetes/blitzy5f91179c1/staging/src/k8s.io/client-go/discovery/fake/discovery.go
[gosec] 2026/02/05 17:44:12 Import directory: /tmp/blitzy/blitzy-kubernetes/blitzy5f91179c1/staging/src/k8s.io/client-go/util/testing
[gosec] 2026/02/05 17:44:13 Checking package: v1
[gosec] 2026/02/05 17:44:13 Checking file: /tmp/blitzy/blitzy-kubernetes/blitzy5f91179c1/staging/src/k8s.io/client-go/kubernetes/typed/policy/v1/doc.go
[gosec] 2026/02/05 17:44:13 Checking file: /tmp/blitzy/blitzy-kubernetes/blitzy5f91179c1/staging/src/k8s.io/client-go/kubernetes/typed/policy/v1/eviction.go
[gosec] 2026/02/05 17:44:13 Import directory: /tmp/blitzy/blitzy-kubernetes/blitzy5f91179c1/staging/src/k8s.io/client-go/informers/flowcontrol/v1beta2
[gosec] 2026/02/05 17:44:13 Checking file: /tmp/blitzy/blitzy-kubernetes/blitzy5f91179c1/staging/src/k8s.io/client-go/kubernetes/typed/policy/v1/eviction_expansion.go
[gosec] 2026/02/05 17:44:13 Checking file: /tmp/blitzy/blitzy-kubernetes/blitzy5f91179c1/staging/src/k8s.io/client-go/kubernetes/typed/policy/v1/generated_expansion.go
[gosec] 2026/02/05 17:44:13 Checking file: /tmp/blitzy/blitzy-kubernetes/blitzy5f91179c1/staging/src/k8s.io/client-go/kubernetes/typed/policy/v1/poddisruptionbudget.go
[gosec] 2026/02/05 17:44:13 Checking file: /tmp/blitzy/blitzy-kubernetes/blitzy5f91179c1/staging/src/k8s.io/client-go/kubernetes/typed/policy/v1/policy_client.go
[gosec] 2026/02/05 17:44:13 Checking package: v1
[gosec] 2026/02/05 17:44:13 Checking file: /tmp/blitzy/blitzy-kubernetes/blitzy5f91179c1/staging/src/k8s.io/client-go/listers/storage/v1/csidriver.go
[gosec] 2026/02/05 17:44:13 Import directory: /tmp/blitzy/blitzy-kubernetes/blitzy5f91179c1/staging/src/k8s.io/client-go/informers/networking/v1beta1
[gosec] 2026/02/05 17:44:13 Checking file: /tmp/blitzy/blitzy-kubernetes/blitzy5f91179c1/staging/src/k8s.io/client-go/listers/storage/v1/csinode.go
[gosec] 2026/02/05 17:44:13 Checking file: /tmp/blitzy/blitzy-kubernetes/blitzy5f91179c1/staging/src/k8s.io/client-go/listers/storage/v1/csistoragecapacity.go
[gosec] 2026/02/05 17:44:13 Checking file: /tmp/blitzy/blitzy-kubernetes/blitzy5f91179c1/staging/src/k8s.io/client-go/listers/storage/v1/expansion_generated.go
[gosec] 2026/02/05 17:44:13 Checking file: /tmp/blitzy/blitzy-kubernetes/blitzy5f91179c1/staging/src/k8s.io/client-go/listers/storage/v1/storageclass.go
[gosec] 2026/02/05 17:44:13 Checking file: /tmp/blitzy/blitzy-kubernetes/blitzy5f91179c1/staging/src/k8s.io/client-go/listers/storage/v1/volumeattachment.go
[gosec] 2026/02/05 17:44:13 Checking file: /tmp/blitzy/blitzy-kubernetes/blitzy5f91179c1/staging/src/k8s.io/client-go/listers/storage/v1/volumeattributesclass.go
[gosec] 2026/02/05 17:44:13 Checking package: openapi3
[gosec] 2026/02/05 17:44:13 Checking file: /tmp/blitzy/blitzy-kubernetes/blitzy5f91179c1/staging/src/k8s.io/client-go/openapi3/root.go
[gosec] 2026/02/05 17:44:13 Import directory: /tmp/blitzy/blitzy-kubernetes/blitzy5f91179c1/staging/src/k8s.io/client-go/informers/rbac/v1beta1
[gosec] 2026/02/05 17:44:14 Checking package: flowcontrol
[gosec] 2026/02/05 17:44:14 Checking file: /tmp/blitzy/blitzy-kubernetes/blitzy5f91179c1/staging/src/k8s.io/client-go/util/flowcontrol/backoff.go
[gosec] 2026/02/05 17:44:14 Import directory: /tmp/blitzy/blitzy-kubernetes/blitzy5f91179c1/staging/src/k8s.io/client-go/kubernetes/typed/authentication/v1beta1
[gosec] 2026/02/05 17:44:14 Checking file: /tmp/blitzy/blitzy-kubernetes/blitzy5f91179c1/staging/src/k8s.io/client-go/util/flowcontrol/throttle.go
[gosec] 2026/02/05 17:44:15 Checking package: record
[gosec] 2026/02/05 17:44:15 Checking file: /tmp/blitzy/blitzy-kubernetes/blitzy5f91179c1/staging/src/k8s.io/client-go/tools/record/doc.go
[gosec] 2026/02/05 17:44:15 Checking file: /tmp/blitzy/blitzy-kubernetes/blitzy5f91179c1/staging/src/k8s.io/client-go/tools/record/event.go
[gosec] 2026/02/05 17:44:15 Import directory: /tmp/blitzy/blitzy-kubernetes/blitzy5f91179c1/staging/src/k8s.io/client-go/kubernetes/typed/rbac/v1alpha1
[gosec] 2026/02/05 17:44:16 Checking file: /tmp/blitzy/blitzy-kubernetes/blitzy5f91179c1/staging/src/k8s.io/client-go/tools/record/events_cache.go
[gosec] 2026/02/05 17:44:16 Checking file: /tmp/blitzy/blitzy-kubernetes/blitzy5f91179c1/staging/src/k8s.io/client-go/tools/record/fake.go
[gosec] 2026/02/05 17:44:16 Checking package: v1beta2
[gosec] 2026/02/05 17:44:16 Checking file: /tmp/blitzy/blitzy-kubernetes/blitzy5f91179c1/staging/src/k8s.io/client-go/applyconfigurations/apps/v1beta2/controllerrevision.go
[gosec] 2026/02/05 17:44:16 Import directory: /tmp/blitzy/blitzy-kubernetes/blitzy5f91179c1/staging/src/k8s.io/client-go/listers/admissionregistration/v1alpha1
[gosec] 2026/02/05 17:44:17 Checking file: /tmp/blitzy/blitzy-kubernetes/blitzy5f91179c1/staging/src/k8s.io/client-go/applyconfigurations/apps/v1beta2/daemonset.go
[gosec] 2026/02/05 17:44:18 Checking file: /tmp/blitzy/blitzy-kubernetes/blitzy5f91179c1/staging/src/k8s.io/client-go/applyconfigurations/apps/v1beta2/daemonsetcondition.go
[gosec] 2026/02/05 17:44:18 Checking file: /tmp/blitzy/blitzy-kubernetes/blitzy5f91179c1/staging/src/k8s.io/client-go/applyconfigurations/apps/v1beta2/daemonsetspec.go
[gosec] 2026/02/05 17:44:18 Checking file: /tmp/blitzy/blitzy-kubernetes/blitzy5f91179c1/staging/src/k8s.io/client-go/applyconfigurations/apps/v1beta2/daemonsetstatus.go
[gosec] 2026/02/05 17:44:18 Checking file: /tmp/blitzy/blitzy-kubernetes/blitzy5f91179c1/staging/src/k8s.io/client-go/applyconfigurations/apps/v1beta2/daemonsetupdatestrategy.go
[gosec] 2026/02/05 17:44:19 Checking file: /tmp/blitzy/blitzy-kubernetes/blitzy5f91179c1/staging/src/k8s.io/client-go/applyconfigurations/apps/v1beta2/deployment.go
[gosec] 2026/02/05 17:44:19 Checking file: /tmp/blitzy/blitzy-kubernetes/blitzy5f91179c1/staging/src/k8s.io/client-go/applyconfigurations/apps/v1beta2/deploymentcondition.go
[gosec] 2026/02/05 17:44:20 Checking file: /tmp/blitzy/blitzy-kubernetes/blitzy5f91179c1/staging/src/k8s.io/client-go/applyconfigurations/apps/v1beta2/deploymentspec.go
[gosec] 2026/02/05 17:44:20 Checking file: /tmp/blitzy/blitzy-kubernetes/blitzy5f91179c1/staging/src/k8s.io/client-go/applyconfigurations/apps/v1beta2/deploymentstatus.go
[gosec] 2026/02/05 17:44:20 Checking file: /tmp/blitzy/blitzy-kubernetes/blitzy5f91179c1/staging/src/k8s.io/client-go/applyconfigurations/apps/v1beta2/deploymentstrategy.go
[gosec] 2026/02/05 17:44:20 Checking file: /tmp/blitzy/blitzy-kubernetes/blitzy5f91179c1/staging/src/k8s.io/client-go/applyconfigurations/apps/v1beta2/replicaset.go
[gosec] 2026/02/05 17:44:21 Checking file: /tmp/blitzy/blitzy-kubernetes/blitzy5f91179c1/staging/src/k8s.io/client-go/applyconfigurations/apps/v1beta2/replicasetcondition.go
[gosec] 2026/02/05 17:44:21 Checking file: /tmp/blitzy/blitzy-kubernetes/blitzy5f91179c1/staging/src/k8s.io/client-go/applyconfigurations/apps/v1beta2/replicasetspec.go
[gosec] 2026/02/05 17:44:21 Checking file: /tmp/blitzy/blitzy-kubernetes/blitzy5f91179c1/staging/src/k8s.io/client-go/applyconfigurations/apps/v1beta2/replicasetstatus.go
[gosec] 2026/02/05 17:44:22 Checking file: /tmp/blitzy/blitzy-kubernetes/blitzy5f91179c1/staging/src/k8s.io/client-go/applyconfigurations/apps/v1beta2/rollingupdatedaemonset.go
[gosec] 2026/02/05 17:44:22 Checking file: /tmp/blitzy/blitzy-kubernetes/blitzy5f91179c1/staging/src/k8s.io/client-go/applyconfigurations/apps/v1beta2/rollingupdatedeployment.go
[gosec] 2026/02/05 17:44:22 Checking file: /tmp/blitzy/blitzy-kubernetes/blitzy5f91179c1/staging/src/k8s.io/client-go/applyconfigurations/apps/v1beta2/rollingupdatestatefulsetstrategy.go
[gosec] 2026/02/05 17:44:22 Checking file: /tmp/blitzy/blitzy-kubernetes/blitzy5f91179c1/staging/src/k8s.io/client-go/applyconfigurations/apps/v1beta2/scale.go
[gosec] 2026/02/05 17:44:23 Checking file: /tmp/blitzy/blitzy-kubernetes/blitzy5f91179c1/staging/src/k8s.io/client-go/applyconfigurations/apps/v1beta2/statefulset.go
[gosec] 2026/02/05 17:44:23 Checking file: /tmp/blitzy/blitzy-kubernetes/blitzy5f91179c1/staging/src/k8s.io/client-go/applyconfigurations/apps/v1beta2/statefulsetcondition.go
[gosec] 2026/02/05 17:44:24 Checking file: /tmp/blitzy/blitzy-kubernetes/blitzy5f91179c1/staging/src/k8s.io/client-go/applyconfigurations/apps/v1beta2/statefulsetordinals.go
[gosec] 2026/02/05 17:44:24 Checking file: /tmp/blitzy/blitzy-kubernetes/blitzy5f91179c1/staging/src/k8s.io/client-go/applyconfigurations/apps/v1beta2/statefulsetpersistentvolumeclaimretentionpolicy.go
[gosec] 2026/02/05 17:44:24 Checking file: /tmp/blitzy/blitzy-kubernetes/blitzy5f91179c1/staging/src/k8s.io/client-go/applyconfigurations/apps/v1beta2/statefulsetspec.go
[gosec] 2026/02/05 17:44:24 Checking file: /tmp/blitzy/blitzy-kubernetes/blitzy5f91179c1/staging/src/k8s.io/client-go/applyconfigurations/apps/v1beta2/statefulsetstatus.go
[gosec] 2026/02/05 17:44:24 Checking file: /tmp/blitzy/blitzy-kubernetes/blitzy5f91179c1/staging/src/k8s.io/client-go/applyconfigurations/apps/v1beta2/statefulsetupdatestrategy.go
[gosec] 2026/02/05 17:44:24 Checking package: cached
[gosec] 2026/02/05 17:44:24 Checking file: /tmp/blitzy/blitzy-kubernetes/blitzy5f91179c1/staging/src/k8s.io/client-go/openapi/cached/client.go
[gosec] 2026/02/05 17:44:24 Import directory: /tmp/blitzy/blitzy-kubernetes/blitzy5f91179c1/staging/src/k8s.io/client-go/listers/rbac/v1beta1
[gosec] 2026/02/05 17:44:25 Checking file: /tmp/blitzy/blitzy-kubernetes/blitzy5f91179c1/staging/src/k8s.io/client-go/openapi/cached/groupversion.go
[gosec] 2026/02/05 17:44:25 Checking package: testing
[gosec] 2026/02/05 17:44:25 Checking file: /tmp/blitzy/blitzy-kubernetes/blitzy5f91179c1/staging/src/k8s.io/client-go/util/testing/fake_handler.go
[gosec] 2026/02/05 17:44:25 Import directory: /tmp/blitzy/blitzy-kubernetes/blitzy5f91179c1/staging/src/k8s.io/client-go/tools/reference
[gosec] 2026/02/05 17:44:25 Checking file: /tmp/blitzy/blitzy-kubernetes/blitzy5f91179c1/staging/src/k8s.io/client-go/util/testing/fake_openapi_handler.go
[gosec] 2026/02/05 17:44:25 Checking file: /tmp/blitzy/blitzy-kubernetes/blitzy5f91179c1/staging/src/k8s.io/client-go/util/testing/remove_file.go
[gosec] 2026/02/05 17:44:25 Checking file: /tmp/blitzy/blitzy-kubernetes/blitzy5f91179c1/staging/src/k8s.io/client-go/util/testing/tmpdir.go
[gosec] 2026/02/05 17:44:25 Checking package: v1beta2
[gosec] 2026/02/05 17:44:25 Checking file: /tmp/blitzy/blitzy-kubernetes/blitzy5f91179c1/staging/src/k8s.io/client-go/informers/flowcontrol/v1beta2/flowschema.go
[gosec] 2026/02/05 17:44:25 Import directory: /tmp/blitzy/blitzy-kubernetes/blitzy5f91179c1/staging/src/k8s.io/client-go/applyconfigurations/core/v1
[gosec] 2026/02/05 17:44:25 Checking file: /tmp/blitzy/blitzy-kubernetes/blitzy5f91179c1/staging/src/k8s.io/client-go/informers/flowcontrol/v1beta2/interface.go
[gosec] 2026/02/05 17:44:25 Checking file: /tmp/blitzy/blitzy-kubernetes/blitzy5f91179c1/staging/src/k8s.io/client-go/informers/flowcontrol/v1beta2/prioritylevelconfiguration.go
[gosec] 2026/02/05 17:44:26 Checking package: v1beta1
[gosec] 2026/02/05 17:44:26 Checking file: /tmp/blitzy/blitzy-kubernetes/blitzy5f91179c1/staging/src/k8s.io/client-go/informers/rbac/v1beta1/clusterrole.go
[gosec] 2026/02/05 17:44:26 Import directory: /tmp/blitzy/blitzy-kubernetes/blitzy5f91179c1/staging/src/k8s.io/client-go/applyconfigurations/extensions/v1beta1
[gosec] 2026/02/05 17:44:26 Checking file: /tmp/blitzy/blitzy-kubernetes/blitzy5f91179c1/staging/src/k8s.io/client-go/informers/rbac/v1beta1/clusterrolebinding.go
[gosec] 2026/02/05 17:44:26 Checking file: /tmp/blitzy/blitzy-kubernetes/blitzy5f91179c1/staging/src/k8s.io/client-go/informers/rbac/v1beta1/interface.go
[gosec] 2026/02/05 17:44:26 Checking file: /tmp/blitzy/blitzy-kubernetes/blitzy5f91179c1/staging/src/k8s.io/client-go/informers/rbac/v1beta1/role.go
[gosec] 2026/02/05 17:44:27 Checking file: /tmp/blitzy/blitzy-kubernetes/blitzy5f91179c1/staging/src/k8s.io/client-go/informers/rbac/v1beta1/rolebinding.go
[gosec] 2026/02/05 17:44:27 Checking package: v1beta1
[gosec] 2026/02/05 17:44:27 Checking file: /tmp/blitzy/blitzy-kubernetes/blitzy5f91179c1/staging/src/k8s.io/client-go/informers/networking/v1beta1/ingress.go
[gosec] 2026/02/05 17:44:27 Import directory: /tmp/blitzy/blitzy-kubernetes/blitzy5f91179c1/staging/src/k8s.io/client-go/kubernetes/typed/apps/v1
[gosec] 2026/02/05 17:44:27 Checking file: /tmp/blitzy/blitzy-kubernetes/blitzy5f91179c1/staging/src/k8s.io/client-go/informers/networking/v1beta1/ingressclass.go
[gosec] 2026/02/05 17:44:28 Checking file: /tmp/blitzy/blitzy-kubernetes/blitzy5f91179c1/staging/src/k8s.io/client-go/informers/networking/v1beta1/interface.go
[gosec] 2026/02/05 17:44:28 Checking file: /tmp/blitzy/blitzy-kubernetes/blitzy5f91179c1/staging/src/k8s.io/client-go/informers/networking/v1beta1/ipaddress.go
[gosec] 2026/02/05 17:44:28 Checking file: /tmp/blitzy/blitzy-kubernetes/blitzy5f91179c1/staging/src/k8s.io/client-go/informers/networking/v1beta1/servicecidr.go
[gosec] 2026/02/05 17:44:28 Checking package: v1beta1
[gosec] 2026/02/05 17:44:28 Checking file: /tmp/blitzy/blitzy-kubernetes/blitzy5f91179c1/staging/src/k8s.io/client-go/kubernetes/typed/authentication/v1beta1/authentication_client.go
[gosec] 2026/02/05 17:44:28 Import directory: /tmp/blitzy/blitzy-kubernetes/blitzy5f91179c1/staging/src/k8s.io/client-go/kubernetes/typed/apps/v1beta2
[gosec] 2026/02/05 17:44:29 Checking file: /tmp/blitzy/blitzy-kubernetes/blitzy5f91179c1/staging/src/k8s.io/client-go/kubernetes/typed/authentication/v1beta1/doc.go
[gosec] 2026/02/05 17:44:29 Checking file: /tmp/blitzy/blitzy-kubernetes/blitzy5f91179c1/staging/src/k8s.io/client-go/kubernetes/typed/authentication/v1beta1/generated_expansion.go
[gosec] 2026/02/05 17:44:29 Checking file: /tmp/blitzy/blitzy-kubernetes/blitzy5f91179c1/staging/src/k8s.io/client-go/kubernetes/typed/authentication/v1beta1/selfsubjectreview.go
[gosec] 2026/02/05 17:44:29 Checking file: /tmp/blitzy/blitzy-kubernetes/blitzy5f91179c1/staging/src/k8s.io/client-go/kubernetes/typed/authentication/v1beta1/tokenreview.go
[gosec] 2026/02/05 17:44:29 Checking package: v1alpha1
[gosec] 2026/02/05 17:44:29 Checking file: /tmp/blitzy/blitzy-kubernetes/blitzy5f91179c1/staging/src/k8s.io/client-go/kubernetes/typed/rbac/v1alpha1/clusterrole.go
[gosec] 2026/02/05 17:44:29 Import directory: /tmp/blitzy/blitzy-kubernetes/blitzy5f91179c1/staging/src/k8s.io/client-go/kubernetes/typed/coordination/v1
[gosec] 2026/02/05 17:44:29 Checking file: /tmp/blitzy/blitzy-kubernetes/blitzy5f91179c1/staging/src/k8s.io/client-go/kubernetes/typed/rbac/v1alpha1/clusterrolebinding.go
[gosec] 2026/02/05 17:44:29 Checking file: /tmp/blitzy/blitzy-kubernetes/blitzy5f91179c1/staging/src/k8s.io/client-go/kubernetes/typed/rbac/v1alpha1/doc.go
[gosec] 2026/02/05 17:44:29 Checking file: /tmp/blitzy/blitzy-kubernetes/blitzy5f91179c1/staging/src/k8s.io/client-go/kubernetes/typed/rbac/v1alpha1/generated_expansion.go
[gosec] 2026/02/05 17:44:29 Checking file: /tmp/blitzy/blitzy-kubernetes/blitzy5f91179c1/staging/src/k8s.io/client-go/kubernetes/typed/rbac/v1alpha1/rbac_client.go
[gosec] 2026/02/05 17:44:29 Checking file: /tmp/blitzy/blitzy-kubernetes/blitzy5f91179c1/staging/src/k8s.io/client-go/kubernetes/typed/rbac/v1alpha1/role.go
[gosec] 2026/02/05 17:44:29 Checking file: /tmp/blitzy/blitzy-kubernetes/blitzy5f91179c1/staging/src/k8s.io/client-go/kubernetes/typed/rbac/v1alpha1/rolebinding.go
[gosec] 2026/02/05 17:44:30 Checking package: v1alpha1
[gosec] 2026/02/05 17:44:30 Checking file: /tmp/blitzy/blitzy-kubernetes/blitzy5f91179c1/staging/src/k8s.io/client-go/listers/admissionregistration/v1alpha1/expansion_generated.go
[gosec] 2026/02/05 17:44:30 Import directory: /tmp/blitzy/blitzy-kubernetes/blitzy5f91179c1/staging/src/k8s.io/client-go/kubernetes/typed/flowcontrol/v1beta3
[gosec] 2026/02/05 17:44:30 Checking file: /tmp/blitzy/blitzy-kubernetes/blitzy5f91179c1/staging/src/k8s.io/client-go/listers/admissionregistration/v1alpha1/mutatingadmissionpolicy.go
[gosec] 2026/02/05 17:44:30 Checking file: /tmp/blitzy/blitzy-kubernetes/blitzy5f91179c1/staging/src/k8s.io/client-go/listers/admissionregistration/v1alpha1/mutatingadmissionpolicybinding.go
[gosec] 2026/02/05 17:44:30 Checking file: /tmp/blitzy/blitzy-kubernetes/blitzy5f91179c1/staging/src/k8s.io/client-go/listers/admissionregistration/v1alpha1/validatingadmissionpolicy.go
[gosec] 2026/02/05 17:44:30 Checking file: /tmp/blitzy/blitzy-kubernetes/blitzy5f91179c1/staging/src/k8s.io/client-go/listers/admissionregistration/v1alpha1/validatingadmissionpolicybinding.go
[gosec] 2026/02/05 17:44:30 Checking package: v1beta1
[gosec] 2026/02/05 17:44:30 Checking file: /tmp/blitzy/blitzy-kubernetes/blitzy5f91179c1/staging/src/k8s.io/client-go/listers/rbac/v1beta1/clusterrole.go
[gosec] 2026/02/05 17:44:30 Import directory: /tmp/blitzy/blitzy-kubernetes/blitzy5f91179c1/staging/src/k8s.io/client-go/kubernetes/typed/storage/v1beta1
[gosec] 2026/02/05 17:44:30 Checking file: /tmp/blitzy/blitzy-kubernetes/blitzy5f91179c1/staging/src/k8s.io/client-go/listers/rbac/v1beta1/clusterrolebinding.go
[gosec] 2026/02/05 17:44:30 Checking file: /tmp/blitzy/blitzy-kubernetes/blitzy5f91179c1/staging/src/k8s.io/client-go/listers/rbac/v1beta1/expansion_generated.go
[gosec] 2026/02/05 17:44:30 Checking file: /tmp/blitzy/blitzy-kubernetes/blitzy5f91179c1/staging/src/k8s.io/client-go/listers/rbac/v1beta1/role.go
[gosec] 2026/02/05 17:44:30 Checking file: /tmp/blitzy/blitzy-kubernetes/blitzy5f91179c1/staging/src/k8s.io/client-go/listers/rbac/v1beta1/rolebinding.go
[gosec] 2026/02/05 17:44:30 Checking package: reference
[gosec] 2026/02/05 17:44:30 Checking file: /tmp/blitzy/blitzy-kubernetes/blitzy5f91179c1/staging/src/k8s.io/client-go/tools/reference/ref.go
[gosec] 2026/02/05 17:44:30 Import directory: /tmp/blitzy/blitzy-kubernetes/blitzy5f91179c1/staging/src/k8s.io/client-go/listers/autoscaling/v2
[gosec] 2026/02/05 17:44:30 Checking package: v1
[gosec] 2026/02/05 17:44:30 Checking file: /tmp/blitzy/blitzy-kubernetes/blitzy5f91179c1/staging/src/k8s.io/client-go/applyconfigurations/core/v1/affinity.go
[gosec] 2026/02/05 17:44:30 Import directory: /tmp/blitzy/blitzy-kubernetes/blitzy5f91179c1/staging/src/k8s.io/client-go/informers/admissionregistration/v1
[gosec] 2026/02/05 17:44:30 Checking file: /tmp/blitzy/blitzy-kubernetes/blitzy5f91179c1/staging/src/k8s.io/client-go/applyconfigurations/core/v1/apparmorprofile.go
[gosec] 2026/02/05 17:44:30 Checking file: /tmp/blitzy/blitzy-kubernetes/blitzy5f91179c1/staging/src/k8s.io/client-go/applyconfigurations/core/v1/attachedvolume.go
[gosec] 2026/02/05 17:44:30 Checking file: /tmp/blitzy/blitzy-kubernetes/blitzy5f91179c1/staging/src/k8s.io/client-go/applyconfigurations/core/v1/awselasticblockstorevolumesource.go
[gosec] 2026/02/05 17:44:31 Checking file: /tmp/blitzy/blitzy-kubernetes/blitzy5f91179c1/staging/src/k8s.io/client-go/applyconfigurations/core/v1/azurediskvolumesource.go
[gosec] 2026/02/05 17:44:31 Checking file: /tmp/blitzy/blitzy-kubernetes/blitzy5f91179c1/staging/src/k8s.io/client-go/applyconfigurations/core/v1/azurefilepersistentvolumesource.go
[gosec] 2026/02/05 17:44:31 Checking file: /tmp/blitzy/blitzy-kubernetes/blitzy5f91179c1/staging/src/k8s.io/client-go/applyconfigurations/core/v1/azurefilevolumesource.go
[gosec] 2026/02/05 17:44:31 Checking file: /tmp/blitzy/blitzy-kubernetes/blitzy5f91179c1/staging/src/k8s.io/client-go/applyconfigurations/core/v1/capabilities.go
[gosec] 2026/02/05 17:44:31 Checking file: /tmp/blitzy/blitzy-kubernetes/blitzy5f91179c1/staging/src/k8s.io/client-go/applyconfigurations/core/v1/cephfspersistentvolumesource.go
[gosec] 2026/02/05 17:44:31 Checking file: /tmp/blitzy/blitzy-kubernetes/blitzy5f91179c1/staging/src/k8s.io/client-go/applyconfigurations/core/v1/cephfsvolumesource.go
[gosec] 2026/02/05 17:44:32 Checking file: /tmp/blitzy/blitzy-kubernetes/blitzy5f91179c1/staging/src/k8s.io/client-go/applyconfigurations/core/v1/cinderpersistentvolumesource.go
[gosec] 2026/02/05 17:44:32 Checking file: /tmp/blitzy/blitzy-kubernetes/blitzy5f91179c1/staging/src/k8s.io/client-go/applyconfigurations/core/v1/cindervolumesource.go
[gosec] 2026/02/05 17:44:32 Checking file: /tmp/blitzy/blitzy-kubernetes/blitzy5f91179c1/staging/src/k8s.io/client-go/applyconfigurations/core/v1/clientipconfig.go
[gosec] 2026/02/05 17:44:32 Checking file: /tmp/blitzy/blitzy-kubernetes/blitzy5f91179c1/staging/src/k8s.io/client-go/applyconfigurations/core/v1/clustertrustbundleprojection.go
[gosec] 2026/02/05 17:44:32 Checking file: /tmp/blitzy/blitzy-kubernetes/blitzy5f91179c1/staging/src/k8s.io/client-go/applyconfigurations/core/v1/componentcondition.go
[gosec] 2026/02/05 17:44:32 Checking file: /tmp/blitzy/blitzy-kubernetes/blitzy5f91179c1/staging/src/k8s.io/client-go/applyconfigurations/core/v1/componentstatus.go
[gosec] 2026/02/05 17:44:33 Checking file: /tmp/blitzy/blitzy-kubernetes/blitzy5f91179c1/staging/src/k8s.io/client-go/applyconfigurations/core/v1/configmap.go
[gosec] 2026/02/05 17:44:34 Checking file: /tmp/blitzy/blitzy-kubernetes/blitzy5f91179c1/staging/src/k8s.io/client-go/applyconfigurations/core/v1/configmapenvsource.go
[gosec] 2026/02/05 17:44:34 Checking file: /tmp/blitzy/blitzy-kubernetes/blitzy5f91179c1/staging/src/k8s.io/client-go/applyconfigurations/core/v1/configmapkeyselector.go
[gosec] 2026/02/05 17:44:34 Checking file: /tmp/blitzy/blitzy-kubernetes/blitzy5f91179c1/staging/src/k8s.io/client-go/applyconfigurations/core/v1/configmapnodeconfigsource.go
[gosec] 2026/02/05 17:44:34 Checking file: /tmp/blitzy/blitzy-kubernetes/blitzy5f91179c1/staging/src/k8s.io/client-go/applyconfigurations/core/v1/configmapprojection.go
[gosec] 2026/02/05 17:44:35 Checking file: /tmp/blitzy/blitzy-kubernetes/blitzy5f91179c1/staging/src/k8s.io/client-go/applyconfigurations/core/v1/configmapvolumesource.go
[gosec] 2026/02/05 17:44:35 Checking file: /tmp/blitzy/blitzy-kubernetes/blitzy5f91179c1/staging/src/k8s.io/client-go/applyconfigurations/core/v1/container.go
[gosec] 2026/02/05 17:44:35 Checking file: /tmp/blitzy/blitzy-kubernetes/blitzy5f91179c1/staging/src/k8s.io/client-go/applyconfigurations/core/v1/containerextendedresourcerequest.go
[gosec] 2026/02/05 17:44:36 Checking file: /tmp/blitzy/blitzy-kubernetes/blitzy5f91179c1/staging/src/k8s.io/client-go/applyconfigurations/core/v1/containerimage.go
[gosec] 2026/02/05 17:44:36 Checking file: /tmp/blitzy/blitzy-kubernetes/blitzy5f91179c1/staging/src/k8s.io/client-go/applyconfigurations/core/v1/containerport.go
[gosec] 2026/02/05 17:44:36 Checking file: /tmp/blitzy/blitzy-kubernetes/blitzy5f91179c1/staging/src/k8s.io/client-go/applyconfigurations/core/v1/containerresizepolicy.go
[gosec] 2026/02/05 17:44:36 Checking file: /tmp/blitzy/blitzy-kubernetes/blitzy5f91179c1/staging/src/k8s.io/client-go/applyconfigurations/core/v1/containerrestartrule.go
[gosec] 2026/02/05 17:44:36 Checking file: /tmp/blitzy/blitzy-kubernetes/blitzy5f91179c1/staging/src/k8s.io/client-go/applyconfigurations/core/v1/containerrestartruleonexitcodes.go
[gosec] 2026/02/05 17:44:36 Checking file: /tmp/blitzy/blitzy-kubernetes/blitzy5f91179c1/staging/src/k8s.io/client-go/applyconfigurations/core/v1/containerstate.go
[gosec] 2026/02/05 17:44:36 Checking file: /tmp/blitzy/blitzy-kubernetes/blitzy5f91179c1/staging/src/k8s.io/client-go/applyconfigurations/core/v1/containerstaterunning.go
[gosec] 2026/02/05 17:44:36 Checking file: /tmp/blitzy/blitzy-kubernetes/blitzy5f91179c1/staging/src/k8s.io/client-go/applyconfigurations/core/v1/containerstateterminated.go
[gosec] 2026/02/05 17:44:37 Checking file: /tmp/blitzy/blitzy-kubernetes/blitzy5f91179c1/staging/src/k8s.io/client-go/applyconfigurations/core/v1/containerstatewaiting.go
[gosec] 2026/02/05 17:44:37 Checking file: /tmp/blitzy/blitzy-kubernetes/blitzy5f91179c1/staging/src/k8s.io/client-go/applyconfigurations/core/v1/containerstatus.go
[gosec] 2026/02/05 17:44:37 Checking file: /tmp/blitzy/blitzy-kubernetes/blitzy5f91179c1/staging/src/k8s.io/client-go/applyconfigurations/core/v1/containeruser.go
[gosec] 2026/02/05 17:44:37 Checking file: /tmp/blitzy/blitzy-kubernetes/blitzy5f91179c1/staging/src/k8s.io/client-go/applyconfigurations/core/v1/csipersistentvolumesource.go
[gosec] 2026/02/05 17:44:38 Checking file: /tmp/blitzy/blitzy-kubernetes/blitzy5f91179c1/staging/src/k8s.io/client-go/applyconfigurations/core/v1/csivolumesource.go
[gosec] 2026/02/05 17:44:38 Checking file: /tmp/blitzy/blitzy-kubernetes/blitzy5f91179c1/staging/src/k8s.io/client-go/applyconfigurations/core/v1/daemonendpoint.go
[gosec] 2026/02/05 17:44:38 Checking file: /tmp/blitzy/blitzy-kubernetes/blitzy5f91179c1/staging/src/k8s.io/client-go/applyconfigurations/core/v1/downwardapiprojection.go
[gosec] 2026/02/05 17:44:38 Checking file: /tmp/blitzy/blitzy-kubernetes/blitzy5f91179c1/staging/src/k8s.io/client-go/applyconfigurations/core/v1/downwardapivolumefile.go
[gosec] 2026/02/05 17:44:38 Checking file: /tmp/blitzy/blitzy-kubernetes/blitzy5f91179c1/staging/src/k8s.io/client-go/applyconfigurations/core/v1/downwardapivolumesource.go
[gosec] 2026/02/05 17:44:38 Checking file: /tmp/blitzy/blitzy-kubernetes/blitzy5f91179c1/staging/src/k8s.io/client-go/applyconfigurations/core/v1/emptydirvolumesource.go
[gosec] 2026/02/05 17:44:38 Checking file: /tmp/blitzy/blitzy-kubernetes/blitzy5f91179c1/staging/src/k8s.io/client-go/applyconfigurations/core/v1/endpointaddress.go
[gosec] 2026/02/05 17:44:38 Checking file: /tmp/blitzy/blitzy-kubernetes/blitzy5f91179c1/staging/src/k8s.io/client-go/applyconfigurations/core/v1/endpointport.go
[gosec] 2026/02/05 17:44:39 Checking file: /tmp/blitzy/blitzy-kubernetes/blitzy5f91179c1/staging/src/k8s.io/client-go/applyconfigurations/core/v1/endpoints.go
[gosec] 2026/02/05 17:44:39 Checking file: /tmp/blitzy/blitzy-kubernetes/blitzy5f91179c1/staging/src/k8s.io/client-go/applyconfigurations/core/v1/endpointsubset.go
[gosec] 2026/02/05 17:44:39 Checking file: /tmp/blitzy/blitzy-kubernetes/blitzy5f91179c1/staging/src/k8s.io/client-go/applyconfigurations/core/v1/envfromsource.go
[gosec] 2026/02/05 17:44:39 Checking file: /tmp/blitzy/blitzy-kubernetes/blitzy5f91179c1/staging/src/k8s.io/client-go/applyconfigurations/core/v1/envvar.go
[gosec] 2026/02/05 17:44:40 Checking file: /tmp/blitzy/blitzy-kubernetes/blitzy5f91179c1/staging/src/k8s.io/client-go/applyconfigurations/core/v1/envvarsource.go
[gosec] 2026/02/05 17:44:40 Checking file: /tmp/blitzy/blitzy-kubernetes/blitzy5f91179c1/staging/src/k8s.io/client-go/applyconfigurations/core/v1/ephemeralcontainer.go
[gosec] 2026/02/05 17:44:41 Checking file: /tmp/blitzy/blitzy-kubernetes/blitzy5f91179c1/staging/src/k8s.io/client-go/applyconfigurations/core/v1/ephemeralcontainercommon.go
[gosec] 2026/02/05 17:44:41 Checking file: /tmp/blitzy/blitzy-kubernetes/blitzy5f91179c1/staging/src/k8s.io/client-go/applyconfigurations/core/v1/ephemeralvolumesource.go
[gosec] 2026/02/05 17:44:41 Checking file: /tmp/blitzy/blitzy-kubernetes/blitzy5f91179c1/staging/src/k8s.io/client-go/applyconfigurations/core/v1/event.go
[gosec] 2026/02/05 17:44:42 Checking file: /tmp/blitzy/blitzy-kubernetes/blitzy5f91179c1/staging/src/k8s.io/client-go/applyconfigurations/core/v1/eventseries.go
[gosec] 2026/02/05 17:44:43 Checking file: /tmp/blitzy/blitzy-kubernetes/blitzy5f91179c1/staging/src/k8s.io/client-go/applyconfigurations/core/v1/eventsource.go
[gosec] 2026/02/05 17:44:43 Checking file: /tmp/blitzy/blitzy-kubernetes/blitzy5f91179c1/staging/src/k8s.io/client-go/applyconfigurations/core/v1/execaction.go
[gosec] 2026/02/05 17:44:43 Checking file: /tmp/blitzy/blitzy-kubernetes/blitzy5f91179c1/staging/src/k8s.io/client-go/applyconfigurations/core/v1/fcvolumesource.go
[gosec] 2026/02/05 17:44:43 Checking file: /tmp/blitzy/blitzy-kubernetes/blitzy5f91179c1/staging/src/k8s.io/client-go/applyconfigurations/core/v1/filekeyselector.go
[gosec] 2026/02/05 17:44:43 Checking file: /tmp/blitzy/blitzy-kubernetes/blitzy5f91179c1/staging/src/k8s.io/client-go/applyconfigurations/core/v1/flexpersistentvolumesource.go
[gosec] 2026/02/05 17:44:43 Checking file: /tmp/blitzy/blitzy-kubernetes/blitzy5f91179c1/staging/src/k8s.io/client-go/applyconfigurations/core/v1/flexvolumesource.go
[gosec] 2026/02/05 17:44:43 Checking file: /tmp/blitzy/blitzy-kubernetes/blitzy5f91179c1/staging/src/k8s.io/client-go/applyconfigurations/core/v1/flockervolumesource.go
[gosec] 2026/02/05 17:44:44 Checking file: /tmp/blitzy/blitzy-kubernetes/blitzy5f91179c1/staging/src/k8s.io/client-go/applyconfigurations/core/v1/gcepersistentdiskvolumesource.go
[gosec] 2026/02/05 17:44:44 Checking file: /tmp/blitzy/blitzy-kubernetes/blitzy5f91179c1/staging/src/k8s.io/client-go/applyconfigurations/core/v1/gitrepovolumesource.go
[gosec] 2026/02/05 17:44:44 Checking file: /tmp/blitzy/blitzy-kubernetes/blitzy5f91179c1/staging/src/k8s.io/client-go/applyconfigurations/core/v1/glusterfspersistentvolumesource.go
[gosec] 2026/02/05 17:44:44 Checking file: /tmp/blitzy/blitzy-kubernetes/blitzy5f91179c1/staging/src/k8s.io/client-go/applyconfigurations/core/v1/glusterfsvolumesource.go
[gosec] 2026/02/05 17:44:44 Checking file: /tmp/blitzy/blitzy-kubernetes/blitzy5f91179c1/staging/src/k8s.io/client-go/applyconfigurations/core/v1/grpcaction.go
[gosec] 2026/02/05 17:44:44 Checking file: /tmp/blitzy/blitzy-kubernetes/blitzy5f91179c1/staging/src/k8s.io/client-go/applyconfigurations/core/v1/hostalias.go
[gosec] 2026/02/05 17:44:44 Checking file: /tmp/blitzy/blitzy-kubernetes/blitzy5f91179c1/staging/src/k8s.io/client-go/applyconfigurations/core/v1/hostip.go
[gosec] 2026/02/05 17:44:44 Checking file: /tmp/blitzy/blitzy-kubernetes/blitzy5f91179c1/staging/src/k8s.io/client-go/applyconfigurations/core/v1/hostpathvolumesource.go
[gosec] 2026/02/05 17:44:45 Checking file: /tmp/blitzy/blitzy-kubernetes/blitzy5f91179c1/staging/src/k8s.io/client-go/applyconfigurations/core/v1/httpgetaction.go
[gosec] 2026/02/05 17:44:45 Checking file: /tmp/blitzy/blitzy-kubernetes/blitzy5f91179c1/staging/src/k8s.io/client-go/applyconfigurations/core/v1/httpheader.go
[gosec] 2026/02/05 17:44:45 Checking file: /tmp/blitzy/blitzy-kubernetes/blitzy5f91179c1/staging/src/k8s.io/client-go/applyconfigurations/core/v1/imagevolumesource.go
[gosec] 2026/02/05 17:44:45 Checking file: /tmp/blitzy/blitzy-kubernetes/blitzy5f91179c1/staging/src/k8s.io/client-go/applyconfigurations/core/v1/iscsipersistentvolumesource.go
[gosec] 2026/02/05 17:44:45 Checking file: /tmp/blitzy/blitzy-kubernetes/blitzy5f91179c1/staging/src/k8s.io/client-go/applyconfigurations/core/v1/iscsivolumesource.go
[gosec] 2026/02/05 17:44:46 Checking file: /tmp/blitzy/blitzy-kubernetes/blitzy5f91179c1/staging/src/k8s.io/client-go/applyconfigurations/core/v1/keytopath.go
[gosec] 2026/02/05 17:44:46 Checking file: /tmp/blitzy/blitzy-kubernetes/blitzy5f91179c1/staging/src/k8s.io/client-go/applyconfigurations/core/v1/lifecycle.go
[gosec] 2026/02/05 17:44:46 Checking file: /tmp/blitzy/blitzy-kubernetes/blitzy5f91179c1/staging/src/k8s.io/client-go/applyconfigurations/core/v1/lifecyclehandler.go
[gosec] 2026/02/05 17:44:46 Checking file: /tmp/blitzy/blitzy-kubernetes/blitzy5f91179c1/staging/src/k8s.io/client-go/applyconfigurations/core/v1/limitrange.go
[gosec] 2026/02/05 17:44:47 Checking file: /tmp/blitzy/blitzy-kubernetes/blitzy5f91179c1/staging/src/k8s.io/client-go/applyconfigurations/core/v1/limitrangeitem.go
[gosec] 2026/02/05 17:44:47 Checking file: /tmp/blitzy/blitzy-kubernetes/blitzy5f91179c1/staging/src/k8s.io/client-go/applyconfigurations/core/v1/limitrangespec.go
[gosec] 2026/02/05 17:44:47 Checking file: /tmp/blitzy/blitzy-kubernetes/blitzy5f91179c1/staging/src/k8s.io/client-go/applyconfigurations/core/v1/linuxcontaineruser.go
[gosec] 2026/02/05 17:44:47 Checking file: /tmp/blitzy/blitzy-kubernetes/blitzy5f91179c1/staging/src/k8s.io/client-go/applyconfigurations/core/v1/loadbalanceringress.go
[gosec] 2026/02/05 17:44:47 Checking file: /tmp/blitzy/blitzy-kubernetes/blitzy5f91179c1/staging/src/k8s.io/client-go/applyconfigurations/core/v1/loadbalancerstatus.go
[gosec] 2026/02/05 17:44:48 Checking file: /tmp/blitzy/blitzy-kubernetes/blitzy5f91179c1/staging/src/k8s.io/client-go/applyconfigurations/core/v1/localobjectreference.go
[gosec] 2026/02/05 17:44:48 Checking file: /tmp/blitzy/blitzy-kubernetes/blitzy5f91179c1/staging/src/k8s.io/client-go/applyconfigurations/core/v1/localvolumesource.go
[gosec] 2026/02/05 17:44:48 Checking file: /tmp/blitzy/blitzy-kubernetes/blitzy5f91179c1/staging/src/k8s.io/client-go/applyconfigurations/core/v1/modifyvolumestatus.go
[gosec] 2026/02/05 17:44:48 Checking file: /tmp/blitzy/blitzy-kubernetes/blitzy5f91179c1/staging/src/k8s.io/client-go/applyconfigurations/core/v1/namespace.go
[gosec] 2026/02/05 17:44:49 Checking file: /tmp/blitzy/blitzy-kubernetes/blitzy5f91179c1/staging/src/k8s.io/client-go/applyconfigurations/core/v1/namespacecondition.go
[gosec] 2026/02/05 17:44:49 Checking file: /tmp/blitzy/blitzy-kubernetes/blitzy5f91179c1/staging/src/k8s.io/client-go/applyconfigurations/core/v1/namespacespec.go
[gosec] 2026/02/05 17:44:49 Checking file: /tmp/blitzy/blitzy-kubernetes/blitzy5f91179c1/staging/src/k8s.io/client-go/applyconfigurations/core/v1/namespacestatus.go
[gosec] 2026/02/05 17:44:49 Checking file: /tmp/blitzy/blitzy-kubernetes/blitzy5f91179c1/staging/src/k8s.io/client-go/applyconfigurations/core/v1/nfsvolumesource.go
[gosec] 2026/02/05 17:44:49 Checking file: /tmp/blitzy/blitzy-kubernetes/blitzy5f91179c1/staging/src/k8s.io/client-go/applyconfigurations/core/v1/node.go
[gosec] 2026/02/05 17:44:50 Checking file: /tmp/blitzy/blitzy-kubernetes/blitzy5f91179c1/staging/src/k8s.io/client-go/applyconfigurations/core/v1/nodeaddress.go
[gosec] 2026/02/05 17:44:50 Checking file: /tmp/blitzy/blitzy-kubernetes/blitzy5f91179c1/staging/src/k8s.io/client-go/applyconfigurations/core/v1/nodeaffinity.go
[gosec] 2026/02/05 17:44:50 Checking file: /tmp/blitzy/blitzy-kubernetes/blitzy5f91179c1/staging/src/k8s.io/client-go/applyconfigurations/core/v1/nodecondition.go
[gosec] 2026/02/05 17:44:50 Checking file: /tmp/blitzy/blitzy-kubernetes/blitzy5f91179c1/staging/src/k8s.io/client-go/applyconfigurations/core/v1/nodeconfigsource.go
[gosec] 2026/02/05 17:44:50 Checking file: /tmp/blitzy/blitzy-kubernetes/blitzy5f91179c1/staging/src/k8s.io/client-go/applyconfigurations/core/v1/nodeconfigstatus.go
[gosec] 2026/02/05 17:44:50 Checking file: /tmp/blitzy/blitzy-kubernetes/blitzy5f91179c1/staging/src/k8s.io/client-go/applyconfigurations/core/v1/nodedaemonendpoints.go
[gosec] 2026/02/05 17:44:50 Checking file: /tmp/blitzy/blitzy-kubernetes/blitzy5f91179c1/staging/src/k8s.io/client-go/applyconfigurations/core/v1/nodefeatures.go
[gosec] 2026/02/05 17:44:50 Checking file: /tmp/blitzy/blitzy-kubernetes/blitzy5f91179c1/staging/src/k8s.io/client-go/applyconfigurations/core/v1/noderuntimehandler.go
[gosec] 2026/02/05 17:44:51 Checking file: /tmp/blitzy/blitzy-kubernetes/blitzy5f91179c1/staging/src/k8s.io/client-go/applyconfigurations/core/v1/noderuntimehandlerfeatures.go
[gosec] 2026/02/05 17:44:51 Checking file: /tmp/blitzy/blitzy-kubernetes/blitzy5f91179c1/staging/src/k8s.io/client-go/applyconfigurations/core/v1/nodeselector.go
[gosec] 2026/02/05 17:44:51 Checking file: /tmp/blitzy/blitzy-kubernetes/blitzy5f91179c1/staging/src/k8s.io/client-go/applyconfigurations/core/v1/nodeselectorrequirement.go
[gosec] 2026/02/05 17:44:51 Checking file: /tmp/blitzy/blitzy-kubernetes/blitzy5f91179c1/staging/src/k8s.io/client-go/applyconfigurations/core/v1/nodeselectorterm.go
[gosec] 2026/02/05 17:44:51 Checking file: /tmp/blitzy/blitzy-kubernetes/blitzy5f91179c1/staging/src/k8s.io/client-go/applyconfigurations/core/v1/nodespec.go
[gosec] 2026/02/05 17:44:51 Checking file: /tmp/blitzy/blitzy-kubernetes/blitzy5f91179c1/staging/src/k8s.io/client-go/applyconfigurations/core/v1/nodestatus.go
[gosec] 2026/02/05 17:44:52 Checking file: /tmp/blitzy/blitzy-kubernetes/blitzy5f91179c1/staging/src/k8s.io/client-go/applyconfigurations/core/v1/nodeswapstatus.go
[gosec] 2026/02/05 17:44:52 Checking file: /tmp/blitzy/blitzy-kubernetes/blitzy5f91179c1/staging/src/k8s.io/client-go/applyconfigurations/core/v1/nodesysteminfo.go
[gosec] 2026/02/05 17:44:52 Checking file: /tmp/blitzy/blitzy-kubernetes/blitzy5f91179c1/staging/src/k8s.io/client-go/applyconfigurations/core/v1/objectfieldselector.go
[gosec] 2026/02/05 17:44:52 Checking file: /tmp/blitzy/blitzy-kubernetes/blitzy5f91179c1/staging/src/k8s.io/client-go/applyconfigurations/core/v1/objectreference.go
[gosec] 2026/02/05 17:44:53 Checking file: /tmp/blitzy/blitzy-kubernetes/blitzy5f91179c1/staging/src/k8s.io/client-go/applyconfigurations/core/v1/persistentvolume.go
[gosec] 2026/02/05 17:44:53 Checking file: /tmp/blitzy/blitzy-kubernetes/blitzy5f91179c1/staging/src/k8s.io/client-go/applyconfigurations/core/v1/persistentvolumeclaim.go
[gosec] 2026/02/05 17:44:54 Checking file: /tmp/blitzy/blitzy-kubernetes/blitzy5f91179c1/staging/src/k8s.io/client-go/applyconfigurations/core/v1/persistentvolumeclaimcondition.go
[gosec] 2026/02/05 17:44:54 Checking file: /tmp/blitzy/blitzy-kubernetes/blitzy5f91179c1/staging/src/k8s.io/client-go/applyconfigurations/core/v1/persistentvolumeclaimspec.go
[gosec] 2026/02/05 17:44:55 Checking file: /tmp/blitzy/blitzy-kubernetes/blitzy5f91179c1/staging/src/k8s.io/client-go/applyconfigurations/core/v1/persistentvolumeclaimstatus.go
[gosec] 2026/02/05 17:44:55 Checking file: /tmp/blitzy/blitzy-kubernetes/blitzy5f91179c1/staging/src/k8s.io/client-go/applyconfigurations/core/v1/persistentvolumeclaimtemplate.go
[gosec] 2026/02/05 17:44:55 Checking file: /tmp/blitzy/blitzy-kubernetes/blitzy5f91179c1/staging/src/k8s.io/client-go/applyconfigurations/core/v1/persistentvolumeclaimvolumesource.go
[gosec] 2026/02/05 17:44:55 Checking file: /tmp/blitzy/blitzy-kubernetes/blitzy5f91179c1/staging/src/k8s.io/client-go/applyconfigurations/core/v1/persistentvolumesource.go
[gosec] 2026/02/05 17:44:56 Checking file: /tmp/blitzy/blitzy-kubernetes/blitzy5f91179c1/staging/src/k8s.io/client-go/applyconfigurations/core/v1/persistentvolumespec.go
[gosec] 2026/02/05 17:44:57 Checking file: /tmp/blitzy/blitzy-kubernetes/blitzy5f91179c1/staging/src/k8s.io/client-go/applyconfigurations/core/v1/persistentvolumestatus.go
[gosec] 2026/02/05 17:44:57 Checking file: /tmp/blitzy/blitzy-kubernetes/blitzy5f91179c1/staging/src/k8s.io/client-go/applyconfigurations/core/v1/photonpersistentdiskvolumesource.go
[gosec] 2026/02/05 17:44:57 Checking file: /tmp/blitzy/blitzy-kubernetes/blitzy5f91179c1/staging/src/k8s.io/client-go/applyconfigurations/core/v1/pod.go
[gosec] 2026/02/05 17:44:58 Checking file: /tmp/blitzy/blitzy-kubernetes/blitzy5f91179c1/staging/src/k8s.io/client-go/applyconfigurations/core/v1/podaffinity.go
[gosec] 2026/02/05 17:44:58 Checking file: /tmp/blitzy/blitzy-kubernetes/blitzy5f91179c1/staging/src/k8s.io/client-go/applyconfigurations/core/v1/podaffinityterm.go
[gosec] 2026/02/05 17:44:58 Checking file: /tmp/blitzy/blitzy-kubernetes/blitzy5f91179c1/staging/src/k8s.io/client-go/applyconfigurations/core/v1/podantiaffinity.go
[gosec] 2026/02/05 17:44:58 Checking file: /tmp/blitzy/blitzy-kubernetes/blitzy5f91179c1/staging/src/k8s.io/client-go/applyconfigurations/core/v1/podcertificateprojection.go
[gosec] 2026/02/05 17:44:58 Checking file: /tmp/blitzy/blitzy-kubernetes/blitzy5f91179c1/staging/src/k8s.io/client-go/applyconfigurations/core/v1/podcondition.go
[gosec] 2026/02/05 17:44:59 Checking file: /tmp/blitzy/blitzy-kubernetes/blitzy5f91179c1/staging/src/k8s.io/client-go/applyconfigurations/core/v1/poddnsconfig.go
[gosec] 2026/02/05 17:44:59 Checking file: /tmp/blitzy/blitzy-kubernetes/blitzy5f91179c1/staging/src/k8s.io/client-go/applyconfigurations/core/v1/poddnsconfigoption.go
[gosec] 2026/02/05 17:44:59 Checking file: /tmp/blitzy/blitzy-kubernetes/blitzy5f91179c1/staging/src/k8s.io/client-go/applyconfigurations/core/v1/podextendedresourceclaimstatus.go
[gosec] 2026/02/05 17:44:59 Checking file: /tmp/blitzy/blitzy-kubernetes/blitzy5f91179c1/staging/src/k8s.io/client-go/applyconfigurations/core/v1/podip.go
[gosec] 2026/02/05 17:44:59 Checking file: /tmp/blitzy/blitzy-kubernetes/blitzy5f91179c1/staging/src/k8s.io/client-go/applyconfigurations/core/v1/podos.go
[gosec] 2026/02/05 17:44:59 Checking file: /tmp/blitzy/blitzy-kubernetes/blitzy5f91179c1/staging/src/k8s.io/client-go/applyconfigurations/core/v1/podreadinessgate.go
[gosec] 2026/02/05 17:44:59 Checking file: /tmp/blitzy/blitzy-kubernetes/blitzy5f91179c1/staging/src/k8s.io/client-go/applyconfigurations/core/v1/podresourceclaim.go
[gosec] 2026/02/05 17:44:59 Checking file: /tmp/blitzy/blitzy-kubernetes/blitzy5f91179c1/staging/src/k8s.io/client-go/applyconfigurations/core/v1/podresourceclaimstatus.go
[gosec] 2026/02/05 17:44:59 Checking file: /tmp/blitzy/blitzy-kubernetes/blitzy5f91179c1/staging/src/k8s.io/client-go/applyconfigurations/core/v1/podschedulinggate.go
[gosec] 2026/02/05 17:44:59 Checking file: /tmp/blitzy/blitzy-kubernetes/blitzy5f91179c1/staging/src/k8s.io/client-go/applyconfigurations/core/v1/podsecuritycontext.go
[gosec] 2026/02/05 17:45:00 Checking file: /tmp/blitzy/blitzy-kubernetes/blitzy5f91179c1/staging/src/k8s.io/client-go/applyconfigurations/core/v1/podspec.go
[gosec] 2026/02/05 17:45:01 Checking file: /tmp/blitzy/blitzy-kubernetes/blitzy5f91179c1/staging/src/k8s.io/client-go/applyconfigurations/core/v1/podstatus.go
[gosec] 2026/02/05 17:45:02 Checking file: /tmp/blitzy/blitzy-kubernetes/blitzy5f91179c1/staging/src/k8s.io/client-go/applyconfigurations/core/v1/podtemplate.go
[gosec] 2026/02/05 17:45:02 Checking file: /tmp/blitzy/blitzy-kubernetes/blitzy5f91179c1/staging/src/k8s.io/client-go/applyconfigurations/core/v1/podtemplatespec.go
[gosec] 2026/02/05 17:45:03 Checking file: /tmp/blitzy/blitzy-kubernetes/blitzy5f91179c1/staging/src/k8s.io/client-go/applyconfigurations/core/v1/portstatus.go
[gosec] 2026/02/05 17:45:03 Checking file: /tmp/blitzy/blitzy-kubernetes/blitzy5f91179c1/staging/src/k8s.io/client-go/applyconfigurations/core/v1/portworxvolumesource.go
[gosec] 2026/02/05 17:45:03 Checking file: /tmp/blitzy/blitzy-kubernetes/blitzy5f91179c1/staging/src/k8s.io/client-go/applyconfigurations/core/v1/preferredschedulingterm.go
[gosec] 2026/02/05 17:45:03 Checking file: /tmp/blitzy/blitzy-kubernetes/blitzy5f91179c1/staging/src/k8s.io/client-go/applyconfigurations/core/v1/probe.go
[gosec] 2026/02/05 17:45:04 Checking file: /tmp/blitzy/blitzy-kubernetes/blitzy5f91179c1/staging/src/k8s.io/client-go/applyconfigurations/core/v1/probehandler.go
[gosec] 2026/02/05 17:45:04 Checking file: /tmp/blitzy/blitzy-kubernetes/blitzy5f91179c1/staging/src/k8s.io/client-go/applyconfigurations/core/v1/projectedvolumesource.go
[gosec] 2026/02/05 17:45:04 Checking file: /tmp/blitzy/blitzy-kubernetes/blitzy5f91179c1/staging/src/k8s.io/client-go/applyconfigurations/core/v1/quobytevolumesource.go
[gosec] 2026/02/05 17:45:04 Checking file: /tmp/blitzy/blitzy-kubernetes/blitzy5f91179c1/staging/src/k8s.io/client-go/applyconfigurations/core/v1/rbdpersistentvolumesource.go
[gosec] 2026/02/05 17:45:04 Checking file: /tmp/blitzy/blitzy-kubernetes/blitzy5f91179c1/staging/src/k8s.io/client-go/applyconfigurations/core/v1/rbdvolumesource.go
[gosec] 2026/02/05 17:45:05 Checking file: /tmp/blitzy/blitzy-kubernetes/blitzy5f91179c1/staging/src/k8s.io/client-go/applyconfigurations/core/v1/replicationcontroller.go
[gosec] 2026/02/05 17:45:05 Checking file: /tmp/blitzy/blitzy-kubernetes/blitzy5f91179c1/staging/src/k8s.io/client-go/applyconfigurations/core/v1/replicationcontrollercondition.go
[gosec] 2026/02/05 17:45:06 Checking file: /tmp/blitzy/blitzy-kubernetes/blitzy5f91179c1/staging/src/k8s.io/client-go/applyconfigurations/core/v1/replicationcontrollerspec.go
[gosec] 2026/02/05 17:45:06 Checking file: /tmp/blitzy/blitzy-kubernetes/blitzy5f91179c1/staging/src/k8s.io/client-go/applyconfigurations/core/v1/replicationcontrollerstatus.go
[gosec] 2026/02/05 17:45:06 Checking file: /tmp/blitzy/blitzy-kubernetes/blitzy5f91179c1/staging/src/k8s.io/client-go/applyconfigurations/core/v1/resourceclaim.go
[gosec] 2026/02/05 17:45:06 Checking file: /tmp/blitzy/blitzy-kubernetes/blitzy5f91179c1/staging/src/k8s.io/client-go/applyconfigurations/core/v1/resourcefieldselector.go
[gosec] 2026/02/05 17:45:06 Checking file: /tmp/blitzy/blitzy-kubernetes/blitzy5f91179c1/staging/src/k8s.io/client-go/applyconfigurations/core/v1/resourcehealth.go
[gosec] 2026/02/05 17:45:06 Checking file: /tmp/blitzy/blitzy-kubernetes/blitzy5f91179c1/staging/src/k8s.io/client-go/applyconfigurations/core/v1/resourcequota.go
[gosec] 2026/02/05 17:45:07 Checking file: /tmp/blitzy/blitzy-kubernetes/blitzy5f91179c1/staging/src/k8s.io/client-go/applyconfigurations/core/v1/resourcequotaspec.go
[gosec] 2026/02/05 17:45:07 Checking file: /tmp/blitzy/blitzy-kubernetes/blitzy5f91179c1/staging/src/k8s.io/client-go/applyconfigurations/core/v1/resourcequotastatus.go
[gosec] 2026/02/05 17:45:07 Checking file: /tmp/blitzy/blitzy-kubernetes/blitzy5f91179c1/staging/src/k8s.io/client-go/applyconfigurations/core/v1/resourcerequirements.go
[gosec] 2026/02/05 17:45:07 Checking file: /tmp/blitzy/blitzy-kubernetes/blitzy5f91179c1/staging/src/k8s.io/client-go/applyconfigurations/core/v1/resourcestatus.go
[gosec] 2026/02/05 17:45:08 Checking file: /tmp/blitzy/blitzy-kubernetes/blitzy5f91179c1/staging/src/k8s.io/client-go/applyconfigurations/core/v1/scaleiopersistentvolumesource.go
[gosec] 2026/02/05 17:45:08 Checking file: /tmp/blitzy/blitzy-kubernetes/blitzy5f91179c1/staging/src/k8s.io/client-go/applyconfigurations/core/v1/scaleiovolumesource.go
[gosec] 2026/02/05 17:45:08 Checking file: /tmp/blitzy/blitzy-kubernetes/blitzy5f91179c1/staging/src/k8s.io/client-go/applyconfigurations/core/v1/scopedresourceselectorrequirement.go
[gosec] 2026/02/05 17:45:08 Checking file: /tmp/blitzy/blitzy-kubernetes/blitzy5f91179c1/staging/src/k8s.io/client-go/applyconfigurations/core/v1/scopeselector.go
[gosec] 2026/02/05 17:45:08 Checking file: /tmp/blitzy/blitzy-kubernetes/blitzy5f91179c1/staging/src/k8s.io/client-go/applyconfigurations/core/v1/seccompprofile.go
[gosec] 2026/02/05 17:45:09 Checking file: /tmp/blitzy/blitzy-kubernetes/blitzy5f91179c1/staging/src/k8s.io/client-go/applyconfigurations/core/v1/secret.go
[gosec] 2026/02/05 17:45:09 Checking file: /tmp/blitzy/blitzy-kubernetes/blitzy5f91179c1/staging/src/k8s.io/client-go/applyconfigurations/core/v1/secretenvsource.go
[gosec] 2026/02/05 17:45:09 Checking file: /tmp/blitzy/blitzy-kubernetes/blitzy5f91179c1/staging/src/k8s.io/client-go/applyconfigurations/core/v1/secretkeyselector.go
[gosec] 2026/02/05 17:45:10 Checking file: /tmp/blitzy/blitzy-kubernetes/blitzy5f91179c1/staging/src/k8s.io/client-go/applyconfigurations/core/v1/secretprojection.go
[gosec] 2026/02/05 17:45:10 Checking file: /tmp/blitzy/blitzy-kubernetes/blitzy5f91179c1/staging/src/k8s.io/client-go/applyconfigurations/core/v1/secretreference.go
[gosec] 2026/02/05 17:45:10 Checking file: /tmp/blitzy/blitzy-kubernetes/blitzy5f91179c1/staging/src/k8s.io/client-go/applyconfigurations/core/v1/secretvolumesource.go
[gosec] 2026/02/05 17:45:10 Checking file: /tmp/blitzy/blitzy-kubernetes/blitzy5f91179c1/staging/src/k8s.io/client-go/applyconfigurations/core/v1/securitycontext.go
[gosec] 2026/02/05 17:45:10 Checking file: /tmp/blitzy/blitzy-kubernetes/blitzy5f91179c1/staging/src/k8s.io/client-go/applyconfigurations/core/v1/selinuxoptions.go
[gosec] 2026/02/05 17:45:10 Checking file: /tmp/blitzy/blitzy-kubernetes/blitzy5f91179c1/staging/src/k8s.io/client-go/applyconfigurations/core/v1/service.go
[gosec] 2026/02/05 17:45:11 Checking file: /tmp/blitzy/blitzy-kubernetes/blitzy5f91179c1/staging/src/k8s.io/client-go/applyconfigurations/core/v1/serviceaccount.go
[gosec] 2026/02/05 17:45:12 Checking file: /tmp/blitzy/blitzy-kubernetes/blitzy5f91179c1/staging/src/k8s.io/client-go/applyconfigurations/core/v1/serviceaccounttokenprojection.go
[gosec] 2026/02/05 17:45:12 Checking file: /tmp/blitzy/blitzy-kubernetes/blitzy5f91179c1/staging/src/k8s.io/client-go/applyconfigurations/core/v1/serviceport.go
[gosec] 2026/02/05 17:45:12 Checking file: /tmp/blitzy/blitzy-kubernetes/blitzy5f91179c1/staging/src/k8s.io/client-go/applyconfigurations/core/v1/servicespec.go
[gosec] 2026/02/05 17:45:13 Checking file: /tmp/blitzy/blitzy-kubernetes/blitzy5f91179c1/staging/src/k8s.io/client-go/applyconfigurations/core/v1/servicestatus.go
[gosec] 2026/02/05 17:45:13 Checking file: /tmp/blitzy/blitzy-kubernetes/blitzy5f91179c1/staging/src/k8s.io/client-go/applyconfigurations/core/v1/sessionaffinityconfig.go
[gosec] 2026/02/05 17:45:13 Checking file: /tmp/blitzy/blitzy-kubernetes/blitzy5f91179c1/staging/src/k8s.io/client-go/applyconfigurations/core/v1/sleepaction.go
[gosec] 2026/02/05 17:45:13 Checking file: /tmp/blitzy/blitzy-kubernetes/blitzy5f91179c1/staging/src/k8s.io/client-go/applyconfigurations/core/v1/storageospersistentvolumesource.go
[gosec] 2026/02/05 17:45:14 Checking file: /tmp/blitzy/blitzy-kubernetes/blitzy5f91179c1/staging/src/k8s.io/client-go/applyconfigurations/core/v1/storageosvolumesource.go
[gosec] 2026/02/05 17:45:14 Checking file: /tmp/blitzy/blitzy-kubernetes/blitzy5f91179c1/staging/src/k8s.io/client-go/applyconfigurations/core/v1/sysctl.go
[gosec] 2026/02/05 17:45:14 Checking file: /tmp/blitzy/blitzy-kubernetes/blitzy5f91179c1/staging/src/k8s.io/client-go/applyconfigurations/core/v1/taint.go
[gosec] 2026/02/05 17:45:14 Checking file: /tmp/blitzy/blitzy-kubernetes/blitzy5f91179c1/staging/src/k8s.io/client-go/applyconfigurations/core/v1/tcpsocketaction.go
[gosec] 2026/02/05 17:45:14 Checking file: /tmp/blitzy/blitzy-kubernetes/blitzy5f91179c1/staging/src/k8s.io/client-go/applyconfigurations/core/v1/toleration.go
[gosec] 2026/02/05 17:45:14 Checking file: /tmp/blitzy/blitzy-kubernetes/blitzy5f91179c1/staging/src/k8s.io/client-go/applyconfigurations/core/v1/topologyselectorlabelrequirement.go
[gosec] 2026/02/05 17:45:14 Checking file: /tmp/blitzy/blitzy-kubernetes/blitzy5f91179c1/staging/src/k8s.io/client-go/applyconfigurations/core/v1/topologyselectorterm.go
[gosec] 2026/02/05 17:45:14 Checking file: /tmp/blitzy/blitzy-kubernetes/blitzy5f91179c1/staging/src/k8s.io/client-go/applyconfigurations/core/v1/topologyspreadconstraint.go
[gosec] 2026/02/05 17:45:15 Checking file: /tmp/blitzy/blitzy-kubernetes/blitzy5f91179c1/staging/src/k8s.io/client-go/applyconfigurations/core/v1/typedlocalobjectreference.go
[gosec] 2026/02/05 17:45:15 Checking file: /tmp/blitzy/blitzy-kubernetes/blitzy5f91179c1/staging/src/k8s.io/client-go/applyconfigurations/core/v1/typedobjectreference.go
[gosec] 2026/02/05 17:45:15 Checking file: /tmp/blitzy/blitzy-kubernetes/blitzy5f91179c1/staging/src/k8s.io/client-go/applyconfigurations/core/v1/volume.go
[gosec] 2026/02/05 17:45:16 Checking file: /tmp/blitzy/blitzy-kubernetes/blitzy5f91179c1/staging/src/k8s.io/client-go/applyconfigurations/core/v1/volumedevice.go
[gosec] 2026/02/05 17:45:16 Checking file: /tmp/blitzy/blitzy-kubernetes/blitzy5f91179c1/staging/src/k8s.io/client-go/applyconfigurations/core/v1/volumemount.go
[gosec] 2026/02/05 17:45:16 Checking file: /tmp/blitzy/blitzy-kubernetes/blitzy5f91179c1/staging/src/k8s.io/client-go/applyconfigurations/core/v1/volumemountstatus.go
[gosec] 2026/02/05 17:45:16 Checking file: /tmp/blitzy/blitzy-kubernetes/blitzy5f91179c1/staging/src/k8s.io/client-go/applyconfigurations/core/v1/volumenodeaffinity.go
[gosec] 2026/02/05 17:45:16 Checking file: /tmp/blitzy/blitzy-kubernetes/blitzy5f91179c1/staging/src/k8s.io/client-go/applyconfigurations/core/v1/volumeprojection.go
[gosec] 2026/02/05 17:45:16 Checking file: /tmp/blitzy/blitzy-kubernetes/blitzy5f91179c1/staging/src/k8s.io/client-go/applyconfigurations/core/v1/volumeresourcerequirements.go
[gosec] 2026/02/05 17:45:16 Checking file: /tmp/blitzy/blitzy-kubernetes/blitzy5f91179c1/staging/src/k8s.io/client-go/applyconfigurations/core/v1/volumesource.go
[gosec] 2026/02/05 17:45:17 Checking file: /tmp/blitzy/blitzy-kubernetes/blitzy5f91179c1/staging/src/k8s.io/client-go/applyconfigurations/core/v1/vspherevirtualdiskvolumesource.go
[gosec] 2026/02/05 17:45:17 Checking file: /tmp/blitzy/blitzy-kubernetes/blitzy5f91179c1/staging/src/k8s.io/client-go/applyconfigurations/core/v1/weightedpodaffinityterm.go
[gosec] 2026/02/05 17:45:17 Checking file: /tmp/blitzy/blitzy-kubernetes/blitzy5f91179c1/staging/src/k8s.io/client-go/applyconfigurations/core/v1/windowssecuritycontextoptions.go
[gosec] 2026/02/05 17:45:17 Checking file: /tmp/blitzy/blitzy-kubernetes/blitzy5f91179c1/staging/src/k8s.io/client-go/applyconfigurations/core/v1/workloadreference.go
[gosec] 2026/02/05 17:45:18 Checking package: v1beta1
[gosec] 2026/02/05 17:45:18 Checking file: /tmp/blitzy/blitzy-kubernetes/blitzy5f91179c1/staging/src/k8s.io/client-go/applyconfigurations/extensions/v1beta1/daemonset.go
[gosec] 2026/02/05 17:45:18 Import directory: /tmp/blitzy/blitzy-kubernetes/blitzy5f91179c1/staging/src/k8s.io/client-go/informers/apps/v1
[gosec] 2026/02/05 17:45:18 Checking file: /tmp/blitzy/blitzy-kubernetes/blitzy5f91179c1/staging/src/k8s.io/client-go/applyconfigurations/extensions/v1beta1/daemonsetcondition.go
[gosec] 2026/02/05 17:45:19 Checking file: /tmp/blitzy/blitzy-kubernetes/blitzy5f91179c1/staging/src/k8s.io/client-go/applyconfigurations/extensions/v1beta1/daemonsetspec.go
[gosec] 2026/02/05 17:45:19 Checking file: /tmp/blitzy/blitzy-kubernetes/blitzy5f91179c1/staging/src/k8s.io/client-go/applyconfigurations/extensions/v1beta1/daemonsetstatus.go
[gosec] 2026/02/05 17:45:19 Checking file: /tmp/blitzy/blitzy-kubernetes/blitzy5f91179c1/staging/src/k8s.io/client-go/applyconfigurations/extensions/v1beta1/daemonsetupdatestrategy.go
[gosec] 2026/02/05 17:45:19 Checking file: /tmp/blitzy/blitzy-kubernetes/blitzy5f91179c1/staging/src/k8s.io/client-go/applyconfigurations/extensions/v1beta1/deployment.go
[gosec] 2026/02/05 17:45:20 Checking file: /tmp/blitzy/blitzy-kubernetes/blitzy5f91179c1/staging/src/k8s.io/client-go/applyconfigurations/extensions/v1beta1/deploymentcondition.go
[gosec] 2026/02/05 17:45:20 Checking file: /tmp/blitzy/blitzy-kubernetes/blitzy5f91179c1/staging/src/k8s.io/client-go/applyconfigurations/extensions/v1beta1/deploymentspec.go
[gosec] 2026/02/05 17:45:21 Checking file: /tmp/blitzy/blitzy-kubernetes/blitzy5f91179c1/staging/src/k8s.io/client-go/applyconfigurations/extensions/v1beta1/deploymentstatus.go
[gosec] 2026/02/05 17:45:21 Checking file: /tmp/blitzy/blitzy-kubernetes/blitzy5f91179c1/staging/src/k8s.io/client-go/applyconfigurations/extensions/v1beta1/deploymentstrategy.go
[gosec] 2026/02/05 17:45:21 Checking file: /tmp/blitzy/blitzy-kubernetes/blitzy5f91179c1/staging/src/k8s.io/client-go/applyconfigurations/extensions/v1beta1/httpingresspath.go
[gosec] 2026/02/05 17:45:21 Checking file: /tmp/blitzy/blitzy-kubernetes/blitzy5f91179c1/staging/src/k8s.io/client-go/applyconfigurations/extensions/v1beta1/httpingressrulevalue.go
[gosec] 2026/02/05 17:45:21 Checking file: /tmp/blitzy/blitzy-kubernetes/blitzy5f91179c1/staging/src/k8s.io/client-go/applyconfigurations/extensions/v1beta1/ingress.go
[gosec] 2026/02/05 17:45:22 Checking file: /tmp/blitzy/blitzy-kubernetes/blitzy5f91179c1/staging/src/k8s.io/client-go/applyconfigurations/extensions/v1beta1/ingressbackend.go
[gosec] 2026/02/05 17:45:22 Checking file: /tmp/blitzy/blitzy-kubernetes/blitzy5f91179c1/staging/src/k8s.io/client-go/applyconfigurations/extensions/v1beta1/ingressloadbalanceringress.go
[gosec] 2026/02/05 17:45:22 Checking file: /tmp/blitzy/blitzy-kubernetes/blitzy5f91179c1/staging/src/k8s.io/client-go/applyconfigurations/extensions/v1beta1/ingressloadbalancerstatus.go
[gosec] 2026/02/05 17:45:22 Checking file: /tmp/blitzy/blitzy-kubernetes/blitzy5f91179c1/staging/src/k8s.io/client-go/applyconfigurations/extensions/v1beta1/ingressportstatus.go
[gosec] 2026/02/05 17:45:22 Checking file: /tmp/blitzy/blitzy-kubernetes/blitzy5f91179c1/staging/src/k8s.io/client-go/applyconfigurations/extensions/v1beta1/ingressrule.go
[gosec] 2026/02/05 17:45:22 Checking file: /tmp/blitzy/blitzy-kubernetes/blitzy5f91179c1/staging/src/k8s.io/client-go/applyconfigurations/extensions/v1beta1/ingressrulevalue.go
[gosec] 2026/02/05 17:45:22 Checking file: /tmp/blitzy/blitzy-kubernetes/blitzy5f91179c1/staging/src/k8s.io/client-go/applyconfigurations/extensions/v1beta1/ingressspec.go
[gosec] 2026/02/05 17:45:23 Checking file: /tmp/blitzy/blitzy-kubernetes/blitzy5f91179c1/staging/src/k8s.io/client-go/applyconfigurations/extensions/v1beta1/ingressstatus.go
[gosec] 2026/02/05 17:45:23 Checking file: /tmp/blitzy/blitzy-kubernetes/blitzy5f91179c1/staging/src/k8s.io/client-go/applyconfigurations/extensions/v1beta1/ingresstls.go
[gosec] 2026/02/05 17:45:23 Checking file: /tmp/blitzy/blitzy-kubernetes/blitzy5f91179c1/staging/src/k8s.io/client-go/applyconfigurations/extensions/v1beta1/ipblock.go
[gosec] 2026/02/05 17:45:23 Checking file: /tmp/blitzy/blitzy-kubernetes/blitzy5f91179c1/staging/src/k8s.io/client-go/applyconfigurations/extensions/v1beta1/networkpolicy.go
[gosec] 2026/02/05 17:45:24 Checking file: /tmp/blitzy/blitzy-kubernetes/blitzy5f91179c1/staging/src/k8s.io/client-go/applyconfigurations/extensions/v1beta1/networkpolicyegressrule.go
[gosec] 2026/02/05 17:45:24 Checking file: /tmp/blitzy/blitzy-kubernetes/blitzy5f91179c1/staging/src/k8s.io/client-go/applyconfigurations/extensions/v1beta1/networkpolicyingressrule.go
[gosec] 2026/02/05 17:45:24 Checking file: /tmp/blitzy/blitzy-kubernetes/blitzy5f91179c1/staging/src/k8s.io/client-go/applyconfigurations/extensions/v1beta1/networkpolicypeer.go
[gosec] 2026/02/05 17:45:24 Checking file: /tmp/blitzy/blitzy-kubernetes/blitzy5f91179c1/staging/src/k8s.io/client-go/applyconfigurations/extensions/v1beta1/networkpolicyport.go
[gosec] 2026/02/05 17:45:24 Checking file: /tmp/blitzy/blitzy-kubernetes/blitzy5f91179c1/staging/src/k8s.io/client-go/applyconfigurations/extensions/v1beta1/networkpolicyspec.go
[gosec] 2026/02/05 17:45:24 Checking file: /tmp/blitzy/blitzy-kubernetes/blitzy5f91179c1/staging/src/k8s.io/client-go/applyconfigurations/extensions/v1beta1/replicaset.go
[gosec] 2026/02/05 17:45:25 Checking file: /tmp/blitzy/blitzy-kubernetes/blitzy5f91179c1/staging/src/k8s.io/client-go/applyconfigurations/extensions/v1beta1/replicasetcondition.go
[gosec] 2026/02/05 17:45:25 Checking file: /tmp/blitzy/blitzy-kubernetes/blitzy5f91179c1/staging/src/k8s.io/client-go/applyconfigurations/extensions/v1beta1/replicasetspec.go
[gosec] 2026/02/05 17:45:25 Checking file: /tmp/blitzy/blitzy-kubernetes/blitzy5f91179c1/staging/src/k8s.io/client-go/applyconfigurations/extensions/v1beta1/replicasetstatus.go
[gosec] 2026/02/05 17:45:26 Checking file: /tmp/blitzy/blitzy-kubernetes/blitzy5f91179c1/staging/src/k8s.io/client-go/applyconfigurations/extensions/v1beta1/rollbackconfig.go
[gosec] 2026/02/05 17:45:26 Checking file: /tmp/blitzy/blitzy-kubernetes/blitzy5f91179c1/staging/src/k8s.io/client-go/applyconfigurations/extensions/v1beta1/rollingupdatedaemonset.go
[gosec] 2026/02/05 17:45:26 Checking file: /tmp/blitzy/blitzy-kubernetes/blitzy5f91179c1/staging/src/k8s.io/client-go/applyconfigurations/extensions/v1beta1/rollingupdatedeployment.go
[gosec] 2026/02/05 17:45:26 Checking file: /tmp/blitzy/blitzy-kubernetes/blitzy5f91179c1/staging/src/k8s.io/client-go/applyconfigurations/extensions/v1beta1/scale.go
[gosec] 2026/02/05 17:45:26 Checking package: v1
[gosec] 2026/02/05 17:45:26 Checking file: /tmp/blitzy/blitzy-kubernetes/blitzy5f91179c1/staging/src/k8s.io/client-go/kubernetes/typed/apps/v1/apps_client.go
[gosec] 2026/02/05 17:45:26 Import directory: /tmp/blitzy/blitzy-kubernetes/blitzy5f91179c1/staging/src/k8s.io/client-go/kubernetes/typed/certificates/v1beta1
[gosec] 2026/02/05 17:45:27 Checking file: /tmp/blitzy/blitzy-kubernetes/blitzy5f91179c1/staging/src/k8s.io/client-go/kubernetes/typed/apps/v1/controllerrevision.go
[gosec] 2026/02/05 17:45:27 Checking file: /tmp/blitzy/blitzy-kubernetes/blitzy5f91179c1/staging/src/k8s.io/client-go/kubernetes/typed/apps/v1/daemonset.go
[gosec] 2026/02/05 17:45:27 Checking file: /tmp/blitzy/blitzy-kubernetes/blitzy5f91179c1/staging/src/k8s.io/client-go/kubernetes/typed/apps/v1/deployment.go
[gosec] 2026/02/05 17:45:27 Checking file: /tmp/blitzy/blitzy-kubernetes/blitzy5f91179c1/staging/src/k8s.io/client-go/kubernetes/typed/apps/v1/doc.go
[gosec] 2026/02/05 17:45:27 Checking file: /tmp/blitzy/blitzy-kubernetes/blitzy5f91179c1/staging/src/k8s.io/client-go/kubernetes/typed/apps/v1/generated_expansion.go
[gosec] 2026/02/05 17:45:27 Checking file: /tmp/blitzy/blitzy-kubernetes/blitzy5f91179c1/staging/src/k8s.io/client-go/kubernetes/typed/apps/v1/replicaset.go
[gosec] 2026/02/05 17:45:28 Checking file: /tmp/blitzy/blitzy-kubernetes/blitzy5f91179c1/staging/src/k8s.io/client-go/kubernetes/typed/apps/v1/statefulset.go
[gosec] 2026/02/05 17:45:28 Checking package: v1beta2
[gosec] 2026/02/05 17:45:28 Checking file: /tmp/blitzy/blitzy-kubernetes/blitzy5f91179c1/staging/src/k8s.io/client-go/kubernetes/typed/apps/v1beta2/apps_client.go
[gosec] 2026/02/05 17:45:28 Import directory: /tmp/blitzy/blitzy-kubernetes/blitzy5f91179c1/staging/src/k8s.io/client-go/kubernetes/typed/storage/v1
[gosec] 2026/02/05 17:45:28 Checking file: /tmp/blitzy/blitzy-kubernetes/blitzy5f91179c1/staging/src/k8s.io/client-go/kubernetes/typed/apps/v1beta2/controllerrevision.go
[gosec] 2026/02/05 17:45:28 Checking file: /tmp/blitzy/blitzy-kubernetes/blitzy5f91179c1/staging/src/k8s.io/client-go/kubernetes/typed/apps/v1beta2/daemonset.go
[gosec] 2026/02/05 17:45:28 Checking file: /tmp/blitzy/blitzy-kubernetes/blitzy5f91179c1/staging/src/k8s.io/client-go/kubernetes/typed/apps/v1beta2/deployment.go
[gosec] 2026/02/05 17:45:29 Checking file: /tmp/blitzy/blitzy-kubernetes/blitzy5f91179c1/staging/src/k8s.io/client-go/kubernetes/typed/apps/v1beta2/doc.go
[gosec] 2026/02/05 17:45:29 Checking file: /tmp/blitzy/blitzy-kubernetes/blitzy5f91179c1/staging/src/k8s.io/client-go/kubernetes/typed/apps/v1beta2/generated_expansion.go
[gosec] 2026/02/05 17:45:29 Checking file: /tmp/blitzy/blitzy-kubernetes/blitzy5f91179c1/staging/src/k8s.io/client-go/kubernetes/typed/apps/v1beta2/replicaset.go
[gosec] 2026/02/05 17:45:29 Checking file: /tmp/blitzy/blitzy-kubernetes/blitzy5f91179c1/staging/src/k8s.io/client-go/kubernetes/typed/apps/v1beta2/statefulset.go
[gosec] 2026/02/05 17:45:29 Checking package: v1
[gosec] 2026/02/05 17:45:29 Checking file: /tmp/blitzy/blitzy-kubernetes/blitzy5f91179c1/staging/src/k8s.io/client-go/kubernetes/typed/coordination/v1/coordination_client.go
[gosec] 2026/02/05 17:45:29 Import directory: /tmp/blitzy/blitzy-kubernetes/blitzy5f91179c1/staging/src/k8s.io/client-go/listers/rbac/v1
[gosec] 2026/02/05 17:45:29 Checking file: /tmp/blitzy/blitzy-kubernetes/blitzy5f91179c1/staging/src/k8s.io/client-go/kubernetes/typed/coordination/v1/doc.go
[gosec] 2026/02/05 17:45:29 Checking file: /tmp/blitzy/blitzy-kubernetes/blitzy5f91179c1/staging/src/k8s.io/client-go/kubernetes/typed/coordination/v1/generated_expansion.go
[gosec] 2026/02/05 17:45:29 Checking file: /tmp/blitzy/blitzy-kubernetes/blitzy5f91179c1/staging/src/k8s.io/client-go/kubernetes/typed/coordination/v1/lease.go
[gosec] 2026/02/05 17:45:29 Checking package: v1beta3
[gosec] 2026/02/05 17:45:29 Checking file: /tmp/blitzy/blitzy-kubernetes/blitzy5f91179c1/staging/src/k8s.io/client-go/kubernetes/typed/flowcontrol/v1beta3/doc.go
[gosec] 2026/02/05 17:45:29 Import directory: /tmp/blitzy/blitzy-kubernetes/blitzy5f91179c1/staging/src/k8s.io/client-go/tools/clientcmd/api/latest
[gosec] 2026/02/05 17:45:29 Checking file: /tmp/blitzy/blitzy-kubernetes/blitzy5f91179c1/staging/src/k8s.io/client-go/kubernetes/typed/flowcontrol/v1beta3/flowcontrol_client.go
[gosec] 2026/02/05 17:45:30 Checking file: /tmp/blitzy/blitzy-kubernetes/blitzy5f91179c1/staging/src/k8s.io/client-go/kubernetes/typed/flowcontrol/v1beta3/flowschema.go
[gosec] 2026/02/05 17:45:30 Checking file: /tmp/blitzy/blitzy-kubernetes/blitzy5f91179c1/staging/src/k8s.io/client-go/kubernetes/typed/flowcontrol/v1beta3/generated_expansion.go
[gosec] 2026/02/05 17:45:30 Checking file: /tmp/blitzy/blitzy-kubernetes/blitzy5f91179c1/staging/src/k8s.io/client-go/kubernetes/typed/flowcontrol/v1beta3/prioritylevelconfiguration.go
[gosec] 2026/02/05 17:45:30 Checking package: v1beta1
[gosec] 2026/02/05 17:45:30 Checking file: /tmp/blitzy/blitzy-kubernetes/blitzy5f91179c1/staging/src/k8s.io/client-go/kubernetes/typed/storage/v1beta1/csidriver.go
[gosec] 2026/02/05 17:45:30 Import directory: /tmp/blitzy/blitzy-kubernetes/blitzy5f91179c1/staging/src/k8s.io/client-go/util/workqueue
[gosec] 2026/02/05 17:45:30 Checking file: /tmp/blitzy/blitzy-kubernetes/blitzy5f91179c1/staging/src/k8s.io/client-go/kubernetes/typed/storage/v1beta1/csinode.go
[gosec] 2026/02/05 17:45:30 Checking file: /tmp/blitzy/blitzy-kubernetes/blitzy5f91179c1/staging/src/k8s.io/client-go/kubernetes/typed/storage/v1beta1/csistoragecapacity.go
[gosec] 2026/02/05 17:45:30 Checking file: /tmp/blitzy/blitzy-kubernetes/blitzy5f91179c1/staging/src/k8s.io/client-go/kubernetes/typed/storage/v1beta1/doc.go
[gosec] 2026/02/05 17:45:30 Checking file: /tmp/blitzy/blitzy-kubernetes/blitzy5f91179c1/staging/src/k8s.io/client-go/kubernetes/typed/storage/v1beta1/generated_expansion.go
[gosec] 2026/02/05 17:45:30 Checking file: /tmp/blitzy/blitzy-kubernetes/blitzy5f91179c1/staging/src/k8s.io/client-go/kubernetes/typed/storage/v1beta1/storage_client.go
[gosec] 2026/02/05 17:45:31 Checking file: /tmp/blitzy/blitzy-kubernetes/blitzy5f91179c1/staging/src/k8s.io/client-go/kubernetes/typed/storage/v1beta1/storageclass.go
[gosec] 2026/02/05 17:45:31 Checking file: /tmp/blitzy/blitzy-kubernetes/blitzy5f91179c1/staging/src/k8s.io/client-go/kubernetes/typed/storage/v1beta1/volumeattachment.go
[gosec] 2026/02/05 17:45:31 Checking file: /tmp/blitzy/blitzy-kubernetes/blitzy5f91179c1/staging/src/k8s.io/client-go/kubernetes/typed/storage/v1beta1/volumeattributesclass.go
[gosec] 2026/02/05 17:45:31 Checking package: v2
[gosec] 2026/02/05 17:45:31 Checking file: /tmp/blitzy/blitzy-kubernetes/blitzy5f91179c1/staging/src/k8s.io/client-go/listers/autoscaling/v2/expansion_generated.go
[gosec] 2026/02/05 17:45:31 Checking file: /tmp/blitzy/blitzy-kubernetes/blitzy5f91179c1/staging/src/k8s.io/client-go/listers/autoscaling/v2/horizontalpodautoscaler.go
[gosec] 2026/02/05 17:45:31 Import directory: /tmp/blitzy/blitzy-kubernetes/blitzy5f91179c1/staging/src/k8s.io/client-go/informers/events/v1
[gosec] 2026/02/05 17:45:31 Checking package: v1
[gosec] 2026/02/05 17:45:31 Checking file: /tmp/blitzy/blitzy-kubernetes/blitzy5f91179c1/staging/src/k8s.io/client-go/informers/admissionregistration/v1/interface.go
[gosec] 2026/02/05 17:45:31 Import directory: /tmp/blitzy/blitzy-kubernetes/blitzy5f91179c1/staging/src/k8s.io/client-go/informers/networking
[gosec] 2026/02/05 17:45:31 Checking file: /tmp/blitzy/blitzy-kubernetes/blitzy5f91179c1/staging/src/k8s.io/client-go/informers/admissionregistration/v1/mutatingwebhookconfiguration.go
[gosec] 2026/02/05 17:45:31 Checking file: /tmp/blitzy/blitzy-kubernetes/blitzy5f91179c1/staging/src/k8s.io/client-go/informers/admissionregistration/v1/validatingadmissionpolicy.go
[gosec] 2026/02/05 17:45:32 Checking file: /tmp/blitzy/blitzy-kubernetes/blitzy5f91179c1/staging/src/k8s.io/client-go/informers/admissionregistration/v1/validatingadmissionpolicybinding.go
[gosec] 2026/02/05 17:45:32 Checking file: /tmp/blitzy/blitzy-kubernetes/blitzy5f91179c1/staging/src/k8s.io/client-go/informers/admissionregistration/v1/validatingwebhookconfiguration.go
[gosec] 2026/02/05 17:45:32 Checking package: v1
[gosec] 2026/02/05 17:45:32 Checking file: /tmp/blitzy/blitzy-kubernetes/blitzy5f91179c1/staging/src/k8s.io/client-go/informers/apps/v1/controllerrevision.go
[gosec] 2026/02/05 17:45:32 Import directory: /tmp/blitzy/blitzy-kubernetes/blitzy5f91179c1/staging/src/k8s.io/client-go/kubernetes/typed/certificates/v1beta1/fake
[gosec] 2026/02/05 17:45:33 Checking file: /tmp/blitzy/blitzy-kubernetes/blitzy5f91179c1/staging/src/k8s.io/client-go/informers/apps/v1/daemonset.go
[gosec] 2026/02/05 17:45:33 Checking file: /tmp/blitzy/blitzy-kubernetes/blitzy5f91179c1/staging/src/k8s.io/client-go/informers/apps/v1/deployment.go
[gosec] 2026/02/05 17:45:33 Checking file: /tmp/blitzy/blitzy-kubernetes/blitzy5f91179c1/staging/src/k8s.io/client-go/informers/apps/v1/interface.go
[gosec] 2026/02/05 17:45:33 Checking file: /tmp/blitzy/blitzy-kubernetes/blitzy5f91179c1/staging/src/k8s.io/client-go/informers/apps/v1/replicaset.go
[gosec] 2026/02/05 17:45:34 Checking file: /tmp/blitzy/blitzy-kubernetes/blitzy5f91179c1/staging/src/k8s.io/client-go/informers/apps/v1/statefulset.go
[gosec] 2026/02/05 17:45:34 Checking package: v1beta1
[gosec] 2026/02/05 17:45:34 Checking file: /tmp/blitzy/blitzy-kubernetes/blitzy5f91179c1/staging/src/k8s.io/client-go/kubernetes/typed/certificates/v1beta1/certificates_client.go
[gosec] 2026/02/05 17:45:34 Import directory: /tmp/blitzy/blitzy-kubernetes/blitzy5f91179c1/staging/src/k8s.io/client-go/kubernetes/typed/node/v1alpha1/fake
[gosec] 2026/02/05 17:45:34 Checking file: /tmp/blitzy/blitzy-kubernetes/blitzy5f91179c1/staging/src/k8s.io/client-go/kubernetes/typed/certificates/v1beta1/certificatesigningrequest.go
[gosec] 2026/02/05 17:45:34 Checking file: /tmp/blitzy/blitzy-kubernetes/blitzy5f91179c1/staging/src/k8s.io/client-go/kubernetes/typed/certificates/v1beta1/certificatesigningrequest_expansion.go
[gosec] 2026/02/05 17:45:34 Checking file: /tmp/blitzy/blitzy-kubernetes/blitzy5f91179c1/staging/src/k8s.io/client-go/kubernetes/typed/certificates/v1beta1/clustertrustbundle.go
[gosec] 2026/02/05 17:45:35 Checking file: /tmp/blitzy/blitzy-kubernetes/blitzy5f91179c1/staging/src/k8s.io/client-go/kubernetes/typed/certificates/v1beta1/doc.go
[gosec] 2026/02/05 17:45:35 Checking file: /tmp/blitzy/blitzy-kubernetes/blitzy5f91179c1/staging/src/k8s.io/client-go/kubernetes/typed/certificates/v1beta1/generated_expansion.go
[gosec] 2026/02/05 17:45:35 Checking file: /tmp/blitzy/blitzy-kubernetes/blitzy5f91179c1/staging/src/k8s.io/client-go/kubernetes/typed/certificates/v1beta1/podcertificaterequest.go
[gosec] 2026/02/05 17:45:35 Checking package: v1
[gosec] 2026/02/05 17:45:35 Checking file: /tmp/blitzy/blitzy-kubernetes/blitzy5f91179c1/staging/src/k8s.io/client-go/kubernetes/typed/storage/v1/csidriver.go
[gosec] 2026/02/05 17:45:35 Import directory: /tmp/blitzy/blitzy-kubernetes/blitzy5f91179c1/staging/src/k8s.io/client-go/kubernetes/typed/rbac/v1alpha1/fake
[gosec] 2026/02/05 17:45:35 Checking file: /tmp/blitzy/blitzy-kubernetes/blitzy5f91179c1/staging/src/k8s.io/client-go/kubernetes/typed/storage/v1/csinode.go
[gosec] 2026/02/05 17:45:35 Checking file: /tmp/blitzy/blitzy-kubernetes/blitzy5f91179c1/staging/src/k8s.io/client-go/kubernetes/typed/storage/v1/csistoragecapacity.go
[gosec] 2026/02/05 17:45:35 Checking file: /tmp/blitzy/blitzy-kubernetes/blitzy5f91179c1/staging/src/k8s.io/client-go/kubernetes/typed/storage/v1/doc.go
[gosec] 2026/02/05 17:45:35 Checking file: /tmp/blitzy/blitzy-kubernetes/blitzy5f91179c1/staging/src/k8s.io/client-go/kubernetes/typed/storage/v1/generated_expansion.go
[gosec] 2026/02/05 17:45:35 Checking file: /tmp/blitzy/blitzy-kubernetes/blitzy5f91179c1/staging/src/k8s.io/client-go/kubernetes/typed/storage/v1/storage_client.go
[gosec] 2026/02/05 17:45:35 Checking file: /tmp/blitzy/blitzy-kubernetes/blitzy5f91179c1/staging/src/k8s.io/client-go/kubernetes/typed/storage/v1/storageclass.go
[gosec] 2026/02/05 17:45:35 Checking file: /tmp/blitzy/blitzy-kubernetes/blitzy5f91179c1/staging/src/k8s.io/client-go/kubernetes/typed/storage/v1/volumeattachment.go
[gosec] 2026/02/05 17:45:36 Checking file: /tmp/blitzy/blitzy-kubernetes/blitzy5f91179c1/staging/src/k8s.io/client-go/kubernetes/typed/storage/v1/volumeattributesclass.go
[gosec] 2026/02/05 17:45:36 Checking package: v1
[gosec] 2026/02/05 17:45:36 Checking file: /tmp/blitzy/blitzy-kubernetes/blitzy5f91179c1/staging/src/k8s.io/client-go/listers/rbac/v1/clusterrole.go
[gosec] 2026/02/05 17:45:36 Import directory: /tmp/blitzy/blitzy-kubernetes/blitzy5f91179c1/staging/src/k8s.io/client-go/listers/flowcontrol/v1beta3
[gosec] 2026/02/05 17:45:36 Checking file: /tmp/blitzy/blitzy-kubernetes/blitzy5f91179c1/staging/src/k8s.io/client-go/listers/rbac/v1/clusterrolebinding.go
[gosec] 2026/02/05 17:45:36 Checking file: /tmp/blitzy/blitzy-kubernetes/blitzy5f91179c1/staging/src/k8s.io/client-go/listers/rbac/v1/expansion_generated.go
[gosec] 2026/02/05 17:45:36 Checking file: /tmp/blitzy/blitzy-kubernetes/blitzy5f91179c1/staging/src/k8s.io/client-go/listers/rbac/v1/role.go
[gosec] 2026/02/05 17:45:36 Checking file: /tmp/blitzy/blitzy-kubernetes/blitzy5f91179c1/staging/src/k8s.io/client-go/listers/rbac/v1/rolebinding.go
[gosec] 2026/02/05 17:45:36 Checking package: latest
[gosec] 2026/02/05 17:45:36 Checking file: /tmp/blitzy/blitzy-kubernetes/blitzy5f91179c1/staging/src/k8s.io/client-go/tools/clientcmd/api/latest/latest.go
[gosec] 2026/02/05 17:45:36 Import directory: /tmp/blitzy/blitzy-kubernetes/blitzy5f91179c1/staging/src/k8s.io/client-go/listers/networking/v1
[gosec] 2026/02/05 17:45:36 Checking package: workqueue
[gosec] 2026/02/05 17:45:36 Checking file: /tmp/blitzy/blitzy-kubernetes/blitzy5f91179c1/staging/src/k8s.io/client-go/util/workqueue/default_rate_limiters.go
[gosec] 2026/02/05 17:45:36 Import directory: /tmp/blitzy/blitzy-kubernetes/blitzy5f91179c1/staging/src/k8s.io/client-go/plugin/pkg/client/auth/azure
[gosec] 2026/02/05 17:45:36 Checking file: /tmp/blitzy/blitzy-kubernetes/blitzy5f91179c1/staging/src/k8s.io/client-go/util/workqueue/delaying_queue.go
[gosec] 2026/02/05 17:45:37 Checking file: /tmp/blitzy/blitzy-kubernetes/blitzy5f91179c1/staging/src/k8s.io/client-go/util/workqueue/doc.go
[gosec] 2026/02/05 17:45:37 Checking file: /tmp/blitzy/blitzy-kubernetes/blitzy5f91179c1/staging/src/k8s.io/client-go/util/workqueue/metrics.go
[gosec] 2026/02/05 17:45:37 Checking file: /tmp/blitzy/blitzy-kubernetes/blitzy5f91179c1/staging/src/k8s.io/client-go/util/workqueue/parallelizer.go
[gosec] 2026/02/05 17:45:37 Checking file: /tmp/blitzy/blitzy-kubernetes/blitzy5f91179c1/staging/src/k8s.io/client-go/util/workqueue/queue.go
[gosec] 2026/02/05 17:45:38 Checking file: /tmp/blitzy/blitzy-kubernetes/blitzy5f91179c1/staging/src/k8s.io/client-go/util/workqueue/rate_limiting_queue.go
[gosec] 2026/02/05 17:45:38 Checking package: networking
[gosec] 2026/02/05 17:45:38 Checking file: /tmp/blitzy/blitzy-kubernetes/blitzy5f91179c1/staging/src/k8s.io/client-go/informers/networking/interface.go
[gosec] 2026/02/05 17:45:38 Import directory: /tmp/blitzy/blitzy-kubernetes/blitzy5f91179c1/staging/src/k8s.io/client-go/kubernetes/typed/discovery/v1beta1/fake
[gosec] 2026/02/05 17:45:38 Checking package: v1
[gosec] 2026/02/05 17:45:38 Checking file: /tmp/blitzy/blitzy-kubernetes/blitzy5f91179c1/staging/src/k8s.io/client-go/informers/events/v1/event.go
[gosec] 2026/02/05 17:45:38 Import directory: /tmp/blitzy/blitzy-kubernetes/blitzy5f91179c1/staging/src/k8s.io/client-go/plugin/pkg/client/auth
[gosec] 2026/02/05 17:45:38 Checking file: /tmp/blitzy/blitzy-kubernetes/blitzy5f91179c1/staging/src/k8s.io/client-go/informers/events/v1/interface.go
[gosec] 2026/02/05 17:45:38 Checking package: fake
[gosec] 2026/02/05 17:45:38 Checking file: /tmp/blitzy/blitzy-kubernetes/blitzy5f91179c1/staging/src/k8s.io/client-go/kubernetes/typed/certificates/v1beta1/fake/doc.go
[gosec] 2026/02/05 17:45:38 Import directory: /tmp/blitzy/blitzy-kubernetes/blitzy5f91179c1/staging/src/k8s.io/client-go/tools/cache/testing
[gosec] 2026/02/05 17:45:38 Checking file: /tmp/blitzy/blitzy-kubernetes/blitzy5f91179c1/staging/src/k8s.io/client-go/kubernetes/typed/certificates/v1beta1/fake/fake_certificates_client.go
[gosec] 2026/02/05 17:45:39 Checking file: /tmp/blitzy/blitzy-kubernetes/blitzy5f91179c1/staging/src/k8s.io/client-go/kubernetes/typed/certificates/v1beta1/fake/fake_certificatesigningrequest.go
[gosec] 2026/02/05 17:45:39 Checking file: /tmp/blitzy/blitzy-kubernetes/blitzy5f91179c1/staging/src/k8s.io/client-go/kubernetes/typed/certificates/v1beta1/fake/fake_certificatesigningrequest_expansion.go
[gosec] 2026/02/05 17:45:39 Checking file: /tmp/blitzy/blitzy-kubernetes/blitzy5f91179c1/staging/src/k8s.io/client-go/kubernetes/typed/certificates/v1beta1/fake/fake_clustertrustbundle.go
[gosec] 2026/02/05 17:45:39 Checking file: /tmp/blitzy/blitzy-kubernetes/blitzy5f91179c1/staging/src/k8s.io/client-go/kubernetes/typed/certificates/v1beta1/fake/fake_podcertificaterequest.go
[gosec] 2026/02/05 17:45:39 Checking package: fake
[gosec] 2026/02/05 17:45:39 Checking file: /tmp/blitzy/blitzy-kubernetes/blitzy5f91179c1/staging/src/k8s.io/client-go/kubernetes/typed/node/v1alpha1/fake/doc.go
[gosec] 2026/02/05 17:45:39 Checking file: /tmp/blitzy/blitzy-kubernetes/blitzy5f91179c1/staging/src/k8s.io/client-go/kubernetes/typed/node/v1alpha1/fake/fake_node_client.go
[gosec] 2026/02/05 17:45:39 Import directory: /tmp/blitzy/blitzy-kubernetes/blitzy5f91179c1/staging/src/k8s.io/client-go/kubernetes/typed/storagemigration/v1beta1/fake
[gosec] 2026/02/05 17:45:39 Checking file: /tmp/blitzy/blitzy-kubernetes/blitzy5f91179c1/staging/src/k8s.io/client-go/kubernetes/typed/node/v1alpha1/fake/fake_runtimeclass.go
[gosec] 2026/02/05 17:45:39 Checking package: fake
[gosec] 2026/02/05 17:45:39 Checking file: /tmp/blitzy/blitzy-kubernetes/blitzy5f91179c1/staging/src/k8s.io/client-go/kubernetes/typed/rbac/v1alpha1/fake/doc.go
[gosec] 2026/02/05 17:45:39 Checking file: /tmp/blitzy/blitzy-kubernetes/blitzy5f91179c1/staging/src/k8s.io/client-go/kubernetes/typed/rbac/v1alpha1/fake/fake_clusterrole.go
[gosec] 2026/02/05 17:45:39 Import directory: /tmp/blitzy/blitzy-kubernetes/blitzy5f91179c1/staging/src/k8s.io/client-go/tools/events
[gosec] 2026/02/05 17:45:39 Checking file: /tmp/blitzy/blitzy-kubernetes/blitzy5f91179c1/staging/src/k8s.io/client-go/kubernetes/typed/rbac/v1alpha1/fake/fake_clusterrolebinding.go
[gosec] 2026/02/05 17:45:39 Checking file: /tmp/blitzy/blitzy-kubernetes/blitzy5f91179c1/staging/src/k8s.io/client-go/kubernetes/typed/rbac/v1alpha1/fake/fake_rbac_client.go
[gosec] 2026/02/05 17:45:39 Checking file: /tmp/blitzy/blitzy-kubernetes/blitzy5f91179c1/staging/src/k8s.io/client-go/kubernetes/typed/rbac/v1alpha1/fake/fake_role.go
[gosec] 2026/02/05 17:45:40 Checking file: /tmp/blitzy/blitzy-kubernetes/blitzy5f91179c1/staging/src/k8s.io/client-go/kubernetes/typed/rbac/v1alpha1/fake/fake_rolebinding.go
[gosec] 2026/02/05 17:45:40 Checking package: v1beta3
[gosec] 2026/02/05 17:45:40 Checking file: /tmp/blitzy/blitzy-kubernetes/blitzy5f91179c1/staging/src/k8s.io/client-go/listers/flowcontrol/v1beta3/expansion_generated.go
[gosec] 2026/02/05 17:45:40 Checking file: /tmp/blitzy/blitzy-kubernetes/blitzy5f91179c1/staging/src/k8s.io/client-go/listers/flowcontrol/v1beta3/flowschema.go
[gosec] 2026/02/05 17:45:40 Import directory: /tmp/blitzy/blitzy-kubernetes/blitzy5f91179c1/staging/src/k8s.io/client-go/applyconfigurations
[gosec] 2026/02/05 17:45:40 Checking file: /tmp/blitzy/blitzy-kubernetes/blitzy5f91179c1/staging/src/k8s.io/client-go/listers/flowcontrol/v1beta3/prioritylevelconfiguration.go
[gosec] 2026/02/05 17:45:40 Checking package: azure
[gosec] 2026/02/05 17:45:40 Checking file: /tmp/blitzy/blitzy-kubernetes/blitzy5f91179c1/staging/src/k8s.io/client-go/plugin/pkg/client/auth/azure/azure_stub.go
[gosec] 2026/02/05 17:45:40 Import directory: /tmp/blitzy/blitzy-kubernetes/blitzy5f91179c1/staging/src/k8s.io/client-go/informers/certificates
[gosec] 2026/02/05 17:45:40 Checking package: v1
[gosec] 2026/02/05 17:45:40 Checking file: /tmp/blitzy/blitzy-kubernetes/blitzy5f91179c1/staging/src/k8s.io/client-go/listers/networking/v1/expansion_generated.go
[gosec] 2026/02/05 17:45:40 Import directory: /tmp/blitzy/blitzy-kubernetes/blitzy5f91179c1/staging/src/k8s.io/client-go/informers/scheduling
[gosec] 2026/02/05 17:45:40 Checking file: /tmp/blitzy/blitzy-kubernetes/blitzy5f91179c1/staging/src/k8s.io/client-go/listers/networking/v1/ingress.go
[gosec] 2026/02/05 17:45:40 Checking file: /tmp/blitzy/blitzy-kubernetes/blitzy5f91179c1/staging/src/k8s.io/client-go/listers/networking/v1/ingressclass.go
[gosec] 2026/02/05 17:45:40 Checking file: /tmp/blitzy/blitzy-kubernetes/blitzy5f91179c1/staging/src/k8s.io/client-go/listers/networking/v1/ipaddress.go
[gosec] 2026/02/05 17:45:40 Checking file: /tmp/blitzy/blitzy-kubernetes/blitzy5f91179c1/staging/src/k8s.io/client-go/listers/networking/v1/networkpolicy.go
[gosec] 2026/02/05 17:45:40 Checking file: /tmp/blitzy/blitzy-kubernetes/blitzy5f91179c1/staging/src/k8s.io/client-go/listers/networking/v1/servicecidr.go
[gosec] 2026/02/05 17:45:40 Checking package: auth
[gosec] 2026/02/05 17:45:40 Checking file: /tmp/blitzy/blitzy-kubernetes/blitzy5f91179c1/staging/src/k8s.io/client-go/plugin/pkg/client/auth/plugins.go
[gosec] 2026/02/05 17:45:40 Checking file: /tmp/blitzy/blitzy-kubernetes/blitzy5f91179c1/staging/src/k8s.io/client-go/plugin/pkg/client/auth/plugins_providers.go
[gosec] 2026/02/05 17:45:40 Import directory: /tmp/blitzy/blitzy-kubernetes/blitzy5f91179c1/staging/src/k8s.io/client-go/kubernetes/typed/admissionregistration/v1beta1/fake
[gosec] 2026/02/05 17:45:40 Checking package: fake
[gosec] 2026/02/05 17:45:40 Checking file: /tmp/blitzy/blitzy-kubernetes/blitzy5f91179c1/staging/src/k8s.io/client-go/kubernetes/typed/discovery/v1beta1/fake/doc.go
[gosec] 2026/02/05 17:45:40 Checking file: /tmp/blitzy/blitzy-kubernetes/blitzy5f91179c1/staging/src/k8s.io/client-go/kubernetes/typed/discovery/v1beta1/fake/fake_discovery_client.go
[gosec] 2026/02/05 17:45:40 Import directory: /tmp/blitzy/blitzy-kubernetes/blitzy5f91179c1/staging/src/k8s.io/client-go/listers/scheduling/v1beta1
[gosec] 2026/02/05 17:45:40 Checking file: /tmp/blitzy/blitzy-kubernetes/blitzy5f91179c1/staging/src/k8s.io/client-go/kubernetes/typed/discovery/v1beta1/fake/fake_endpointslice.go
[gosec] 2026/02/05 17:45:40 Checking package: framework
[gosec] 2026/02/05 17:45:40 Checking file: /tmp/blitzy/blitzy-kubernetes/blitzy5f91179c1/staging/src/k8s.io/client-go/tools/cache/testing/fake_controller_source.go
[gosec] 2026/02/05 17:45:40 Import directory: /tmp/blitzy/blitzy-kubernetes/blitzy5f91179c1/staging/src/k8s.io/client-go/pkg/version
[gosec] 2026/02/05 17:45:41 Checking package: fake
[gosec] 2026/02/05 17:45:41 Checking file: /tmp/blitzy/blitzy-kubernetes/blitzy5f91179c1/staging/src/k8s.io/client-go/kubernetes/typed/storagemigration/v1beta1/fake/doc.go
[gosec] 2026/02/05 17:45:41 Checking file: /tmp/blitzy/blitzy-kubernetes/blitzy5f91179c1/staging/src/k8s.io/client-go/kubernetes/typed/storagemigration/v1beta1/fake/fake_storagemigration_client.go
[gosec] 2026/02/05 17:45:41 Import directory: /tmp/blitzy/blitzy-kubernetes/blitzy5f91179c1/staging/src/k8s.io/client-go/rest/fake
[gosec] 2026/02/05 17:45:41 Checking file: /tmp/blitzy/blitzy-kubernetes/blitzy5f91179c1/staging/src/k8s.io/client-go/kubernetes/typed/storagemigration/v1beta1/fake/fake_storageversionmigration.go
[gosec] 2026/02/05 17:45:41 Checking package: events
[gosec] 2026/02/05 17:45:41 Checking file: /tmp/blitzy/blitzy-kubernetes/blitzy5f91179c1/staging/src/k8s.io/client-go/tools/events/doc.go
[gosec] 2026/02/05 17:45:41 Checking file: /tmp/blitzy/blitzy-kubernetes/blitzy5f91179c1/staging/src/k8s.io/client-go/tools/events/event_broadcaster.go
[gosec] 2026/02/05 17:45:41 Import directory: /tmp/blitzy/blitzy-kubernetes/blitzy5f91179c1/staging/src/k8s.io/client-go/tools/clientcmd
[gosec] 2026/02/05 17:45:42 Checking file: /tmp/blitzy/blitzy-kubernetes/blitzy5f91179c1/staging/src/k8s.io/client-go/tools/events/event_recorder.go
[gosec] 2026/02/05 17:45:42 Checking file: /tmp/blitzy/blitzy-kubernetes/blitzy5f91179c1/staging/src/k8s.io/client-go/tools/events/fake.go
[gosec] 2026/02/05 17:45:42 Checking file: /tmp/blitzy/blitzy-kubernetes/blitzy5f91179c1/staging/src/k8s.io/client-go/tools/events/helper.go
[gosec] 2026/02/05 17:45:42 Checking file: /tmp/blitzy/blitzy-kubernetes/blitzy5f91179c1/staging/src/k8s.io/client-go/tools/events/interfaces.go
[gosec] 2026/02/05 17:45:42 Checking package: applyconfigurations
[gosec] 2026/02/05 17:45:42 Checking file: /tmp/blitzy/blitzy-kubernetes/blitzy5f91179c1/staging/src/k8s.io/client-go/applyconfigurations/doc.go
[gosec] 2026/02/05 17:45:42 Import directory: /tmp/blitzy/blitzy-kubernetes/blitzy5f91179c1/staging/src/k8s.io/client-go/informers/admissionregistration
[gosec] 2026/02/05 17:45:42 Checking file: /tmp/blitzy/blitzy-kubernetes/blitzy5f91179c1/staging/src/k8s.io/client-go/applyconfigurations/utils.go
[gosec] 2026/02/05 17:46:12 Checking package: v1beta1
[gosec] 2026/02/05 17:46:12 Checking file: /tmp/blitzy/blitzy-kubernetes/blitzy5f91179c1/staging/src/k8s.io/client-go/listers/scheduling/v1beta1/expansion_generated.go
[gosec] 2026/02/05 17:46:12 Import directory: /tmp/blitzy/blitzy-kubernetes/blitzy5f91179c1/staging/src/k8s.io/client-go/kubernetes/scheme
[gosec] 2026/02/05 17:46:12 Checking file: /tmp/blitzy/blitzy-kubernetes/blitzy5f91179c1/staging/src/k8s.io/client-go/listers/scheduling/v1beta1/priorityclass.go
[gosec] 2026/02/05 17:46:12 Checking package: version
[gosec] 2026/02/05 17:46:12 Checking file: /tmp/blitzy/blitzy-kubernetes/blitzy5f91179c1/staging/src/k8s.io/client-go/pkg/version/base.go
[gosec] 2026/02/05 17:46:12 Import directory: /tmp/blitzy/blitzy-kubernetes/blitzy5f91179c1/staging/src/k8s.io/client-go/kubernetes_test
[gosec] 2026/02/05 17:46:12 Checking file: /tmp/blitzy/blitzy-kubernetes/blitzy5f91179c1/staging/src/k8s.io/client-go/pkg/version/doc.go
[gosec] 2026/02/05 17:46:12 Checking file: /tmp/blitzy/blitzy-kubernetes/blitzy5f91179c1/staging/src/k8s.io/client-go/pkg/version/version.go
[gosec] 2026/02/05 17:46:12 Checking package: scheduling
[gosec] 2026/02/05 17:46:12 Checking file: /tmp/blitzy/blitzy-kubernetes/blitzy5f91179c1/staging/src/k8s.io/client-go/informers/scheduling/interface.go
[gosec] 2026/02/05 17:46:12 Import directory: /tmp/blitzy/blitzy-kubernetes/blitzy5f91179c1/staging/src/k8s.io/client-go/listers/flowcontrol/v1beta1
[gosec] 2026/02/05 17:46:13 Checking package: fake
[gosec] 2026/02/05 17:46:13 Checking file: /tmp/blitzy/blitzy-kubernetes/blitzy5f91179c1/staging/src/k8s.io/client-go/kubernetes/typed/admissionregistration/v1beta1/fake/doc.go
[gosec] 2026/02/05 17:46:13 Checking file: /tmp/blitzy/blitzy-kubernetes/blitzy5f91179c1/staging/src/k8s.io/client-go/kubernetes/typed/admissionregistration/v1beta1/fake/fake_admissionregistration_client.go
[gosec] 2026/02/05 17:46:13 Import directory: /tmp/blitzy/blitzy-kubernetes/blitzy5f91179c1/staging/src/k8s.io/client-go/metadata
[gosec] 2026/02/05 17:46:13 Checking file: /tmp/blitzy/blitzy-kubernetes/blitzy5f91179c1/staging/src/k8s.io/client-go/kubernetes/typed/admissionregistration/v1beta1/fake/fake_mutatingadmissionpolicy.go
[gosec] 2026/02/05 17:46:13 Checking file: /tmp/blitzy/blitzy-kubernetes/blitzy5f91179c1/staging/src/k8s.io/client-go/kubernetes/typed/admissionregistration/v1beta1/fake/fake_mutatingadmissionpolicybinding.go
[gosec] 2026/02/05 17:46:13 Checking file: /tmp/blitzy/blitzy-kubernetes/blitzy5f91179c1/staging/src/k8s.io/client-go/kubernetes/typed/admissionregistration/v1beta1/fake/fake_mutatingwebhookconfiguration.go
[gosec] 2026/02/05 17:46:13 Checking file: /tmp/blitzy/blitzy-kubernetes/blitzy5f91179c1/staging/src/k8s.io/client-go/kubernetes/typed/admissionregistration/v1beta1/fake/fake_validatingadmissionpolicy.go
[gosec] 2026/02/05 17:46:13 Checking file: /tmp/blitzy/blitzy-kubernetes/blitzy5f91179c1/staging/src/k8s.io/client-go/kubernetes/typed/admissionregistration/v1beta1/fake/fake_validatingadmissionpolicybinding.go
[gosec] 2026/02/05 17:46:13 Checking file: /tmp/blitzy/blitzy-kubernetes/blitzy5f91179c1/staging/src/k8s.io/client-go/kubernetes/typed/admissionregistration/v1beta1/fake/fake_validatingwebhookconfiguration.go
[gosec] 2026/02/05 17:46:13 Checking package: certificates
[gosec] 2026/02/05 17:46:13 Checking file: /tmp/blitzy/blitzy-kubernetes/blitzy5f91179c1/staging/src/k8s.io/client-go/informers/certificates/interface.go
[gosec] 2026/02/05 17:46:13 Import directory: /tmp/blitzy/blitzy-kubernetes/blitzy5f91179c1/staging/src/k8s.io/client-go/tools/auth/exec
[gosec] 2026/02/05 17:46:14 Checking package: fake
[gosec] 2026/02/05 17:46:14 Checking file: /tmp/blitzy/blitzy-kubernetes/blitzy5f91179c1/staging/src/k8s.io/client-go/rest/fake/fake.go
[gosec] 2026/02/05 17:46:14 Import directory: /tmp/blitzy/blitzy-kubernetes/blitzy5f91179c1/staging/src/k8s.io/client-go/tools/remotecommand
[gosec] 2026/02/05 17:46:14 Checking package: clientcmd
[gosec] 2026/02/05 17:46:14 Checking file: /tmp/blitzy/blitzy-kubernetes/blitzy5f91179c1/staging/src/k8s.io/client-go/tools/clientcmd/auth_loaders.go
[gosec] 2026/02/05 17:46:14 Import directory: /tmp/blitzy/blitzy-kubernetes/blitzy5f91179c1/staging/src/k8s.io/client-go/util/certificate
[gosec] 2026/02/05 17:46:14 Checking file: /tmp/blitzy/blitzy-kubernetes/blitzy5f91179c1/staging/src/k8s.io/client-go/tools/clientcmd/client_config.go
[gosec] 2026/02/05 17:46:16 Checking file: /tmp/blitzy/blitzy-kubernetes/blitzy5f91179c1/staging/src/k8s.io/client-go/tools/clientcmd/config.go
[gosec] 2026/02/05 17:46:18 Checking file: /tmp/blitzy/blitzy-kubernetes/blitzy5f91179c1/staging/src/k8s.io/client-go/tools/clientcmd/doc.go
[gosec] 2026/02/05 17:46:18 Checking file: /tmp/blitzy/blitzy-kubernetes/blitzy5f91179c1/staging/src/k8s.io/client-go/tools/clientcmd/flag.go
[gosec] 2026/02/05 17:46:18 Checking file: /tmp/blitzy/blitzy-kubernetes/blitzy5f91179c1/staging/src/k8s.io/client-go/tools/clientcmd/helpers.go
[gosec] 2026/02/05 17:46:18 Checking file: /tmp/blitzy/blitzy-kubernetes/blitzy5f91179c1/staging/src/k8s.io/client-go/tools/clientcmd/loader.go
[gosec] 2026/02/05 17:46:20 Checking file: /tmp/blitzy/blitzy-kubernetes/blitzy5f91179c1/staging/src/k8s.io/client-go/tools/clientcmd/merge.go
[gosec] 2026/02/05 17:46:20 Checking file: /tmp/blitzy/blitzy-kubernetes/blitzy5f91179c1/staging/src/k8s.io/client-go/tools/clientcmd/merged_client_builder.go
[gosec] 2026/02/05 17:46:20 Checking file: /tmp/blitzy/blitzy-kubernetes/blitzy5f91179c1/staging/src/k8s.io/client-go/tools/clientcmd/overrides.go
[gosec] 2026/02/05 17:46:21 Checking file: /tmp/blitzy/blitzy-kubernetes/blitzy5f91179c1/staging/src/k8s.io/client-go/tools/clientcmd/validation.go
[gosec] 2026/02/05 17:46:22 Checking package: admissionregistration
[gosec] 2026/02/05 17:46:22 Checking file: /tmp/blitzy/blitzy-kubernetes/blitzy5f91179c1/staging/src/k8s.io/client-go/informers/admissionregistration/interface.go
[gosec] 2026/02/05 17:46:22 Import directory: /tmp/blitzy/blitzy-kubernetes/blitzy5f91179c1/staging/src/k8s.io/client-go/applyconfigurations/batch/v1beta1
[gosec] 2026/02/05 17:46:22 Checking package: v1beta1
[gosec] 2026/02/05 17:46:22 Checking file: /tmp/blitzy/blitzy-kubernetes/blitzy5f91179c1/staging/src/k8s.io/client-go/listers/flowcontrol/v1beta1/expansion_generated.go
[gosec] 2026/02/05 17:46:22 Import directory: /tmp/blitzy/blitzy-kubernetes/blitzy5f91179c1/staging/src/k8s.io/client-go/informers/apiserverinternal/v1alpha1
[gosec] 2026/02/05 17:46:22 Checking file: /tmp/blitzy/blitzy-kubernetes/blitzy5f91179c1/staging/src/k8s.io/client-go/listers/flowcontrol/v1beta1/flowschema.go
[gosec] 2026/02/05 17:46:22 Import directory: /tmp/blitzy/blitzy-kubernetes/blitzy5f91179c1/staging/src/k8s.io/client-go/kubernetes/fake
[gosec] 2026/02/05 17:46:22 Checking file: /tmp/blitzy/blitzy-kubernetes/blitzy5f91179c1/staging/src/k8s.io/client-go/listers/flowcontrol/v1beta1/prioritylevelconfiguration.go
[gosec] 2026/02/05 17:46:22 Checking package: scheme
[gosec] 2026/02/05 17:46:22 Checking file: /tmp/blitzy/blitzy-kubernetes/blitzy5f91179c1/staging/src/k8s.io/client-go/kubernetes/scheme/doc.go
[gosec] 2026/02/05 17:46:22 Import directory: /tmp/blitzy/blitzy-kubernetes/blitzy5f91179c1/staging/src/k8s.io/client-go/kubernetes/typed/flowcontrol/v1/fake
[gosec] 2026/02/05 17:46:22 Checking file: /tmp/blitzy/blitzy-kubernetes/blitzy5f91179c1/staging/src/k8s.io/client-go/kubernetes/scheme/register.go
[gosec] 2026/02/05 17:46:22 Checking package: metadata
[gosec] 2026/02/05 17:46:22 Checking file: /tmp/blitzy/blitzy-kubernetes/blitzy5f91179c1/staging/src/k8s.io/client-go/metadata/interface.go
[gosec] 2026/02/05 17:46:22 Checking file: /tmp/blitzy/blitzy-kubernetes/blitzy5f91179c1/staging/src/k8s.io/client-go/metadata/metadata.go
[gosec] 2026/02/05 17:46:22 Import directory: /tmp/blitzy/blitzy-kubernetes/blitzy5f91179c1/staging/src/k8s.io/client-go/tools/pager
[gosec] 2026/02/05 17:46:23 Checking package: exec
[gosec] 2026/02/05 17:46:23 Checking file: /tmp/blitzy/blitzy-kubernetes/blitzy5f91179c1/staging/src/k8s.io/client-go/tools/auth/exec/exec.go
[gosec] 2026/02/05 17:46:23 Import directory: /tmp/blitzy/blitzy-kubernetes/blitzy5f91179c1/staging/src/k8s.io/client-go/applyconfigurations/node/v1
[gosec] 2026/02/05 17:46:24 Checking package: remotecommand
[gosec] 2026/02/05 17:46:24 Checking file: /tmp/blitzy/blitzy-kubernetes/blitzy5f91179c1/staging/src/k8s.io/client-go/tools/remotecommand/doc.go
[gosec] 2026/02/05 17:46:24 Checking file: /tmp/blitzy/blitzy-kubernetes/blitzy5f91179c1/staging/src/k8s.io/client-go/tools/remotecommand/errorstream.go
[gosec] 2026/02/05 17:46:24 Import directory: /tmp/blitzy/blitzy-kubernetes/blitzy5f91179c1/staging/src/k8s.io/client-go/informers/admissionregistration/v1alpha1
[gosec] 2026/02/05 17:46:24 Checking file: /tmp/blitzy/blitzy-kubernetes/blitzy5f91179c1/staging/src/k8s.io/client-go/tools/remotecommand/fallback.go
[gosec] 2026/02/05 17:46:24 Checking file: /tmp/blitzy/blitzy-kubernetes/blitzy5f91179c1/staging/src/k8s.io/client-go/tools/remotecommand/reader.go
[gosec] 2026/02/05 17:46:24 Checking file: /tmp/blitzy/blitzy-kubernetes/blitzy5f91179c1/staging/src/k8s.io/client-go/tools/remotecommand/remotecommand.go
[gosec] 2026/02/05 17:46:24 Checking file: /tmp/blitzy/blitzy-kubernetes/blitzy5f91179c1/staging/src/k8s.io/client-go/tools/remotecommand/resize.go
[gosec] 2026/02/05 17:46:24 Checking file: /tmp/blitzy/blitzy-kubernetes/blitzy5f91179c1/staging/src/k8s.io/client-go/tools/remotecommand/spdy.go
[gosec] 2026/02/05 17:46:24 Checking file: /tmp/blitzy/blitzy-kubernetes/blitzy5f91179c1/staging/src/k8s.io/client-go/tools/remotecommand/v1.go
[gosec] 2026/02/05 17:46:24 Checking file: /tmp/blitzy/blitzy-kubernetes/blitzy5f91179c1/staging/src/k8s.io/client-go/tools/remotecommand/v2.go
[gosec] 2026/02/05 17:46:25 Checking file: /tmp/blitzy/blitzy-kubernetes/blitzy5f91179c1/staging/src/k8s.io/client-go/tools/remotecommand/v3.go
[gosec] 2026/02/05 17:46:25 Checking file: /tmp/blitzy/blitzy-kubernetes/blitzy5f91179c1/staging/src/k8s.io/client-go/tools/remotecommand/v4.go
[gosec] 2026/02/05 17:46:25 Checking file: /tmp/blitzy/blitzy-kubernetes/blitzy5f91179c1/staging/src/k8s.io/client-go/tools/remotecommand/v5.go
[gosec] 2026/02/05 17:46:25 Checking file: /tmp/blitzy/blitzy-kubernetes/blitzy5f91179c1/staging/src/k8s.io/client-go/tools/remotecommand/websocket.go
[gosec] 2026/02/05 17:46:26 Checking package: certificate
[gosec] 2026/02/05 17:46:26 Checking file: /tmp/blitzy/blitzy-kubernetes/blitzy5f91179c1/staging/src/k8s.io/client-go/util/certificate/certificate_manager.go
[gosec] 2026/02/05 17:46:26 Import directory: /tmp/blitzy/blitzy-kubernetes/blitzy5f91179c1/staging/src/k8s.io/client-go/informers/apiserverinternal
[gosec] 2026/02/05 17:46:27 Checking file: /tmp/blitzy/blitzy-kubernetes/blitzy5f91179c1/staging/src/k8s.io/client-go/util/certificate/certificate_store.go
[gosec] 2026/02/05 17:46:29 Checking package: v1beta1
[gosec] 2026/02/05 17:46:29 Checking file: /tmp/blitzy/blitzy-kubernetes/blitzy5f91179c1/staging/src/k8s.io/client-go/applyconfigurations/batch/v1beta1/cronjob.go
[gosec] 2026/02/05 17:46:29 Import directory: /tmp/blitzy/blitzy-kubernetes/blitzy5f91179c1/staging/src/k8s.io/client-go/kubernetes/typed/events/v1beta1
[gosec] 2026/02/05 17:46:29 Checking file: /tmp/blitzy/blitzy-kubernetes/blitzy5f91179c1/staging/src/k8s.io/client-go/applyconfigurations/batch/v1beta1/cronjobspec.go
[gosec] 2026/02/05 17:46:30 Checking file: /tmp/blitzy/blitzy-kubernetes/blitzy5f91179c1/staging/src/k8s.io/client-go/applyconfigurations/batch/v1beta1/cronjobstatus.go
[gosec] 2026/02/05 17:46:30 Checking file: /tmp/blitzy/blitzy-kubernetes/blitzy5f91179c1/staging/src/k8s.io/client-go/applyconfigurations/batch/v1beta1/jobtemplatespec.go
[gosec] 2026/02/05 17:46:30 Checking package: pager
[gosec] 2026/02/05 17:46:30 Checking file: /tmp/blitzy/blitzy-kubernetes/blitzy5f91179c1/staging/src/k8s.io/client-go/tools/pager/pager.go
[gosec] 2026/02/05 17:46:30 Import directory: /tmp/blitzy/blitzy-kubernetes/blitzy5f91179c1/staging/src/k8s.io/client-go/listers/coordination/v1
[gosec] 2026/02/05 17:46:31 Checking package: v1alpha1
[gosec] 2026/02/05 17:46:31 Checking file: /tmp/blitzy/blitzy-kubernetes/blitzy5f91179c1/staging/src/k8s.io/client-go/informers/apiserverinternal/v1alpha1/interface.go
[gosec] 2026/02/05 17:46:31 Import directory: /tmp/blitzy/blitzy-kubernetes/blitzy5f91179c1/staging/src/k8s.io/client-go/listers/storage/v1beta1
[gosec] 2026/02/05 17:46:31 Checking file: /tmp/blitzy/blitzy-kubernetes/blitzy5f91179c1/staging/src/k8s.io/client-go/informers/apiserverinternal/v1alpha1/storageversion.go
[gosec] 2026/02/05 17:46:31 Checking package: fake
[gosec] 2026/02/05 17:46:31 Checking file: /tmp/blitzy/blitzy-kubernetes/blitzy5f91179c1/staging/src/k8s.io/client-go/kubernetes/typed/flowcontrol/v1/fake/doc.go
[gosec] 2026/02/05 17:46:31 Checking file: /tmp/blitzy/blitzy-kubernetes/blitzy5f91179c1/staging/src/k8s.io/client-go/kubernetes/typed/flowcontrol/v1/fake/fake_flowcontrol_client.go
[gosec] 2026/02/05 17:46:31 Import directory: /tmp/blitzy/blitzy-kubernetes/blitzy5f91179c1/staging/src/k8s.io/client-go/rest
[gosec] 2026/02/05 17:46:31 Checking file: /tmp/blitzy/blitzy-kubernetes/blitzy5f91179c1/staging/src/k8s.io/client-go/kubernetes/typed/flowcontrol/v1/fake/fake_flowschema.go
[gosec] 2026/02/05 17:46:31 Checking file: /tmp/blitzy/blitzy-kubernetes/blitzy5f91179c1/staging/src/k8s.io/client-go/kubernetes/typed/flowcontrol/v1/fake/fake_prioritylevelconfiguration.go
[gosec] 2026/02/05 17:46:32 Checking package: fake
[gosec] 2026/02/05 17:46:32 Checking file: /tmp/blitzy/blitzy-kubernetes/blitzy5f91179c1/staging/src/k8s.io/client-go/kubernetes/fake/clientset_generated.go
[gosec] 2026/02/05 17:46:32 Import directory: /tmp/blitzy/blitzy-kubernetes/blitzy5f91179c1/staging/src/k8s.io/client-go/scale/scheme/extensionsint
[gosec] 2026/02/05 17:46:35 Checking file: /tmp/blitzy/blitzy-kubernetes/blitzy5f91179c1/staging/src/k8s.io/client-go/kubernetes/fake/doc.go
[gosec] 2026/02/05 17:46:35 Checking file: /tmp/blitzy/blitzy-kubernetes/blitzy5f91179c1/staging/src/k8s.io/client-go/kubernetes/fake/register.go
[gosec] 2026/02/05 17:46:35 Checking package: v1
[gosec] 2026/02/05 17:46:35 Checking file: /tmp/blitzy/blitzy-kubernetes/blitzy5f91179c1/staging/src/k8s.io/client-go/applyconfigurations/node/v1/overhead.go
[gosec] 2026/02/05 17:46:35 Import directory: /tmp/blitzy/blitzy-kubernetes/blitzy5f91179c1/staging/src/k8s.io/client-go/applyconfigurations/certificates/v1
[gosec] 2026/02/05 17:46:35 Checking file: /tmp/blitzy/blitzy-kubernetes/blitzy5f91179c1/staging/src/k8s.io/client-go/applyconfigurations/node/v1/runtimeclass.go
[gosec] 2026/02/05 17:46:36 Checking file: /tmp/blitzy/blitzy-kubernetes/blitzy5f91179c1/staging/src/k8s.io/client-go/applyconfigurations/node/v1/scheduling.go
[gosec] 2026/02/05 17:46:36 Checking package: v1alpha1
[gosec] 2026/02/05 17:46:36 Checking file: /tmp/blitzy/blitzy-kubernetes/blitzy5f91179c1/staging/src/k8s.io/client-go/informers/admissionregistration/v1alpha1/interface.go
[gosec] 2026/02/05 17:46:36 Import directory: /tmp/blitzy/blitzy-kubernetes/blitzy5f91179c1/staging/src/k8s.io/client-go/informers/events/v1beta1
[gosec] 2026/02/05 17:46:36 Checking file: /tmp/blitzy/blitzy-kubernetes/blitzy5f91179c1/staging/src/k8s.io/client-go/informers/admissionregistration/v1alpha1/mutatingadmissionpolicy.go
[gosec] 2026/02/05 17:46:36 Checking file: /tmp/blitzy/blitzy-kubernetes/blitzy5f91179c1/staging/src/k8s.io/client-go/informers/admissionregistration/v1alpha1/mutatingadmissionpolicybinding.go
[gosec] 2026/02/05 17:46:36 Checking file: /tmp/blitzy/blitzy-kubernetes/blitzy5f91179c1/staging/src/k8s.io/client-go/informers/admissionregistration/v1alpha1/validatingadmissionpolicy.go
[gosec] 2026/02/05 17:46:37 Checking file: /tmp/blitzy/blitzy-kubernetes/blitzy5f91179c1/staging/src/k8s.io/client-go/informers/admissionregistration/v1alpha1/validatingadmissionpolicybinding.go
[gosec] 2026/02/05 17:46:37 Checking package: apiserverinternal
[gosec] 2026/02/05 17:46:37 Checking file: /tmp/blitzy/blitzy-kubernetes/blitzy5f91179c1/staging/src/k8s.io/client-go/informers/apiserverinternal/interface.go
[gosec] 2026/02/05 17:46:37 Import directory: /tmp/blitzy/blitzy-kubernetes/blitzy5f91179c1/staging/src/k8s.io/client-go/informers/rbac
[gosec] 2026/02/05 17:46:37 Checking package: v1beta1
[gosec] 2026/02/05 17:46:37 Checking file: /tmp/blitzy/blitzy-kubernetes/blitzy5f91179c1/staging/src/k8s.io/client-go/kubernetes/typed/events/v1beta1/doc.go
[gosec] 2026/02/05 17:46:37 Checking file: /tmp/blitzy/blitzy-kubernetes/blitzy5f91179c1/staging/src/k8s.io/client-go/kubernetes/typed/events/v1beta1/event.go
[gosec] 2026/02/05 17:46:37 Import directory: /tmp/blitzy/blitzy-kubernetes/blitzy5f91179c1/staging/src/k8s.io/client-go/kubernetes/typed/apps/v1/fake
[gosec] 2026/02/05 17:46:37 Checking file: /tmp/blitzy/blitzy-kubernetes/blitzy5f91179c1/staging/src/k8s.io/client-go/kubernetes/typed/events/v1beta1/event_expansion.go
[gosec] 2026/02/05 17:46:37 Checking file: /tmp/blitzy/blitzy-kubernetes/blitzy5f91179c1/staging/src/k8s.io/client-go/kubernetes/typed/events/v1beta1/events_client.go
[gosec] 2026/02/05 17:46:38 Checking file: /tmp/blitzy/blitzy-kubernetes/blitzy5f91179c1/staging/src/k8s.io/client-go/kubernetes/typed/events/v1beta1/generated_expansion.go
[gosec] 2026/02/05 17:46:38 Checking package: v1
[gosec] 2026/02/05 17:46:38 Checking file: /tmp/blitzy/blitzy-kubernetes/blitzy5f91179c1/staging/src/k8s.io/client-go/listers/coordination/v1/expansion_generated.go
[gosec] 2026/02/05 17:46:38 Checking file: /tmp/blitzy/blitzy-kubernetes/blitzy5f91179c1/staging/src/k8s.io/client-go/listers/coordination/v1/lease.go
[gosec] 2026/02/05 17:46:38 Import directory: /tmp/blitzy/blitzy-kubernetes/blitzy5f91179c1/staging/src/k8s.io/client-go/kubernetes/typed/authorization/v1beta1/fake
[gosec] 2026/02/05 17:46:38 Checking package: v1beta1
[gosec] 2026/02/05 17:46:38 Checking file: /tmp/blitzy/blitzy-kubernetes/blitzy5f91179c1/staging/src/k8s.io/client-go/listers/storage/v1beta1/csidriver.go
[gosec] 2026/02/05 17:46:38 Import directory: /tmp/blitzy/blitzy-kubernetes/blitzy5f91179c1/staging/src/k8s.io/client-go/kubernetes/typed/events/v1/fake
[gosec] 2026/02/05 17:46:38 Checking file: /tmp/blitzy/blitzy-kubernetes/blitzy5f91179c1/staging/src/k8s.io/client-go/listers/storage/v1beta1/csinode.go
[gosec] 2026/02/05 17:46:38 Checking file: /tmp/blitzy/blitzy-kubernetes/blitzy5f91179c1/staging/src/k8s.io/client-go/listers/storage/v1beta1/csistoragecapacity.go
[gosec] 2026/02/05 17:46:38 Checking file: /tmp/blitzy/blitzy-kubernetes/blitzy5f91179c1/staging/src/k8s.io/client-go/listers/storage/v1beta1/expansion_generated.go
[gosec] 2026/02/05 17:46:38 Checking file: /tmp/blitzy/blitzy-kubernetes/blitzy5f91179c1/staging/src/k8s.io/client-go/listers/storage/v1beta1/storageclass.go
[gosec] 2026/02/05 17:46:38 Checking file: /tmp/blitzy/blitzy-kubernetes/blitzy5f91179c1/staging/src/k8s.io/client-go/listers/storage/v1beta1/volumeattachment.go
[gosec] 2026/02/05 17:46:38 Checking file: /tmp/blitzy/blitzy-kubernetes/blitzy5f91179c1/staging/src/k8s.io/client-go/listers/storage/v1beta1/volumeattributesclass.go
[gosec] 2026/02/05 17:46:38 Checking package: rest
[gosec] 2026/02/05 17:46:38 Checking file: /tmp/blitzy/blitzy-kubernetes/blitzy5f91179c1/staging/src/k8s.io/client-go/rest/client.go
[gosec] 2026/02/05 17:46:38 Import directory: /tmp/blitzy/blitzy-kubernetes/blitzy5f91179c1/staging/src/k8s.io/client-go/kubernetes/typed/storagemigration/v1beta1
[gosec] 2026/02/05 17:46:39 Checking file: /tmp/blitzy/blitzy-kubernetes/blitzy5f91179c1/staging/src/k8s.io/client-go/rest/config.go
[gosec] 2026/02/05 17:46:40 Checking file: /tmp/blitzy/blitzy-kubernetes/blitzy5f91179c1/staging/src/k8s.io/client-go/rest/exec.go
[gosec] 2026/02/05 17:46:40 Checking file: /tmp/blitzy/blitzy-kubernetes/blitzy5f91179c1/staging/src/k8s.io/client-go/rest/plugin.go
[gosec] 2026/02/05 17:46:40 Checking file: /tmp/blitzy/blitzy-kubernetes/blitzy5f91179c1/staging/src/k8s.io/client-go/rest/request.go
[gosec] 2026/02/05 17:46:43 Checking file: /tmp/blitzy/blitzy-kubernetes/blitzy5f91179c1/staging/src/k8s.io/client-go/rest/transport.go
[gosec] 2026/02/05 17:46:43 Checking file: /tmp/blitzy/blitzy-kubernetes/blitzy5f91179c1/staging/src/k8s.io/client-go/rest/url_utils.go
[gosec] 2026/02/05 17:46:44 Checking file: /tmp/blitzy/blitzy-kubernetes/blitzy5f91179c1/staging/src/k8s.io/client-go/rest/urlbackoff.go
[gosec] 2026/02/05 17:46:44 Checking file: /tmp/blitzy/blitzy-kubernetes/blitzy5f91179c1/staging/src/k8s.io/client-go/rest/warnings.go
[gosec] 2026/02/05 17:46:44 Checking file: /tmp/blitzy/blitzy-kubernetes/blitzy5f91179c1/staging/src/k8s.io/client-go/rest/with_retry.go
[gosec] 2026/02/05 17:46:45 Checking file: /tmp/blitzy/blitzy-kubernetes/blitzy5f91179c1/staging/src/k8s.io/client-go/rest/zz_generated.deepcopy.go
[gosec] 2026/02/05 17:46:45 Checking package: extensionsint
[gosec] 2026/02/05 17:46:45 Checking file: /tmp/blitzy/blitzy-kubernetes/blitzy5f91179c1/staging/src/k8s.io/client-go/scale/scheme/extensionsint/doc.go
[gosec] 2026/02/05 17:46:45 Checking file: /tmp/blitzy/blitzy-kubernetes/blitzy5f91179c1/staging/src/k8s.io/client-go/scale/scheme/extensionsint/register.go
[gosec] 2026/02/05 17:46:45 Import directory: /tmp/blitzy/blitzy-kubernetes/blitzy5f91179c1/staging/src/k8s.io/client-go/listers/imagepolicy/v1alpha1
[gosec] 2026/02/05 17:46:45 Checking package: v1
[gosec] 2026/02/05 17:46:45 Checking file: /tmp/blitzy/blitzy-kubernetes/blitzy5f91179c1/staging/src/k8s.io/client-go/applyconfigurations/certificates/v1/certificatesigningrequest.go
[gosec] 2026/02/05 17:46:45 Import directory: /tmp/blitzy/blitzy-kubernetes/blitzy5f91179c1/staging/src/k8s.io/client-go/applyconfigurations/policy/v1
[gosec] 2026/02/05 17:46:46 Checking file: /tmp/blitzy/blitzy-kubernetes/blitzy5f91179c1/staging/src/k8s.io/client-go/applyconfigurations/certificates/v1/certificatesigningrequestcondition.go
[gosec] 2026/02/05 17:46:46 Checking file: /tmp/blitzy/blitzy-kubernetes/blitzy5f91179c1/staging/src/k8s.io/client-go/applyconfigurations/certificates/v1/certificatesigningrequestspec.go
[gosec] 2026/02/05 17:46:46 Checking file: /tmp/blitzy/blitzy-kubernetes/blitzy5f91179c1/staging/src/k8s.io/client-go/applyconfigurations/certificates/v1/certificatesigningrequeststatus.go
[gosec] 2026/02/05 17:46:46 Checking package: v1beta1
[gosec] 2026/02/05 17:46:46 Checking file: /tmp/blitzy/blitzy-kubernetes/blitzy5f91179c1/staging/src/k8s.io/client-go/informers/events/v1beta1/event.go
[gosec] 2026/02/05 17:46:46 Import directory: /tmp/blitzy/blitzy-kubernetes/blitzy5f91179c1/staging/src/k8s.io/client-go/kubernetes/typed/core/v1/fake
[gosec] 2026/02/05 17:46:47 Checking file: /tmp/blitzy/blitzy-kubernetes/blitzy5f91179c1/staging/src/k8s.io/client-go/informers/events/v1beta1/interface.go
[gosec] 2026/02/05 17:46:47 Checking package: fake
[gosec] 2026/02/05 17:46:47 Checking file: /tmp/blitzy/blitzy-kubernetes/blitzy5f91179c1/staging/src/k8s.io/client-go/kubernetes/typed/apps/v1/fake/doc.go
[gosec] 2026/02/05 17:46:47 Checking file: /tmp/blitzy/blitzy-kubernetes/blitzy5f91179c1/staging/src/k8s.io/client-go/kubernetes/typed/apps/v1/fake/fake_apps_client.go
[gosec] 2026/02/05 17:46:47 Import directory: /tmp/blitzy/blitzy-kubernetes/blitzy5f91179c1/staging/src/k8s.io/client-go/kubernetes/typed/discovery/v1beta1
[gosec] 2026/02/05 17:46:47 Checking file: /tmp/blitzy/blitzy-kubernetes/blitzy5f91179c1/staging/src/k8s.io/client-go/kubernetes/typed/apps/v1/fake/fake_controllerrevision.go
[gosec] 2026/02/05 17:46:47 Checking file: /tmp/blitzy/blitzy-kubernetes/blitzy5f91179c1/staging/src/k8s.io/client-go/kubernetes/typed/apps/v1/fake/fake_daemonset.go
[gosec] 2026/02/05 17:46:47 Checking file: /tmp/blitzy/blitzy-kubernetes/blitzy5f91179c1/staging/src/k8s.io/client-go/kubernetes/typed/apps/v1/fake/fake_deployment.go
[gosec] 2026/02/05 17:46:47 Checking file: /tmp/blitzy/blitzy-kubernetes/blitzy5f91179c1/staging/src/k8s.io/client-go/kubernetes/typed/apps/v1/fake/fake_replicaset.go
[gosec] 2026/02/05 17:46:48 Checking file: /tmp/blitzy/blitzy-kubernetes/blitzy5f91179c1/staging/src/k8s.io/client-go/kubernetes/typed/apps/v1/fake/fake_statefulset.go
[gosec] 2026/02/05 17:46:48 Checking package: rbac
[gosec] 2026/02/05 17:46:48 Checking file: /tmp/blitzy/blitzy-kubernetes/blitzy5f91179c1/staging/src/k8s.io/client-go/informers/rbac/interface.go
[gosec] 2026/02/05 17:46:48 Import directory: /tmp/blitzy/blitzy-kubernetes/blitzy5f91179c1/staging/src/k8s.io/client-go/pkg/apis/clientauthentication/install
[gosec] 2026/02/05 17:46:48 Checking package: fake
[gosec] 2026/02/05 17:46:48 Checking file: /tmp/blitzy/blitzy-kubernetes/blitzy5f91179c1/staging/src/k8s.io/client-go/kubernetes/typed/authorization/v1beta1/fake/doc.go
[gosec] 2026/02/05 17:46:48 Checking file: /tmp/blitzy/blitzy-kubernetes/blitzy5f91179c1/staging/src/k8s.io/client-go/kubernetes/typed/authorization/v1beta1/fake/fake_authorization_client.go
[gosec] 2026/02/05 17:46:48 Import directory: /tmp/blitzy/blitzy-kubernetes/blitzy5f91179c1/staging/src/k8s.io/client-go/applyconfigurations/apps/v1
[gosec] 2026/02/05 17:46:48 Checking file: /tmp/blitzy/blitzy-kubernetes/blitzy5f91179c1/staging/src/k8s.io/client-go/kubernetes/typed/authorization/v1beta1/fake/fake_localsubjectaccessreview.go
[gosec] 2026/02/05 17:46:48 Checking file: /tmp/blitzy/blitzy-kubernetes/blitzy5f91179c1/staging/src/k8s.io/client-go/kubernetes/typed/authorization/v1beta1/fake/fake_selfsubjectaccessreview.go
[gosec] 2026/02/05 17:46:48 Checking file: /tmp/blitzy/blitzy-kubernetes/blitzy5f91179c1/staging/src/k8s.io/client-go/kubernetes/typed/authorization/v1beta1/fake/fake_selfsubjectrulesreview.go
[gosec] 2026/02/05 17:46:48 Checking file: /tmp/blitzy/blitzy-kubernetes/blitzy5f91179c1/staging/src/k8s.io/client-go/kubernetes/typed/authorization/v1beta1/fake/fake_subjectaccessreview.go
[gosec] 2026/02/05 17:46:49 Checking package: fake
[gosec] 2026/02/05 17:46:49 Checking file: /tmp/blitzy/blitzy-kubernetes/blitzy5f91179c1/staging/src/k8s.io/client-go/kubernetes/typed/events/v1/fake/doc.go
[gosec] 2026/02/05 17:46:49 Checking file: /tmp/blitzy/blitzy-kubernetes/blitzy5f91179c1/staging/src/k8s.io/client-go/kubernetes/typed/events/v1/fake/fake_event.go
[gosec] 2026/02/05 17:46:49 Import directory: /tmp/blitzy/blitzy-kubernetes/blitzy5f91179c1/staging/src/k8s.io/client-go/informers/resource/v1beta2
[gosec] 2026/02/05 17:46:49 Checking file: /tmp/blitzy/blitzy-kubernetes/blitzy5f91179c1/staging/src/k8s.io/client-go/kubernetes/typed/events/v1/fake/fake_events_client.go
[gosec] 2026/02/05 17:46:49 Checking package: v1beta1
[gosec] 2026/02/05 17:46:49 Checking file: /tmp/blitzy/blitzy-kubernetes/blitzy5f91179c1/staging/src/k8s.io/client-go/kubernetes/typed/storagemigration/v1beta1/doc.go
[gosec] 2026/02/05 17:46:49 Import directory: /tmp/blitzy/blitzy-kubernetes/blitzy5f91179c1/staging/src/k8s.io/client-go/informers/scheduling/v1beta1
[gosec] 2026/02/05 17:46:49 Checking file: /tmp/blitzy/blitzy-kubernetes/blitzy5f91179c1/staging/src/k8s.io/client-go/kubernetes/typed/storagemigration/v1beta1/generated_expansion.go
[gosec] 2026/02/05 17:46:49 Checking file: /tmp/blitzy/blitzy-kubernetes/blitzy5f91179c1/staging/src/k8s.io/client-go/kubernetes/typed/storagemigration/v1beta1/storagemigration_client.go
[gosec] 2026/02/05 17:46:49 Checking file: /tmp/blitzy/blitzy-kubernetes/blitzy5f91179c1/staging/src/k8s.io/client-go/kubernetes/typed/storagemigration/v1beta1/storageversionmigration.go
[gosec] 2026/02/05 17:46:49 Checking package: v1alpha1
[gosec] 2026/02/05 17:46:49 Checking file: /tmp/blitzy/blitzy-kubernetes/blitzy5f91179c1/staging/src/k8s.io/client-go/listers/imagepolicy/v1alpha1/expansion_generated.go
[gosec] 2026/02/05 17:46:49 Import directory: /tmp/blitzy/blitzy-kubernetes/blitzy5f91179c1/staging/src/k8s.io/client-go/kubernetes/typed/batch/v1/fake
[gosec] 2026/02/05 17:46:49 Checking file: /tmp/blitzy/blitzy-kubernetes/blitzy5f91179c1/staging/src/k8s.io/client-go/listers/imagepolicy/v1alpha1/imagereview.go
[gosec] 2026/02/05 17:46:49 Checking package: v1
[gosec] 2026/02/05 17:46:49 Checking file: /tmp/blitzy/blitzy-kubernetes/blitzy5f91179c1/staging/src/k8s.io/client-go/applyconfigurations/policy/v1/eviction.go
[gosec] 2026/02/05 17:46:49 Import directory: /tmp/blitzy/blitzy-kubernetes/blitzy5f91179c1/staging/src/k8s.io/client-go/util/cert
[gosec] 2026/02/05 17:46:50 Checking file: /tmp/blitzy/blitzy-kubernetes/blitzy5f91179c1/staging/src/k8s.io/client-go/applyconfigurations/policy/v1/poddisruptionbudget.go
[gosec] 2026/02/05 17:46:51 Checking file: /tmp/blitzy/blitzy-kubernetes/blitzy5f91179c1/staging/src/k8s.io/client-go/applyconfigurations/policy/v1/poddisruptionbudgetspec.go
[gosec] 2026/02/05 17:46:51 Checking file: /tmp/blitzy/blitzy-kubernetes/blitzy5f91179c1/staging/src/k8s.io/client-go/applyconfigurations/policy/v1/poddisruptionbudgetstatus.go
[gosec] 2026/02/05 17:46:51 Checking package: fake
[gosec] 2026/02/05 17:46:51 Checking file: /tmp/blitzy/blitzy-kubernetes/blitzy5f91179c1/staging/src/k8s.io/client-go/kubernetes/typed/core/v1/fake/doc.go
[gosec] 2026/02/05 17:46:51 Checking file: /tmp/blitzy/blitzy-kubernetes/blitzy5f91179c1/staging/src/k8s.io/client-go/kubernetes/typed/core/v1/fake/fake_componentstatus.go
[gosec] 2026/02/05 17:46:51 Import directory: /tmp/blitzy/blitzy-kubernetes/blitzy5f91179c1/staging/src/k8s.io/client-go/applyconfigurations/flowcontrol/v1beta3
[gosec] 2026/02/05 17:46:51 Checking file: /tmp/blitzy/blitzy-kubernetes/blitzy5f91179c1/staging/src/k8s.io/client-go/kubernetes/typed/core/v1/fake/fake_configmap.go
[gosec] 2026/02/05 17:46:51 Checking file: /tmp/blitzy/blitzy-kubernetes/blitzy5f91179c1/staging/src/k8s.io/client-go/kubernetes/typed/core/v1/fake/fake_core_client.go
[gosec] 2026/02/05 17:46:52 Checking file: /tmp/blitzy/blitzy-kubernetes/blitzy5f91179c1/staging/src/k8s.io/client-go/kubernetes/typed/core/v1/fake/fake_endpoints.go
[gosec] 2026/02/05 17:46:52 Checking file: /tmp/blitzy/blitzy-kubernetes/blitzy5f91179c1/staging/src/k8s.io/client-go/kubernetes/typed/core/v1/fake/fake_event.go
[gosec] 2026/02/05 17:46:52 Checking file: /tmp/blitzy/blitzy-kubernetes/blitzy5f91179c1/staging/src/k8s.io/client-go/kubernetes/typed/core/v1/fake/fake_event_expansion.go
[gosec] 2026/02/05 17:46:52 Checking file: /tmp/blitzy/blitzy-kubernetes/blitzy5f91179c1/staging/src/k8s.io/client-go/kubernetes/typed/core/v1/fake/fake_limitrange.go
[gosec] 2026/02/05 17:46:52 Checking file: /tmp/blitzy/blitzy-kubernetes/blitzy5f91179c1/staging/src/k8s.io/client-go/kubernetes/typed/core/v1/fake/fake_namespace.go
[gosec] 2026/02/05 17:46:52 Checking file: /tmp/blitzy/blitzy-kubernetes/blitzy5f91179c1/staging/src/k8s.io/client-go/kubernetes/typed/core/v1/fake/fake_namespace_expansion.go
[gosec] 2026/02/05 17:46:52 Checking file: /tmp/blitzy/blitzy-kubernetes/blitzy5f91179c1/staging/src/k8s.io/client-go/kubernetes/typed/core/v1/fake/fake_node.go
[gosec] 2026/02/05 17:46:52 Checking file: /tmp/blitzy/blitzy-kubernetes/blitzy5f91179c1/staging/src/k8s.io/client-go/kubernetes/typed/core/v1/fake/fake_node_expansion.go
[gosec] 2026/02/05 17:46:53 Checking file: /tmp/blitzy/blitzy-kubernetes/blitzy5f91179c1/staging/src/k8s.io/client-go/kubernetes/typed/core/v1/fake/fake_persistentvolume.go
[gosec] 2026/02/05 17:46:53 Checking file: /tmp/blitzy/blitzy-kubernetes/blitzy5f91179c1/staging/src/k8s.io/client-go/kubernetes/typed/core/v1/fake/fake_persistentvolumeclaim.go
[gosec] 2026/02/05 17:46:53 Checking file: /tmp/blitzy/blitzy-kubernetes/blitzy5f91179c1/staging/src/k8s.io/client-go/kubernetes/typed/core/v1/fake/fake_pod.go
[gosec] 2026/02/05 17:46:53 Checking file: /tmp/blitzy/blitzy-kubernetes/blitzy5f91179c1/staging/src/k8s.io/client-go/kubernetes/typed/core/v1/fake/fake_pod_expansion.go
[gosec] 2026/02/05 17:46:53 Checking file: /tmp/blitzy/blitzy-kubernetes/blitzy5f91179c1/staging/src/k8s.io/client-go/kubernetes/typed/core/v1/fake/fake_podtemplate.go
[gosec] 2026/02/05 17:46:53 Checking file: /tmp/blitzy/blitzy-kubernetes/blitzy5f91179c1/staging/src/k8s.io/client-go/kubernetes/typed/core/v1/fake/fake_replicationcontroller.go
[gosec] 2026/02/05 17:46:54 Checking file: /tmp/blitzy/blitzy-kubernetes/blitzy5f91179c1/staging/src/k8s.io/client-go/kubernetes/typed/core/v1/fake/fake_resourcequota.go
[gosec] 2026/02/05 17:46:54 Checking file: /tmp/blitzy/blitzy-kubernetes/blitzy5f91179c1/staging/src/k8s.io/client-go/kubernetes/typed/core/v1/fake/fake_secret.go
[gosec] 2026/02/05 17:46:54 Checking file: /tmp/blitzy/blitzy-kubernetes/blitzy5f91179c1/staging/src/k8s.io/client-go/kubernetes/typed/core/v1/fake/fake_service.go
[gosec] 2026/02/05 17:46:54 Checking file: /tmp/blitzy/blitzy-kubernetes/blitzy5f91179c1/staging/src/k8s.io/client-go/kubernetes/typed/core/v1/fake/fake_service_expansion.go
[gosec] 2026/02/05 17:46:54 Checking file: /tmp/blitzy/blitzy-kubernetes/blitzy5f91179c1/staging/src/k8s.io/client-go/kubernetes/typed/core/v1/fake/fake_serviceaccount.go
[gosec] 2026/02/05 17:46:54 Checking package: v1beta1
[gosec] 2026/02/05 17:46:54 Checking file: /tmp/blitzy/blitzy-kubernetes/blitzy5f91179c1/staging/src/k8s.io/client-go/kubernetes/typed/discovery/v1beta1/discovery_client.go
[gosec] 2026/02/05 17:46:54 Import directory: /tmp/blitzy/blitzy-kubernetes/blitzy5f91179c1/staging/src/k8s.io/client-go/informers/flowcontrol/v1beta1
[gosec] 2026/02/05 17:46:54 Checking file: /tmp/blitzy/blitzy-kubernetes/blitzy5f91179c1/staging/src/k8s.io/client-go/kubernetes/typed/discovery/v1beta1/doc.go
[gosec] 2026/02/05 17:46:54 Checking file: /tmp/blitzy/blitzy-kubernetes/blitzy5f91179c1/staging/src/k8s.io/client-go/kubernetes/typed/discovery/v1beta1/endpointslice.go
[gosec] 2026/02/05 17:46:55 Checking file: /tmp/blitzy/blitzy-kubernetes/blitzy5f91179c1/staging/src/k8s.io/client-go/kubernetes/typed/discovery/v1beta1/generated_expansion.go
[gosec] 2026/02/05 17:46:55 Checking package: install
[gosec] 2026/02/05 17:46:55 Checking file: /tmp/blitzy/blitzy-kubernetes/blitzy5f91179c1/staging/src/k8s.io/client-go/pkg/apis/clientauthentication/install/install.go
[gosec] 2026/02/05 17:46:55 Import directory: /tmp/blitzy/blitzy-kubernetes/blitzy5f91179c1/staging/src/k8s.io/client-go/kubernetes/typed/autoscaling/v1
[gosec] 2026/02/05 17:46:55 Checking package: v1
[gosec] 2026/02/05 17:46:55 Checking file: /tmp/blitzy/blitzy-kubernetes/blitzy5f91179c1/staging/src/k8s.io/client-go/applyconfigurations/apps/v1/controllerrevision.go
[gosec] 2026/02/05 17:46:55 Import directory: /tmp/blitzy/blitzy-kubernetes/blitzy5f91179c1/staging/src/k8s.io/client-go/kubernetes/typed/autoscaling/v2/fake
[gosec] 2026/02/05 17:46:55 Checking file: /tmp/blitzy/blitzy-kubernetes/blitzy5f91179c1/staging/src/k8s.io/client-go/applyconfigurations/apps/v1/daemonset.go
[gosec] 2026/02/05 17:46:56 Checking file: /tmp/blitzy/blitzy-kubernetes/blitzy5f91179c1/staging/src/k8s.io/client-go/applyconfigurations/apps/v1/daemonsetcondition.go
[gosec] 2026/02/05 17:46:56 Checking file: /tmp/blitzy/blitzy-kubernetes/blitzy5f91179c1/staging/src/k8s.io/client-go/applyconfigurations/apps/v1/daemonsetspec.go
[gosec] 2026/02/05 17:46:57 Checking file: /tmp/blitzy/blitzy-kubernetes/blitzy5f91179c1/staging/src/k8s.io/client-go/applyconfigurations/apps/v1/daemonsetstatus.go
[gosec] 2026/02/05 17:46:57 Checking file: /tmp/blitzy/blitzy-kubernetes/blitzy5f91179c1/staging/src/k8s.io/client-go/applyconfigurations/apps/v1/daemonsetupdatestrategy.go
[gosec] 2026/02/05 17:46:57 Checking file: /tmp/blitzy/blitzy-kubernetes/blitzy5f91179c1/staging/src/k8s.io/client-go/applyconfigurations/apps/v1/deployment.go
[gosec] 2026/02/05 17:46:58 Checking file: /tmp/blitzy/blitzy-kubernetes/blitzy5f91179c1/staging/src/k8s.io/client-go/applyconfigurations/apps/v1/deploymentcondition.go
[gosec] 2026/02/05 17:46:58 Checking file: /tmp/blitzy/blitzy-kubernetes/blitzy5f91179c1/staging/src/k8s.io/client-go/applyconfigurations/apps/v1/deploymentspec.go
[gosec] 2026/02/05 17:46:58 Checking file: /tmp/blitzy/blitzy-kubernetes/blitzy5f91179c1/staging/src/k8s.io/client-go/applyconfigurations/apps/v1/deploymentstatus.go
[gosec] 2026/02/05 17:46:59 Checking file: /tmp/blitzy/blitzy-kubernetes/blitzy5f91179c1/staging/src/k8s.io/client-go/applyconfigurations/apps/v1/deploymentstrategy.go
[gosec] 2026/02/05 17:46:59 Checking file: /tmp/blitzy/blitzy-kubernetes/blitzy5f91179c1/staging/src/k8s.io/client-go/applyconfigurations/apps/v1/replicaset.go
[gosec] 2026/02/05 17:46:59 Checking file: /tmp/blitzy/blitzy-kubernetes/blitzy5f91179c1/staging/src/k8s.io/client-go/applyconfigurations/apps/v1/replicasetcondition.go
[gosec] 2026/02/05 17:47:00 Checking file: /tmp/blitzy/blitzy-kubernetes/blitzy5f91179c1/staging/src/k8s.io/client-go/applyconfigurations/apps/v1/replicasetspec.go
[gosec] 2026/02/05 17:47:00 Checking file: /tmp/blitzy/blitzy-kubernetes/blitzy5f91179c1/staging/src/k8s.io/client-go/applyconfigurations/apps/v1/replicasetstatus.go
[gosec] 2026/02/05 17:47:00 Checking file: /tmp/blitzy/blitzy-kubernetes/blitzy5f91179c1/staging/src/k8s.io/client-go/applyconfigurations/apps/v1/rollingupdatedaemonset.go
[gosec] 2026/02/05 17:47:00 Checking file: /tmp/blitzy/blitzy-kubernetes/blitzy5f91179c1/staging/src/k8s.io/client-go/applyconfigurations/apps/v1/rollingupdatedeployment.go
[gosec] 2026/02/05 17:47:00 Checking file: /tmp/blitzy/blitzy-kubernetes/blitzy5f91179c1/staging/src/k8s.io/client-go/applyconfigurations/apps/v1/rollingupdatestatefulsetstrategy.go
[gosec] 2026/02/05 17:47:00 Checking file: /tmp/blitzy/blitzy-kubernetes/blitzy5f91179c1/staging/src/k8s.io/client-go/applyconfigurations/apps/v1/statefulset.go
[gosec] 2026/02/05 17:47:01 Checking file: /tmp/blitzy/blitzy-kubernetes/blitzy5f91179c1/staging/src/k8s.io/client-go/applyconfigurations/apps/v1/statefulsetcondition.go
[gosec] 2026/02/05 17:47:01 Checking file: /tmp/blitzy/blitzy-kubernetes/blitzy5f91179c1/staging/src/k8s.io/client-go/applyconfigurations/apps/v1/statefulsetordinals.go
[gosec] 2026/02/05 17:47:01 Checking file: /tmp/blitzy/blitzy-kubernetes/blitzy5f91179c1/staging/src/k8s.io/client-go/applyconfigurations/apps/v1/statefulsetpersistentvolumeclaimretentionpolicy.go
[gosec] 2026/02/05 17:47:02 Checking file: /tmp/blitzy/blitzy-kubernetes/blitzy5f91179c1/staging/src/k8s.io/client-go/applyconfigurations/apps/v1/statefulsetspec.go
[gosec] 2026/02/05 17:47:02 Checking file: /tmp/blitzy/blitzy-kubernetes/blitzy5f91179c1/staging/src/k8s.io/client-go/applyconfigurations/apps/v1/statefulsetstatus.go
[gosec] 2026/02/05 17:47:02 Checking file: /tmp/blitzy/blitzy-kubernetes/blitzy5f91179c1/staging/src/k8s.io/client-go/applyconfigurations/apps/v1/statefulsetupdatestrategy.go
[gosec] 2026/02/05 17:47:02 Checking package: v1beta1
[gosec] 2026/02/05 17:47:02 Checking file: /tmp/blitzy/blitzy-kubernetes/blitzy5f91179c1/staging/src/k8s.io/client-go/informers/scheduling/v1beta1/interface.go
[gosec] 2026/02/05 17:47:02 Import directory: /tmp/blitzy/blitzy-kubernetes/blitzy5f91179c1/staging/src/k8s.io/client-go/kubernetes/typed/certificates/v1
[gosec] 2026/02/05 17:47:02 Checking file: /tmp/blitzy/blitzy-kubernetes/blitzy5f91179c1/staging/src/k8s.io/client-go/informers/scheduling/v1beta1/priorityclass.go
[gosec] 2026/02/05 17:47:03 Checking package: v1beta2
[gosec] 2026/02/05 17:47:03 Checking file: /tmp/blitzy/blitzy-kubernetes/blitzy5f91179c1/staging/src/k8s.io/client-go/informers/resource/v1beta2/deviceclass.go
[gosec] 2026/02/05 17:47:03 Import directory: /tmp/blitzy/blitzy-kubernetes/blitzy5f91179c1/staging/src/k8s.io/client-go/kubernetes/typed/flowcontrol/v1beta1
[gosec] 2026/02/05 17:47:03 Checking file: /tmp/blitzy/blitzy-kubernetes/blitzy5f91179c1/staging/src/k8s.io/client-go/informers/resource/v1beta2/interface.go
[gosec] 2026/02/05 17:47:03 Checking file: /tmp/blitzy/blitzy-kubernetes/blitzy5f91179c1/staging/src/k8s.io/client-go/informers/resource/v1beta2/resourceclaim.go
[gosec] 2026/02/05 17:47:03 Checking file: /tmp/blitzy/blitzy-kubernetes/blitzy5f91179c1/staging/src/k8s.io/client-go/informers/resource/v1beta2/resourceclaimtemplate.go
[gosec] 2026/02/05 17:47:04 Checking file: /tmp/blitzy/blitzy-kubernetes/blitzy5f91179c1/staging/src/k8s.io/client-go/informers/resource/v1beta2/resourceslice.go
[gosec] 2026/02/05 17:47:04 Checking package: cert
[gosec] 2026/02/05 17:47:04 Checking file: /tmp/blitzy/blitzy-kubernetes/blitzy5f91179c1/staging/src/k8s.io/client-go/util/cert/cert.go
[gosec] 2026/02/05 17:47:04 Import directory: /tmp/blitzy/blitzy-kubernetes/blitzy5f91179c1/staging/src/k8s.io/client-go/scale/scheme/appsv1beta1
[gosec] 2026/02/05 17:47:05 Checking file: /tmp/blitzy/blitzy-kubernetes/blitzy5f91179c1/staging/src/k8s.io/client-go/util/cert/csr.go
[gosec] 2026/02/05 17:47:05 Checking file: /tmp/blitzy/blitzy-kubernetes/blitzy5f91179c1/staging/src/k8s.io/client-go/util/cert/io.go
[gosec] 2026/02/05 17:47:05 Checking file: /tmp/blitzy/blitzy-kubernetes/blitzy5f91179c1/staging/src/k8s.io/client-go/util/cert/pem.go
[gosec] 2026/02/05 17:47:05 Checking file: /tmp/blitzy/blitzy-kubernetes/blitzy5f91179c1/staging/src/k8s.io/client-go/util/cert/server_inspection.go
[gosec] 2026/02/05 17:47:06 Checking package: fake
[gosec] 2026/02/05 17:47:06 Checking file: /tmp/blitzy/blitzy-kubernetes/blitzy5f91179c1/staging/src/k8s.io/client-go/kubernetes/typed/batch/v1/fake/doc.go
[gosec] 2026/02/05 17:47:06 Checking file: /tmp/blitzy/blitzy-kubernetes/blitzy5f91179c1/staging/src/k8s.io/client-go/kubernetes/typed/batch/v1/fake/fake_batch_client.go
[gosec] 2026/02/05 17:47:06 Import directory: /tmp/blitzy/blitzy-kubernetes/blitzy5f91179c1/staging/src/k8s.io/client-go/scale/scheme/appsv1beta2
[gosec] 2026/02/05 17:47:06 Checking file: /tmp/blitzy/blitzy-kubernetes/blitzy5f91179c1/staging/src/k8s.io/client-go/kubernetes/typed/batch/v1/fake/fake_cronjob.go
[gosec] 2026/02/05 17:47:06 Checking file: /tmp/blitzy/blitzy-kubernetes/blitzy5f91179c1/staging/src/k8s.io/client-go/kubernetes/typed/batch/v1/fake/fake_job.go
[gosec] 2026/02/05 17:47:06 Checking package: v1beta3
[gosec] 2026/02/05 17:47:06 Checking file: /tmp/blitzy/blitzy-kubernetes/blitzy5f91179c1/staging/src/k8s.io/client-go/applyconfigurations/flowcontrol/v1beta3/exemptprioritylevelconfiguration.go
[gosec] 2026/02/05 17:47:06 Import directory: /tmp/blitzy/blitzy-kubernetes/blitzy5f91179c1/staging/src/k8s.io/client-go/applyconfigurations/resource/v1beta1
[gosec] 2026/02/05 17:47:06 Checking file: /tmp/blitzy/blitzy-kubernetes/blitzy5f91179c1/staging/src/k8s.io/client-go/applyconfigurations/flowcontrol/v1beta3/flowdistinguishermethod.go
[gosec] 2026/02/05 17:47:06 Checking file: /tmp/blitzy/blitzy-kubernetes/blitzy5f91179c1/staging/src/k8s.io/client-go/applyconfigurations/flowcontrol/v1beta3/flowschema.go
[gosec] 2026/02/05 17:47:07 Checking file: /tmp/blitzy/blitzy-kubernetes/blitzy5f91179c1/staging/src/k8s.io/client-go/applyconfigurations/flowcontrol/v1beta3/flowschemacondition.go
[gosec] 2026/02/05 17:47:07 Checking file: /tmp/blitzy/blitzy-kubernetes/blitzy5f91179c1/staging/src/k8s.io/client-go/applyconfigurations/flowcontrol/v1beta3/flowschemaspec.go
[gosec] 2026/02/05 17:47:07 Checking file: /tmp/blitzy/blitzy-kubernetes/blitzy5f91179c1/staging/src/k8s.io/client-go/applyconfigurations/flowcontrol/v1beta3/flowschemastatus.go
[gosec] 2026/02/05 17:47:07 Checking file: /tmp/blitzy/blitzy-kubernetes/blitzy5f91179c1/staging/src/k8s.io/client-go/applyconfigurations/flowcontrol/v1beta3/groupsubject.go
[gosec] 2026/02/05 17:47:07 Checking file: /tmp/blitzy/blitzy-kubernetes/blitzy5f91179c1/staging/src/k8s.io/client-go/applyconfigurations/flowcontrol/v1beta3/limitedprioritylevelconfiguration.go
[gosec] 2026/02/05 17:47:08 Checking file: /tmp/blitzy/blitzy-kubernetes/blitzy5f91179c1/staging/src/k8s.io/client-go/applyconfigurations/flowcontrol/v1beta3/limitresponse.go
[gosec] 2026/02/05 17:47:08 Checking file: /tmp/blitzy/blitzy-kubernetes/blitzy5f91179c1/staging/src/k8s.io/client-go/applyconfigurations/flowcontrol/v1beta3/nonresourcepolicyrule.go
[gosec] 2026/02/05 17:47:08 Checking file: /tmp/blitzy/blitzy-kubernetes/blitzy5f91179c1/staging/src/k8s.io/client-go/applyconfigurations/flowcontrol/v1beta3/policyruleswithsubjects.go
[gosec] 2026/02/05 17:47:08 Checking file: /tmp/blitzy/blitzy-kubernetes/blitzy5f91179c1/staging/src/k8s.io/client-go/applyconfigurations/flowcontrol/v1beta3/prioritylevelconfiguration.go
[gosec] 2026/02/05 17:47:09 Checking file: /tmp/blitzy/blitzy-kubernetes/blitzy5f91179c1/staging/src/k8s.io/client-go/applyconfigurations/flowcontrol/v1beta3/prioritylevelconfigurationcondition.go
[gosec] 2026/02/05 17:47:09 Checking file: /tmp/blitzy/blitzy-kubernetes/blitzy5f91179c1/staging/src/k8s.io/client-go/applyconfigurations/flowcontrol/v1beta3/prioritylevelconfigurationreference.go
[gosec] 2026/02/05 17:47:09 Checking file: /tmp/blitzy/blitzy-kubernetes/blitzy5f91179c1/staging/src/k8s.io/client-go/applyconfigurations/flowcontrol/v1beta3/prioritylevelconfigurationspec.go
[gosec] 2026/02/05 17:47:09 Checking file: /tmp/blitzy/blitzy-kubernetes/blitzy5f91179c1/staging/src/k8s.io/client-go/applyconfigurations/flowcontrol/v1beta3/prioritylevelconfigurationstatus.go
[gosec] 2026/02/05 17:47:09 Checking file: /tmp/blitzy/blitzy-kubernetes/blitzy5f91179c1/staging/src/k8s.io/client-go/applyconfigurations/flowcontrol/v1beta3/queuingconfiguration.go
[gosec] 2026/02/05 17:47:09 Checking file: /tmp/blitzy/blitzy-kubernetes/blitzy5f91179c1/staging/src/k8s.io/client-go/applyconfigurations/flowcontrol/v1beta3/resourcepolicyrule.go
[gosec] 2026/02/05 17:47:09 Checking file: /tmp/blitzy/blitzy-kubernetes/blitzy5f91179c1/staging/src/k8s.io/client-go/applyconfigurations/flowcontrol/v1beta3/serviceaccountsubject.go
[gosec] 2026/02/05 17:47:10 Checking file: /tmp/blitzy/blitzy-kubernetes/blitzy5f91179c1/staging/src/k8s.io/client-go/applyconfigurations/flowcontrol/v1beta3/subject.go
[gosec] 2026/02/05 17:47:10 Checking file: /tmp/blitzy/blitzy-kubernetes/blitzy5f91179c1/staging/src/k8s.io/client-go/applyconfigurations/flowcontrol/v1beta3/usersubject.go
[gosec] 2026/02/05 17:47:10 Checking package: v1
[gosec] 2026/02/05 17:47:10 Checking file: /tmp/blitzy/blitzy-kubernetes/blitzy5f91179c1/staging/src/k8s.io/client-go/kubernetes/typed/autoscaling/v1/autoscaling_client.go
[gosec] 2026/02/05 17:47:10 Import directory: /tmp/blitzy/blitzy-kubernetes/blitzy5f91179c1/staging/src/k8s.io/client-go/applyconfigurations/storage/v1alpha1
[gosec] 2026/02/05 17:47:10 Checking file: /tmp/blitzy/blitzy-kubernetes/blitzy5f91179c1/staging/src/k8s.io/client-go/kubernetes/typed/autoscaling/v1/doc.go
[gosec] 2026/02/05 17:47:10 Checking file: /tmp/blitzy/blitzy-kubernetes/blitzy5f91179c1/staging/src/k8s.io/client-go/kubernetes/typed/autoscaling/v1/generated_expansion.go
[gosec] 2026/02/05 17:47:10 Checking file: /tmp/blitzy/blitzy-kubernetes/blitzy5f91179c1/staging/src/k8s.io/client-go/kubernetes/typed/autoscaling/v1/horizontalpodautoscaler.go
[gosec] 2026/02/05 17:47:10 Checking package: v1beta1
[gosec] 2026/02/05 17:47:10 Checking file: /tmp/blitzy/blitzy-kubernetes/blitzy5f91179c1/staging/src/k8s.io/client-go/informers/flowcontrol/v1beta1/flowschema.go
[gosec] 2026/02/05 17:47:10 Import directory: /tmp/blitzy/blitzy-kubernetes/blitzy5f91179c1/staging/src/k8s.io/client-go/examples/in-cluster-client-configuration
[gosec] 2026/02/05 17:47:10 Checking file: /tmp/blitzy/blitzy-kubernetes/blitzy5f91179c1/staging/src/k8s.io/client-go/informers/flowcontrol/v1beta1/interface.go
[gosec] 2026/02/05 17:47:10 Checking file: /tmp/blitzy/blitzy-kubernetes/blitzy5f91179c1/staging/src/k8s.io/client-go/informers/flowcontrol/v1beta1/prioritylevelconfiguration.go
[gosec] 2026/02/05 17:47:11 Checking package: fake
[gosec] 2026/02/05 17:47:11 Checking file: /tmp/blitzy/blitzy-kubernetes/blitzy5f91179c1/staging/src/k8s.io/client-go/kubernetes/typed/autoscaling/v2/fake/doc.go
[gosec] 2026/02/05 17:47:11 Checking file: /tmp/blitzy/blitzy-kubernetes/blitzy5f91179c1/staging/src/k8s.io/client-go/kubernetes/typed/autoscaling/v2/fake/fake_autoscaling_client.go
[gosec] 2026/02/05 17:47:11 Import directory: /tmp/blitzy/blitzy-kubernetes/blitzy5f91179c1/staging/src/k8s.io/client-go/kubernetes/typed/apiserverinternal/v1alpha1/fake
[gosec] 2026/02/05 17:47:11 Checking file: /tmp/blitzy/blitzy-kubernetes/blitzy5f91179c1/staging/src/k8s.io/client-go/kubernetes/typed/autoscaling/v2/fake/fake_horizontalpodautoscaler.go
[gosec] 2026/02/05 17:47:11 Checking package: v1
[gosec] 2026/02/05 17:47:11 Checking file: /tmp/blitzy/blitzy-kubernetes/blitzy5f91179c1/staging/src/k8s.io/client-go/kubernetes/typed/certificates/v1/certificates_client.go
[gosec] 2026/02/05 17:47:11 Import directory: /tmp/blitzy/blitzy-kubernetes/blitzy5f91179c1/staging/src/k8s.io/client-go/tools/clientcmd/api/v1
[gosec] 2026/02/05 17:47:11 Checking file: /tmp/blitzy/blitzy-kubernetes/blitzy5f91179c1/staging/src/k8s.io/client-go/kubernetes/typed/certificates/v1/certificatesigningrequest.go
[gosec] 2026/02/05 17:47:11 Checking file: /tmp/blitzy/blitzy-kubernetes/blitzy5f91179c1/staging/src/k8s.io/client-go/kubernetes/typed/certificates/v1/doc.go
[gosec] 2026/02/05 17:47:11 Checking file: /tmp/blitzy/blitzy-kubernetes/blitzy5f91179c1/staging/src/k8s.io/client-go/kubernetes/typed/certificates/v1/generated_expansion.go
[gosec] 2026/02/05 17:47:11 Checking package: v1beta1
[gosec] 2026/02/05 17:47:11 Checking file: /tmp/blitzy/blitzy-kubernetes/blitzy5f91179c1/staging/src/k8s.io/client-go/kubernetes/typed/flowcontrol/v1beta1/doc.go
[gosec] 2026/02/05 17:47:11 Checking file: /tmp/blitzy/blitzy-kubernetes/blitzy5f91179c1/staging/src/k8s.io/client-go/kubernetes/typed/flowcontrol/v1beta1/flowcontrol_client.go
[gosec] 2026/02/05 17:47:11 Import directory: /tmp/blitzy/blitzy-kubernetes/blitzy5f91179c1/staging/src/k8s.io/client-go/listers/coordination/v1beta1
[gosec] 2026/02/05 17:47:12 Checking file: /tmp/blitzy/blitzy-kubernetes/blitzy5f91179c1/staging/src/k8s.io/client-go/kubernetes/typed/flowcontrol/v1beta1/flowschema.go
[gosec] 2026/02/05 17:47:12 Checking file: /tmp/blitzy/blitzy-kubernetes/blitzy5f91179c1/staging/src/k8s.io/client-go/kubernetes/typed/flowcontrol/v1beta1/generated_expansion.go
[gosec] 2026/02/05 17:47:12 Checking file: /tmp/blitzy/blitzy-kubernetes/blitzy5f91179c1/staging/src/k8s.io/client-go/kubernetes/typed/flowcontrol/v1beta1/prioritylevelconfiguration.go
[gosec] 2026/02/05 17:47:12 Checking package: appsv1beta1
[gosec] 2026/02/05 17:47:12 Checking file: /tmp/blitzy/blitzy-kubernetes/blitzy5f91179c1/staging/src/k8s.io/client-go/scale/scheme/appsv1beta1/conversion.go
[gosec] 2026/02/05 17:47:12 Import directory: /tmp/blitzy/blitzy-kubernetes/blitzy5f91179c1/staging/src/k8s.io/client-go/listers/flowcontrol/v1
[gosec] 2026/02/05 17:47:12 Checking file: /tmp/blitzy/blitzy-kubernetes/blitzy5f91179c1/staging/src/k8s.io/client-go/scale/scheme/appsv1beta1/doc.go
[gosec] 2026/02/05 17:47:12 Checking file: /tmp/blitzy/blitzy-kubernetes/blitzy5f91179c1/staging/src/k8s.io/client-go/scale/scheme/appsv1beta1/register.go
[gosec] 2026/02/05 17:47:12 Checking file: /tmp/blitzy/blitzy-kubernetes/blitzy5f91179c1/staging/src/k8s.io/client-go/scale/scheme/appsv1beta1/zz_generated.conversion.go
[gosec] 2026/02/05 17:47:13 Checking package: appsv1beta2
[gosec] 2026/02/05 17:47:13 Checking file: /tmp/blitzy/blitzy-kubernetes/blitzy5f91179c1/staging/src/k8s.io/client-go/scale/scheme/appsv1beta2/conversion.go
[gosec] 2026/02/05 17:47:13 Import directory: /tmp/blitzy/blitzy-kubernetes/blitzy5f91179c1/staging/src/k8s.io/client-go/listers/networking/v1beta1
[gosec] 2026/02/05 17:47:13 Checking file: /tmp/blitzy/blitzy-kubernetes/blitzy5f91179c1/staging/src/k8s.io/client-go/scale/scheme/appsv1beta2/doc.go
[gosec] 2026/02/05 17:47:13 Checking file: /tmp/blitzy/blitzy-kubernetes/blitzy5f91179c1/staging/src/k8s.io/client-go/scale/scheme/appsv1beta2/register.go
[gosec] 2026/02/05 17:47:13 Checking file: /tmp/blitzy/blitzy-kubernetes/blitzy5f91179c1/staging/src/k8s.io/client-go/scale/scheme/appsv1beta2/zz_generated.conversion.go
[gosec] 2026/02/05 17:47:13 Checking package: v1beta1
[gosec] 2026/02/05 17:47:13 Checking file: /tmp/blitzy/blitzy-kubernetes/blitzy5f91179c1/staging/src/k8s.io/client-go/applyconfigurations/resource/v1beta1/allocateddevicestatus.go
[gosec] 2026/02/05 17:47:13 Import directory: /tmp/blitzy/blitzy-kubernetes/blitzy5f91179c1/staging/src/k8s.io/client-go/util/homedir
[gosec] 2026/02/05 17:47:14 Checking file: /tmp/blitzy/blitzy-kubernetes/blitzy5f91179c1/staging/src/k8s.io/client-go/applyconfigurations/resource/v1beta1/allocationresult.go
[gosec] 2026/02/05 17:47:14 Checking file: /tmp/blitzy/blitzy-kubernetes/blitzy5f91179c1/staging/src/k8s.io/client-go/applyconfigurations/resource/v1beta1/basicdevice.go
[gosec] 2026/02/05 17:47:14 Checking file: /tmp/blitzy/blitzy-kubernetes/blitzy5f91179c1/staging/src/k8s.io/client-go/applyconfigurations/resource/v1beta1/capacityrequestpolicy.go
[gosec] 2026/02/05 17:47:14 Checking file: /tmp/blitzy/blitzy-kubernetes/blitzy5f91179c1/staging/src/k8s.io/client-go/applyconfigurations/resource/v1beta1/capacityrequestpolicyrange.go
[gosec] 2026/02/05 17:47:14 Checking file: /tmp/blitzy/blitzy-kubernetes/blitzy5f91179c1/staging/src/k8s.io/client-go/applyconfigurations/resource/v1beta1/capacityrequirements.go
[gosec] 2026/02/05 17:47:14 Checking file: /tmp/blitzy/blitzy-kubernetes/blitzy5f91179c1/staging/src/k8s.io/client-go/applyconfigurations/resource/v1beta1/celdeviceselector.go
[gosec] 2026/02/05 17:47:14 Checking file: /tmp/blitzy/blitzy-kubernetes/blitzy5f91179c1/staging/src/k8s.io/client-go/applyconfigurations/resource/v1beta1/counter.go
[gosec] 2026/02/05 17:47:15 Checking file: /tmp/blitzy/blitzy-kubernetes/blitzy5f91179c1/staging/src/k8s.io/client-go/applyconfigurations/resource/v1beta1/counterset.go
[gosec] 2026/02/05 17:47:15 Checking file: /tmp/blitzy/blitzy-kubernetes/blitzy5f91179c1/staging/src/k8s.io/client-go/applyconfigurations/resource/v1beta1/device.go
[gosec] 2026/02/05 17:47:15 Checking file: /tmp/blitzy/blitzy-kubernetes/blitzy5f91179c1/staging/src/k8s.io/client-go/applyconfigurations/resource/v1beta1/deviceallocationconfiguration.go
[gosec] 2026/02/05 17:47:15 Checking file: /tmp/blitzy/blitzy-kubernetes/blitzy5f91179c1/staging/src/k8s.io/client-go/applyconfigurations/resource/v1beta1/deviceallocationresult.go
[gosec] 2026/02/05 17:47:15 Checking file: /tmp/blitzy/blitzy-kubernetes/blitzy5f91179c1/staging/src/k8s.io/client-go/applyconfigurations/resource/v1beta1/deviceattribute.go
[gosec] 2026/02/05 17:47:15 Checking file: /tmp/blitzy/blitzy-kubernetes/blitzy5f91179c1/staging/src/k8s.io/client-go/applyconfigurations/resource/v1beta1/devicecapacity.go
[gosec] 2026/02/05 17:47:15 Checking file: /tmp/blitzy/blitzy-kubernetes/blitzy5f91179c1/staging/src/k8s.io/client-go/applyconfigurations/resource/v1beta1/deviceclaim.go
[gosec] 2026/02/05 17:47:15 Checking file: /tmp/blitzy/blitzy-kubernetes/blitzy5f91179c1/staging/src/k8s.io/client-go/applyconfigurations/resource/v1beta1/deviceclaimconfiguration.go
[gosec] 2026/02/05 17:47:15 Checking file: /tmp/blitzy/blitzy-kubernetes/blitzy5f91179c1/staging/src/k8s.io/client-go/applyconfigurations/resource/v1beta1/deviceclass.go
[gosec] 2026/02/05 17:47:16 Checking file: /tmp/blitzy/blitzy-kubernetes/blitzy5f91179c1/staging/src/k8s.io/client-go/applyconfigurations/resource/v1beta1/deviceclassconfiguration.go
[gosec] 2026/02/05 17:47:16 Checking file: /tmp/blitzy/blitzy-kubernetes/blitzy5f91179c1/staging/src/k8s.io/client-go/applyconfigurations/resource/v1beta1/deviceclassspec.go
[gosec] 2026/02/05 17:47:16 Checking file: /tmp/blitzy/blitzy-kubernetes/blitzy5f91179c1/staging/src/k8s.io/client-go/applyconfigurations/resource/v1beta1/deviceconfiguration.go
[gosec] 2026/02/05 17:47:16 Checking file: /tmp/blitzy/blitzy-kubernetes/blitzy5f91179c1/staging/src/k8s.io/client-go/applyconfigurations/resource/v1beta1/deviceconstraint.go
[gosec] 2026/02/05 17:47:17 Checking file: /tmp/blitzy/blitzy-kubernetes/blitzy5f91179c1/staging/src/k8s.io/client-go/applyconfigurations/resource/v1beta1/devicecounterconsumption.go
[gosec] 2026/02/05 17:47:17 Checking file: /tmp/blitzy/blitzy-kubernetes/blitzy5f91179c1/staging/src/k8s.io/client-go/applyconfigurations/resource/v1beta1/devicerequest.go
[gosec] 2026/02/05 17:47:17 Checking file: /tmp/blitzy/blitzy-kubernetes/blitzy5f91179c1/staging/src/k8s.io/client-go/applyconfigurations/resource/v1beta1/devicerequestallocationresult.go
[gosec] 2026/02/05 17:47:17 Checking file: /tmp/blitzy/blitzy-kubernetes/blitzy5f91179c1/staging/src/k8s.io/client-go/applyconfigurations/resource/v1beta1/deviceselector.go
[gosec] 2026/02/05 17:47:17 Checking file: /tmp/blitzy/blitzy-kubernetes/blitzy5f91179c1/staging/src/k8s.io/client-go/applyconfigurations/resource/v1beta1/devicesubrequest.go
[gosec] 2026/02/05 17:47:18 Checking file: /tmp/blitzy/blitzy-kubernetes/blitzy5f91179c1/staging/src/k8s.io/client-go/applyconfigurations/resource/v1beta1/devicetaint.go
[gosec] 2026/02/05 17:47:18 Checking file: /tmp/blitzy/blitzy-kubernetes/blitzy5f91179c1/staging/src/k8s.io/client-go/applyconfigurations/resource/v1beta1/devicetoleration.go
[gosec] 2026/02/05 17:47:18 Checking file: /tmp/blitzy/blitzy-kubernetes/blitzy5f91179c1/staging/src/k8s.io/client-go/applyconfigurations/resource/v1beta1/networkdevicedata.go
[gosec] 2026/02/05 17:47:18 Checking file: /tmp/blitzy/blitzy-kubernetes/blitzy5f91179c1/staging/src/k8s.io/client-go/applyconfigurations/resource/v1beta1/opaquedeviceconfiguration.go
[gosec] 2026/02/05 17:47:18 Checking file: /tmp/blitzy/blitzy-kubernetes/blitzy5f91179c1/staging/src/k8s.io/client-go/applyconfigurations/resource/v1beta1/resourceclaim.go
[gosec] 2026/02/05 17:47:19 Checking file: /tmp/blitzy/blitzy-kubernetes/blitzy5f91179c1/staging/src/k8s.io/client-go/applyconfigurations/resource/v1beta1/resourceclaimconsumerreference.go
[gosec] 2026/02/05 17:47:19 Checking file: /tmp/blitzy/blitzy-kubernetes/blitzy5f91179c1/staging/src/k8s.io/client-go/applyconfigurations/resource/v1beta1/resourceclaimspec.go
[gosec] 2026/02/05 17:47:19 Checking file: /tmp/blitzy/blitzy-kubernetes/blitzy5f91179c1/staging/src/k8s.io/client-go/applyconfigurations/resource/v1beta1/resourceclaimstatus.go
[gosec] 2026/02/05 17:47:19 Checking file: /tmp/blitzy/blitzy-kubernetes/blitzy5f91179c1/staging/src/k8s.io/client-go/applyconfigurations/resource/v1beta1/resourceclaimtemplate.go
[gosec] 2026/02/05 17:47:20 Checking file: /tmp/blitzy/blitzy-kubernetes/blitzy5f91179c1/staging/src/k8s.io/client-go/applyconfigurations/resource/v1beta1/resourceclaimtemplatespec.go
[gosec] 2026/02/05 17:47:21 Checking file: /tmp/blitzy/blitzy-kubernetes/blitzy5f91179c1/staging/src/k8s.io/client-go/applyconfigurations/resource/v1beta1/resourcepool.go
[gosec] 2026/02/05 17:47:21 Checking file: /tmp/blitzy/blitzy-kubernetes/blitzy5f91179c1/staging/src/k8s.io/client-go/applyconfigurations/resource/v1beta1/resourceslice.go
[gosec] 2026/02/05 17:47:21 Checking file: /tmp/blitzy/blitzy-kubernetes/blitzy5f91179c1/staging/src/k8s.io/client-go/applyconfigurations/resource/v1beta1/resourceslicespec.go
[gosec] 2026/02/05 17:47:22 Checking package: v1alpha1
[gosec] 2026/02/05 17:47:22 Checking file: /tmp/blitzy/blitzy-kubernetes/blitzy5f91179c1/staging/src/k8s.io/client-go/applyconfigurations/storage/v1alpha1/csistoragecapacity.go
[gosec] 2026/02/05 17:47:22 Import directory: /tmp/blitzy/blitzy-kubernetes/blitzy5f91179c1/staging/src/k8s.io/client-go/applyconfigurations/policy/v1beta1
[gosec] 2026/02/05 17:47:23 Checking file: /tmp/blitzy/blitzy-kubernetes/blitzy5f91179c1/staging/src/k8s.io/client-go/applyconfigurations/storage/v1alpha1/volumeattachment.go
[gosec] 2026/02/05 17:47:23 Checking file: /tmp/blitzy/blitzy-kubernetes/blitzy5f91179c1/staging/src/k8s.io/client-go/applyconfigurations/storage/v1alpha1/volumeattachmentsource.go
[gosec] 2026/02/05 17:47:23 Checking file: /tmp/blitzy/blitzy-kubernetes/blitzy5f91179c1/staging/src/k8s.io/client-go/applyconfigurations/storage/v1alpha1/volumeattachmentspec.go
[gosec] 2026/02/05 17:47:24 Checking file: /tmp/blitzy/blitzy-kubernetes/blitzy5f91179c1/staging/src/k8s.io/client-go/applyconfigurations/storage/v1alpha1/volumeattachmentstatus.go
[gosec] 2026/02/05 17:47:24 Checking file: /tmp/blitzy/blitzy-kubernetes/blitzy5f91179c1/staging/src/k8s.io/client-go/applyconfigurations/storage/v1alpha1/volumeattributesclass.go
[gosec] 2026/02/05 17:47:24 Checking file: /tmp/blitzy/blitzy-kubernetes/blitzy5f91179c1/staging/src/k8s.io/client-go/applyconfigurations/storage/v1alpha1/volumeerror.go
[gosec] 2026/02/05 17:47:25 Checking package: main
[gosec] 2026/02/05 17:47:25 Checking file: /tmp/blitzy/blitzy-kubernetes/blitzy5f91179c1/staging/src/k8s.io/client-go/examples/in-cluster-client-configuration/main.go
[gosec] 2026/02/05 17:47:25 Import directory: /tmp/blitzy/blitzy-kubernetes/blitzy5f91179c1/staging/src/k8s.io/client-go/dynamic
[gosec] 2026/02/05 17:47:25 Checking package: fake
[gosec] 2026/02/05 17:47:25 Checking file: /tmp/blitzy/blitzy-kubernetes/blitzy5f91179c1/staging/src/k8s.io/client-go/kubernetes/typed/apiserverinternal/v1alpha1/fake/doc.go
[gosec] 2026/02/05 17:47:25 Checking file: /tmp/blitzy/blitzy-kubernetes/blitzy5f91179c1/staging/src/k8s.io/client-go/kubernetes/typed/apiserverinternal/v1alpha1/fake/fake_apiserverinternal_client.go
[gosec] 2026/02/05 17:47:25 Import directory: /tmp/blitzy/blitzy-kubernetes/blitzy5f91179c1/staging/src/k8s.io/client-go/kubernetes/typed/flowcontrol/v1beta2
[gosec] 2026/02/05 17:47:25 Checking file: /tmp/blitzy/blitzy-kubernetes/blitzy5f91179c1/staging/src/k8s.io/client-go/kubernetes/typed/apiserverinternal/v1alpha1/fake/fake_storageversion.go
[gosec] 2026/02/05 17:47:25 Checking package: v1
[gosec] 2026/02/05 17:47:25 Checking file: /tmp/blitzy/blitzy-kubernetes/blitzy5f91179c1/staging/src/k8s.io/client-go/tools/clientcmd/api/v1/conversion.go
[gosec] 2026/02/05 17:47:25 Import directory: /tmp/blitzy/blitzy-kubernetes/blitzy5f91179c1/staging/src/k8s.io/client-go/scale/fake
[gosec] 2026/02/05 17:47:25 Checking file: /tmp/blitzy/blitzy-kubernetes/blitzy5f91179c1/staging/src/k8s.io/client-go/tools/clientcmd/api/v1/defaults.go
[gosec] 2026/02/05 17:47:26 Checking file: /tmp/blitzy/blitzy-kubernetes/blitzy5f91179c1/staging/src/k8s.io/client-go/tools/clientcmd/api/v1/doc.go
[gosec] 2026/02/05 17:47:26 Checking file: /tmp/blitzy/blitzy-kubernetes/blitzy5f91179c1/staging/src/k8s.io/client-go/tools/clientcmd/api/v1/register.go
[gosec] 2026/02/05 17:47:26 Checking file: /tmp/blitzy/blitzy-kubernetes/blitzy5f91179c1/staging/src/k8s.io/client-go/tools/clientcmd/api/v1/types.go
[gosec] 2026/02/05 17:47:26 Checking file: /tmp/blitzy/blitzy-kubernetes/blitzy5f91179c1/staging/src/k8s.io/client-go/tools/clientcmd/api/v1/zz_generated.conversion.go
[gosec] 2026/02/05 17:47:28 Checking file: /tmp/blitzy/blitzy-kubernetes/blitzy5f91179c1/staging/src/k8s.io/client-go/tools/clientcmd/api/v1/zz_generated.deepcopy.go
[gosec] 2026/02/05 17:47:30 Checking file: /tmp/blitzy/blitzy-kubernetes/blitzy5f91179c1/staging/src/k8s.io/client-go/tools/clientcmd/api/v1/zz_generated.defaults.go
[gosec] 2026/02/05 17:47:30 Checking package: v1beta1
[gosec] 2026/02/05 17:47:30 Checking file: /tmp/blitzy/blitzy-kubernetes/blitzy5f91179c1/staging/src/k8s.io/client-go/listers/coordination/v1beta1/expansion_generated.go
[gosec] 2026/02/05 17:47:30 Import directory: /tmp/blitzy/blitzy-kubernetes/blitzy5f91179c1/staging/src/k8s.io/client-go/util/jsonpath
[gosec] 2026/02/05 17:47:30 Checking file: /tmp/blitzy/blitzy-kubernetes/blitzy5f91179c1/staging/src/k8s.io/client-go/listers/coordination/v1beta1/lease.go
[gosec] 2026/02/05 17:47:30 Checking file: /tmp/blitzy/blitzy-kubernetes/blitzy5f91179c1/staging/src/k8s.io/client-go/listers/coordination/v1beta1/leasecandidate.go
[gosec] 2026/02/05 17:47:30 Checking package: v1
[gosec] 2026/02/05 17:47:30 Checking file: /tmp/blitzy/blitzy-kubernetes/blitzy5f91179c1/staging/src/k8s.io/client-go/listers/flowcontrol/v1/expansion_generated.go
[gosec] 2026/02/05 17:47:30 Import directory: /tmp/blitzy/blitzy-kubernetes/blitzy5f91179c1/staging/src/k8s.io/client-go/kubernetes/typed/authentication/v1alpha1
[gosec] 2026/02/05 17:47:30 Checking file: /tmp/blitzy/blitzy-kubernetes/blitzy5f91179c1/staging/src/k8s.io/client-go/listers/flowcontrol/v1/flowschema.go
[gosec] 2026/02/05 17:47:30 Checking file: /tmp/blitzy/blitzy-kubernetes/blitzy5f91179c1/staging/src/k8s.io/client-go/listers/flowcontrol/v1/prioritylevelconfiguration.go
[gosec] 2026/02/05 17:47:30 Checking package: v1beta1
[gosec] 2026/02/05 17:47:30 Checking file: /tmp/blitzy/blitzy-kubernetes/blitzy5f91179c1/staging/src/k8s.io/client-go/listers/networking/v1beta1/expansion_generated.go
[gosec] 2026/02/05 17:47:30 Checking file: /tmp/blitzy/blitzy-kubernetes/blitzy5f91179c1/staging/src/k8s.io/client-go/listers/networking/v1beta1/ingress.go
[gosec] 2026/02/05 17:47:30 Import directory: /tmp/blitzy/blitzy-kubernetes/blitzy5f91179c1/staging/src/k8s.io/client-go/kubernetes/typed/policy/v1/fake
[gosec] 2026/02/05 17:47:30 Checking file: /tmp/blitzy/blitzy-kubernetes/blitzy5f91179c1/staging/src/k8s.io/client-go/listers/networking/v1beta1/ingressclass.go
[gosec] 2026/02/05 17:47:30 Checking file: /tmp/blitzy/blitzy-kubernetes/blitzy5f91179c1/staging/src/k8s.io/client-go/listers/networking/v1beta1/ipaddress.go
[gosec] 2026/02/05 17:47:30 Checking file: /tmp/blitzy/blitzy-kubernetes/blitzy5f91179c1/staging/src/k8s.io/client-go/listers/networking/v1beta1/servicecidr.go
[gosec] 2026/02/05 17:47:30 Checking package: homedir
[gosec] 2026/02/05 17:47:30 Checking file: /tmp/blitzy/blitzy-kubernetes/blitzy5f91179c1/staging/src/k8s.io/client-go/util/homedir/homedir.go
[gosec] 2026/02/05 17:47:30 Import directory: /tmp/blitzy/blitzy-kubernetes/blitzy5f91179c1/staging/src/k8s.io/client-go/applyconfigurations/admissionregistration/v1alpha1
[gosec] 2026/02/05 17:47:31 Checking package: v1beta1
[gosec] 2026/02/05 17:47:31 Checking file: /tmp/blitzy/blitzy-kubernetes/blitzy5f91179c1/staging/src/k8s.io/client-go/applyconfigurations/policy/v1beta1/eviction.go
[gosec] 2026/02/05 17:47:31 Import directory: /tmp/blitzy/blitzy-kubernetes/blitzy5f91179c1/staging/src/k8s.io/client-go/examples/create-update-delete-deployment
[gosec] 2026/02/05 17:47:31 Checking file: /tmp/blitzy/blitzy-kubernetes/blitzy5f91179c1/staging/src/k8s.io/client-go/applyconfigurations/policy/v1beta1/poddisruptionbudget.go
[gosec] 2026/02/05 17:47:32 Checking file: /tmp/blitzy/blitzy-kubernetes/blitzy5f91179c1/staging/src/k8s.io/client-go/applyconfigurations/policy/v1beta1/poddisruptionbudgetspec.go
[gosec] 2026/02/05 17:47:32 Checking file: /tmp/blitzy/blitzy-kubernetes/blitzy5f91179c1/staging/src/k8s.io/client-go/applyconfigurations/policy/v1beta1/poddisruptionbudgetstatus.go
[gosec] 2026/02/05 17:47:32 Checking package: dynamic
[gosec] 2026/02/05 17:47:32 Checking file: /tmp/blitzy/blitzy-kubernetes/blitzy5f91179c1/staging/src/k8s.io/client-go/dynamic/interface.go
[gosec] 2026/02/05 17:47:32 Import directory: /tmp/blitzy/blitzy-kubernetes/blitzy5f91179c1/staging/src/k8s.io/client-go/kubernetes/typed/events/v1beta1/fake
[gosec] 2026/02/05 17:47:33 Checking file: /tmp/blitzy/blitzy-kubernetes/blitzy5f91179c1/staging/src/k8s.io/client-go/dynamic/scheme.go
[gosec] 2026/02/05 17:47:33 Checking file: /tmp/blitzy/blitzy-kubernetes/blitzy5f91179c1/staging/src/k8s.io/client-go/dynamic/simple.go
[gosec] 2026/02/05 17:47:34 Checking package: v1beta2
[gosec] 2026/02/05 17:47:34 Checking file: /tmp/blitzy/blitzy-kubernetes/blitzy5f91179c1/staging/src/k8s.io/client-go/kubernetes/typed/flowcontrol/v1beta2/doc.go
[gosec] 2026/02/05 17:47:34 Checking file: /tmp/blitzy/blitzy-kubernetes/blitzy5f91179c1/staging/src/k8s.io/client-go/kubernetes/typed/flowcontrol/v1beta2/flowcontrol_client.go
[gosec] 2026/02/05 17:47:34 Import directory: /tmp/blitzy/blitzy-kubernetes/blitzy5f91179c1/staging/src/k8s.io/client-go/listers/node/v1alpha1
[gosec] 2026/02/05 17:47:35 Checking file: /tmp/blitzy/blitzy-kubernetes/blitzy5f91179c1/staging/src/k8s.io/client-go/kubernetes/typed/flowcontrol/v1beta2/flowschema.go
[gosec] 2026/02/05 17:47:35 Checking file: /tmp/blitzy/blitzy-kubernetes/blitzy5f91179c1/staging/src/k8s.io/client-go/kubernetes/typed/flowcontrol/v1beta2/generated_expansion.go
[gosec] 2026/02/05 17:47:35 Checking file: /tmp/blitzy/blitzy-kubernetes/blitzy5f91179c1/staging/src/k8s.io/client-go/kubernetes/typed/flowcontrol/v1beta2/prioritylevelconfiguration.go
[gosec] 2026/02/05 17:47:35 Checking package: fake
[gosec] 2026/02/05 17:47:35 Checking file: /tmp/blitzy/blitzy-kubernetes/blitzy5f91179c1/staging/src/k8s.io/client-go/scale/fake/client.go
[gosec] 2026/02/05 17:47:35 Import directory: /tmp/blitzy/blitzy-kubernetes/blitzy5f91179c1/staging/src/k8s.io/client-go/scale/scheme/extensionsv1beta1
[gosec] 2026/02/05 17:47:35 Checking package: jsonpath
[gosec] 2026/02/05 17:47:35 Checking file: /tmp/blitzy/blitzy-kubernetes/blitzy5f91179c1/staging/src/k8s.io/client-go/util/jsonpath/doc.go
[gosec] 2026/02/05 17:47:35 Checking file: /tmp/blitzy/blitzy-kubernetes/blitzy5f91179c1/staging/src/k8s.io/client-go/util/jsonpath/jsonpath.go
[gosec] 2026/02/05 17:47:35 Import directory: /tmp/blitzy/blitzy-kubernetes/blitzy5f91179c1/staging/src/k8s.io/client-go/applyconfigurations/scheduling/v1beta1
[gosec] 2026/02/05 17:47:37 Checking file: /tmp/blitzy/blitzy-kubernetes/blitzy5f91179c1/staging/src/k8s.io/client-go/util/jsonpath/node.go
[gosec] 2026/02/05 17:47:37 Checking file: /tmp/blitzy/blitzy-kubernetes/blitzy5f91179c1/staging/src/k8s.io/client-go/util/jsonpath/parser.go
[gosec] 2026/02/05 17:47:39 Checking package: v1alpha1
[gosec] 2026/02/05 17:47:39 Checking file: /tmp/blitzy/blitzy-kubernetes/blitzy5f91179c1/staging/src/k8s.io/client-go/kubernetes/typed/authentication/v1alpha1/authentication_client.go
[gosec] 2026/02/05 17:47:39 Import directory: /tmp/blitzy/blitzy-kubernetes/blitzy5f91179c1/staging/src/k8s.io/client-go/applyconfigurations/storage/v1
[gosec] 2026/02/05 17:47:39 Checking file: /tmp/blitzy/blitzy-kubernetes/blitzy5f91179c1/staging/src/k8s.io/client-go/kubernetes/typed/authentication/v1alpha1/doc.go
[gosec] 2026/02/05 17:47:39 Checking file: /tmp/blitzy/blitzy-kubernetes/blitzy5f91179c1/staging/src/k8s.io/client-go/kubernetes/typed/authentication/v1alpha1/generated_expansion.go
[gosec] 2026/02/05 17:47:39 Checking file: /tmp/blitzy/blitzy-kubernetes/blitzy5f91179c1/staging/src/k8s.io/client-go/kubernetes/typed/authentication/v1alpha1/selfsubjectreview.go
[gosec] 2026/02/05 17:47:39 Checking package: fake
[gosec] 2026/02/05 17:47:39 Checking file: /tmp/blitzy/blitzy-kubernetes/blitzy5f91179c1/staging/src/k8s.io/client-go/kubernetes/typed/policy/v1/fake/doc.go
[gosec] 2026/02/05 17:47:39 Checking file: /tmp/blitzy/blitzy-kubernetes/blitzy5f91179c1/staging/src/k8s.io/client-go/kubernetes/typed/policy/v1/fake/fake_eviction.go
[gosec] 2026/02/05 17:47:39 Import directory: /tmp/blitzy/blitzy-kubernetes/blitzy5f91179c1/staging/src/k8s.io/client-go/kubernetes/typed/autoscaling/v2
[gosec] 2026/02/05 17:47:39 Checking file: /tmp/blitzy/blitzy-kubernetes/blitzy5f91179c1/staging/src/k8s.io/client-go/kubernetes/typed/policy/v1/fake/fake_eviction_expansion.go
[gosec] 2026/02/05 17:47:39 Checking file: /tmp/blitzy/blitzy-kubernetes/blitzy5f91179c1/staging/src/k8s.io/client-go/kubernetes/typed/policy/v1/fake/fake_poddisruptionbudget.go
[gosec] 2026/02/05 17:47:39 Checking file: /tmp/blitzy/blitzy-kubernetes/blitzy5f91179c1/staging/src/k8s.io/client-go/kubernetes/typed/policy/v1/fake/fake_policy_client.go
[gosec] 2026/02/05 17:47:39 Checking package: v1alpha1
[gosec] 2026/02/05 17:47:39 Checking file: /tmp/blitzy/blitzy-kubernetes/blitzy5f91179c1/staging/src/k8s.io/client-go/applyconfigurations/admissionregistration/v1alpha1/applyconfiguration.go
[gosec] 2026/02/05 17:47:39 Import directory: /tmp/blitzy/blitzy-kubernetes/blitzy5f91179c1/staging/src/k8s.io/client-go/scale/scheme/autoscalingv1
[gosec] 2026/02/05 17:47:39 Checking file: /tmp/blitzy/blitzy-kubernetes/blitzy5f91179c1/staging/src/k8s.io/client-go/applyconfigurations/admissionregistration/v1alpha1/auditannotation.go
[gosec] 2026/02/05 17:47:39 Checking file: /tmp/blitzy/blitzy-kubernetes/blitzy5f91179c1/staging/src/k8s.io/client-go/applyconfigurations/admissionregistration/v1alpha1/expressionwarning.go
[gosec] 2026/02/05 17:47:39 Checking file: /tmp/blitzy/blitzy-kubernetes/blitzy5f91179c1/staging/src/k8s.io/client-go/applyconfigurations/admissionregistration/v1alpha1/jsonpatch.go
[gosec] 2026/02/05 17:47:40 Checking file: /tmp/blitzy/blitzy-kubernetes/blitzy5f91179c1/staging/src/k8s.io/client-go/applyconfigurations/admissionregistration/v1alpha1/matchcondition.go
[gosec] 2026/02/05 17:47:40 Checking file: /tmp/blitzy/blitzy-kubernetes/blitzy5f91179c1/staging/src/k8s.io/client-go/applyconfigurations/admissionregistration/v1alpha1/matchresources.go
[gosec] 2026/02/05 17:47:40 Checking file: /tmp/blitzy/blitzy-kubernetes/blitzy5f91179c1/staging/src/k8s.io/client-go/applyconfigurations/admissionregistration/v1alpha1/mutatingadmissionpolicy.go
[gosec] 2026/02/05 17:47:41 Checking file: /tmp/blitzy/blitzy-kubernetes/blitzy5f91179c1/staging/src/k8s.io/client-go/applyconfigurations/admissionregistration/v1alpha1/mutatingadmissionpolicybinding.go
[gosec] 2026/02/05 17:47:41 Checking file: /tmp/blitzy/blitzy-kubernetes/blitzy5f91179c1/staging/src/k8s.io/client-go/applyconfigurations/admissionregistration/v1alpha1/mutatingadmissionpolicybindingspec.go
[gosec] 2026/02/05 17:47:41 Checking file: /tmp/blitzy/blitzy-kubernetes/blitzy5f91179c1/staging/src/k8s.io/client-go/applyconfigurations/admissionregistration/v1alpha1/mutatingadmissionpolicyspec.go
[gosec] 2026/02/05 17:47:42 Checking file: /tmp/blitzy/blitzy-kubernetes/blitzy5f91179c1/staging/src/k8s.io/client-go/applyconfigurations/admissionregistration/v1alpha1/mutation.go
[gosec] 2026/02/05 17:47:42 Checking file: /tmp/blitzy/blitzy-kubernetes/blitzy5f91179c1/staging/src/k8s.io/client-go/applyconfigurations/admissionregistration/v1alpha1/namedrulewithoperations.go
[gosec] 2026/02/05 17:47:42 Checking file: /tmp/blitzy/blitzy-kubernetes/blitzy5f91179c1/staging/src/k8s.io/client-go/applyconfigurations/admissionregistration/v1alpha1/paramkind.go
[gosec] 2026/02/05 17:47:42 Checking file: /tmp/blitzy/blitzy-kubernetes/blitzy5f91179c1/staging/src/k8s.io/client-go/applyconfigurations/admissionregistration/v1alpha1/paramref.go
[gosec] 2026/02/05 17:47:42 Checking file: /tmp/blitzy/blitzy-kubernetes/blitzy5f91179c1/staging/src/k8s.io/client-go/applyconfigurations/admissionregistration/v1alpha1/typechecking.go
[gosec] 2026/02/05 17:47:42 Checking file: /tmp/blitzy/blitzy-kubernetes/blitzy5f91179c1/staging/src/k8s.io/client-go/applyconfigurations/admissionregistration/v1alpha1/validatingadmissionpolicy.go
[gosec] 2026/02/05 17:47:43 Checking file: /tmp/blitzy/blitzy-kubernetes/blitzy5f91179c1/staging/src/k8s.io/client-go/applyconfigurations/admissionregistration/v1alpha1/validatingadmissionpolicybinding.go
[gosec] 2026/02/05 17:47:44 Checking file: /tmp/blitzy/blitzy-kubernetes/blitzy5f91179c1/staging/src/k8s.io/client-go/applyconfigurations/admissionregistration/v1alpha1/validatingadmissionpolicybindingspec.go
[gosec] 2026/02/05 17:47:44 Checking file: /tmp/blitzy/blitzy-kubernetes/blitzy5f91179c1/staging/src/k8s.io/client-go/applyconfigurations/admissionregistration/v1alpha1/validatingadmissionpolicyspec.go
[gosec] 2026/02/05 17:47:44 Checking file: /tmp/blitzy/blitzy-kubernetes/blitzy5f91179c1/staging/src/k8s.io/client-go/applyconfigurations/admissionregistration/v1alpha1/validatingadmissionpolicystatus.go
[gosec] 2026/02/05 17:47:44 Checking file: /tmp/blitzy/blitzy-kubernetes/blitzy5f91179c1/staging/src/k8s.io/client-go/applyconfigurations/admissionregistration/v1alpha1/validation.go
[gosec] 2026/02/05 17:47:44 Checking file: /tmp/blitzy/blitzy-kubernetes/blitzy5f91179c1/staging/src/k8s.io/client-go/applyconfigurations/admissionregistration/v1alpha1/variable.go
[gosec] 2026/02/05 17:47:44 Checking package: main
[gosec] 2026/02/05 17:47:44 Checking file: /tmp/blitzy/blitzy-kubernetes/blitzy5f91179c1/staging/src/k8s.io/client-go/examples/create-update-delete-deployment/main.go
[gosec] 2026/02/05 17:47:44 Import directory: /tmp/blitzy/blitzy-kubernetes/blitzy5f91179c1/staging/src/k8s.io/client-go/util/certificate/csr
[gosec] 2026/02/05 17:47:45 Checking package: fake
[gosec] 2026/02/05 17:47:45 Checking file: /tmp/blitzy/blitzy-kubernetes/blitzy5f91179c1/staging/src/k8s.io/client-go/kubernetes/typed/events/v1beta1/fake/doc.go
[gosec] 2026/02/05 17:47:45 Import directory: /tmp/blitzy/blitzy-kubernetes/blitzy5f91179c1/staging/src/k8s.io/client-go/applyconfigurations/autoscaling/v2beta1
[gosec] 2026/02/05 17:47:45 Checking file: /tmp/blitzy/blitzy-kubernetes/blitzy5f91179c1/staging/src/k8s.io/client-go/kubernetes/typed/events/v1beta1/fake/fake_event.go
[gosec] 2026/02/05 17:47:45 Checking file: /tmp/blitzy/blitzy-kubernetes/blitzy5f91179c1/staging/src/k8s.io/client-go/kubernetes/typed/events/v1beta1/fake/fake_event_expansion.go
[gosec] 2026/02/05 17:47:45 Checking file: /tmp/blitzy/blitzy-kubernetes/blitzy5f91179c1/staging/src/k8s.io/client-go/kubernetes/typed/events/v1beta1/fake/fake_events_client.go
[gosec] 2026/02/05 17:47:45 Checking package: v1alpha1
[gosec] 2026/02/05 17:47:45 Checking file: /tmp/blitzy/blitzy-kubernetes/blitzy5f91179c1/staging/src/k8s.io/client-go/listers/node/v1alpha1/expansion_generated.go
[gosec] 2026/02/05 17:47:45 Checking file: /tmp/blitzy/blitzy-kubernetes/blitzy5f91179c1/staging/src/k8s.io/client-go/listers/node/v1alpha1/runtimeclass.go
[gosec] 2026/02/05 17:47:45 Import directory: /tmp/blitzy/blitzy-kubernetes/blitzy5f91179c1/staging/src/k8s.io/client-go/applyconfigurations/coordination/v1beta1
[gosec] 2026/02/05 17:47:45 Checking package: extensionsv1beta1
[gosec] 2026/02/05 17:47:45 Checking file: /tmp/blitzy/blitzy-kubernetes/blitzy5f91179c1/staging/src/k8s.io/client-go/scale/scheme/extensionsv1beta1/conversion.go
[gosec] 2026/02/05 17:47:45 Import directory: /tmp/blitzy/blitzy-kubernetes/blitzy5f91179c1/staging/src/k8s.io/client-go/examples/fake-client
[gosec] 2026/02/05 17:47:45 Checking file: /tmp/blitzy/blitzy-kubernetes/blitzy5f91179c1/staging/src/k8s.io/client-go/scale/scheme/extensionsv1beta1/doc.go
[gosec] 2026/02/05 17:47:45 Checking file: /tmp/blitzy/blitzy-kubernetes/blitzy5f91179c1/staging/src/k8s.io/client-go/scale/scheme/extensionsv1beta1/register.go
[gosec] 2026/02/05 17:47:45 Checking file: /tmp/blitzy/blitzy-kubernetes/blitzy5f91179c1/staging/src/k8s.io/client-go/scale/scheme/extensionsv1beta1/zz_generated.conversion.go
[gosec] 2026/02/05 17:47:46 Checking package: v1beta1
[gosec] 2026/02/05 17:47:46 Checking file: /tmp/blitzy/blitzy-kubernetes/blitzy5f91179c1/staging/src/k8s.io/client-go/applyconfigurations/scheduling/v1beta1/priorityclass.go
[gosec] 2026/02/05 17:47:46 Import directory: /tmp/blitzy/blitzy-kubernetes/blitzy5f91179c1/staging/src/k8s.io/client-go/informers/scheduling/v1alpha1
[gosec] 2026/02/05 17:47:47 Checking package: v1
[gosec] 2026/02/05 17:47:47 Checking file: /tmp/blitzy/blitzy-kubernetes/blitzy5f91179c1/staging/src/k8s.io/client-go/applyconfigurations/storage/v1/csidriver.go
[gosec] 2026/02/05 17:47:47 Import directory: /tmp/blitzy/blitzy-kubernetes/blitzy5f91179c1/staging/src/k8s.io/client-go/kubernetes/typed/authorization/v1/fake
[gosec] 2026/02/05 17:47:47 Checking file: /tmp/blitzy/blitzy-kubernetes/blitzy5f91179c1/staging/src/k8s.io/client-go/applyconfigurations/storage/v1/csidriverspec.go
[gosec] 2026/02/05 17:47:48 Checking file: /tmp/blitzy/blitzy-kubernetes/blitzy5f91179c1/staging/src/k8s.io/client-go/applyconfigurations/storage/v1/csinode.go
[gosec] 2026/02/05 17:47:48 Checking file: /tmp/blitzy/blitzy-kubernetes/blitzy5f91179c1/staging/src/k8s.io/client-go/applyconfigurations/storage/v1/csinodedriver.go
[gosec] 2026/02/05 17:47:48 Checking file: /tmp/blitzy/blitzy-kubernetes/blitzy5f91179c1/staging/src/k8s.io/client-go/applyconfigurations/storage/v1/csinodespec.go
[gosec] 2026/02/05 17:47:49 Checking file: /tmp/blitzy/blitzy-kubernetes/blitzy5f91179c1/staging/src/k8s.io/client-go/applyconfigurations/storage/v1/csistoragecapacity.go
[gosec] 2026/02/05 17:47:49 Checking file: /tmp/blitzy/blitzy-kubernetes/blitzy5f91179c1/staging/src/k8s.io/client-go/applyconfigurations/storage/v1/storageclass.go
[gosec] 2026/02/05 17:47:50 Checking file: /tmp/blitzy/blitzy-kubernetes/blitzy5f91179c1/staging/src/k8s.io/client-go/applyconfigurations/storage/v1/tokenrequest.go
[gosec] 2026/02/05 17:47:50 Checking file: /tmp/blitzy/blitzy-kubernetes/blitzy5f91179c1/staging/src/k8s.io/client-go/applyconfigurations/storage/v1/volumeattachment.go
[gosec] 2026/02/05 17:47:51 Checking file: /tmp/blitzy/blitzy-kubernetes/blitzy5f91179c1/staging/src/k8s.io/client-go/applyconfigurations/storage/v1/volumeattachmentsource.go
[gosec] 2026/02/05 17:47:51 Checking file: /tmp/blitzy/blitzy-kubernetes/blitzy5f91179c1/staging/src/k8s.io/client-go/applyconfigurations/storage/v1/volumeattachmentspec.go
[gosec] 2026/02/05 17:47:51 Checking file: /tmp/blitzy/blitzy-kubernetes/blitzy5f91179c1/staging/src/k8s.io/client-go/applyconfigurations/storage/v1/volumeattachmentstatus.go
[gosec] 2026/02/05 17:47:51 Checking file: /tmp/blitzy/blitzy-kubernetes/blitzy5f91179c1/staging/src/k8s.io/client-go/applyconfigurations/storage/v1/volumeattributesclass.go
[gosec] 2026/02/05 17:47:52 Checking file: /tmp/blitzy/blitzy-kubernetes/blitzy5f91179c1/staging/src/k8s.io/client-go/applyconfigurations/storage/v1/volumeerror.go
[gosec] 2026/02/05 17:47:52 Checking file: /tmp/blitzy/blitzy-kubernetes/blitzy5f91179c1/staging/src/k8s.io/client-go/applyconfigurations/storage/v1/volumenoderesources.go
[gosec] 2026/02/05 17:47:52 Checking package: v2
[gosec] 2026/02/05 17:47:52 Checking file: /tmp/blitzy/blitzy-kubernetes/blitzy5f91179c1/staging/src/k8s.io/client-go/kubernetes/typed/autoscaling/v2/autoscaling_client.go
[gosec] 2026/02/05 17:47:52 Import directory: /tmp/blitzy/blitzy-kubernetes/blitzy5f91179c1/staging/src/k8s.io/client-go/kubernetes/typed/storage/v1alpha1
[gosec] 2026/02/05 17:47:53 Checking file: /tmp/blitzy/blitzy-kubernetes/blitzy5f91179c1/staging/src/k8s.io/client-go/kubernetes/typed/autoscaling/v2/doc.go
[gosec] 2026/02/05 17:47:53 Checking file: /tmp/blitzy/blitzy-kubernetes/blitzy5f91179c1/staging/src/k8s.io/client-go/kubernetes/typed/autoscaling/v2/generated_expansion.go
[gosec] 2026/02/05 17:47:53 Checking file: /tmp/blitzy/blitzy-kubernetes/blitzy5f91179c1/staging/src/k8s.io/client-go/kubernetes/typed/autoscaling/v2/horizontalpodautoscaler.go
[gosec] 2026/02/05 17:47:53 Checking package: autoscalingv1
[gosec] 2026/02/05 17:47:53 Checking file: /tmp/blitzy/blitzy-kubernetes/blitzy5f91179c1/staging/src/k8s.io/client-go/scale/scheme/autoscalingv1/conversion.go
[gosec] 2026/02/05 17:47:53 Import directory: /tmp/blitzy/blitzy-kubernetes/blitzy5f91179c1/staging/src/k8s.io/client-go/informers/internalinterfaces
[gosec] 2026/02/05 17:47:53 Checking file: /tmp/blitzy/blitzy-kubernetes/blitzy5f91179c1/staging/src/k8s.io/client-go/scale/scheme/autoscalingv1/doc.go
[gosec] 2026/02/05 17:47:53 Checking file: /tmp/blitzy/blitzy-kubernetes/blitzy5f91179c1/staging/src/k8s.io/client-go/scale/scheme/autoscalingv1/register.go
[gosec] 2026/02/05 17:47:53 Checking file: /tmp/blitzy/blitzy-kubernetes/blitzy5f91179c1/staging/src/k8s.io/client-go/scale/scheme/autoscalingv1/zz_generated.conversion.go
[gosec] 2026/02/05 17:47:54 Checking package: v2beta1
[gosec] 2026/02/05 17:47:54 Checking file: /tmp/blitzy/blitzy-kubernetes/blitzy5f91179c1/staging/src/k8s.io/client-go/applyconfigurations/autoscaling/v2beta1/containerresourcemetricsource.go
[gosec] 2026/02/05 17:47:54 Import directory: /tmp/blitzy/blitzy-kubernetes/blitzy5f91179c1/staging/src/k8s.io/client-go/informers/scheduling/v1
[gosec] 2026/02/05 17:47:54 Checking file: /tmp/blitzy/blitzy-kubernetes/blitzy5f91179c1/staging/src/k8s.io/client-go/applyconfigurations/autoscaling/v2beta1/containerresourcemetricstatus.go
[gosec] 2026/02/05 17:47:54 Checking file: /tmp/blitzy/blitzy-kubernetes/blitzy5f91179c1/staging/src/k8s.io/client-go/applyconfigurations/autoscaling/v2beta1/crossversionobjectreference.go
[gosec] 2026/02/05 17:47:54 Checking file: /tmp/blitzy/blitzy-kubernetes/blitzy5f91179c1/staging/src/k8s.io/client-go/applyconfigurations/autoscaling/v2beta1/externalmetricsource.go
[gosec] 2026/02/05 17:47:54 Checking file: /tmp/blitzy/blitzy-kubernetes/blitzy5f91179c1/staging/src/k8s.io/client-go/applyconfigurations/autoscaling/v2beta1/externalmetricstatus.go
[gosec] 2026/02/05 17:47:54 Checking file: /tmp/blitzy/blitzy-kubernetes/blitzy5f91179c1/staging/src/k8s.io/client-go/applyconfigurations/autoscaling/v2beta1/horizontalpodautoscaler.go
[gosec] 2026/02/05 17:47:55 Checking file: /tmp/blitzy/blitzy-kubernetes/blitzy5f91179c1/staging/src/k8s.io/client-go/applyconfigurations/autoscaling/v2beta1/horizontalpodautoscalercondition.go
[gosec] 2026/02/05 17:47:55 Checking file: /tmp/blitzy/blitzy-kubernetes/blitzy5f91179c1/staging/src/k8s.io/client-go/applyconfigurations/autoscaling/v2beta1/horizontalpodautoscalerspec.go
[gosec] 2026/02/05 17:47:56 Checking file: /tmp/blitzy/blitzy-kubernetes/blitzy5f91179c1/staging/src/k8s.io/client-go/applyconfigurations/autoscaling/v2beta1/horizontalpodautoscalerstatus.go
[gosec] 2026/02/05 17:47:56 Checking file: /tmp/blitzy/blitzy-kubernetes/blitzy5f91179c1/staging/src/k8s.io/client-go/applyconfigurations/autoscaling/v2beta1/metricspec.go
[gosec] 2026/02/05 17:47:56 Checking file: /tmp/blitzy/blitzy-kubernetes/blitzy5f91179c1/staging/src/k8s.io/client-go/applyconfigurations/autoscaling/v2beta1/metricstatus.go
[gosec] 2026/02/05 17:47:56 Checking file: /tmp/blitzy/blitzy-kubernetes/blitzy5f91179c1/staging/src/k8s.io/client-go/applyconfigurations/autoscaling/v2beta1/objectmetricsource.go
[gosec] 2026/02/05 17:47:56 Checking file: /tmp/blitzy/blitzy-kubernetes/blitzy5f91179c1/staging/src/k8s.io/client-go/applyconfigurations/autoscaling/v2beta1/objectmetricstatus.go
[gosec] 2026/02/05 17:47:56 Checking file: /tmp/blitzy/blitzy-kubernetes/blitzy5f91179c1/staging/src/k8s.io/client-go/applyconfigurations/autoscaling/v2beta1/podsmetricsource.go
[gosec] 2026/02/05 17:47:57 Checking file: /tmp/blitzy/blitzy-kubernetes/blitzy5f91179c1/staging/src/k8s.io/client-go/applyconfigurations/autoscaling/v2beta1/podsmetricstatus.go
[gosec] 2026/02/05 17:47:57 Checking file: /tmp/blitzy/blitzy-kubernetes/blitzy5f91179c1/staging/src/k8s.io/client-go/applyconfigurations/autoscaling/v2beta1/resourcemetricsource.go
[gosec] 2026/02/05 17:47:57 Checking file: /tmp/blitzy/blitzy-kubernetes/blitzy5f91179c1/staging/src/k8s.io/client-go/applyconfigurations/autoscaling/v2beta1/resourcemetricstatus.go
[gosec] 2026/02/05 17:47:57 Checking package: fakeclient
[gosec] 2026/02/05 17:47:57 Checking file: /tmp/blitzy/blitzy-kubernetes/blitzy5f91179c1/staging/src/k8s.io/client-go/examples/fake-client/doc.go
[gosec] 2026/02/05 17:47:57 Checking package: csr
[gosec] 2026/02/05 17:47:57 Checking file: /tmp/blitzy/blitzy-kubernetes/blitzy5f91179c1/staging/src/k8s.io/client-go/util/certificate/csr/csr.go
[gosec] 2026/02/05 17:47:57 Import directory: /tmp/blitzy/blitzy-kubernetes/blitzy5f91179c1/staging/src/k8s.io/client-go/informers/storage/v1beta1
[gosec] 2026/02/05 17:47:57 Import directory: /tmp/blitzy/blitzy-kubernetes/blitzy5f91179c1/staging/src/k8s.io/client-go/kubernetes/typed/autoscaling/v1/fake
[gosec] 2026/02/05 17:47:58 Checking package: v1beta1
[gosec] 2026/02/05 17:47:58 Checking file: /tmp/blitzy/blitzy-kubernetes/blitzy5f91179c1/staging/src/k8s.io/client-go/applyconfigurations/coordination/v1beta1/lease.go
[gosec] 2026/02/05 17:47:58 Import directory: /tmp/blitzy/blitzy-kubernetes/blitzy5f91179c1/staging/src/k8s.io/client-go/kubernetes/typed/batch/v1beta1/fake
[gosec] 2026/02/05 17:47:59 Checking file: /tmp/blitzy/blitzy-kubernetes/blitzy5f91179c1/staging/src/k8s.io/client-go/applyconfigurations/coordination/v1beta1/leasecandidate.go
[gosec] 2026/02/05 17:48:00 Checking file: /tmp/blitzy/blitzy-kubernetes/blitzy5f91179c1/staging/src/k8s.io/client-go/applyconfigurations/coordination/v1beta1/leasecandidatespec.go
[gosec] 2026/02/05 17:48:00 Checking file: /tmp/blitzy/blitzy-kubernetes/blitzy5f91179c1/staging/src/k8s.io/client-go/applyconfigurations/coordination/v1beta1/leasespec.go
[gosec] 2026/02/05 17:48:00 Checking package: v1alpha1
[gosec] 2026/02/05 17:48:00 Checking file: /tmp/blitzy/blitzy-kubernetes/blitzy5f91179c1/staging/src/k8s.io/client-go/informers/scheduling/v1alpha1/interface.go
[gosec] 2026/02/05 17:48:00 Import directory: /tmp/blitzy/blitzy-kubernetes/blitzy5f91179c1/staging/src/k8s.io/client-go/kubernetes/typed/discovery/v1
[gosec] 2026/02/05 17:48:00 Checking file: /tmp/blitzy/blitzy-kubernetes/blitzy5f91179c1/staging/src/k8s.io/client-go/informers/scheduling/v1alpha1/priorityclass.go
[gosec] 2026/02/05 17:48:00 Checking file: /tmp/blitzy/blitzy-kubernetes/blitzy5f91179c1/staging/src/k8s.io/client-go/informers/scheduling/v1alpha1/workload.go
[gosec] 2026/02/05 17:48:01 Checking package: fake
[gosec] 2026/02/05 17:48:01 Checking file: /tmp/blitzy/blitzy-kubernetes/blitzy5f91179c1/staging/src/k8s.io/client-go/kubernetes/typed/authorization/v1/fake/doc.go
[gosec] 2026/02/05 17:48:01 Checking file: /tmp/blitzy/blitzy-kubernetes/blitzy5f91179c1/staging/src/k8s.io/client-go/kubernetes/typed/authorization/v1/fake/fake_authorization_client.go
[gosec] 2026/02/05 17:48:01 Import directory: /tmp/blitzy/blitzy-kubernetes/blitzy5f91179c1/staging/src/k8s.io/client-go/kubernetes/typed/storage/v1alpha1/fake
[gosec] 2026/02/05 17:48:01 Checking file: /tmp/blitzy/blitzy-kubernetes/blitzy5f91179c1/staging/src/k8s.io/client-go/kubernetes/typed/authorization/v1/fake/fake_localsubjectaccessreview.go
[gosec] 2026/02/05 17:48:01 Checking file: /tmp/blitzy/blitzy-kubernetes/blitzy5f91179c1/staging/src/k8s.io/client-go/kubernetes/typed/authorization/v1/fake/fake_selfsubjectaccessreview.go
[gosec] 2026/02/05 17:48:01 Checking file: /tmp/blitzy/blitzy-kubernetes/blitzy5f91179c1/staging/src/k8s.io/client-go/kubernetes/typed/authorization/v1/fake/fake_selfsubjectrulesreview.go
[gosec] 2026/02/05 17:48:01 Checking file: /tmp/blitzy/blitzy-kubernetes/blitzy5f91179c1/staging/src/k8s.io/client-go/kubernetes/typed/authorization/v1/fake/fake_subjectaccessreview.go
[gosec] 2026/02/05 17:48:01 Checking package: v1alpha1
[gosec] 2026/02/05 17:48:01 Checking file: /tmp/blitzy/blitzy-kubernetes/blitzy5f91179c1/staging/src/k8s.io/client-go/kubernetes/typed/storage/v1alpha1/csistoragecapacity.go
[gosec] 2026/02/05 17:48:01 Import directory: /tmp/blitzy/blitzy-kubernetes/blitzy5f91179c1/staging/src/k8s.io/client-go/listers/autoscaling/v1
[gosec] 2026/02/05 17:48:01 Checking file: /tmp/blitzy/blitzy-kubernetes/blitzy5f91179c1/staging/src/k8s.io/client-go/kubernetes/typed/storage/v1alpha1/doc.go
[gosec] 2026/02/05 17:48:01 Checking file: /tmp/blitzy/blitzy-kubernetes/blitzy5f91179c1/staging/src/k8s.io/client-go/kubernetes/typed/storage/v1alpha1/generated_expansion.go
[gosec] 2026/02/05 17:48:01 Checking file: /tmp/blitzy/blitzy-kubernetes/blitzy5f91179c1/staging/src/k8s.io/client-go/kubernetes/typed/storage/v1alpha1/storage_client.go
[gosec] 2026/02/05 17:48:02 Checking file: /tmp/blitzy/blitzy-kubernetes/blitzy5f91179c1/staging/src/k8s.io/client-go/kubernetes/typed/storage/v1alpha1/volumeattachment.go
[gosec] 2026/02/05 17:48:02 Checking file: /tmp/blitzy/blitzy-kubernetes/blitzy5f91179c1/staging/src/k8s.io/client-go/kubernetes/typed/storage/v1alpha1/volumeattributesclass.go
[gosec] 2026/02/05 17:48:02 Checking package: internalinterfaces
[gosec] 2026/02/05 17:48:02 Checking file: /tmp/blitzy/blitzy-kubernetes/blitzy5f91179c1/staging/src/k8s.io/client-go/informers/internalinterfaces/factory_interfaces.go
[gosec] 2026/02/05 17:48:02 Import directory: /tmp/blitzy/blitzy-kubernetes/blitzy5f91179c1/staging/src/k8s.io/client-go/applyconfigurations/apps/v1beta1
[gosec] 2026/02/05 17:48:02 Checking package: v1
[gosec] 2026/02/05 17:48:02 Checking file: /tmp/blitzy/blitzy-kubernetes/blitzy5f91179c1/staging/src/k8s.io/client-go/informers/scheduling/v1/interface.go
[gosec] 2026/02/05 17:48:02 Import directory: /tmp/blitzy/blitzy-kubernetes/blitzy5f91179c1/staging/src/k8s.io/client-go/examples/leader-election
[gosec] 2026/02/05 17:48:02 Checking file: /tmp/blitzy/blitzy-kubernetes/blitzy5f91179c1/staging/src/k8s.io/client-go/informers/scheduling/v1/priorityclass.go
[gosec] 2026/02/05 17:48:02 Checking package: fake
[gosec] 2026/02/05 17:48:02 Checking file: /tmp/blitzy/blitzy-kubernetes/blitzy5f91179c1/staging/src/k8s.io/client-go/kubernetes/typed/autoscaling/v1/fake/doc.go
[gosec] 2026/02/05 17:48:02 Checking file: /tmp/blitzy/blitzy-kubernetes/blitzy5f91179c1/staging/src/k8s.io/client-go/kubernetes/typed/autoscaling/v1/fake/fake_autoscaling_client.go
[gosec] 2026/02/05 17:48:02 Import directory: /tmp/blitzy/blitzy-kubernetes/blitzy5f91179c1/staging/src/k8s.io/client-go/informers/autoscaling/v2
[gosec] 2026/02/05 17:48:02 Checking file: /tmp/blitzy/blitzy-kubernetes/blitzy5f91179c1/staging/src/k8s.io/client-go/kubernetes/typed/autoscaling/v1/fake/fake_horizontalpodautoscaler.go
[gosec] 2026/02/05 17:48:02 Checking package: v1beta1
[gosec] 2026/02/05 17:48:02 Checking file: /tmp/blitzy/blitzy-kubernetes/blitzy5f91179c1/staging/src/k8s.io/client-go/informers/storage/v1beta1/csidriver.go
[gosec] 2026/02/05 17:48:02 Import directory: /tmp/blitzy/blitzy-kubernetes/blitzy5f91179c1/staging/src/k8s.io/client-go/listers/node/v1
[gosec] 2026/02/05 17:48:03 Checking file: /tmp/blitzy/blitzy-kubernetes/blitzy5f91179c1/staging/src/k8s.io/client-go/informers/storage/v1beta1/csinode.go
[gosec] 2026/02/05 17:48:03 Checking file: /tmp/blitzy/blitzy-kubernetes/blitzy5f91179c1/staging/src/k8s.io/client-go/informers/storage/v1beta1/csistoragecapacity.go
[gosec] 2026/02/05 17:48:03 Checking file: /tmp/blitzy/blitzy-kubernetes/blitzy5f91179c1/staging/src/k8s.io/client-go/informers/storage/v1beta1/interface.go
[gosec] 2026/02/05 17:48:03 Checking file: /tmp/blitzy/blitzy-kubernetes/blitzy5f91179c1/staging/src/k8s.io/client-go/informers/storage/v1beta1/storageclass.go
[gosec] 2026/02/05 17:48:04 Checking file: /tmp/blitzy/blitzy-kubernetes/blitzy5f91179c1/staging/src/k8s.io/client-go/informers/storage/v1beta1/volumeattachment.go
[gosec] 2026/02/05 17:48:04 Checking file: /tmp/blitzy/blitzy-kubernetes/blitzy5f91179c1/staging/src/k8s.io/client-go/informers/storage/v1beta1/volumeattributesclass.go
[gosec] 2026/02/05 17:48:04 Checking package: fake
[gosec] 2026/02/05 17:48:04 Checking file: /tmp/blitzy/blitzy-kubernetes/blitzy5f91179c1/staging/src/k8s.io/client-go/kubernetes/typed/batch/v1beta1/fake/doc.go
[gosec] 2026/02/05 17:48:04 Checking file: /tmp/blitzy/blitzy-kubernetes/blitzy5f91179c1/staging/src/k8s.io/client-go/kubernetes/typed/batch/v1beta1/fake/fake_batch_client.go
[gosec] 2026/02/05 17:48:04 Import directory: /tmp/blitzy/blitzy-kubernetes/blitzy5f91179c1/staging/src/k8s.io/client-go/listers/resource/v1beta2
[gosec] 2026/02/05 17:48:04 Checking file: /tmp/blitzy/blitzy-kubernetes/blitzy5f91179c1/staging/src/k8s.io/client-go/kubernetes/typed/batch/v1beta1/fake/fake_cronjob.go
[gosec] 2026/02/05 17:48:04 Checking package: v1
[gosec] 2026/02/05 17:48:04 Checking file: /tmp/blitzy/blitzy-kubernetes/blitzy5f91179c1/staging/src/k8s.io/client-go/kubernetes/typed/discovery/v1/discovery_client.go
[gosec] 2026/02/05 17:48:04 Import directory: /tmp/blitzy/blitzy-kubernetes/blitzy5f91179c1/staging/src/k8s.io/client-go/listers/scheduling/v1alpha1
[gosec] 2026/02/05 17:48:05 Checking file: /tmp/blitzy/blitzy-kubernetes/blitzy5f91179c1/staging/src/k8s.io/client-go/kubernetes/typed/discovery/v1/doc.go
[gosec] 2026/02/05 17:48:05 Checking file: /tmp/blitzy/blitzy-kubernetes/blitzy5f91179c1/staging/src/k8s.io/client-go/kubernetes/typed/discovery/v1/endpointslice.go
[gosec] 2026/02/05 17:48:05 Checking file: /tmp/blitzy/blitzy-kubernetes/blitzy5f91179c1/staging/src/k8s.io/client-go/kubernetes/typed/discovery/v1/generated_expansion.go
[gosec] 2026/02/05 17:48:05 Checking package: fake
[gosec] 2026/02/05 17:48:05 Checking file: /tmp/blitzy/blitzy-kubernetes/blitzy5f91179c1/staging/src/k8s.io/client-go/kubernetes/typed/storage/v1alpha1/fake/doc.go
[gosec] 2026/02/05 17:48:05 Checking file: /tmp/blitzy/blitzy-kubernetes/blitzy5f91179c1/staging/src/k8s.io/client-go/kubernetes/typed/storage/v1alpha1/fake/fake_csistoragecapacity.go
[gosec] 2026/02/05 17:48:05 Import directory: /tmp/blitzy/blitzy-kubernetes/blitzy5f91179c1/staging/src/k8s.io/client-go/metadata/fake
[gosec] 2026/02/05 17:48:05 Checking file: /tmp/blitzy/blitzy-kubernetes/blitzy5f91179c1/staging/src/k8s.io/client-go/kubernetes/typed/storage/v1alpha1/fake/fake_storage_client.go
[gosec] 2026/02/05 17:48:05 Checking file: /tmp/blitzy/blitzy-kubernetes/blitzy5f91179c1/staging/src/k8s.io/client-go/kubernetes/typed/storage/v1alpha1/fake/fake_volumeattachment.go
[gosec] 2026/02/05 17:48:05 Checking file: /tmp/blitzy/blitzy-kubernetes/blitzy5f91179c1/staging/src/k8s.io/client-go/kubernetes/typed/storage/v1alpha1/fake/fake_volumeattributesclass.go
[gosec] 2026/02/05 17:48:05 Checking package: v1
[gosec] 2026/02/05 17:48:05 Checking file: /tmp/blitzy/blitzy-kubernetes/blitzy5f91179c1/staging/src/k8s.io/client-go/listers/autoscaling/v1/expansion_generated.go
[gosec] 2026/02/05 17:48:05 Import directory: /tmp/blitzy/blitzy-kubernetes/blitzy5f91179c1/staging/src/k8s.io/client-go/util/watchlist
[gosec] 2026/02/05 17:48:05 Checking file: /tmp/blitzy/blitzy-kubernetes/blitzy5f91179c1/staging/src/k8s.io/client-go/listers/autoscaling/v1/horizontalpodautoscaler.go
[gosec] 2026/02/05 17:48:05 Checking package: v1beta1
[gosec] 2026/02/05 17:48:05 Checking file: /tmp/blitzy/blitzy-kubernetes/blitzy5f91179c1/staging/src/k8s.io/client-go/applyconfigurations/apps/v1beta1/controllerrevision.go
[gosec] 2026/02/05 17:48:05 Import directory: /tmp/blitzy/blitzy-kubernetes/blitzy5f91179c1/staging/src/k8s.io/client-go/kubernetes/typed/flowcontrol/v1beta3/fake
[gosec] 2026/02/05 17:48:06 Checking file: /tmp/blitzy/blitzy-kubernetes/blitzy5f91179c1/staging/src/k8s.io/client-go/applyconfigurations/apps/v1beta1/deployment.go
[gosec] 2026/02/05 17:48:07 Checking file: /tmp/blitzy/blitzy-kubernetes/blitzy5f91179c1/staging/src/k8s.io/client-go/applyconfigurations/apps/v1beta1/deploymentcondition.go
[gosec] 2026/02/05 17:48:07 Checking file: /tmp/blitzy/blitzy-kubernetes/blitzy5f91179c1/staging/src/k8s.io/client-go/applyconfigurations/apps/v1beta1/deploymentspec.go
[gosec] 2026/02/05 17:48:07 Checking file: /tmp/blitzy/blitzy-kubernetes/blitzy5f91179c1/staging/src/k8s.io/client-go/applyconfigurations/apps/v1beta1/deploymentstatus.go
[gosec] 2026/02/05 17:48:08 Checking file: /tmp/blitzy/blitzy-kubernetes/blitzy5f91179c1/staging/src/k8s.io/client-go/applyconfigurations/apps/v1beta1/deploymentstrategy.go
[gosec] 2026/02/05 17:48:08 Checking file: /tmp/blitzy/blitzy-kubernetes/blitzy5f91179c1/staging/src/k8s.io/client-go/applyconfigurations/apps/v1beta1/rollbackconfig.go
[gosec] 2026/02/05 17:48:08 Checking file: /tmp/blitzy/blitzy-kubernetes/blitzy5f91179c1/staging/src/k8s.io/client-go/applyconfigurations/apps/v1beta1/rollingupdatedeployment.go
[gosec] 2026/02/05 17:48:08 Checking file: /tmp/blitzy/blitzy-kubernetes/blitzy5f91179c1/staging/src/k8s.io/client-go/applyconfigurations/apps/v1beta1/rollingupdatestatefulsetstrategy.go
[gosec] 2026/02/05 17:48:08 Checking file: /tmp/blitzy/blitzy-kubernetes/blitzy5f91179c1/staging/src/k8s.io/client-go/applyconfigurations/apps/v1beta1/statefulset.go
[gosec] 2026/02/05 17:48:09 Checking file: /tmp/blitzy/blitzy-kubernetes/blitzy5f91179c1/staging/src/k8s.io/client-go/applyconfigurations/apps/v1beta1/statefulsetcondition.go
[gosec] 2026/02/05 17:48:09 Checking file: /tmp/blitzy/blitzy-kubernetes/blitzy5f91179c1/staging/src/k8s.io/client-go/applyconfigurations/apps/v1beta1/statefulsetordinals.go
[gosec] 2026/02/05 17:48:09 Checking file: /tmp/blitzy/blitzy-kubernetes/blitzy5f91179c1/staging/src/k8s.io/client-go/applyconfigurations/apps/v1beta1/statefulsetpersistentvolumeclaimretentionpolicy.go
[gosec] 2026/02/05 17:48:09 Checking file: /tmp/blitzy/blitzy-kubernetes/blitzy5f91179c1/staging/src/k8s.io/client-go/applyconfigurations/apps/v1beta1/statefulsetspec.go
[gosec] 2026/02/05 17:48:10 Checking file: /tmp/blitzy/blitzy-kubernetes/blitzy5f91179c1/staging/src/k8s.io/client-go/applyconfigurations/apps/v1beta1/statefulsetstatus.go
[gosec] 2026/02/05 17:48:10 Checking file: /tmp/blitzy/blitzy-kubernetes/blitzy5f91179c1/staging/src/k8s.io/client-go/applyconfigurations/apps/v1beta1/statefulsetupdatestrategy.go
[gosec] 2026/02/05 17:48:10 Checking package: main
[gosec] 2026/02/05 17:48:10 Checking file: /tmp/blitzy/blitzy-kubernetes/blitzy5f91179c1/staging/src/k8s.io/client-go/examples/leader-election/main.go
[gosec] 2026/02/05 17:48:10 Import directory: /tmp/blitzy/blitzy-kubernetes/blitzy5f91179c1/staging/src/k8s.io/client-go/applyconfigurations/apiserverinternal/v1alpha1
[gosec] 2026/02/05 17:48:10 Checking package: v1
[gosec] 2026/02/05 17:48:10 Checking file: /tmp/blitzy/blitzy-kubernetes/blitzy5f91179c1/staging/src/k8s.io/client-go/listers/node/v1/expansion_generated.go
[gosec] 2026/02/05 17:48:10 Checking file: /tmp/blitzy/blitzy-kubernetes/blitzy5f91179c1/staging/src/k8s.io/client-go/listers/node/v1/runtimeclass.go
[gosec] 2026/02/05 17:48:10 Import directory: /tmp/blitzy/blitzy-kubernetes/blitzy5f91179c1/staging/src/k8s.io/client-go/features
[gosec] 2026/02/05 17:48:10 Checking package: v2
[gosec] 2026/02/05 17:48:10 Checking file: /tmp/blitzy/blitzy-kubernetes/blitzy5f91179c1/staging/src/k8s.io/client-go/informers/autoscaling/v2/horizontalpodautoscaler.go
[gosec] 2026/02/05 17:48:10 Import directory: /tmp/blitzy/blitzy-kubernetes/blitzy5f91179c1/staging/src/k8s.io/client-go/informers/autoscaling
[gosec] 2026/02/05 17:48:11 Checking file: /tmp/blitzy/blitzy-kubernetes/blitzy5f91179c1/staging/src/k8s.io/client-go/informers/autoscaling/v2/interface.go
[gosec] 2026/02/05 17:48:11 Checking package: v1beta2
[gosec] 2026/02/05 17:48:11 Checking file: /tmp/blitzy/blitzy-kubernetes/blitzy5f91179c1/staging/src/k8s.io/client-go/listers/resource/v1beta2/deviceclass.go
[gosec] 2026/02/05 17:48:11 Import directory: /tmp/blitzy/blitzy-kubernetes/blitzy5f91179c1/staging/src/k8s.io/client-go/listers/resource/v1
[gosec] 2026/02/05 17:48:11 Checking file: /tmp/blitzy/blitzy-kubernetes/blitzy5f91179c1/staging/src/k8s.io/client-go/listers/resource/v1beta2/expansion_generated.go
[gosec] 2026/02/05 17:48:11 Checking file: /tmp/blitzy/blitzy-kubernetes/blitzy5f91179c1/staging/src/k8s.io/client-go/listers/resource/v1beta2/resourceclaim.go
[gosec] 2026/02/05 17:48:11 Checking file: /tmp/blitzy/blitzy-kubernetes/blitzy5f91179c1/staging/src/k8s.io/client-go/listers/resource/v1beta2/resourceclaimtemplate.go
[gosec] 2026/02/05 17:48:11 Checking file: /tmp/blitzy/blitzy-kubernetes/blitzy5f91179c1/staging/src/k8s.io/client-go/listers/resource/v1beta2/resourceslice.go
[gosec] 2026/02/05 17:48:11 Checking package: v1alpha1
[gosec] 2026/02/05 17:48:11 Checking file: /tmp/blitzy/blitzy-kubernetes/blitzy5f91179c1/staging/src/k8s.io/client-go/listers/scheduling/v1alpha1/expansion_generated.go
[gosec] 2026/02/05 17:48:11 Import directory: /tmp/blitzy/blitzy-kubernetes/blitzy5f91179c1/staging/src/k8s.io/client-go/applyconfigurations/meta/v1
[gosec] 2026/02/05 17:48:11 Checking file: /tmp/blitzy/blitzy-kubernetes/blitzy5f91179c1/staging/src/k8s.io/client-go/listers/scheduling/v1alpha1/priorityclass.go
[gosec] 2026/02/05 17:48:11 Checking file: /tmp/blitzy/blitzy-kubernetes/blitzy5f91179c1/staging/src/k8s.io/client-go/listers/scheduling/v1alpha1/workload.go
[gosec] 2026/02/05 17:48:11 Checking package: fake
[gosec] 2026/02/05 17:48:11 Checking file: /tmp/blitzy/blitzy-kubernetes/blitzy5f91179c1/staging/src/k8s.io/client-go/metadata/fake/simple.go
[gosec] 2026/02/05 17:48:11 Import directory: /tmp/blitzy/blitzy-kubernetes/blitzy5f91179c1/staging/src/k8s.io/client-go/informers/core
[gosec] 2026/02/05 17:48:12 Checking package: watchlist
[gosec] 2026/02/05 17:48:12 Checking file: /tmp/blitzy/blitzy-kubernetes/blitzy5f91179c1/staging/src/k8s.io/client-go/util/watchlist/watch_list.go
[gosec] 2026/02/05 17:48:12 Import directory: /tmp/blitzy/blitzy-kubernetes/blitzy5f91179c1/staging/src/k8s.io/client-go/kubernetes/typed/apps/v1beta1/fake
[gosec] 2026/02/05 17:48:12 Checking package: fake
[gosec] 2026/02/05 17:48:12 Checking file: /tmp/blitzy/blitzy-kubernetes/blitzy5f91179c1/staging/src/k8s.io/client-go/kubernetes/typed/flowcontrol/v1beta3/fake/doc.go
[gosec] 2026/02/05 17:48:12 Checking file: /tmp/blitzy/blitzy-kubernetes/blitzy5f91179c1/staging/src/k8s.io/client-go/kubernetes/typed/flowcontrol/v1beta3/fake/fake_flowcontrol_client.go
[gosec] 2026/02/05 17:48:12 Import directory: /tmp/blitzy/blitzy-kubernetes/blitzy5f91179c1/staging/src/k8s.io/client-go/kubernetes/typed/coordination/v1alpha2/fake
[gosec] 2026/02/05 17:48:13 Checking file: /tmp/blitzy/blitzy-kubernetes/blitzy5f91179c1/staging/src/k8s.io/client-go/kubernetes/typed/flowcontrol/v1beta3/fake/fake_flowschema.go
[gosec] 2026/02/05 17:48:13 Checking file: /tmp/blitzy/blitzy-kubernetes/blitzy5f91179c1/staging/src/k8s.io/client-go/kubernetes/typed/flowcontrol/v1beta3/fake/fake_prioritylevelconfiguration.go
[gosec] 2026/02/05 17:48:13 Checking package: v1alpha1
[gosec] 2026/02/05 17:48:13 Checking file: /tmp/blitzy/blitzy-kubernetes/blitzy5f91179c1/staging/src/k8s.io/client-go/applyconfigurations/apiserverinternal/v1alpha1/serverstorageversion.go
[gosec] 2026/02/05 17:48:13 Import directory: /tmp/blitzy/blitzy-kubernetes/blitzy5f91179c1/staging/src/k8s.io/client-go/kubernetes/typed/node/v1alpha1
[gosec] 2026/02/05 17:48:13 Checking file: /tmp/blitzy/blitzy-kubernetes/blitzy5f91179c1/staging/src/k8s.io/client-go/applyconfigurations/apiserverinternal/v1alpha1/storageversion.go
[gosec] 2026/02/05 17:48:14 Checking file: /tmp/blitzy/blitzy-kubernetes/blitzy5f91179c1/staging/src/k8s.io/client-go/applyconfigurations/apiserverinternal/v1alpha1/storageversioncondition.go
[gosec] 2026/02/05 17:48:14 Checking file: /tmp/blitzy/blitzy-kubernetes/blitzy5f91179c1/staging/src/k8s.io/client-go/applyconfigurations/apiserverinternal/v1alpha1/storageversionstatus.go
[gosec] 2026/02/05 17:48:14 Checking package: features
[gosec] 2026/02/05 17:48:14 Checking file: /tmp/blitzy/blitzy-kubernetes/blitzy5f91179c1/staging/src/k8s.io/client-go/features/envvar.go
[gosec] 2026/02/05 17:48:14 Import directory: /tmp/blitzy/blitzy-kubernetes/blitzy5f91179c1/staging/src/k8s.io/client-go/applyconfigurations/autoscaling/v2
[gosec] 2026/02/05 17:48:14 Checking file: /tmp/blitzy/blitzy-kubernetes/blitzy5f91179c1/staging/src/k8s.io/client-go/features/features.go
[gosec] 2026/02/05 17:48:15 Checking file: /tmp/blitzy/blitzy-kubernetes/blitzy5f91179c1/staging/src/k8s.io/client-go/features/known_features.go
[gosec] 2026/02/05 17:48:15 Checking package: v1
[gosec] 2026/02/05 17:48:15 Checking file: /tmp/blitzy/blitzy-kubernetes/blitzy5f91179c1/staging/src/k8s.io/client-go/listers/resource/v1/deviceclass.go
[gosec] 2026/02/05 17:48:15 Import directory: /tmp/blitzy/blitzy-kubernetes/blitzy5f91179c1/staging/src/k8s.io/client-go/gentype
[gosec] 2026/02/05 17:48:15 Checking file: /tmp/blitzy/blitzy-kubernetes/blitzy5f91179c1/staging/src/k8s.io/client-go/listers/resource/v1/expansion_generated.go
[gosec] 2026/02/05 17:48:15 Checking file: /tmp/blitzy/blitzy-kubernetes/blitzy5f91179c1/staging/src/k8s.io/client-go/listers/resource/v1/resourceclaim.go
[gosec] 2026/02/05 17:48:15 Checking file: /tmp/blitzy/blitzy-kubernetes/blitzy5f91179c1/staging/src/k8s.io/client-go/listers/resource/v1/resourceclaimtemplate.go
[gosec] 2026/02/05 17:48:15 Checking file: /tmp/blitzy/blitzy-kubernetes/blitzy5f91179c1/staging/src/k8s.io/client-go/listers/resource/v1/resourceslice.go
[gosec] 2026/02/05 17:48:15 Checking package: autoscaling
[gosec] 2026/02/05 17:48:15 Checking file: /tmp/blitzy/blitzy-kubernetes/blitzy5f91179c1/staging/src/k8s.io/client-go/informers/autoscaling/interface.go
[gosec] 2026/02/05 17:48:15 Import directory: /tmp/blitzy/blitzy-kubernetes/blitzy5f91179c1/staging/src/k8s.io/client-go/kubernetes/typed/apps/v1beta2/fake
[gosec] 2026/02/05 17:48:15 Checking package: v1
[gosec] 2026/02/05 17:48:15 Checking file: /tmp/blitzy/blitzy-kubernetes/blitzy5f91179c1/staging/src/k8s.io/client-go/applyconfigurations/meta/v1/condition.go
[gosec] 2026/02/05 17:48:15 Import directory: /tmp/blitzy/blitzy-kubernetes/blitzy5f91179c1/staging/src/k8s.io/client-go/kubernetes/typed/storage/v1/fake
[gosec] 2026/02/05 17:48:15 Checking file: /tmp/blitzy/blitzy-kubernetes/blitzy5f91179c1/staging/src/k8s.io/client-go/applyconfigurations/meta/v1/deleteoptions.go
[gosec] 2026/02/05 17:48:15 Checking file: /tmp/blitzy/blitzy-kubernetes/blitzy5f91179c1/staging/src/k8s.io/client-go/applyconfigurations/meta/v1/groupresource.go
[gosec] 2026/02/05 17:48:16 Checking file: /tmp/blitzy/blitzy-kubernetes/blitzy5f91179c1/staging/src/k8s.io/client-go/applyconfigurations/meta/v1/labelselector.go
[gosec] 2026/02/05 17:48:16 Checking file: /tmp/blitzy/blitzy-kubernetes/blitzy5f91179c1/staging/src/k8s.io/client-go/applyconfigurations/meta/v1/labelselectorrequirement.go
[gosec] 2026/02/05 17:48:16 Checking file: /tmp/blitzy/blitzy-kubernetes/blitzy5f91179c1/staging/src/k8s.io/client-go/applyconfigurations/meta/v1/managedfieldsentry.go
[gosec] 2026/02/05 17:48:16 Checking file: /tmp/blitzy/blitzy-kubernetes/blitzy5f91179c1/staging/src/k8s.io/client-go/applyconfigurations/meta/v1/objectmeta.go
[gosec] 2026/02/05 17:48:17 Checking file: /tmp/blitzy/blitzy-kubernetes/blitzy5f91179c1/staging/src/k8s.io/client-go/applyconfigurations/meta/v1/ownerreference.go
[gosec] 2026/02/05 17:48:17 Checking file: /tmp/blitzy/blitzy-kubernetes/blitzy5f91179c1/staging/src/k8s.io/client-go/applyconfigurations/meta/v1/preconditions.go
[gosec] 2026/02/05 17:48:17 Checking file: /tmp/blitzy/blitzy-kubernetes/blitzy5f91179c1/staging/src/k8s.io/client-go/applyconfigurations/meta/v1/typemeta.go
[gosec] 2026/02/05 17:48:17 Checking file: /tmp/blitzy/blitzy-kubernetes/blitzy5f91179c1/staging/src/k8s.io/client-go/applyconfigurations/meta/v1/unstructured.go
[gosec] 2026/02/05 17:48:17 Checking package: core
[gosec] 2026/02/05 17:48:17 Checking file: /tmp/blitzy/blitzy-kubernetes/blitzy5f91179c1/staging/src/k8s.io/client-go/informers/core/interface.go
[gosec] 2026/02/05 17:48:17 Import directory: /tmp/blitzy/blitzy-kubernetes/blitzy5f91179c1/staging/src/k8s.io/client-go/util/exec
[gosec] 2026/02/05 17:48:17 Checking package: fake
[gosec] 2026/02/05 17:48:17 Checking file: /tmp/blitzy/blitzy-kubernetes/blitzy5f91179c1/staging/src/k8s.io/client-go/kubernetes/typed/apps/v1beta1/fake/doc.go
[gosec] 2026/02/05 17:48:17 Checking file: /tmp/blitzy/blitzy-kubernetes/blitzy5f91179c1/staging/src/k8s.io/client-go/kubernetes/typed/apps/v1beta1/fake/fake_apps_client.go
[gosec] 2026/02/05 17:48:17 Import directory: /tmp/blitzy/blitzy-kubernetes/blitzy5f91179c1/staging/src/k8s.io/client-go/applyconfigurations/resource/v1beta2
[gosec] 2026/02/05 17:48:17 Checking file: /tmp/blitzy/blitzy-kubernetes/blitzy5f91179c1/staging/src/k8s.io/client-go/kubernetes/typed/apps/v1beta1/fake/fake_controllerrevision.go
[gosec] 2026/02/05 17:48:18 Checking file: /tmp/blitzy/blitzy-kubernetes/blitzy5f91179c1/staging/src/k8s.io/client-go/kubernetes/typed/apps/v1beta1/fake/fake_deployment.go
[gosec] 2026/02/05 17:48:18 Checking file: /tmp/blitzy/blitzy-kubernetes/blitzy5f91179c1/staging/src/k8s.io/client-go/kubernetes/typed/apps/v1beta1/fake/fake_statefulset.go
[gosec] 2026/02/05 17:48:18 Checking package: fake
[gosec] 2026/02/05 17:48:18 Checking file: /tmp/blitzy/blitzy-kubernetes/blitzy5f91179c1/staging/src/k8s.io/client-go/kubernetes/typed/coordination/v1alpha2/fake/doc.go
[gosec] 2026/02/05 17:48:18 Import directory: /tmp/blitzy/blitzy-kubernetes/blitzy5f91179c1/staging/src/k8s.io/client-go/informers/resource/v1
[gosec] 2026/02/05 17:48:18 Checking file: /tmp/blitzy/blitzy-kubernetes/blitzy5f91179c1/staging/src/k8s.io/client-go/kubernetes/typed/coordination/v1alpha2/fake/fake_coordination_client.go
[gosec] 2026/02/05 17:48:18 Checking file: /tmp/blitzy/blitzy-kubernetes/blitzy5f91179c1/staging/src/k8s.io/client-go/kubernetes/typed/coordination/v1alpha2/fake/fake_leasecandidate.go
[gosec] 2026/02/05 17:48:18 Checking package: v1alpha1
[gosec] 2026/02/05 17:48:18 Checking file: /tmp/blitzy/blitzy-kubernetes/blitzy5f91179c1/staging/src/k8s.io/client-go/kubernetes/typed/node/v1alpha1/doc.go
[gosec] 2026/02/05 17:48:18 Checking file: /tmp/blitzy/blitzy-kubernetes/blitzy5f91179c1/staging/src/k8s.io/client-go/kubernetes/typed/node/v1alpha1/generated_expansion.go
[gosec] 2026/02/05 17:48:18 Checking file: /tmp/blitzy/blitzy-kubernetes/blitzy5f91179c1/staging/src/k8s.io/client-go/kubernetes/typed/node/v1alpha1/node_client.go
[gosec] 2026/02/05 17:48:18 Import directory: /tmp/blitzy/blitzy-kubernetes/blitzy5f91179c1/staging/src/k8s.io/client-go/kubernetes/typed/admissionregistration/v1alpha1/fake
[gosec] 2026/02/05 17:48:18 Checking file: /tmp/blitzy/blitzy-kubernetes/blitzy5f91179c1/staging/src/k8s.io/client-go/kubernetes/typed/node/v1alpha1/runtimeclass.go
[gosec] 2026/02/05 17:48:18 Checking package: v2
[gosec] 2026/02/05 17:48:18 Checking file: /tmp/blitzy/blitzy-kubernetes/blitzy5f91179c1/staging/src/k8s.io/client-go/applyconfigurations/autoscaling/v2/containerresourcemetricsource.go
[gosec] 2026/02/05 17:48:18 Import directory: /tmp/blitzy/blitzy-kubernetes/blitzy5f91179c1/staging/src/k8s.io/client-go/kubernetes/typed/admissionregistration/v1beta1
[gosec] 2026/02/05 17:48:19 Checking file: /tmp/blitzy/blitzy-kubernetes/blitzy5f91179c1/staging/src/k8s.io/client-go/applyconfigurations/autoscaling/v2/containerresourcemetricstatus.go
[gosec] 2026/02/05 17:48:19 Checking file: /tmp/blitzy/blitzy-kubernetes/blitzy5f91179c1/staging/src/k8s.io/client-go/applyconfigurations/autoscaling/v2/crossversionobjectreference.go
[gosec] 2026/02/05 17:48:19 Checking file: /tmp/blitzy/blitzy-kubernetes/blitzy5f91179c1/staging/src/k8s.io/client-go/applyconfigurations/autoscaling/v2/externalmetricsource.go
[gosec] 2026/02/05 17:48:19 Checking file: /tmp/blitzy/blitzy-kubernetes/blitzy5f91179c1/staging/src/k8s.io/client-go/applyconfigurations/autoscaling/v2/externalmetricstatus.go
[gosec] 2026/02/05 17:48:19 Checking file: /tmp/blitzy/blitzy-kubernetes/blitzy5f91179c1/staging/src/k8s.io/client-go/applyconfigurations/autoscaling/v2/horizontalpodautoscaler.go
[gosec] 2026/02/05 17:48:20 Checking file: /tmp/blitzy/blitzy-kubernetes/blitzy5f91179c1/staging/src/k8s.io/client-go/applyconfigurations/autoscaling/v2/horizontalpodautoscalerbehavior.go
[gosec] 2026/02/05 17:48:20 Checking file: /tmp/blitzy/blitzy-kubernetes/blitzy5f91179c1/staging/src/k8s.io/client-go/applyconfigurations/autoscaling/v2/horizontalpodautoscalercondition.go
[gosec] 2026/02/05 17:48:20 Checking file: /tmp/blitzy/blitzy-kubernetes/blitzy5f91179c1/staging/src/k8s.io/client-go/applyconfigurations/autoscaling/v2/horizontalpodautoscalerspec.go
[gosec] 2026/02/05 17:48:20 Checking file: /tmp/blitzy/blitzy-kubernetes/blitzy5f91179c1/staging/src/k8s.io/client-go/applyconfigurations/autoscaling/v2/horizontalpodautoscalerstatus.go
[gosec] 2026/02/05 17:48:20 Checking file: /tmp/blitzy/blitzy-kubernetes/blitzy5f91179c1/staging/src/k8s.io/client-go/applyconfigurations/autoscaling/v2/hpascalingpolicy.go
[gosec] 2026/02/05 17:48:21 Checking file: /tmp/blitzy/blitzy-kubernetes/blitzy5f91179c1/staging/src/k8s.io/client-go/applyconfigurations/autoscaling/v2/hpascalingrules.go
[gosec] 2026/02/05 17:48:21 Checking file: /tmp/blitzy/blitzy-kubernetes/blitzy5f91179c1/staging/src/k8s.io/client-go/applyconfigurations/autoscaling/v2/metricidentifier.go
[gosec] 2026/02/05 17:48:21 Checking file: /tmp/blitzy/blitzy-kubernetes/blitzy5f91179c1/staging/src/k8s.io/client-go/applyconfigurations/autoscaling/v2/metricspec.go
[gosec] 2026/02/05 17:48:21 Checking file: /tmp/blitzy/blitzy-kubernetes/blitzy5f91179c1/staging/src/k8s.io/client-go/applyconfigurations/autoscaling/v2/metricstatus.go
[gosec] 2026/02/05 17:48:21 Checking file: /tmp/blitzy/blitzy-kubernetes/blitzy5f91179c1/staging/src/k8s.io/client-go/applyconfigurations/autoscaling/v2/metrictarget.go
[gosec] 2026/02/05 17:48:21 Checking file: /tmp/blitzy/blitzy-kubernetes/blitzy5f91179c1/staging/src/k8s.io/client-go/applyconfigurations/autoscaling/v2/metricvaluestatus.go
[gosec] 2026/02/05 17:48:21 Checking file: /tmp/blitzy/blitzy-kubernetes/blitzy5f91179c1/staging/src/k8s.io/client-go/applyconfigurations/autoscaling/v2/objectmetricsource.go
[gosec] 2026/02/05 17:48:22 Checking file: /tmp/blitzy/blitzy-kubernetes/blitzy5f91179c1/staging/src/k8s.io/client-go/applyconfigurations/autoscaling/v2/objectmetricstatus.go
[gosec] 2026/02/05 17:48:22 Checking file: /tmp/blitzy/blitzy-kubernetes/blitzy5f91179c1/staging/src/k8s.io/client-go/applyconfigurations/autoscaling/v2/podsmetricsource.go
[gosec] 2026/02/05 17:48:22 Checking file: /tmp/blitzy/blitzy-kubernetes/blitzy5f91179c1/staging/src/k8s.io/client-go/applyconfigurations/autoscaling/v2/podsmetricstatus.go
[gosec] 2026/02/05 17:48:22 Checking file: /tmp/blitzy/blitzy-kubernetes/blitzy5f91179c1/staging/src/k8s.io/client-go/applyconfigurations/autoscaling/v2/resourcemetricsource.go
[gosec] 2026/02/05 17:48:22 Checking file: /tmp/blitzy/blitzy-kubernetes/blitzy5f91179c1/staging/src/k8s.io/client-go/applyconfigurations/autoscaling/v2/resourcemetricstatus.go
[gosec] 2026/02/05 17:48:22 Checking package: gentype
[gosec] 2026/02/05 17:48:22 Checking file: /tmp/blitzy/blitzy-kubernetes/blitzy5f91179c1/staging/src/k8s.io/client-go/gentype/fake.go
[gosec] 2026/02/05 17:48:22 Import directory: /tmp/blitzy/blitzy-kubernetes/blitzy5f91179c1/staging/src/k8s.io/client-go/kubernetes/typed/node/v1beta1/fake
[gosec] 2026/02/05 17:48:23 Checking file: /tmp/blitzy/blitzy-kubernetes/blitzy5f91179c1/staging/src/k8s.io/client-go/gentype/type.go
[gosec] 2026/02/05 17:48:23 Checking package: fake
[gosec] 2026/02/05 17:48:23 Checking file: /tmp/blitzy/blitzy-kubernetes/blitzy5f91179c1/staging/src/k8s.io/client-go/kubernetes/typed/apps/v1beta2/fake/doc.go
[gosec] 2026/02/05 17:48:23 Checking file: /tmp/blitzy/blitzy-kubernetes/blitzy5f91179c1/staging/src/k8s.io/client-go/kubernetes/typed/apps/v1beta2/fake/fake_apps_client.go
[gosec] 2026/02/05 17:48:23 Import directory: /tmp/blitzy/blitzy-kubernetes/blitzy5f91179c1/staging/src/k8s.io/client-go/kubernetes/typed/policy/v1beta1/fake
[gosec] 2026/02/05 17:48:24 Checking file: /tmp/blitzy/blitzy-kubernetes/blitzy5f91179c1/staging/src/k8s.io/client-go/kubernetes/typed/apps/v1beta2/fake/fake_controllerrevision.go
[gosec] 2026/02/05 17:48:24 Checking file: /tmp/blitzy/blitzy-kubernetes/blitzy5f91179c1/staging/src/k8s.io/client-go/kubernetes/typed/apps/v1beta2/fake/fake_daemonset.go
[gosec] 2026/02/05 17:48:24 Checking file: /tmp/blitzy/blitzy-kubernetes/blitzy5f91179c1/staging/src/k8s.io/client-go/kubernetes/typed/apps/v1beta2/fake/fake_deployment.go
[gosec] 2026/02/05 17:48:24 Checking file: /tmp/blitzy/blitzy-kubernetes/blitzy5f91179c1/staging/src/k8s.io/client-go/kubernetes/typed/apps/v1beta2/fake/fake_replicaset.go
[gosec] 2026/02/05 17:48:24 Checking file: /tmp/blitzy/blitzy-kubernetes/blitzy5f91179c1/staging/src/k8s.io/client-go/kubernetes/typed/apps/v1beta2/fake/fake_statefulset.go
[gosec] 2026/02/05 17:48:24 Checking package: fake
[gosec] 2026/02/05 17:48:24 Checking file: /tmp/blitzy/blitzy-kubernetes/blitzy5f91179c1/staging/src/k8s.io/client-go/kubernetes/typed/storage/v1/fake/doc.go
[gosec] 2026/02/05 17:48:24 Checking file: /tmp/blitzy/blitzy-kubernetes/blitzy5f91179c1/staging/src/k8s.io/client-go/kubernetes/typed/storage/v1/fake/fake_csidriver.go
[gosec] 2026/02/05 17:48:24 Import directory: /tmp/blitzy/blitzy-kubernetes/blitzy5f91179c1/staging/src/k8s.io/client-go/tools/auth
[gosec] 2026/02/05 17:48:24 Checking file: /tmp/blitzy/blitzy-kubernetes/blitzy5f91179c1/staging/src/k8s.io/client-go/kubernetes/typed/storage/v1/fake/fake_csinode.go
[gosec] 2026/02/05 17:48:25 Checking file: /tmp/blitzy/blitzy-kubernetes/blitzy5f91179c1/staging/src/k8s.io/client-go/kubernetes/typed/storage/v1/fake/fake_csistoragecapacity.go
[gosec] 2026/02/05 17:48:25 Checking file: /tmp/blitzy/blitzy-kubernetes/blitzy5f91179c1/staging/src/k8s.io/client-go/kubernetes/typed/storage/v1/fake/fake_storage_client.go
[gosec] 2026/02/05 17:48:25 Checking file: /tmp/blitzy/blitzy-kubernetes/blitzy5f91179c1/staging/src/k8s.io/client-go/kubernetes/typed/storage/v1/fake/fake_storageclass.go
[gosec] 2026/02/05 17:48:25 Checking file: /tmp/blitzy/blitzy-kubernetes/blitzy5f91179c1/staging/src/k8s.io/client-go/kubernetes/typed/storage/v1/fake/fake_volumeattachment.go
[gosec] 2026/02/05 17:48:25 Checking file: /tmp/blitzy/blitzy-kubernetes/blitzy5f91179c1/staging/src/k8s.io/client-go/kubernetes/typed/storage/v1/fake/fake_volumeattributesclass.go
[gosec] 2026/02/05 17:48:25 Checking package: exec
[gosec] 2026/02/05 17:48:25 Checking file: /tmp/blitzy/blitzy-kubernetes/blitzy5f91179c1/staging/src/k8s.io/client-go/util/exec/exec.go
[gosec] 2026/02/05 17:48:25 Import directory: /tmp/blitzy/blitzy-kubernetes/blitzy5f91179c1/staging/src/k8s.io/client-go/examples/dynamic-create-update-delete-deployment
[gosec] 2026/02/05 17:48:25 Checking package: v1beta2
[gosec] 2026/02/05 17:48:25 Checking file: /tmp/blitzy/blitzy-kubernetes/blitzy5f91179c1/staging/src/k8s.io/client-go/applyconfigurations/resource/v1beta2/allocateddevicestatus.go
[gosec] 2026/02/05 17:48:25 Import directory: /tmp/blitzy/blitzy-kubernetes/blitzy5f91179c1/staging/src/k8s.io/client-go/informers/admissionregistration/v1beta1
[gosec] 2026/02/05 17:48:26 Checking file: /tmp/blitzy/blitzy-kubernetes/blitzy5f91179c1/staging/src/k8s.io/client-go/applyconfigurations/resource/v1beta2/allocationresult.go
[gosec] 2026/02/05 17:48:26 Checking file: /tmp/blitzy/blitzy-kubernetes/blitzy5f91179c1/staging/src/k8s.io/client-go/applyconfigurations/resource/v1beta2/capacityrequestpolicy.go
[gosec] 2026/02/05 17:48:26 Checking file: /tmp/blitzy/blitzy-kubernetes/blitzy5f91179c1/staging/src/k8s.io/client-go/applyconfigurations/resource/v1beta2/capacityrequestpolicyrange.go
[gosec] 2026/02/05 17:48:26 Checking file: /tmp/blitzy/blitzy-kubernetes/blitzy5f91179c1/staging/src/k8s.io/client-go/applyconfigurations/resource/v1beta2/capacityrequirements.go
[gosec] 2026/02/05 17:48:26 Checking file: /tmp/blitzy/blitzy-kubernetes/blitzy5f91179c1/staging/src/k8s.io/client-go/applyconfigurations/resource/v1beta2/celdeviceselector.go
[gosec] 2026/02/05 17:48:26 Checking file: /tmp/blitzy/blitzy-kubernetes/blitzy5f91179c1/staging/src/k8s.io/client-go/applyconfigurations/resource/v1beta2/counter.go
[gosec] 2026/02/05 17:48:26 Checking file: /tmp/blitzy/blitzy-kubernetes/blitzy5f91179c1/staging/src/k8s.io/client-go/applyconfigurations/resource/v1beta2/counterset.go
[gosec] 2026/02/05 17:48:26 Checking file: /tmp/blitzy/blitzy-kubernetes/blitzy5f91179c1/staging/src/k8s.io/client-go/applyconfigurations/resource/v1beta2/device.go
[gosec] 2026/02/05 17:48:27 Checking file: /tmp/blitzy/blitzy-kubernetes/blitzy5f91179c1/staging/src/k8s.io/client-go/applyconfigurations/resource/v1beta2/deviceallocationconfiguration.go
[gosec] 2026/02/05 17:48:27 Checking file: /tmp/blitzy/blitzy-kubernetes/blitzy5f91179c1/staging/src/k8s.io/client-go/applyconfigurations/resource/v1beta2/deviceallocationresult.go
[gosec] 2026/02/05 17:48:27 Checking file: /tmp/blitzy/blitzy-kubernetes/blitzy5f91179c1/staging/src/k8s.io/client-go/applyconfigurations/resource/v1beta2/deviceattribute.go
[gosec] 2026/02/05 17:48:27 Checking file: /tmp/blitzy/blitzy-kubernetes/blitzy5f91179c1/staging/src/k8s.io/client-go/applyconfigurations/resource/v1beta2/devicecapacity.go
[gosec] 2026/02/05 17:48:27 Checking file: /tmp/blitzy/blitzy-kubernetes/blitzy5f91179c1/staging/src/k8s.io/client-go/applyconfigurations/resource/v1beta2/deviceclaim.go
[gosec] 2026/02/05 17:48:27 Checking file: /tmp/blitzy/blitzy-kubernetes/blitzy5f91179c1/staging/src/k8s.io/client-go/applyconfigurations/resource/v1beta2/deviceclaimconfiguration.go
[gosec] 2026/02/05 17:48:27 Checking file: /tmp/blitzy/blitzy-kubernetes/blitzy5f91179c1/staging/src/k8s.io/client-go/applyconfigurations/resource/v1beta2/deviceclass.go
[gosec] 2026/02/05 17:48:28 Checking file: /tmp/blitzy/blitzy-kubernetes/blitzy5f91179c1/staging/src/k8s.io/client-go/applyconfigurations/resource/v1beta2/deviceclassconfiguration.go
[gosec] 2026/02/05 17:48:28 Checking file: /tmp/blitzy/blitzy-kubernetes/blitzy5f91179c1/staging/src/k8s.io/client-go/applyconfigurations/resource/v1beta2/deviceclassspec.go
[gosec] 2026/02/05 17:48:28 Checking file: /tmp/blitzy/blitzy-kubernetes/blitzy5f91179c1/staging/src/k8s.io/client-go/applyconfigurations/resource/v1beta2/deviceconfiguration.go
[gosec] 2026/02/05 17:48:28 Checking file: /tmp/blitzy/blitzy-kubernetes/blitzy5f91179c1/staging/src/k8s.io/client-go/applyconfigurations/resource/v1beta2/deviceconstraint.go
[gosec] 2026/02/05 17:48:28 Checking file: /tmp/blitzy/blitzy-kubernetes/blitzy5f91179c1/staging/src/k8s.io/client-go/applyconfigurations/resource/v1beta2/devicecounterconsumption.go
[gosec] 2026/02/05 17:48:29 Checking file: /tmp/blitzy/blitzy-kubernetes/blitzy5f91179c1/staging/src/k8s.io/client-go/applyconfigurations/resource/v1beta2/devicerequest.go
[gosec] 2026/02/05 17:48:29 Checking file: /tmp/blitzy/blitzy-kubernetes/blitzy5f91179c1/staging/src/k8s.io/client-go/applyconfigurations/resource/v1beta2/devicerequestallocationresult.go
[gosec] 2026/02/05 17:48:29 Checking file: /tmp/blitzy/blitzy-kubernetes/blitzy5f91179c1/staging/src/k8s.io/client-go/applyconfigurations/resource/v1beta2/deviceselector.go
[gosec] 2026/02/05 17:48:29 Checking file: /tmp/blitzy/blitzy-kubernetes/blitzy5f91179c1/staging/src/k8s.io/client-go/applyconfigurations/resource/v1beta2/devicesubrequest.go
[gosec] 2026/02/05 17:48:29 Checking file: /tmp/blitzy/blitzy-kubernetes/blitzy5f91179c1/staging/src/k8s.io/client-go/applyconfigurations/resource/v1beta2/devicetaint.go
[gosec] 2026/02/05 17:48:30 Checking file: /tmp/blitzy/blitzy-kubernetes/blitzy5f91179c1/staging/src/k8s.io/client-go/applyconfigurations/resource/v1beta2/devicetoleration.go
[gosec] 2026/02/05 17:48:30 Checking file: /tmp/blitzy/blitzy-kubernetes/blitzy5f91179c1/staging/src/k8s.io/client-go/applyconfigurations/resource/v1beta2/exactdevicerequest.go
[gosec] 2026/02/05 17:48:30 Checking file: /tmp/blitzy/blitzy-kubernetes/blitzy5f91179c1/staging/src/k8s.io/client-go/applyconfigurations/resource/v1beta2/networkdevicedata.go
[gosec] 2026/02/05 17:48:30 Checking file: /tmp/blitzy/blitzy-kubernetes/blitzy5f91179c1/staging/src/k8s.io/client-go/applyconfigurations/resource/v1beta2/opaquedeviceconfiguration.go
[gosec] 2026/02/05 17:48:30 Checking file: /tmp/blitzy/blitzy-kubernetes/blitzy5f91179c1/staging/src/k8s.io/client-go/applyconfigurations/resource/v1beta2/resourceclaim.go
[gosec] 2026/02/05 17:48:31 Checking file: /tmp/blitzy/blitzy-kubernetes/blitzy5f91179c1/staging/src/k8s.io/client-go/applyconfigurations/resource/v1beta2/resourceclaimconsumerreference.go
[gosec] 2026/02/05 17:48:31 Checking file: /tmp/blitzy/blitzy-kubernetes/blitzy5f91179c1/staging/src/k8s.io/client-go/applyconfigurations/resource/v1beta2/resourceclaimspec.go
[gosec] 2026/02/05 17:48:31 Checking file: /tmp/blitzy/blitzy-kubernetes/blitzy5f91179c1/staging/src/k8s.io/client-go/applyconfigurations/resource/v1beta2/resourceclaimstatus.go
[gosec] 2026/02/05 17:48:31 Checking file: /tmp/blitzy/blitzy-kubernetes/blitzy5f91179c1/staging/src/k8s.io/client-go/applyconfigurations/resource/v1beta2/resourceclaimtemplate.go
[gosec] 2026/02/05 17:48:32 Checking file: /tmp/blitzy/blitzy-kubernetes/blitzy5f91179c1/staging/src/k8s.io/client-go/applyconfigurations/resource/v1beta2/resourceclaimtemplatespec.go
[gosec] 2026/02/05 17:48:33 Checking file: /tmp/blitzy/blitzy-kubernetes/blitzy5f91179c1/staging/src/k8s.io/client-go/applyconfigurations/resource/v1beta2/resourcepool.go
[gosec] 2026/02/05 17:48:33 Checking file: /tmp/blitzy/blitzy-kubernetes/blitzy5f91179c1/staging/src/k8s.io/client-go/applyconfigurations/resource/v1beta2/resourceslice.go
[gosec] 2026/02/05 17:48:33 Checking file: /tmp/blitzy/blitzy-kubernetes/blitzy5f91179c1/staging/src/k8s.io/client-go/applyconfigurations/resource/v1beta2/resourceslicespec.go
[gosec] 2026/02/05 17:48:34 Checking package: v1
[gosec] 2026/02/05 17:48:34 Checking file: /tmp/blitzy/blitzy-kubernetes/blitzy5f91179c1/staging/src/k8s.io/client-go/informers/resource/v1/deviceclass.go
[gosec] 2026/02/05 17:48:34 Import directory: /tmp/blitzy/blitzy-kubernetes/blitzy5f91179c1/staging/src/k8s.io/client-go/informers/flowcontrol/v1beta3
[gosec] 2026/02/05 17:48:34 Checking file: /tmp/blitzy/blitzy-kubernetes/blitzy5f91179c1/staging/src/k8s.io/client-go/informers/resource/v1/interface.go
[gosec] 2026/02/05 17:48:34 Checking file: /tmp/blitzy/blitzy-kubernetes/blitzy5f91179c1/staging/src/k8s.io/client-go/informers/resource/v1/resourceclaim.go
[gosec] 2026/02/05 17:48:34 Checking file: /tmp/blitzy/blitzy-kubernetes/blitzy5f91179c1/staging/src/k8s.io/client-go/informers/resource/v1/resourceclaimtemplate.go
[gosec] 2026/02/05 17:48:35 Checking file: /tmp/blitzy/blitzy-kubernetes/blitzy5f91179c1/staging/src/k8s.io/client-go/informers/resource/v1/resourceslice.go
[gosec] 2026/02/05 17:48:35 Checking package: fake
[gosec] 2026/02/05 17:48:35 Checking file: /tmp/blitzy/blitzy-kubernetes/blitzy5f91179c1/staging/src/k8s.io/client-go/kubernetes/typed/admissionregistration/v1alpha1/fake/doc.go
[gosec] 2026/02/05 17:48:35 Checking file: /tmp/blitzy/blitzy-kubernetes/blitzy5f91179c1/staging/src/k8s.io/client-go/kubernetes/typed/admissionregistration/v1alpha1/fake/fake_admissionregistration_client.go
[gosec] 2026/02/05 17:48:35 Import directory: /tmp/blitzy/blitzy-kubernetes/blitzy5f91179c1/staging/src/k8s.io/client-go/kubernetes/typed/apiserverinternal/v1alpha1
[gosec] 2026/02/05 17:48:35 Checking file: /tmp/blitzy/blitzy-kubernetes/blitzy5f91179c1/staging/src/k8s.io/client-go/kubernetes/typed/admissionregistration/v1alpha1/fake/fake_mutatingadmissionpolicy.go
[gosec] 2026/02/05 17:48:35 Checking file: /tmp/blitzy/blitzy-kubernetes/blitzy5f91179c1/staging/src/k8s.io/client-go/kubernetes/typed/admissionregistration/v1alpha1/fake/fake_mutatingadmissionpolicybinding.go
[gosec] 2026/02/05 17:48:35 Checking file: /tmp/blitzy/blitzy-kubernetes/blitzy5f91179c1/staging/src/k8s.io/client-go/kubernetes/typed/admissionregistration/v1alpha1/fake/fake_validatingadmissionpolicy.go
[gosec] 2026/02/05 17:48:35 Checking file: /tmp/blitzy/blitzy-kubernetes/blitzy5f91179c1/staging/src/k8s.io/client-go/kubernetes/typed/admissionregistration/v1alpha1/fake/fake_validatingadmissionpolicybinding.go
[gosec] 2026/02/05 17:48:36 Checking package: v1beta1
[gosec] 2026/02/05 17:48:36 Checking file: /tmp/blitzy/blitzy-kubernetes/blitzy5f91179c1/staging/src/k8s.io/client-go/kubernetes/typed/admissionregistration/v1beta1/admissionregistration_client.go
[gosec] 2026/02/05 17:48:36 Import directory: /tmp/blitzy/blitzy-kubernetes/blitzy5f91179c1/staging/src/k8s.io/client-go/kubernetes/typed/scheduling/v1alpha1
[gosec] 2026/02/05 17:48:36 Checking file: /tmp/blitzy/blitzy-kubernetes/blitzy5f91179c1/staging/src/k8s.io/client-go/kubernetes/typed/admissionregistration/v1beta1/doc.go
[gosec] 2026/02/05 17:48:36 Checking file: /tmp/blitzy/blitzy-kubernetes/blitzy5f91179c1/staging/src/k8s.io/client-go/kubernetes/typed/admissionregistration/v1beta1/generated_expansion.go
[gosec] 2026/02/05 17:48:36 Checking file: /tmp/blitzy/blitzy-kubernetes/blitzy5f91179c1/staging/src/k8s.io/client-go/kubernetes/typed/admissionregistration/v1beta1/mutatingadmissionpolicy.go
[gosec] 2026/02/05 17:48:36 Checking file: /tmp/blitzy/blitzy-kubernetes/blitzy5f91179c1/staging/src/k8s.io/client-go/kubernetes/typed/admissionregistration/v1beta1/mutatingadmissionpolicybinding.go
[gosec] 2026/02/05 17:48:36 Checking file: /tmp/blitzy/blitzy-kubernetes/blitzy5f91179c1/staging/src/k8s.io/client-go/kubernetes/typed/admissionregistration/v1beta1/mutatingwebhookconfiguration.go
[gosec] 2026/02/05 17:48:36 Checking file: /tmp/blitzy/blitzy-kubernetes/blitzy5f91179c1/staging/src/k8s.io/client-go/kubernetes/typed/admissionregistration/v1beta1/validatingadmissionpolicy.go
[gosec] 2026/02/05 17:48:36 Checking file: /tmp/blitzy/blitzy-kubernetes/blitzy5f91179c1/staging/src/k8s.io/client-go/kubernetes/typed/admissionregistration/v1beta1/validatingadmissionpolicybinding.go
[gosec] 2026/02/05 17:48:36 Checking file: /tmp/blitzy/blitzy-kubernetes/blitzy5f91179c1/staging/src/k8s.io/client-go/kubernetes/typed/admissionregistration/v1beta1/validatingwebhookconfiguration.go
[gosec] 2026/02/05 17:48:37 Checking package: fake
[gosec] 2026/02/05 17:48:37 Checking file: /tmp/blitzy/blitzy-kubernetes/blitzy5f91179c1/staging/src/k8s.io/client-go/kubernetes/typed/node/v1beta1/fake/doc.go
[gosec] 2026/02/05 17:48:37 Checking file: /tmp/blitzy/blitzy-kubernetes/blitzy5f91179c1/staging/src/k8s.io/client-go/kubernetes/typed/node/v1beta1/fake/fake_node_client.go
[gosec] 2026/02/05 17:48:37 Import directory: /tmp/blitzy/blitzy-kubernetes/blitzy5f91179c1/staging/src/k8s.io/client-go/applyconfigurations/coordination/v1alpha2
[gosec] 2026/02/05 17:48:37 Checking file: /tmp/blitzy/blitzy-kubernetes/blitzy5f91179c1/staging/src/k8s.io/client-go/kubernetes/typed/node/v1beta1/fake/fake_runtimeclass.go
[gosec] 2026/02/05 17:48:37 Checking package: fake
[gosec] 2026/02/05 17:48:37 Checking file: /tmp/blitzy/blitzy-kubernetes/blitzy5f91179c1/staging/src/k8s.io/client-go/kubernetes/typed/policy/v1beta1/fake/doc.go
[gosec] 2026/02/05 17:48:37 Checking file: /tmp/blitzy/blitzy-kubernetes/blitzy5f91179c1/staging/src/k8s.io/client-go/kubernetes/typed/policy/v1beta1/fake/fake_eviction.go
[gosec] 2026/02/05 17:48:37 Import directory: /tmp/blitzy/blitzy-kubernetes/blitzy5f91179c1/staging/src/k8s.io/client-go/kubernetes/typed/autoscaling/v2beta2/fake
[gosec] 2026/02/05 17:48:37 Checking file: /tmp/blitzy/blitzy-kubernetes/blitzy5f91179c1/staging/src/k8s.io/client-go/kubernetes/typed/policy/v1beta1/fake/fake_eviction_expansion.go
[gosec] 2026/02/05 17:48:37 Checking file: /tmp/blitzy/blitzy-kubernetes/blitzy5f91179c1/staging/src/k8s.io/client-go/kubernetes/typed/policy/v1beta1/fake/fake_poddisruptionbudget.go
[gosec] 2026/02/05 17:48:37 Checking file: /tmp/blitzy/blitzy-kubernetes/blitzy5f91179c1/staging/src/k8s.io/client-go/kubernetes/typed/policy/v1beta1/fake/fake_policy_client.go
[gosec] 2026/02/05 17:48:37 Checking package: auth
[gosec] 2026/02/05 17:48:37 Checking file: /tmp/blitzy/blitzy-kubernetes/blitzy5f91179c1/staging/src/k8s.io/client-go/tools/auth/clientauth.go
[gosec] 2026/02/05 17:48:37 Import directory: /tmp/blitzy/blitzy-kubernetes/blitzy5f91179c1/staging/src/k8s.io/client-go/kubernetes/typed/certificates/v1alpha1/fake
[gosec] 2026/02/05 17:48:37 Checking package: main
[gosec] 2026/02/05 17:48:37 Checking file: /tmp/blitzy/blitzy-kubernetes/blitzy5f91179c1/staging/src/k8s.io/client-go/examples/dynamic-create-update-delete-deployment/main.go
[gosec] 2026/02/05 17:48:37 Import directory: /tmp/blitzy/blitzy-kubernetes/blitzy5f91179c1/staging/src/k8s.io/client-go/kubernetes/typed/scheduling/v1/fake
[gosec] 2026/02/05 17:48:37 Checking package: v1beta1
[gosec] 2026/02/05 17:48:37 Checking file: /tmp/blitzy/blitzy-kubernetes/blitzy5f91179c1/staging/src/k8s.io/client-go/informers/admissionregistration/v1beta1/interface.go
[gosec] 2026/02/05 17:48:37 Import directory: /tmp/blitzy/blitzy-kubernetes/blitzy5f91179c1/staging/src/k8s.io/client-go/kubernetes/typed/scheduling/v1beta1
[gosec] 2026/02/05 17:48:38 Checking file: /tmp/blitzy/blitzy-kubernetes/blitzy5f91179c1/staging/src/k8s.io/client-go/informers/admissionregistration/v1beta1/mutatingadmissionpolicy.go
[gosec] 2026/02/05 17:48:38 Checking file: /tmp/blitzy/blitzy-kubernetes/blitzy5f91179c1/staging/src/k8s.io/client-go/informers/admissionregistration/v1beta1/mutatingadmissionpolicybinding.go
[gosec] 2026/02/05 17:48:38 Checking file: /tmp/blitzy/blitzy-kubernetes/blitzy5f91179c1/staging/src/k8s.io/client-go/informers/admissionregistration/v1beta1/mutatingwebhookconfiguration.go
[gosec] 2026/02/05 17:48:38 Checking file: /tmp/blitzy/blitzy-kubernetes/blitzy5f91179c1/staging/src/k8s.io/client-go/informers/admissionregistration/v1beta1/validatingadmissionpolicy.go
[gosec] 2026/02/05 17:48:39 Checking file: /tmp/blitzy/blitzy-kubernetes/blitzy5f91179c1/staging/src/k8s.io/client-go/informers/admissionregistration/v1beta1/validatingadmissionpolicybinding.go
[gosec] 2026/02/05 17:48:39 Checking file: /tmp/blitzy/blitzy-kubernetes/blitzy5f91179c1/staging/src/k8s.io/client-go/informers/admissionregistration/v1beta1/validatingwebhookconfiguration.go
[gosec] 2026/02/05 17:48:39 Checking package: v1beta3
[gosec] 2026/02/05 17:48:39 Checking file: /tmp/blitzy/blitzy-kubernetes/blitzy5f91179c1/staging/src/k8s.io/client-go/informers/flowcontrol/v1beta3/flowschema.go
[gosec] 2026/02/05 17:48:39 Import directory: /tmp/blitzy/blitzy-kubernetes/blitzy5f91179c1/staging/src/k8s.io/client-go/listers/rbac/v1alpha1
[gosec] 2026/02/05 17:48:39 Checking file: /tmp/blitzy/blitzy-kubernetes/blitzy5f91179c1/staging/src/k8s.io/client-go/informers/flowcontrol/v1beta3/interface.go
[gosec] 2026/02/05 17:48:40 Checking file: /tmp/blitzy/blitzy-kubernetes/blitzy5f91179c1/staging/src/k8s.io/client-go/informers/flowcontrol/v1beta3/prioritylevelconfiguration.go
[gosec] 2026/02/05 17:48:40 Checking package: v1alpha1
[gosec] 2026/02/05 17:48:40 Checking file: /tmp/blitzy/blitzy-kubernetes/blitzy5f91179c1/staging/src/k8s.io/client-go/kubernetes/typed/apiserverinternal/v1alpha1/apiserverinternal_client.go
[gosec] 2026/02/05 17:48:40 Import directory: /tmp/blitzy/blitzy-kubernetes/blitzy5f91179c1/staging/src/k8s.io/client-go/listers/resource/v1alpha3
[gosec] 2026/02/05 17:48:40 Checking file: /tmp/blitzy/blitzy-kubernetes/blitzy5f91179c1/staging/src/k8s.io/client-go/kubernetes/typed/apiserverinternal/v1alpha1/doc.go
[gosec] 2026/02/05 17:48:40 Checking file: /tmp/blitzy/blitzy-kubernetes/blitzy5f91179c1/staging/src/k8s.io/client-go/kubernetes/typed/apiserverinternal/v1alpha1/generated_expansion.go
[gosec] 2026/02/05 17:48:40 Checking file: /tmp/blitzy/blitzy-kubernetes/blitzy5f91179c1/staging/src/k8s.io/client-go/kubernetes/typed/apiserverinternal/v1alpha1/storageversion.go
[gosec] 2026/02/05 17:48:40 Checking package: v1alpha1
[gosec] 2026/02/05 17:48:40 Checking file: /tmp/blitzy/blitzy-kubernetes/blitzy5f91179c1/staging/src/k8s.io/client-go/kubernetes/typed/scheduling/v1alpha1/doc.go
[gosec] 2026/02/05 17:48:40 Import directory: /tmp/blitzy/blitzy-kubernetes/blitzy5f91179c1/staging/src/k8s.io/client-go/plugin/pkg/client/auth/exec
[gosec] 2026/02/05 17:48:40 Checking file: /tmp/blitzy/blitzy-kubernetes/blitzy5f91179c1/staging/src/k8s.io/client-go/kubernetes/typed/scheduling/v1alpha1/generated_expansion.go
[gosec] 2026/02/05 17:48:40 Checking file: /tmp/blitzy/blitzy-kubernetes/blitzy5f91179c1/staging/src/k8s.io/client-go/kubernetes/typed/scheduling/v1alpha1/priorityclass.go
[gosec] 2026/02/05 17:48:40 Checking file: /tmp/blitzy/blitzy-kubernetes/blitzy5f91179c1/staging/src/k8s.io/client-go/kubernetes/typed/scheduling/v1alpha1/scheduling_client.go
[gosec] 2026/02/05 17:48:41 Checking file: /tmp/blitzy/blitzy-kubernetes/blitzy5f91179c1/staging/src/k8s.io/client-go/kubernetes/typed/scheduling/v1alpha1/workload.go
[gosec] 2026/02/05 17:48:41 Checking package: v1alpha2
[gosec] 2026/02/05 17:48:41 Checking file: /tmp/blitzy/blitzy-kubernetes/blitzy5f91179c1/staging/src/k8s.io/client-go/applyconfigurations/coordination/v1alpha2/leasecandidate.go
[gosec] 2026/02/05 17:48:41 Import directory: /tmp/blitzy/blitzy-kubernetes/blitzy5f91179c1/staging/src/k8s.io/client-go/applyconfigurations/discovery/v1beta1
[gosec] 2026/02/05 17:48:42 Checking file: /tmp/blitzy/blitzy-kubernetes/blitzy5f91179c1/staging/src/k8s.io/client-go/applyconfigurations/coordination/v1alpha2/leasecandidatespec.go
[gosec] 2026/02/05 17:48:42 Checking package: fake
[gosec] 2026/02/05 17:48:42 Checking file: /tmp/blitzy/blitzy-kubernetes/blitzy5f91179c1/staging/src/k8s.io/client-go/kubernetes/typed/autoscaling/v2beta2/fake/doc.go
[gosec] 2026/02/05 17:48:42 Checking file: /tmp/blitzy/blitzy-kubernetes/blitzy5f91179c1/staging/src/k8s.io/client-go/kubernetes/typed/autoscaling/v2beta2/fake/fake_autoscaling_client.go
[gosec] 2026/02/05 17:48:42 Import directory: /tmp/blitzy/blitzy-kubernetes/blitzy5f91179c1/staging/src/k8s.io/client-go/informers/node
[gosec] 2026/02/05 17:48:42 Checking file: /tmp/blitzy/blitzy-kubernetes/blitzy5f91179c1/staging/src/k8s.io/client-go/kubernetes/typed/autoscaling/v2beta2/fake/fake_horizontalpodautoscaler.go
[gosec] 2026/02/05 17:48:42 Checking package: fake
[gosec] 2026/02/05 17:48:42 Checking file: /tmp/blitzy/blitzy-kubernetes/blitzy5f91179c1/staging/src/k8s.io/client-go/kubernetes/typed/certificates/v1alpha1/fake/doc.go
[gosec] 2026/02/05 17:48:42 Import directory: /tmp/blitzy/blitzy-kubernetes/blitzy5f91179c1/staging/src/k8s.io/client-go/informers/rbac/v1
[gosec] 2026/02/05 17:48:42 Checking file: /tmp/blitzy/blitzy-kubernetes/blitzy5f91179c1/staging/src/k8s.io/client-go/kubernetes/typed/certificates/v1alpha1/fake/fake_certificates_client.go
[gosec] 2026/02/05 17:48:42 Checking file: /tmp/blitzy/blitzy-kubernetes/blitzy5f91179c1/staging/src/k8s.io/client-go/kubernetes/typed/certificates/v1alpha1/fake/fake_clustertrustbundle.go
[gosec] 2026/02/05 17:48:42 Checking package: v1beta1
[gosec] 2026/02/05 17:48:42 Checking file: /tmp/blitzy/blitzy-kubernetes/blitzy5f91179c1/staging/src/k8s.io/client-go/kubernetes/typed/scheduling/v1beta1/doc.go
[gosec] 2026/02/05 17:48:42 Import directory: /tmp/blitzy/blitzy-kubernetes/blitzy5f91179c1/staging/src/k8s.io/client-go/kubernetes/typed/extensions/v1beta1/fake
[gosec] 2026/02/05 17:48:42 Checking file: /tmp/blitzy/blitzy-kubernetes/blitzy5f91179c1/staging/src/k8s.io/client-go/kubernetes/typed/scheduling/v1beta1/generated_expansion.go
[gosec] 2026/02/05 17:48:42 Checking file: /tmp/blitzy/blitzy-kubernetes/blitzy5f91179c1/staging/src/k8s.io/client-go/kubernetes/typed/scheduling/v1beta1/priorityclass.go
[gosec] 2026/02/05 17:48:42 Checking file: /tmp/blitzy/blitzy-kubernetes/blitzy5f91179c1/staging/src/k8s.io/client-go/kubernetes/typed/scheduling/v1beta1/scheduling_client.go
[gosec] 2026/02/05 17:48:43 Checking package: fake
[gosec] 2026/02/05 17:48:43 Checking file: /tmp/blitzy/blitzy-kubernetes/blitzy5f91179c1/staging/src/k8s.io/client-go/kubernetes/typed/scheduling/v1/fake/doc.go
[gosec] 2026/02/05 17:48:43 Checking file: /tmp/blitzy/blitzy-kubernetes/blitzy5f91179c1/staging/src/k8s.io/client-go/kubernetes/typed/scheduling/v1/fake/fake_priorityclass.go
[gosec] 2026/02/05 17:48:43 Import directory: /tmp/blitzy/blitzy-kubernetes/blitzy5f91179c1/staging/src/k8s.io/client-go/plugin/pkg/client/auth/oidc
[gosec] 2026/02/05 17:48:43 Checking file: /tmp/blitzy/blitzy-kubernetes/blitzy5f91179c1/staging/src/k8s.io/client-go/kubernetes/typed/scheduling/v1/fake/fake_scheduling_client.go
[gosec] 2026/02/05 17:48:43 Checking package: v1alpha1
[gosec] 2026/02/05 17:48:43 Checking file: /tmp/blitzy/blitzy-kubernetes/blitzy5f91179c1/staging/src/k8s.io/client-go/listers/rbac/v1alpha1/clusterrole.go
[gosec] 2026/02/05 17:48:43 Import directory: /tmp/blitzy/blitzy-kubernetes/blitzy5f91179c1/staging/src/k8s.io/client-go/kubernetes/typed/admissionregistration/v1alpha1
[gosec] 2026/02/05 17:48:43 Checking file: /tmp/blitzy/blitzy-kubernetes/blitzy5f91179c1/staging/src/k8s.io/client-go/listers/rbac/v1alpha1/clusterrolebinding.go
[gosec] 2026/02/05 17:48:43 Checking file: /tmp/blitzy/blitzy-kubernetes/blitzy5f91179c1/staging/src/k8s.io/client-go/listers/rbac/v1alpha1/expansion_generated.go
[gosec] 2026/02/05 17:48:43 Checking file: /tmp/blitzy/blitzy-kubernetes/blitzy5f91179c1/staging/src/k8s.io/client-go/listers/rbac/v1alpha1/role.go
[gosec] 2026/02/05 17:48:43 Checking file: /tmp/blitzy/blitzy-kubernetes/blitzy5f91179c1/staging/src/k8s.io/client-go/listers/rbac/v1alpha1/rolebinding.go
[gosec] 2026/02/05 17:48:43 Checking package: v1alpha3
[gosec] 2026/02/05 17:48:43 Checking file: /tmp/blitzy/blitzy-kubernetes/blitzy5f91179c1/staging/src/k8s.io/client-go/listers/resource/v1alpha3/devicetaintrule.go
[gosec] 2026/02/05 17:48:43 Import directory: /tmp/blitzy/blitzy-kubernetes/blitzy5f91179c1/staging/src/k8s.io/client-go/kubernetes/typed/networking/v1beta1/fake
[gosec] 2026/02/05 17:48:43 Checking file: /tmp/blitzy/blitzy-kubernetes/blitzy5f91179c1/staging/src/k8s.io/client-go/listers/resource/v1alpha3/expansion_generated.go
[gosec] 2026/02/05 17:48:43 Checking package: exec
[gosec] 2026/02/05 17:48:43 Checking file: /tmp/blitzy/blitzy-kubernetes/blitzy5f91179c1/staging/src/k8s.io/client-go/plugin/pkg/client/auth/exec/exec.go
[gosec] 2026/02/05 17:48:43 Import directory: /tmp/blitzy/blitzy-kubernetes/blitzy5f91179c1/staging/src/k8s.io/client-go/listers/autoscaling/v2beta2
[gosec] 2026/02/05 17:48:45 Checking file: /tmp/blitzy/blitzy-kubernetes/blitzy5f91179c1/staging/src/k8s.io/client-go/plugin/pkg/client/auth/exec/metrics.go
[gosec] 2026/02/05 17:48:45 Checking package: v1beta1
[gosec] 2026/02/05 17:48:45 Checking file: /tmp/blitzy/blitzy-kubernetes/blitzy5f91179c1/staging/src/k8s.io/client-go/applyconfigurations/discovery/v1beta1/endpoint.go
[gosec] 2026/02/05 17:48:45 Import directory: /tmp/blitzy/blitzy-kubernetes/blitzy5f91179c1/staging/src/k8s.io/client-go/listers/discovery/v1
[gosec] 2026/02/05 17:48:45 Checking file: /tmp/blitzy/blitzy-kubernetes/blitzy5f91179c1/staging/src/k8s.io/client-go/applyconfigurations/discovery/v1beta1/endpointconditions.go
[gosec] 2026/02/05 17:48:45 Checking file: /tmp/blitzy/blitzy-kubernetes/blitzy5f91179c1/staging/src/k8s.io/client-go/applyconfigurations/discovery/v1beta1/endpointhints.go
[gosec] 2026/02/05 17:48:45 Checking file: /tmp/blitzy/blitzy-kubernetes/blitzy5f91179c1/staging/src/k8s.io/client-go/applyconfigurations/discovery/v1beta1/endpointport.go
[gosec] 2026/02/05 17:48:45 Checking file: /tmp/blitzy/blitzy-kubernetes/blitzy5f91179c1/staging/src/k8s.io/client-go/applyconfigurations/discovery/v1beta1/endpointslice.go
[gosec] 2026/02/05 17:48:46 Checking file: /tmp/blitzy/blitzy-kubernetes/blitzy5f91179c1/staging/src/k8s.io/client-go/applyconfigurations/discovery/v1beta1/fornode.go
[gosec] 2026/02/05 17:48:46 Checking file: /tmp/blitzy/blitzy-kubernetes/blitzy5f91179c1/staging/src/k8s.io/client-go/applyconfigurations/discovery/v1beta1/forzone.go
[gosec] 2026/02/05 17:48:46 Checking package: node
[gosec] 2026/02/05 17:48:46 Checking file: /tmp/blitzy/blitzy-kubernetes/blitzy5f91179c1/staging/src/k8s.io/client-go/informers/node/interface.go
[gosec] 2026/02/05 17:48:46 Import directory: /tmp/blitzy/blitzy-kubernetes/blitzy5f91179c1/staging/src/k8s.io/client-go/pkg/apis/clientauthentication/v1beta1
[gosec] 2026/02/05 17:48:46 Checking package: v1
[gosec] 2026/02/05 17:48:46 Checking file: /tmp/blitzy/blitzy-kubernetes/blitzy5f91179c1/staging/src/k8s.io/client-go/informers/rbac/v1/clusterrole.go
[gosec] 2026/02/05 17:48:46 Import directory: /tmp/blitzy/blitzy-kubernetes/blitzy5f91179c1/staging/src/k8s.io/client-go/applyconfigurations/certificates/v1alpha1
[gosec] 2026/02/05 17:48:47 Checking file: /tmp/blitzy/blitzy-kubernetes/blitzy5f91179c1/staging/src/k8s.io/client-go/informers/rbac/v1/clusterrolebinding.go
[gosec] 2026/02/05 17:48:47 Checking file: /tmp/blitzy/blitzy-kubernetes/blitzy5f91179c1/staging/src/k8s.io/client-go/informers/rbac/v1/interface.go
[gosec] 2026/02/05 17:48:47 Checking file: /tmp/blitzy/blitzy-kubernetes/blitzy5f91179c1/staging/src/k8s.io/client-go/informers/rbac/v1/role.go
[gosec] 2026/02/05 17:48:47 Checking file: /tmp/blitzy/blitzy-kubernetes/blitzy5f91179c1/staging/src/k8s.io/client-go/informers/rbac/v1/rolebinding.go
[gosec] 2026/02/05 17:48:48 Checking package: fake
[gosec] 2026/02/05 17:48:48 Checking file: /tmp/blitzy/blitzy-kubernetes/blitzy5f91179c1/staging/src/k8s.io/client-go/kubernetes/typed/extensions/v1beta1/fake/doc.go
[gosec] 2026/02/05 17:48:48 Import directory: /tmp/blitzy/blitzy-kubernetes/blitzy5f91179c1/staging/src/k8s.io/client-go/dynamic/dynamiclister
[gosec] 2026/02/05 17:48:48 Checking file: /tmp/blitzy/blitzy-kubernetes/blitzy5f91179c1/staging/src/k8s.io/client-go/kubernetes/typed/extensions/v1beta1/fake/fake_daemonset.go
[gosec] 2026/02/05 17:48:48 Checking file: /tmp/blitzy/blitzy-kubernetes/blitzy5f91179c1/staging/src/k8s.io/client-go/kubernetes/typed/extensions/v1beta1/fake/fake_deployment.go
[gosec] 2026/02/05 17:48:48 Checking file: /tmp/blitzy/blitzy-kubernetes/blitzy5f91179c1/staging/src/k8s.io/client-go/kubernetes/typed/extensions/v1beta1/fake/fake_deployment_expansion.go
[gosec] 2026/02/05 17:48:48 Checking file: /tmp/blitzy/blitzy-kubernetes/blitzy5f91179c1/staging/src/k8s.io/client-go/kubernetes/typed/extensions/v1beta1/fake/fake_extensions_client.go
[gosec] 2026/02/05 17:48:48 Checking file: /tmp/blitzy/blitzy-kubernetes/blitzy5f91179c1/staging/src/k8s.io/client-go/kubernetes/typed/extensions/v1beta1/fake/fake_ingress.go
[gosec] 2026/02/05 17:48:48 Checking file: /tmp/blitzy/blitzy-kubernetes/blitzy5f91179c1/staging/src/k8s.io/client-go/kubernetes/typed/extensions/v1beta1/fake/fake_networkpolicy.go
[gosec] 2026/02/05 17:48:49 Checking file: /tmp/blitzy/blitzy-kubernetes/blitzy5f91179c1/staging/src/k8s.io/client-go/kubernetes/typed/extensions/v1beta1/fake/fake_replicaset.go
[gosec] 2026/02/05 17:48:49 Checking package: oidc
[gosec] 2026/02/05 17:48:49 Checking file: /tmp/blitzy/blitzy-kubernetes/blitzy5f91179c1/staging/src/k8s.io/client-go/plugin/pkg/client/auth/oidc/oidc.go
[gosec] 2026/02/05 17:48:49 Import directory: /tmp/blitzy/blitzy-kubernetes/blitzy5f91179c1/staging/src/k8s.io/client-go/informers/certificates/v1
[gosec] 2026/02/05 17:48:50 Checking package: v1alpha1
[gosec] 2026/02/05 17:48:50 Checking file: /tmp/blitzy/blitzy-kubernetes/blitzy5f91179c1/staging/src/k8s.io/client-go/kubernetes/typed/admissionregistration/v1alpha1/admissionregistration_client.go
[gosec] 2026/02/05 17:48:50 Import directory: /tmp/blitzy/blitzy-kubernetes/blitzy5f91179c1/staging/src/k8s.io/client-go/informers/networking/v1
[gosec] 2026/02/05 17:48:50 Checking file: /tmp/blitzy/blitzy-kubernetes/blitzy5f91179c1/staging/src/k8s.io/client-go/kubernetes/typed/admissionregistration/v1alpha1/doc.go
[gosec] 2026/02/05 17:48:50 Checking file: /tmp/blitzy/blitzy-kubernetes/blitzy5f91179c1/staging/src/k8s.io/client-go/kubernetes/typed/admissionregistration/v1alpha1/generated_expansion.go
[gosec] 2026/02/05 17:48:50 Checking file: /tmp/blitzy/blitzy-kubernetes/blitzy5f91179c1/staging/src/k8s.io/client-go/kubernetes/typed/admissionregistration/v1alpha1/mutatingadmissionpolicy.go
[gosec] 2026/02/05 17:48:50 Checking file: /tmp/blitzy/blitzy-kubernetes/blitzy5f91179c1/staging/src/k8s.io/client-go/kubernetes/typed/admissionregistration/v1alpha1/mutatingadmissionpolicybinding.go
[gosec] 2026/02/05 17:48:50 Checking file: /tmp/blitzy/blitzy-kubernetes/blitzy5f91179c1/staging/src/k8s.io/client-go/kubernetes/typed/admissionregistration/v1alpha1/validatingadmissionpolicy.go
[gosec] 2026/02/05 17:48:50 Checking file: /tmp/blitzy/blitzy-kubernetes/blitzy5f91179c1/staging/src/k8s.io/client-go/kubernetes/typed/admissionregistration/v1alpha1/validatingadmissionpolicybinding.go
[gosec] 2026/02/05 17:48:51 Checking package: v2beta2
[gosec] 2026/02/05 17:48:51 Checking file: /tmp/blitzy/blitzy-kubernetes/blitzy5f91179c1/staging/src/k8s.io/client-go/listers/autoscaling/v2beta2/expansion_generated.go
[gosec] 2026/02/05 17:48:51 Import directory: /tmp/blitzy/blitzy-kubernetes/blitzy5f91179c1/staging/src/k8s.io/client-go/informers/policy
[gosec] 2026/02/05 17:48:51 Checking file: /tmp/blitzy/blitzy-kubernetes/blitzy5f91179c1/staging/src/k8s.io/client-go/listers/autoscaling/v2beta2/horizontalpodautoscaler.go
[gosec] 2026/02/05 17:48:51 Checking package: fake
[gosec] 2026/02/05 17:48:51 Checking file: /tmp/blitzy/blitzy-kubernetes/blitzy5f91179c1/staging/src/k8s.io/client-go/kubernetes/typed/networking/v1beta1/fake/doc.go
[gosec] 2026/02/05 17:48:51 Import directory: /tmp/blitzy/blitzy-kubernetes/blitzy5f91179c1/staging/src/k8s.io/client-go/informers/resource
[gosec] 2026/02/05 17:48:51 Checking file: /tmp/blitzy/blitzy-kubernetes/blitzy5f91179c1/staging/src/k8s.io/client-go/kubernetes/typed/networking/v1beta1/fake/fake_ingress.go
[gosec] 2026/02/05 17:48:51 Checking file: /tmp/blitzy/blitzy-kubernetes/blitzy5f91179c1/staging/src/k8s.io/client-go/kubernetes/typed/networking/v1beta1/fake/fake_ingressclass.go
[gosec] 2026/02/05 17:48:51 Checking file: /tmp/blitzy/blitzy-kubernetes/blitzy5f91179c1/staging/src/k8s.io/client-go/kubernetes/typed/networking/v1beta1/fake/fake_ipaddress.go
[gosec] 2026/02/05 17:48:51 Checking file: /tmp/blitzy/blitzy-kubernetes/blitzy5f91179c1/staging/src/k8s.io/client-go/kubernetes/typed/networking/v1beta1/fake/fake_networking_client.go
[gosec] 2026/02/05 17:48:51 Checking file: /tmp/blitzy/blitzy-kubernetes/blitzy5f91179c1/staging/src/k8s.io/client-go/kubernetes/typed/networking/v1beta1/fake/fake_servicecidr.go
[gosec] 2026/02/05 17:48:51 Checking package: v1
[gosec] 2026/02/05 17:48:51 Checking file: /tmp/blitzy/blitzy-kubernetes/blitzy5f91179c1/staging/src/k8s.io/client-go/listers/discovery/v1/endpointslice.go
[gosec] 2026/02/05 17:48:51 Import directory: /tmp/blitzy/blitzy-kubernetes/blitzy5f91179c1/staging/src/k8s.io/client-go/informers/resource/v1alpha3
[gosec] 2026/02/05 17:48:51 Checking file: /tmp/blitzy/blitzy-kubernetes/blitzy5f91179c1/staging/src/k8s.io/client-go/listers/discovery/v1/expansion_generated.go
[gosec] 2026/02/05 17:48:51 Checking package: v1beta1
[gosec] 2026/02/05 17:48:51 Checking file: /tmp/blitzy/blitzy-kubernetes/blitzy5f91179c1/staging/src/k8s.io/client-go/pkg/apis/clientauthentication/v1beta1/doc.go
[gosec] 2026/02/05 17:48:51 Import directory: /tmp/blitzy/blitzy-kubernetes/blitzy5f91179c1/staging/src/k8s.io/client-go/kubernetes/typed/scheduling/v1alpha1/fake
[gosec] 2026/02/05 17:48:51 Checking file: /tmp/blitzy/blitzy-kubernetes/blitzy5f91179c1/staging/src/k8s.io/client-go/pkg/apis/clientauthentication/v1beta1/register.go
[gosec] 2026/02/05 17:48:51 Checking file: /tmp/blitzy/blitzy-kubernetes/blitzy5f91179c1/staging/src/k8s.io/client-go/pkg/apis/clientauthentication/v1beta1/types.go
[gosec] 2026/02/05 17:48:51 Checking file: /tmp/blitzy/blitzy-kubernetes/blitzy5f91179c1/staging/src/k8s.io/client-go/pkg/apis/clientauthentication/v1beta1/zz_generated.conversion.go
[gosec] 2026/02/05 17:48:52 Checking file: /tmp/blitzy/blitzy-kubernetes/blitzy5f91179c1/staging/src/k8s.io/client-go/pkg/apis/clientauthentication/v1beta1/zz_generated.deepcopy.go
[gosec] 2026/02/05 17:48:53 Checking file: /tmp/blitzy/blitzy-kubernetes/blitzy5f91179c1/staging/src/k8s.io/client-go/pkg/apis/clientauthentication/v1beta1/zz_generated.defaults.go
[gosec] 2026/02/05 17:48:53 Checking file: /tmp/blitzy/blitzy-kubernetes/blitzy5f91179c1/staging/src/k8s.io/client-go/pkg/apis/clientauthentication/v1beta1/zz_generated.model_name.go
[gosec] 2026/02/05 17:48:53 Checking package: v1alpha1
[gosec] 2026/02/05 17:48:53 Checking file: /tmp/blitzy/blitzy-kubernetes/blitzy5f91179c1/staging/src/k8s.io/client-go/applyconfigurations/certificates/v1alpha1/clustertrustbundle.go
[gosec] 2026/02/05 17:48:53 Import directory: /tmp/blitzy/blitzy-kubernetes/blitzy5f91179c1/staging/src/k8s.io/client-go/applyconfigurations/resource/v1alpha3
[gosec] 2026/02/05 17:48:54 Checking file: /tmp/blitzy/blitzy-kubernetes/blitzy5f91179c1/staging/src/k8s.io/client-go/applyconfigurations/certificates/v1alpha1/clustertrustbundlespec.go
[gosec] 2026/02/05 17:48:54 Checking package: dynamiclister
[gosec] 2026/02/05 17:48:54 Checking file: /tmp/blitzy/blitzy-kubernetes/blitzy5f91179c1/staging/src/k8s.io/client-go/dynamic/dynamiclister/interface.go
[gosec] 2026/02/05 17:48:54 Import directory: /tmp/blitzy/blitzy-kubernetes/blitzy5f91179c1/staging/src/k8s.io/client-go/applyconfigurations/scheduling/v1
[gosec] 2026/02/05 17:48:54 Checking file: /tmp/blitzy/blitzy-kubernetes/blitzy5f91179c1/staging/src/k8s.io/client-go/dynamic/dynamiclister/lister.go
[gosec] 2026/02/05 17:48:54 Checking file: /tmp/blitzy/blitzy-kubernetes/blitzy5f91179c1/staging/src/k8s.io/client-go/dynamic/dynamiclister/shim.go
[gosec] 2026/02/05 17:48:54 Checking package: v1
[gosec] 2026/02/05 17:48:54 Checking file: /tmp/blitzy/blitzy-kubernetes/blitzy5f91179c1/staging/src/k8s.io/client-go/informers/certificates/v1/certificatesigningrequest.go
[gosec] 2026/02/05 17:48:54 Import directory: /tmp/blitzy/blitzy-kubernetes/blitzy5f91179c1/staging/src/k8s.io/client-go/informers/apps
[gosec] 2026/02/05 17:48:54 Checking file: /tmp/blitzy/blitzy-kubernetes/blitzy5f91179c1/staging/src/k8s.io/client-go/informers/certificates/v1/interface.go
[gosec] 2026/02/05 17:48:55 Checking package: v1
[gosec] 2026/02/05 17:48:55 Checking file: /tmp/blitzy/blitzy-kubernetes/blitzy5f91179c1/staging/src/k8s.io/client-go/informers/networking/v1/ingress.go
[gosec] 2026/02/05 17:48:55 Import directory: /tmp/blitzy/blitzy-kubernetes/blitzy5f91179c1/staging/src/k8s.io/client-go/informers/events
[gosec] 2026/02/05 17:48:55 Checking file: /tmp/blitzy/blitzy-kubernetes/blitzy5f91179c1/staging/src/k8s.io/client-go/informers/networking/v1/ingressclass.go
[gosec] 2026/02/05 17:48:55 Checking file: /tmp/blitzy/blitzy-kubernetes/blitzy5f91179c1/staging/src/k8s.io/client-go/informers/networking/v1/interface.go
[gosec] 2026/02/05 17:48:55 Checking file: /tmp/blitzy/blitzy-kubernetes/blitzy5f91179c1/staging/src/k8s.io/client-go/informers/networking/v1/ipaddress.go
[gosec] 2026/02/05 17:48:56 Checking file: /tmp/blitzy/blitzy-kubernetes/blitzy5f91179c1/staging/src/k8s.io/client-go/informers/networking/v1/networkpolicy.go
[gosec] 2026/02/05 17:48:56 Checking file: /tmp/blitzy/blitzy-kubernetes/blitzy5f91179c1/staging/src/k8s.io/client-go/informers/networking/v1/servicecidr.go
[gosec] 2026/02/05 17:48:56 Checking package: policy
[gosec] 2026/02/05 17:48:56 Checking file: /tmp/blitzy/blitzy-kubernetes/blitzy5f91179c1/staging/src/k8s.io/client-go/informers/policy/interface.go
[gosec] 2026/02/05 17:48:56 Import directory: /tmp/blitzy/blitzy-kubernetes/blitzy5f91179c1/staging/src/k8s.io/client-go/kubernetes/typed/flowcontrol/v1beta2/fake
[gosec] 2026/02/05 17:48:56 Checking package: resource
[gosec] 2026/02/05 17:48:56 Checking file: /tmp/blitzy/blitzy-kubernetes/blitzy5f91179c1/staging/src/k8s.io/client-go/informers/resource/interface.go
[gosec] 2026/02/05 17:48:56 Import directory: /tmp/blitzy/blitzy-kubernetes/blitzy5f91179c1/staging/src/k8s.io/client-go/listers/autoscaling/v2beta1
[gosec] 2026/02/05 17:48:56 Checking package: fake
[gosec] 2026/02/05 17:48:56 Checking file: /tmp/blitzy/blitzy-kubernetes/blitzy5f91179c1/staging/src/k8s.io/client-go/kubernetes/typed/scheduling/v1alpha1/fake/doc.go
[gosec] 2026/02/05 17:48:56 Checking file: /tmp/blitzy/blitzy-kubernetes/blitzy5f91179c1/staging/src/k8s.io/client-go/kubernetes/typed/scheduling/v1alpha1/fake/fake_priorityclass.go
[gosec] 2026/02/05 17:48:56 Import directory: /tmp/blitzy/blitzy-kubernetes/blitzy5f91179c1/staging/src/k8s.io/client-go/tools/clientcmd/api
[gosec] 2026/02/05 17:48:57 Checking file: /tmp/blitzy/blitzy-kubernetes/blitzy5f91179c1/staging/src/k8s.io/client-go/kubernetes/typed/scheduling/v1alpha1/fake/fake_scheduling_client.go
[gosec] 2026/02/05 17:48:57 Checking file: /tmp/blitzy/blitzy-kubernetes/blitzy5f91179c1/staging/src/k8s.io/client-go/kubernetes/typed/scheduling/v1alpha1/fake/fake_workload.go
[gosec] 2026/02/05 17:48:57 Checking package: v1alpha3
[gosec] 2026/02/05 17:48:57 Checking file: /tmp/blitzy/blitzy-kubernetes/blitzy5f91179c1/staging/src/k8s.io/client-go/informers/resource/v1alpha3/devicetaintrule.go
[gosec] 2026/02/05 17:48:57 Import directory: /tmp/blitzy/blitzy-kubernetes/blitzy5f91179c1/staging/src/k8s.io/client-go/tools/watch
[gosec] 2026/02/05 17:48:57 Checking file: /tmp/blitzy/blitzy-kubernetes/blitzy5f91179c1/staging/src/k8s.io/client-go/informers/resource/v1alpha3/interface.go
[gosec] 2026/02/05 17:48:57 Checking package: v1alpha3
[gosec] 2026/02/05 17:48:57 Checking file: /tmp/blitzy/blitzy-kubernetes/blitzy5f91179c1/staging/src/k8s.io/client-go/applyconfigurations/resource/v1alpha3/devicetaint.go
[gosec] 2026/02/05 17:48:57 Import directory: /tmp/blitzy/blitzy-kubernetes/blitzy5f91179c1/staging/src/k8s.io/client-go/applyconfigurations/rbac/v1alpha1
[gosec] 2026/02/05 17:48:57 Checking file: /tmp/blitzy/blitzy-kubernetes/blitzy5f91179c1/staging/src/k8s.io/client-go/applyconfigurations/resource/v1alpha3/devicetaintrule.go
[gosec] 2026/02/05 17:48:58 Checking file: /tmp/blitzy/blitzy-kubernetes/blitzy5f91179c1/staging/src/k8s.io/client-go/applyconfigurations/resource/v1alpha3/devicetaintrulespec.go
[gosec] 2026/02/05 17:48:58 Checking file: /tmp/blitzy/blitzy-kubernetes/blitzy5f91179c1/staging/src/k8s.io/client-go/applyconfigurations/resource/v1alpha3/devicetaintrulestatus.go
[gosec] 2026/02/05 17:48:58 Checking file: /tmp/blitzy/blitzy-kubernetes/blitzy5f91179c1/staging/src/k8s.io/client-go/applyconfigurations/resource/v1alpha3/devicetaintselector.go
[gosec] 2026/02/05 17:48:58 Checking package: v1
[gosec] 2026/02/05 17:48:58 Checking file: /tmp/blitzy/blitzy-kubernetes/blitzy5f91179c1/staging/src/k8s.io/client-go/applyconfigurations/scheduling/v1/priorityclass.go
[gosec] 2026/02/05 17:48:58 Import directory: /tmp/blitzy/blitzy-kubernetes/blitzy5f91179c1/staging/src/k8s.io/client-go/informers/apps/v1beta1
[gosec] 2026/02/05 17:48:59 Checking package: apps
[gosec] 2026/02/05 17:48:59 Checking file: /tmp/blitzy/blitzy-kubernetes/blitzy5f91179c1/staging/src/k8s.io/client-go/informers/apps/interface.go
[gosec] 2026/02/05 17:48:59 Import directory: /tmp/blitzy/blitzy-kubernetes/blitzy5f91179c1/staging/src/k8s.io/client-go/kubernetes/typed/resource/v1alpha3/fake
[gosec] 2026/02/05 17:48:59 Checking package: events
[gosec] 2026/02/05 17:48:59 Checking file: /tmp/blitzy/blitzy-kubernetes/blitzy5f91179c1/staging/src/k8s.io/client-go/informers/events/interface.go
[gosec] 2026/02/05 17:48:59 Import directory: /tmp/blitzy/blitzy-kubernetes/blitzy5f91179c1/staging/src/k8s.io/client-go/listers/apiserverinternal/v1alpha1
[gosec] 2026/02/05 17:48:59 Checking package: v2beta1
[gosec] 2026/02/05 17:48:59 Checking file: /tmp/blitzy/blitzy-kubernetes/blitzy5f91179c1/staging/src/k8s.io/client-go/listers/autoscaling/v2beta1/expansion_generated.go
[gosec] 2026/02/05 17:48:59 Import directory: /tmp/blitzy/blitzy-kubernetes/blitzy5f91179c1/staging/src/k8s.io/client-go/listers/apps/v1beta1
[gosec] 2026/02/05 17:48:59 Checking file: /tmp/blitzy/blitzy-kubernetes/blitzy5f91179c1/staging/src/k8s.io/client-go/listers/autoscaling/v2beta1/horizontalpodautoscaler.go
[gosec] 2026/02/05 17:48:59 Import directory: /tmp/blitzy/blitzy-kubernetes/blitzy5f91179c1/staging/src/k8s.io/client-go/scale
[gosec] 2026/02/05 17:48:59 Checking package: api
[gosec] 2026/02/05 17:48:59 Checking file: /tmp/blitzy/blitzy-kubernetes/blitzy5f91179c1/staging/src/k8s.io/client-go/tools/clientcmd/api/doc.go
[gosec] 2026/02/05 17:48:59 Checking file: /tmp/blitzy/blitzy-kubernetes/blitzy5f91179c1/staging/src/k8s.io/client-go/tools/clientcmd/api/helpers.go
[gosec] 2026/02/05 17:49:00 Checking file: /tmp/blitzy/blitzy-kubernetes/blitzy5f91179c1/staging/src/k8s.io/client-go/tools/clientcmd/api/register.go
[gosec] 2026/02/05 17:49:00 Checking file: /tmp/blitzy/blitzy-kubernetes/blitzy5f91179c1/staging/src/k8s.io/client-go/tools/clientcmd/api/types.go
[gosec] 2026/02/05 17:49:01 Checking file: /tmp/blitzy/blitzy-kubernetes/blitzy5f91179c1/staging/src/k8s.io/client-go/tools/clientcmd/api/zz_generated.deepcopy.go
[gosec] 2026/02/05 17:49:02 Checking package: fake
[gosec] 2026/02/05 17:49:02 Checking file: /tmp/blitzy/blitzy-kubernetes/blitzy5f91179c1/staging/src/k8s.io/client-go/kubernetes/typed/flowcontrol/v1beta2/fake/doc.go
[gosec] 2026/02/05 17:49:02 Checking file: /tmp/blitzy/blitzy-kubernetes/blitzy5f91179c1/staging/src/k8s.io/client-go/kubernetes/typed/flowcontrol/v1beta2/fake/fake_flowcontrol_client.go
[gosec] 2026/02/05 17:49:02 Import directory: /tmp/blitzy/blitzy-kubernetes/blitzy5f91179c1/staging/src/k8s.io/client-go/tools/internal/events
[gosec] 2026/02/05 17:49:02 Checking file: /tmp/blitzy/blitzy-kubernetes/blitzy5f91179c1/staging/src/k8s.io/client-go/kubernetes/typed/flowcontrol/v1beta2/fake/fake_flowschema.go
[gosec] 2026/02/05 17:49:02 Checking file: /tmp/blitzy/blitzy-kubernetes/blitzy5f91179c1/staging/src/k8s.io/client-go/kubernetes/typed/flowcontrol/v1beta2/fake/fake_prioritylevelconfiguration.go
[gosec] 2026/02/05 17:49:02 Checking package: watch
[gosec] 2026/02/05 17:49:02 Checking file: /tmp/blitzy/blitzy-kubernetes/blitzy5f91179c1/staging/src/k8s.io/client-go/tools/watch/informerwatcher.go
[gosec] 2026/02/05 17:49:02 Import directory: /tmp/blitzy/blitzy-kubernetes/blitzy5f91179c1/staging/src/k8s.io/client-go/applyconfigurations/storagemigration/v1beta1
[gosec] 2026/02/05 17:49:03 Checking file: /tmp/blitzy/blitzy-kubernetes/blitzy5f91179c1/staging/src/k8s.io/client-go/tools/watch/retrywatcher.go
[gosec] 2026/02/05 17:49:03 Checking file: /tmp/blitzy/blitzy-kubernetes/blitzy5f91179c1/staging/src/k8s.io/client-go/tools/watch/until.go
[gosec] 2026/02/05 17:49:04 Checking package: v1alpha1
[gosec] 2026/02/05 17:49:04 Checking file: /tmp/blitzy/blitzy-kubernetes/blitzy5f91179c1/staging/src/k8s.io/client-go/applyconfigurations/rbac/v1alpha1/aggregationrule.go
[gosec] 2026/02/05 17:49:04 Import directory: /tmp/blitzy/blitzy-kubernetes/blitzy5f91179c1/staging/src/k8s.io/client-go/kubernetes/typed/coordination/v1alpha2
[gosec] 2026/02/05 17:49:04 Checking file: /tmp/blitzy/blitzy-kubernetes/blitzy5f91179c1/staging/src/k8s.io/client-go/applyconfigurations/rbac/v1alpha1/clusterrole.go
[gosec] 2026/02/05 17:49:05 Checking file: /tmp/blitzy/blitzy-kubernetes/blitzy5f91179c1/staging/src/k8s.io/client-go/applyconfigurations/rbac/v1alpha1/clusterrolebinding.go
[gosec] 2026/02/05 17:49:05 Checking file: /tmp/blitzy/blitzy-kubernetes/blitzy5f91179c1/staging/src/k8s.io/client-go/applyconfigurations/rbac/v1alpha1/policyrule.go
[gosec] 2026/02/05 17:49:06 Checking file: /tmp/blitzy/blitzy-kubernetes/blitzy5f91179c1/staging/src/k8s.io/client-go/applyconfigurations/rbac/v1alpha1/role.go
[gosec] 2026/02/05 17:49:06 Checking file: /tmp/blitzy/blitzy-kubernetes/blitzy5f91179c1/staging/src/k8s.io/client-go/applyconfigurations/rbac/v1alpha1/rolebinding.go
[gosec] 2026/02/05 17:49:07 Checking file: /tmp/blitzy/blitzy-kubernetes/blitzy5f91179c1/staging/src/k8s.io/client-go/applyconfigurations/rbac/v1alpha1/roleref.go
[gosec] 2026/02/05 17:49:07 Checking file: /tmp/blitzy/blitzy-kubernetes/blitzy5f91179c1/staging/src/k8s.io/client-go/applyconfigurations/rbac/v1alpha1/subject.go
[gosec] 2026/02/05 17:49:07 Checking package: v1beta1
[gosec] 2026/02/05 17:49:07 Checking file: /tmp/blitzy/blitzy-kubernetes/blitzy5f91179c1/staging/src/k8s.io/client-go/informers/apps/v1beta1/controllerrevision.go
[gosec] 2026/02/05 17:49:07 Import directory: /tmp/blitzy/blitzy-kubernetes/blitzy5f91179c1/staging/src/k8s.io/client-go/kubernetes/typed/resource/v1beta1
[gosec] 2026/02/05 17:49:08 Checking file: /tmp/blitzy/blitzy-kubernetes/blitzy5f91179c1/staging/src/k8s.io/client-go/informers/apps/v1beta1/deployment.go
[gosec] 2026/02/05 17:49:08 Checking file: /tmp/blitzy/blitzy-kubernetes/blitzy5f91179c1/staging/src/k8s.io/client-go/informers/apps/v1beta1/interface.go
[gosec] 2026/02/05 17:49:08 Checking file: /tmp/blitzy/blitzy-kubernetes/blitzy5f91179c1/staging/src/k8s.io/client-go/informers/apps/v1beta1/statefulset.go
[gosec] 2026/02/05 17:49:08 Checking package: v1alpha1
[gosec] 2026/02/05 17:49:08 Checking file: /tmp/blitzy/blitzy-kubernetes/blitzy5f91179c1/staging/src/k8s.io/client-go/listers/apiserverinternal/v1alpha1/expansion_generated.go
[gosec] 2026/02/05 17:49:08 Import directory: /tmp/blitzy/blitzy-kubernetes/blitzy5f91179c1/staging/src/k8s.io/client-go/listers/discovery/v1beta1
[gosec] 2026/02/05 17:49:08 Checking file: /tmp/blitzy/blitzy-kubernetes/blitzy5f91179c1/staging/src/k8s.io/client-go/listers/apiserverinternal/v1alpha1/storageversion.go
[gosec] 2026/02/05 17:49:08 Checking package: v1beta1
[gosec] 2026/02/05 17:49:08 Checking file: /tmp/blitzy/blitzy-kubernetes/blitzy5f91179c1/staging/src/k8s.io/client-go/listers/apps/v1beta1/controllerrevision.go
[gosec] 2026/02/05 17:49:08 Import directory: /tmp/blitzy/blitzy-kubernetes/blitzy5f91179c1/staging/src/k8s.io/client-go/listers/flowcontrol/v1beta2
[gosec] 2026/02/05 17:49:08 Checking file: /tmp/blitzy/blitzy-kubernetes/blitzy5f91179c1/staging/src/k8s.io/client-go/listers/apps/v1beta1/deployment.go
[gosec] 2026/02/05 17:49:08 Checking file: /tmp/blitzy/blitzy-kubernetes/blitzy5f91179c1/staging/src/k8s.io/client-go/listers/apps/v1beta1/expansion_generated.go
[gosec] 2026/02/05 17:49:08 Checking file: /tmp/blitzy/blitzy-kubernetes/blitzy5f91179c1/staging/src/k8s.io/client-go/listers/apps/v1beta1/statefulset.go
[gosec] 2026/02/05 17:49:09 Checking file: /tmp/blitzy/blitzy-kubernetes/blitzy5f91179c1/staging/src/k8s.io/client-go/listers/apps/v1beta1/statefulset_expansion.go
[gosec] 2026/02/05 17:49:09 Checking package: fake
[gosec] 2026/02/05 17:49:09 Checking file: /tmp/blitzy/blitzy-kubernetes/blitzy5f91179c1/staging/src/k8s.io/client-go/kubernetes/typed/resource/v1alpha3/fake/doc.go
[gosec] 2026/02/05 17:49:09 Import directory: /tmp/blitzy/blitzy-kubernetes/blitzy5f91179c1/staging/src/k8s.io/client-go/restmapper
[gosec] 2026/02/05 17:49:09 Checking file: /tmp/blitzy/blitzy-kubernetes/blitzy5f91179c1/staging/src/k8s.io/client-go/kubernetes/typed/resource/v1alpha3/fake/fake_devicetaintrule.go
[gosec] 2026/02/05 17:49:09 Checking file: /tmp/blitzy/blitzy-kubernetes/blitzy5f91179c1/staging/src/k8s.io/client-go/kubernetes/typed/resource/v1alpha3/fake/fake_resource_client.go
[gosec] 2026/02/05 17:49:09 Checking package: scale
[gosec] 2026/02/05 17:49:09 Checking file: /tmp/blitzy/blitzy-kubernetes/blitzy5f91179c1/staging/src/k8s.io/client-go/scale/client.go
[gosec] 2026/02/05 17:49:09 Import directory: /tmp/blitzy/blitzy-kubernetes/blitzy5f91179c1/staging/src/k8s.io/client-go/transport
[gosec] 2026/02/05 17:49:09 Checking file: /tmp/blitzy/blitzy-kubernetes/blitzy5f91179c1/staging/src/k8s.io/client-go/scale/doc.go
[gosec] 2026/02/05 17:49:09 Checking file: /tmp/blitzy/blitzy-kubernetes/blitzy5f91179c1/staging/src/k8s.io/client-go/scale/interfaces.go
[gosec] 2026/02/05 17:49:09 Checking file: /tmp/blitzy/blitzy-kubernetes/blitzy5f91179c1/staging/src/k8s.io/client-go/scale/util.go
[gosec] 2026/02/05 17:49:10 Checking package: internal
[gosec] 2026/02/05 17:49:10 Checking file: /tmp/blitzy/blitzy-kubernetes/blitzy5f91179c1/staging/src/k8s.io/client-go/tools/internal/events/interfaces.go
[gosec] 2026/02/05 17:49:10 Import directory: /tmp/blitzy/blitzy-kubernetes/blitzy5f91179c1/staging/src/k8s.io/client-go/util/connrotation
[gosec] 2026/02/05 17:49:10 Checking package: v1beta1
[gosec] 2026/02/05 17:49:10 Checking file: /tmp/blitzy/blitzy-kubernetes/blitzy5f91179c1/staging/src/k8s.io/client-go/applyconfigurations/storagemigration/v1beta1/storageversionmigration.go
[gosec] 2026/02/05 17:49:10 Import directory: /tmp/blitzy/blitzy-kubernetes/blitzy5f91179c1/staging/src/k8s.io/client-go/kubernetes/typed/autoscaling/v2beta2
[gosec] 2026/02/05 17:49:10 Checking file: /tmp/blitzy/blitzy-kubernetes/blitzy5f91179c1/staging/src/k8s.io/client-go/applyconfigurations/storagemigration/v1beta1/storageversionmigrationspec.go
[gosec] 2026/02/05 17:49:10 Checking file: /tmp/blitzy/blitzy-kubernetes/blitzy5f91179c1/staging/src/k8s.io/client-go/applyconfigurations/storagemigration/v1beta1/storageversionmigrationstatus.go
[gosec] 2026/02/05 17:49:11 Checking package: v1alpha2
[gosec] 2026/02/05 17:49:11 Checking file: /tmp/blitzy/blitzy-kubernetes/blitzy5f91179c1/staging/src/k8s.io/client-go/kubernetes/typed/coordination/v1alpha2/coordination_client.go
[gosec] 2026/02/05 17:49:11 Import directory: /tmp/blitzy/blitzy-kubernetes/blitzy5f91179c1/staging/src/k8s.io/client-go/kubernetes/typed/resource/v1/fake
[gosec] 2026/02/05 17:49:11 Checking file: /tmp/blitzy/blitzy-kubernetes/blitzy5f91179c1/staging/src/k8s.io/client-go/kubernetes/typed/coordination/v1alpha2/doc.go
[gosec] 2026/02/05 17:49:11 Checking file: /tmp/blitzy/blitzy-kubernetes/blitzy5f91179c1/staging/src/k8s.io/client-go/kubernetes/typed/coordination/v1alpha2/generated_expansion.go
[gosec] 2026/02/05 17:49:11 Checking file: /tmp/blitzy/blitzy-kubernetes/blitzy5f91179c1/staging/src/k8s.io/client-go/kubernetes/typed/coordination/v1alpha2/leasecandidate.go
[gosec] 2026/02/05 17:49:11 Checking package: v1beta1
[gosec] 2026/02/05 17:49:11 Checking file: /tmp/blitzy/blitzy-kubernetes/blitzy5f91179c1/staging/src/k8s.io/client-go/kubernetes/typed/resource/v1beta1/deviceclass.go
[gosec] 2026/02/05 17:49:11 Import directory: /tmp/blitzy/blitzy-kubernetes/blitzy5f91179c1/staging/src/k8s.io/client-go/pkg/apis/clientauthentication/v1
[gosec] 2026/02/05 17:49:11 Checking file: /tmp/blitzy/blitzy-kubernetes/blitzy5f91179c1/staging/src/k8s.io/client-go/kubernetes/typed/resource/v1beta1/doc.go
[gosec] 2026/02/05 17:49:11 Checking file: /tmp/blitzy/blitzy-kubernetes/blitzy5f91179c1/staging/src/k8s.io/client-go/kubernetes/typed/resource/v1beta1/generated_expansion.go
[gosec] 2026/02/05 17:49:11 Checking file: /tmp/blitzy/blitzy-kubernetes/blitzy5f91179c1/staging/src/k8s.io/client-go/kubernetes/typed/resource/v1beta1/resource_client.go
[gosec] 2026/02/05 17:49:11 Checking file: /tmp/blitzy/blitzy-kubernetes/blitzy5f91179c1/staging/src/k8s.io/client-go/kubernetes/typed/resource/v1beta1/resourceclaim.go
[gosec] 2026/02/05 17:49:12 Checking file: /tmp/blitzy/blitzy-kubernetes/blitzy5f91179c1/staging/src/k8s.io/client-go/kubernetes/typed/resource/v1beta1/resourceclaimtemplate.go
[gosec] 2026/02/05 17:49:12 Checking file: /tmp/blitzy/blitzy-kubernetes/blitzy5f91179c1/staging/src/k8s.io/client-go/kubernetes/typed/resource/v1beta1/resourceslice.go
[gosec] 2026/02/05 17:49:12 Checking package: v1beta1
[gosec] 2026/02/05 17:49:12 Checking file: /tmp/blitzy/blitzy-kubernetes/blitzy5f91179c1/staging/src/k8s.io/client-go/listers/discovery/v1beta1/endpointslice.go
[gosec] 2026/02/05 17:49:12 Import directory: /tmp/blitzy/blitzy-kubernetes/blitzy5f91179c1/staging/src/k8s.io/client-go/applyconfigurations/flowcontrol/v1beta1
[gosec] 2026/02/05 17:49:12 Checking file: /tmp/blitzy/blitzy-kubernetes/blitzy5f91179c1/staging/src/k8s.io/client-go/listers/discovery/v1beta1/expansion_generated.go
[gosec] 2026/02/05 17:49:12 Checking package: v1beta2
[gosec] 2026/02/05 17:49:12 Checking file: /tmp/blitzy/blitzy-kubernetes/blitzy5f91179c1/staging/src/k8s.io/client-go/listers/flowcontrol/v1beta2/expansion_generated.go
[gosec] 2026/02/05 17:49:12 Import directory: /tmp/blitzy/blitzy-kubernetes/blitzy5f91179c1/staging/src/k8s.io/client-go
[gosec] 2026/02/05 17:49:12 Checking file: /tmp/blitzy/blitzy-kubernetes/blitzy5f91179c1/staging/src/k8s.io/client-go/listers/flowcontrol/v1beta2/flowschema.go
[gosec] 2026/02/05 17:49:12 Checking file: /tmp/blitzy/blitzy-kubernetes/blitzy5f91179c1/staging/src/k8s.io/client-go/listers/flowcontrol/v1beta2/prioritylevelconfiguration.go
[gosec] 2026/02/05 17:49:12 Checking package: transport
[gosec] 2026/02/05 17:49:12 Checking file: /tmp/blitzy/blitzy-kubernetes/blitzy5f91179c1/staging/src/k8s.io/client-go/transport/cache.go
[gosec] 2026/02/05 17:49:12 Import directory: /tmp/blitzy/blitzy-kubernetes/blitzy5f91179c1/staging/src/k8s.io/client-go/informers/coordination/v1alpha2
[gosec] 2026/02/05 17:49:12 Checking file: /tmp/blitzy/blitzy-kubernetes/blitzy5f91179c1/staging/src/k8s.io/client-go/transport/cache_go118.go
[gosec] 2026/02/05 17:49:12 Checking file: /tmp/blitzy/blitzy-kubernetes/blitzy5f91179c1/staging/src/k8s.io/client-go/transport/cert_rotation.go
[gosec] 2026/02/05 17:49:13 Checking file: /tmp/blitzy/blitzy-kubernetes/blitzy5f91179c1/staging/src/k8s.io/client-go/transport/config.go
[gosec] 2026/02/05 17:49:13 Checking file: /tmp/blitzy/blitzy-kubernetes/blitzy5f91179c1/staging/src/k8s.io/client-go/transport/round_trippers.go
[gosec] 2026/02/05 17:49:14 Checking file: /tmp/blitzy/blitzy-kubernetes/blitzy5f91179c1/staging/src/k8s.io/client-go/transport/token_source.go
[gosec] 2026/02/05 17:49:15 Checking file: /tmp/blitzy/blitzy-kubernetes/blitzy5f91179c1/staging/src/k8s.io/client-go/transport/transport.go
[gosec] 2026/02/05 17:49:16 Checking package: restmapper
[gosec] 2026/02/05 17:49:16 Checking file: /tmp/blitzy/blitzy-kubernetes/blitzy5f91179c1/staging/src/k8s.io/client-go/restmapper/category_expansion.go
[gosec] 2026/02/05 17:49:16 Import directory: /tmp/blitzy/blitzy-kubernetes/blitzy5f91179c1/staging/src/k8s.io/client-go/kubernetes/typed/rbac/v1/fake
[gosec] 2026/02/05 17:49:16 Checking file: /tmp/blitzy/blitzy-kubernetes/blitzy5f91179c1/staging/src/k8s.io/client-go/restmapper/discovery.go
[gosec] 2026/02/05 17:49:16 Checking file: /tmp/blitzy/blitzy-kubernetes/blitzy5f91179c1/staging/src/k8s.io/client-go/restmapper/shortcut.go
[gosec] 2026/02/05 17:49:17 Checking package: connrotation
[gosec] 2026/02/05 17:49:17 Checking file: /tmp/blitzy/blitzy-kubernetes/blitzy5f91179c1/staging/src/k8s.io/client-go/util/connrotation/connrotation.go
[gosec] 2026/02/05 17:49:17 Import directory: /tmp/blitzy/blitzy-kubernetes/blitzy5f91179c1/staging/src/k8s.io/client-go/kubernetes/typed/resource/v1beta1/fake
[gosec] 2026/02/05 17:49:17 Checking package: v2beta2
[gosec] 2026/02/05 17:49:17 Checking file: /tmp/blitzy/blitzy-kubernetes/blitzy5f91179c1/staging/src/k8s.io/client-go/kubernetes/typed/autoscaling/v2beta2/autoscaling_client.go
[gosec] 2026/02/05 17:49:17 Import directory: /tmp/blitzy/blitzy-kubernetes/blitzy5f91179c1/staging/src/k8s.io/client-go/listers/core/v1
[gosec] 2026/02/05 17:49:17 Checking file: /tmp/blitzy/blitzy-kubernetes/blitzy5f91179c1/staging/src/k8s.io/client-go/kubernetes/typed/autoscaling/v2beta2/doc.go
[gosec] 2026/02/05 17:49:17 Checking file: /tmp/blitzy/blitzy-kubernetes/blitzy5f91179c1/staging/src/k8s.io/client-go/kubernetes/typed/autoscaling/v2beta2/generated_expansion.go
[gosec] 2026/02/05 17:49:17 Checking file: /tmp/blitzy/blitzy-kubernetes/blitzy5f91179c1/staging/src/k8s.io/client-go/kubernetes/typed/autoscaling/v2beta2/horizontalpodautoscaler.go
[gosec] 2026/02/05 17:49:18 Checking package: v1
[gosec] 2026/02/05 17:49:18 Checking file: /tmp/blitzy/blitzy-kubernetes/blitzy5f91179c1/staging/src/k8s.io/client-go/pkg/apis/clientauthentication/v1/doc.go
[gosec] 2026/02/05 17:49:18 Checking file: /tmp/blitzy/blitzy-kubernetes/blitzy5f91179c1/staging/src/k8s.io/client-go/pkg/apis/clientauthentication/v1/register.go
[gosec] 2026/02/05 17:49:18 Import directory: /tmp/blitzy/blitzy-kubernetes/blitzy5f91179c1/staging/src/k8s.io/client-go/pkg/apis/clientauthentication
[gosec] 2026/02/05 17:49:18 Checking file: /tmp/blitzy/blitzy-kubernetes/blitzy5f91179c1/staging/src/k8s.io/client-go/pkg/apis/clientauthentication/v1/types.go
[gosec] 2026/02/05 17:49:18 Checking file: /tmp/blitzy/blitzy-kubernetes/blitzy5f91179c1/staging/src/k8s.io/client-go/pkg/apis/clientauthentication/v1/zz_generated.conversion.go
[gosec] 2026/02/05 17:49:19 Checking file: /tmp/blitzy/blitzy-kubernetes/blitzy5f91179c1/staging/src/k8s.io/client-go/pkg/apis/clientauthentication/v1/zz_generated.deepcopy.go
[gosec] 2026/02/05 17:49:19 Checking file: /tmp/blitzy/blitzy-kubernetes/blitzy5f91179c1/staging/src/k8s.io/client-go/pkg/apis/clientauthentication/v1/zz_generated.defaults.go
[gosec] 2026/02/05 17:49:19 Checking file: /tmp/blitzy/blitzy-kubernetes/blitzy5f91179c1/staging/src/k8s.io/client-go/pkg/apis/clientauthentication/v1/zz_generated.model_name.go
[gosec] 2026/02/05 17:49:19 Checking package: fake
[gosec] 2026/02/05 17:49:19 Checking file: /tmp/blitzy/blitzy-kubernetes/blitzy5f91179c1/staging/src/k8s.io/client-go/kubernetes/typed/resource/v1/fake/doc.go
[gosec] 2026/02/05 17:49:19 Import directory: /tmp/blitzy/blitzy-kubernetes/blitzy5f91179c1/staging/src/k8s.io/client-go/tools/cache/synctrack
[gosec] 2026/02/05 17:49:19 Checking file: /tmp/blitzy/blitzy-kubernetes/blitzy5f91179c1/staging/src/k8s.io/client-go/kubernetes/typed/resource/v1/fake/fake_deviceclass.go
[gosec] 2026/02/05 17:49:19 Checking file: /tmp/blitzy/blitzy-kubernetes/blitzy5f91179c1/staging/src/k8s.io/client-go/kubernetes/typed/resource/v1/fake/fake_resource_client.go
[gosec] 2026/02/05 17:49:19 Checking file: /tmp/blitzy/blitzy-kubernetes/blitzy5f91179c1/staging/src/k8s.io/client-go/kubernetes/typed/resource/v1/fake/fake_resourceclaim.go
[gosec] 2026/02/05 17:49:19 Checking file: /tmp/blitzy/blitzy-kubernetes/blitzy5f91179c1/staging/src/k8s.io/client-go/kubernetes/typed/resource/v1/fake/fake_resourceclaimtemplate.go
[gosec] 2026/02/05 17:49:19 Checking file: /tmp/blitzy/blitzy-kubernetes/blitzy5f91179c1/staging/src/k8s.io/client-go/kubernetes/typed/resource/v1/fake/fake_resourceslice.go
[gosec] 2026/02/05 17:49:20 Checking package: clientgo
[gosec] 2026/02/05 17:49:20 Checking file: /tmp/blitzy/blitzy-kubernetes/blitzy5f91179c1/staging/src/k8s.io/client-go/doc.go
[gosec] 2026/02/05 17:49:20 Import directory: /tmp/blitzy/blitzy-kubernetes/blitzy5f91179c1/staging/src/k8s.io/client-go/informers/node/v1alpha1
[gosec] 2026/02/05 17:49:20 Checking package: v1beta1
[gosec] 2026/02/05 17:49:20 Checking file: /tmp/blitzy/blitzy-kubernetes/blitzy5f91179c1/staging/src/k8s.io/client-go/applyconfigurations/flowcontrol/v1beta1/exemptprioritylevelconfiguration.go
[gosec] 2026/02/05 17:49:20 Import directory: /tmp/blitzy/blitzy-kubernetes/blitzy5f91179c1/staging/src/k8s.io/client-go/informers/resource/v1beta1
[gosec] 2026/02/05 17:49:20 Checking file: /tmp/blitzy/blitzy-kubernetes/blitzy5f91179c1/staging/src/k8s.io/client-go/applyconfigurations/flowcontrol/v1beta1/flowdistinguishermethod.go
[gosec] 2026/02/05 17:49:20 Checking file: /tmp/blitzy/blitzy-kubernetes/blitzy5f91179c1/staging/src/k8s.io/client-go/applyconfigurations/flowcontrol/v1beta1/flowschema.go
[gosec] 2026/02/05 17:49:21 Checking file: /tmp/blitzy/blitzy-kubernetes/blitzy5f91179c1/staging/src/k8s.io/client-go/applyconfigurations/flowcontrol/v1beta1/flowschemacondition.go
[gosec] 2026/02/05 17:49:21 Checking file: /tmp/blitzy/blitzy-kubernetes/blitzy5f91179c1/staging/src/k8s.io/client-go/applyconfigurations/flowcontrol/v1beta1/flowschemaspec.go
[gosec] 2026/02/05 17:49:21 Checking file: /tmp/blitzy/blitzy-kubernetes/blitzy5f91179c1/staging/src/k8s.io/client-go/applyconfigurations/flowcontrol/v1beta1/flowschemastatus.go
[gosec] 2026/02/05 17:49:21 Checking file: /tmp/blitzy/blitzy-kubernetes/blitzy5f91179c1/staging/src/k8s.io/client-go/applyconfigurations/flowcontrol/v1beta1/groupsubject.go
[gosec] 2026/02/05 17:49:21 Checking file: /tmp/blitzy/blitzy-kubernetes/blitzy5f91179c1/staging/src/k8s.io/client-go/applyconfigurations/flowcontrol/v1beta1/limitedprioritylevelconfiguration.go
[gosec] 2026/02/05 17:49:21 Checking file: /tmp/blitzy/blitzy-kubernetes/blitzy5f91179c1/staging/src/k8s.io/client-go/applyconfigurations/flowcontrol/v1beta1/limitresponse.go
[gosec] 2026/02/05 17:49:21 Checking file: /tmp/blitzy/blitzy-kubernetes/blitzy5f91179c1/staging/src/k8s.io/client-go/applyconfigurations/flowcontrol/v1beta1/nonresourcepolicyrule.go
[gosec] 2026/02/05 17:49:21 Checking file: /tmp/blitzy/blitzy-kubernetes/blitzy5f91179c1/staging/src/k8s.io/client-go/applyconfigurations/flowcontrol/v1beta1/policyruleswithsubjects.go
[gosec] 2026/02/05 17:49:22 Checking file: /tmp/blitzy/blitzy-kubernetes/blitzy5f91179c1/staging/src/k8s.io/client-go/applyconfigurations/flowcontrol/v1beta1/prioritylevelconfiguration.go
[gosec] 2026/02/05 17:49:22 Checking file: /tmp/blitzy/blitzy-kubernetes/blitzy5f91179c1/staging/src/k8s.io/client-go/applyconfigurations/flowcontrol/v1beta1/prioritylevelconfigurationcondition.go
[gosec] 2026/02/05 17:49:22 Checking file: /tmp/blitzy/blitzy-kubernetes/blitzy5f91179c1/staging/src/k8s.io/client-go/applyconfigurations/flowcontrol/v1beta1/prioritylevelconfigurationreference.go
[gosec] 2026/02/05 17:49:23 Checking file: /tmp/blitzy/blitzy-kubernetes/blitzy5f91179c1/staging/src/k8s.io/client-go/applyconfigurations/flowcontrol/v1beta1/prioritylevelconfigurationspec.go
[gosec] 2026/02/05 17:49:23 Checking file: /tmp/blitzy/blitzy-kubernetes/blitzy5f91179c1/staging/src/k8s.io/client-go/applyconfigurations/flowcontrol/v1beta1/prioritylevelconfigurationstatus.go
[gosec] 2026/02/05 17:49:23 Checking file: /tmp/blitzy/blitzy-kubernetes/blitzy5f91179c1/staging/src/k8s.io/client-go/applyconfigurations/flowcontrol/v1beta1/queuingconfiguration.go
[gosec] 2026/02/05 17:49:23 Checking file: /tmp/blitzy/blitzy-kubernetes/blitzy5f91179c1/staging/src/k8s.io/client-go/applyconfigurations/flowcontrol/v1beta1/resourcepolicyrule.go
[gosec] 2026/02/05 17:49:23 Checking file: /tmp/blitzy/blitzy-kubernetes/blitzy5f91179c1/staging/src/k8s.io/client-go/applyconfigurations/flowcontrol/v1beta1/serviceaccountsubject.go
[gosec] 2026/02/05 17:49:23 Checking file: /tmp/blitzy/blitzy-kubernetes/blitzy5f91179c1/staging/src/k8s.io/client-go/applyconfigurations/flowcontrol/v1beta1/subject.go
[gosec] 2026/02/05 17:49:23 Checking file: /tmp/blitzy/blitzy-kubernetes/blitzy5f91179c1/staging/src/k8s.io/client-go/applyconfigurations/flowcontrol/v1beta1/usersubject.go
[gosec] 2026/02/05 17:49:23 Checking package: v1alpha2
[gosec] 2026/02/05 17:49:23 Checking file: /tmp/blitzy/blitzy-kubernetes/blitzy5f91179c1/staging/src/k8s.io/client-go/informers/coordination/v1alpha2/interface.go
[gosec] 2026/02/05 17:49:23 Import directory: /tmp/blitzy/blitzy-kubernetes/blitzy5f91179c1/staging/src/k8s.io/client-go/informers/storagemigration
[gosec] 2026/02/05 17:49:23 Checking file: /tmp/blitzy/blitzy-kubernetes/blitzy5f91179c1/staging/src/k8s.io/client-go/informers/coordination/v1alpha2/leasecandidate.go
[gosec] 2026/02/05 17:49:24 Checking package: fake
[gosec] 2026/02/05 17:49:24 Checking file: /tmp/blitzy/blitzy-kubernetes/blitzy5f91179c1/staging/src/k8s.io/client-go/kubernetes/typed/rbac/v1/fake/doc.go
[gosec] 2026/02/05 17:49:24 Import directory: /tmp/blitzy/blitzy-kubernetes/blitzy5f91179c1/staging/src/k8s.io/client-go/kubernetes
[gosec] 2026/02/05 17:49:24 Checking file: /tmp/blitzy/blitzy-kubernetes/blitzy5f91179c1/staging/src/k8s.io/client-go/kubernetes/typed/rbac/v1/fake/fake_clusterrole.go
[gosec] 2026/02/05 17:49:24 Checking file: /tmp/blitzy/blitzy-kubernetes/blitzy5f91179c1/staging/src/k8s.io/client-go/kubernetes/typed/rbac/v1/fake/fake_clusterrolebinding.go
[gosec] 2026/02/05 17:49:24 Checking file: /tmp/blitzy/blitzy-kubernetes/blitzy5f91179c1/staging/src/k8s.io/client-go/kubernetes/typed/rbac/v1/fake/fake_rbac_client.go
[gosec] 2026/02/05 17:49:24 Checking file: /tmp/blitzy/blitzy-kubernetes/blitzy5f91179c1/staging/src/k8s.io/client-go/kubernetes/typed/rbac/v1/fake/fake_role.go
[gosec] 2026/02/05 17:49:24 Checking file: /tmp/blitzy/blitzy-kubernetes/blitzy5f91179c1/staging/src/k8s.io/client-go/kubernetes/typed/rbac/v1/fake/fake_rolebinding.go
[gosec] 2026/02/05 17:49:24 Checking package: fake
[gosec] 2026/02/05 17:49:24 Checking file: /tmp/blitzy/blitzy-kubernetes/blitzy5f91179c1/staging/src/k8s.io/client-go/kubernetes/typed/resource/v1beta1/fake/doc.go
[gosec] 2026/02/05 17:49:24 Checking file: /tmp/blitzy/blitzy-kubernetes/blitzy5f91179c1/staging/src/k8s.io/client-go/kubernetes/typed/resource/v1beta1/fake/fake_deviceclass.go
[gosec] 2026/02/05 17:49:24 Import directory: /tmp/blitzy/blitzy-kubernetes/blitzy5f91179c1/staging/src/k8s.io/client-go/kubernetes/typed/admissionregistration/v1/fake
[gosec] 2026/02/05 17:49:24 Checking file: /tmp/blitzy/blitzy-kubernetes/blitzy5f91179c1/staging/src/k8s.io/client-go/kubernetes/typed/resource/v1beta1/fake/fake_resource_client.go
[gosec] 2026/02/05 17:49:25 Checking file: /tmp/blitzy/blitzy-kubernetes/blitzy5f91179c1/staging/src/k8s.io/client-go/kubernetes/typed/resource/v1beta1/fake/fake_resourceclaim.go
[gosec] 2026/02/05 17:49:25 Checking file: /tmp/blitzy/blitzy-kubernetes/blitzy5f91179c1/staging/src/k8s.io/client-go/kubernetes/typed/resource/v1beta1/fake/fake_resourceclaimtemplate.go
[gosec] 2026/02/05 17:49:25 Checking file: /tmp/blitzy/blitzy-kubernetes/blitzy5f91179c1/staging/src/k8s.io/client-go/kubernetes/typed/resource/v1beta1/fake/fake_resourceslice.go
[gosec] 2026/02/05 17:49:25 Checking package: v1
[gosec] 2026/02/05 17:49:25 Checking file: /tmp/blitzy/blitzy-kubernetes/blitzy5f91179c1/staging/src/k8s.io/client-go/listers/core/v1/componentstatus.go
[gosec] 2026/02/05 17:49:25 Import directory: /tmp/blitzy/blitzy-kubernetes/blitzy5f91179c1/staging/src/k8s.io/client-go/kubernetes/typed/flowcontrol/v1
[gosec] 2026/02/05 17:49:25 Checking file: /tmp/blitzy/blitzy-kubernetes/blitzy5f91179c1/staging/src/k8s.io/client-go/listers/core/v1/configmap.go
[gosec] 2026/02/05 17:49:25 Checking file: /tmp/blitzy/blitzy-kubernetes/blitzy5f91179c1/staging/src/k8s.io/client-go/listers/core/v1/endpoints.go
[gosec] 2026/02/05 17:49:25 Checking file: /tmp/blitzy/blitzy-kubernetes/blitzy5f91179c1/staging/src/k8s.io/client-go/listers/core/v1/event.go
[gosec] 2026/02/05 17:49:25 Checking file: /tmp/blitzy/blitzy-kubernetes/blitzy5f91179c1/staging/src/k8s.io/client-go/listers/core/v1/expansion_generated.go
[gosec] 2026/02/05 17:49:25 Checking file: /tmp/blitzy/blitzy-kubernetes/blitzy5f91179c1/staging/src/k8s.io/client-go/listers/core/v1/limitrange.go
[gosec] 2026/02/05 17:49:25 Checking file: /tmp/blitzy/blitzy-kubernetes/blitzy5f91179c1/staging/src/k8s.io/client-go/listers/core/v1/namespace.go
[gosec] 2026/02/05 17:49:25 Checking file: /tmp/blitzy/blitzy-kubernetes/blitzy5f91179c1/staging/src/k8s.io/client-go/listers/core/v1/node.go
[gosec] 2026/02/05 17:49:25 Checking file: /tmp/blitzy/blitzy-kubernetes/blitzy5f91179c1/staging/src/k8s.io/client-go/listers/core/v1/persistentvolume.go
[gosec] 2026/02/05 17:49:25 Checking file: /tmp/blitzy/blitzy-kubernetes/blitzy5f91179c1/staging/src/k8s.io/client-go/listers/core/v1/persistentvolumeclaim.go
[gosec] 2026/02/05 17:49:25 Checking file: /tmp/blitzy/blitzy-kubernetes/blitzy5f91179c1/staging/src/k8s.io/client-go/listers/core/v1/pod.go
[gosec] 2026/02/05 17:49:25 Checking file: /tmp/blitzy/blitzy-kubernetes/blitzy5f91179c1/staging/src/k8s.io/client-go/listers/core/v1/podtemplate.go
[gosec] 2026/02/05 17:49:25 Checking file: /tmp/blitzy/blitzy-kubernetes/blitzy5f91179c1/staging/src/k8s.io/client-go/listers/core/v1/replicationcontroller.go
[gosec] 2026/02/05 17:49:25 Checking file: /tmp/blitzy/blitzy-kubernetes/blitzy5f91179c1/staging/src/k8s.io/client-go/listers/core/v1/replicationcontroller_expansion.go
[gosec] 2026/02/05 17:49:26 Checking file: /tmp/blitzy/blitzy-kubernetes/blitzy5f91179c1/staging/src/k8s.io/client-go/listers/core/v1/resourcequota.go
[gosec] 2026/02/05 17:49:26 Checking file: /tmp/blitzy/blitzy-kubernetes/blitzy5f91179c1/staging/src/k8s.io/client-go/listers/core/v1/secret.go
[gosec] 2026/02/05 17:49:26 Checking file: /tmp/blitzy/blitzy-kubernetes/blitzy5f91179c1/staging/src/k8s.io/client-go/listers/core/v1/service.go
[gosec] 2026/02/05 17:49:26 Checking file: /tmp/blitzy/blitzy-kubernetes/blitzy5f91179c1/staging/src/k8s.io/client-go/listers/core/v1/serviceaccount.go
[gosec] 2026/02/05 17:49:26 Checking package: clientauthentication
[gosec] 2026/02/05 17:49:26 Checking file: /tmp/blitzy/blitzy-kubernetes/blitzy5f91179c1/staging/src/k8s.io/client-go/pkg/apis/clientauthentication/doc.go
[gosec] 2026/02/05 17:49:26 Checking file: /tmp/blitzy/blitzy-kubernetes/blitzy5f91179c1/staging/src/k8s.io/client-go/pkg/apis/clientauthentication/register.go
[gosec] 2026/02/05 17:49:26 Import directory: /tmp/blitzy/blitzy-kubernetes/blitzy5f91179c1/staging/src/k8s.io/client-go/kubernetes/typed/resource/v1
[gosec] 2026/02/05 17:49:26 Checking file: /tmp/blitzy/blitzy-kubernetes/blitzy5f91179c1/staging/src/k8s.io/client-go/pkg/apis/clientauthentication/types.go
[gosec] 2026/02/05 17:49:26 Checking file: /tmp/blitzy/blitzy-kubernetes/blitzy5f91179c1/staging/src/k8s.io/client-go/pkg/apis/clientauthentication/zz_generated.deepcopy.go
[gosec] 2026/02/05 17:49:26 Checking package: synctrack
[gosec] 2026/02/05 17:49:26 Checking file: /tmp/blitzy/blitzy-kubernetes/blitzy5f91179c1/staging/src/k8s.io/client-go/tools/cache/synctrack/lazy.go
[gosec] 2026/02/05 17:49:26 Import directory: /tmp/blitzy/blitzy-kubernetes/blitzy5f91179c1/staging/src/k8s.io/client-go/listers/policy/v1beta1
[gosec] 2026/02/05 17:49:26 Checking file: /tmp/blitzy/blitzy-kubernetes/blitzy5f91179c1/staging/src/k8s.io/client-go/tools/cache/synctrack/synctrack.go
[gosec] 2026/02/05 17:49:27 Checking package: v1beta1
[gosec] 2026/02/05 17:49:27 Checking file: /tmp/blitzy/blitzy-kubernetes/blitzy5f91179c1/staging/src/k8s.io/client-go/informers/resource/v1beta1/deviceclass.go
[gosec] 2026/02/05 17:49:27 Import directory: /tmp/blitzy/blitzy-kubernetes/blitzy5f91179c1/staging/src/k8s.io/client-go/applyconfigurations/autoscaling/v2beta2
[gosec] 2026/02/05 17:49:27 Checking file: /tmp/blitzy/blitzy-kubernetes/blitzy5f91179c1/staging/src/k8s.io/client-go/informers/resource/v1beta1/interface.go
[gosec] 2026/02/05 17:49:27 Checking file: /tmp/blitzy/blitzy-kubernetes/blitzy5f91179c1/staging/src/k8s.io/client-go/informers/resource/v1beta1/resourceclaim.go
[gosec] 2026/02/05 17:49:27 Checking file: /tmp/blitzy/blitzy-kubernetes/blitzy5f91179c1/staging/src/k8s.io/client-go/informers/resource/v1beta1/resourceclaimtemplate.go
[gosec] 2026/02/05 17:49:28 Checking file: /tmp/blitzy/blitzy-kubernetes/blitzy5f91179c1/staging/src/k8s.io/client-go/informers/resource/v1beta1/resourceslice.go
[gosec] 2026/02/05 17:49:28 Checking package: v1alpha1
[gosec] 2026/02/05 17:49:28 Checking file: /tmp/blitzy/blitzy-kubernetes/blitzy5f91179c1/staging/src/k8s.io/client-go/informers/node/v1alpha1/interface.go
[gosec] 2026/02/05 17:49:28 Import directory: /tmp/blitzy/blitzy-kubernetes/blitzy5f91179c1/staging/src/k8s.io/client-go/kubernetes/typed/batch/v1
[gosec] 2026/02/05 17:49:28 Checking file: /tmp/blitzy/blitzy-kubernetes/blitzy5f91179c1/staging/src/k8s.io/client-go/informers/node/v1alpha1/runtimeclass.go
[gosec] 2026/02/05 17:49:28 Checking package: storagemigration
[gosec] 2026/02/05 17:49:28 Checking file: /tmp/blitzy/blitzy-kubernetes/blitzy5f91179c1/staging/src/k8s.io/client-go/informers/storagemigration/interface.go
[gosec] 2026/02/05 17:49:28 Import directory: /tmp/blitzy/blitzy-kubernetes/blitzy5f91179c1/staging/src/k8s.io/client-go/kubernetes/typed/networking/v1
[gosec] 2026/02/05 17:49:28 Checking package: kubernetes
[gosec] 2026/02/05 17:49:28 Checking file: /tmp/blitzy/blitzy-kubernetes/blitzy5f91179c1/staging/src/k8s.io/client-go/kubernetes/clientset.go
[gosec] 2026/02/05 17:49:28 Import directory: /tmp/blitzy/blitzy-kubernetes/blitzy5f91179c1/staging/src/k8s.io/client-go/kubernetes/typed/rbac/v1beta1/fake
[gosec] 2026/02/05 17:49:31 Checking file: /tmp/blitzy/blitzy-kubernetes/blitzy5f91179c1/staging/src/k8s.io/client-go/kubernetes/doc.go
[gosec] 2026/02/05 17:49:31 Checking file: /tmp/blitzy/blitzy-kubernetes/blitzy5f91179c1/staging/src/k8s.io/client-go/kubernetes/import.go
[gosec] 2026/02/05 17:49:31 Checking package: fake
[gosec] 2026/02/05 17:49:31 Checking file: /tmp/blitzy/blitzy-kubernetes/blitzy5f91179c1/staging/src/k8s.io/client-go/kubernetes/typed/admissionregistration/v1/fake/doc.go
[gosec] 2026/02/05 17:49:31 Import directory: /tmp/blitzy/blitzy-kubernetes/blitzy5f91179c1/staging/src/k8s.io/client-go/tools/cache
[gosec] 2026/02/05 17:49:31 Checking file: /tmp/blitzy/blitzy-kubernetes/blitzy5f91179c1/staging/src/k8s.io/client-go/kubernetes/typed/admissionregistration/v1/fake/fake_admissionregistration_client.go
[gosec] 2026/02/05 17:49:31 Checking file: /tmp/blitzy/blitzy-kubernetes/blitzy5f91179c1/staging/src/k8s.io/client-go/kubernetes/typed/admissionregistration/v1/fake/fake_mutatingwebhookconfiguration.go
[gosec] 2026/02/05 17:49:32 Checking file: /tmp/blitzy/blitzy-kubernetes/blitzy5f91179c1/staging/src/k8s.io/client-go/kubernetes/typed/admissionregistration/v1/fake/fake_validatingadmissionpolicy.go
[gosec] 2026/02/05 17:49:32 Checking file: /tmp/blitzy/blitzy-kubernetes/blitzy5f91179c1/staging/src/k8s.io/client-go/kubernetes/typed/admissionregistration/v1/fake/fake_validatingadmissionpolicybinding.go
[gosec] 2026/02/05 17:49:32 Checking file: /tmp/blitzy/blitzy-kubernetes/blitzy5f91179c1/staging/src/k8s.io/client-go/kubernetes/typed/admissionregistration/v1/fake/fake_validatingwebhookconfiguration.go
[gosec] 2026/02/05 17:49:32 Checking package: v1
[gosec] 2026/02/05 17:49:32 Checking file: /tmp/blitzy/blitzy-kubernetes/blitzy5f91179c1/staging/src/k8s.io/client-go/kubernetes/typed/flowcontrol/v1/doc.go
[gosec] 2026/02/05 17:49:32 Import directory: /tmp/blitzy/blitzy-kubernetes/blitzy5f91179c1/staging/src/k8s.io/client-go/util/retry
[gosec] 2026/02/05 17:49:32 Checking file: /tmp/blitzy/blitzy-kubernetes/blitzy5f91179c1/staging/src/k8s.io/client-go/kubernetes/typed/flowcontrol/v1/flowcontrol_client.go
[gosec] 2026/02/05 17:49:32 Checking file: /tmp/blitzy/blitzy-kubernetes/blitzy5f91179c1/staging/src/k8s.io/client-go/kubernetes/typed/flowcontrol/v1/flowschema.go
[gosec] 2026/02/05 17:49:32 Checking file: /tmp/blitzy/blitzy-kubernetes/blitzy5f91179c1/staging/src/k8s.io/client-go/kubernetes/typed/flowcontrol/v1/generated_expansion.go
[gosec] 2026/02/05 17:49:32 Checking file: /tmp/blitzy/blitzy-kubernetes/blitzy5f91179c1/staging/src/k8s.io/client-go/kubernetes/typed/flowcontrol/v1/prioritylevelconfiguration.go
[gosec] 2026/02/05 17:49:32 Checking package: v1
[gosec] 2026/02/05 17:49:32 Checking file: /tmp/blitzy/blitzy-kubernetes/blitzy5f91179c1/staging/src/k8s.io/client-go/kubernetes/typed/resource/v1/deviceclass.go
[gosec] 2026/02/05 17:49:32 Import directory: /tmp/blitzy/blitzy-kubernetes/blitzy5f91179c1/staging/src/k8s.io/client-go/informers/certificates/v1beta1
[gosec] 2026/02/05 17:49:33 Checking file: /tmp/blitzy/blitzy-kubernetes/blitzy5f91179c1/staging/src/k8s.io/client-go/kubernetes/typed/resource/v1/doc.go
[gosec] 2026/02/05 17:49:33 Checking file: /tmp/blitzy/blitzy-kubernetes/blitzy5f91179c1/staging/src/k8s.io/client-go/kubernetes/typed/resource/v1/generated_expansion.go
[gosec] 2026/02/05 17:49:33 Checking file: /tmp/blitzy/blitzy-kubernetes/blitzy5f91179c1/staging/src/k8s.io/client-go/kubernetes/typed/resource/v1/resource_client.go
[gosec] 2026/02/05 17:49:33 Checking file: /tmp/blitzy/blitzy-kubernetes/blitzy5f91179c1/staging/src/k8s.io/client-go/kubernetes/typed/resource/v1/resourceclaim.go
[gosec] 2026/02/05 17:49:33 Checking file: /tmp/blitzy/blitzy-kubernetes/blitzy5f91179c1/staging/src/k8s.io/client-go/kubernetes/typed/resource/v1/resourceclaimtemplate.go
[gosec] 2026/02/05 17:49:33 Checking file: /tmp/blitzy/blitzy-kubernetes/blitzy5f91179c1/staging/src/k8s.io/client-go/kubernetes/typed/resource/v1/resourceslice.go
[gosec] 2026/02/05 17:49:33 Checking package: v1beta1
[gosec] 2026/02/05 17:49:33 Checking file: /tmp/blitzy/blitzy-kubernetes/blitzy5f91179c1/staging/src/k8s.io/client-go/listers/policy/v1beta1/eviction.go
[gosec] 2026/02/05 17:49:33 Import directory: /tmp/blitzy/blitzy-kubernetes/blitzy5f91179c1/staging/src/k8s.io/client-go/informers/coordination
[gosec] 2026/02/05 17:49:33 Checking file: /tmp/blitzy/blitzy-kubernetes/blitzy5f91179c1/staging/src/k8s.io/client-go/listers/policy/v1beta1/expansion_generated.go
[gosec] 2026/02/05 17:49:33 Checking file: /tmp/blitzy/blitzy-kubernetes/blitzy5f91179c1/staging/src/k8s.io/client-go/listers/policy/v1beta1/poddisruptionbudget.go
[gosec] 2026/02/05 17:49:33 Checking file: /tmp/blitzy/blitzy-kubernetes/blitzy5f91179c1/staging/src/k8s.io/client-go/listers/policy/v1beta1/poddisruptionbudget_expansion.go
[gosec] 2026/02/05 17:49:33 Checking package: v2beta2
[gosec] 2026/02/05 17:49:33 Checking file: /tmp/blitzy/blitzy-kubernetes/blitzy5f91179c1/staging/src/k8s.io/client-go/applyconfigurations/autoscaling/v2beta2/containerresourcemetricsource.go
[gosec] 2026/02/05 17:49:33 Import directory: /tmp/blitzy/blitzy-kubernetes/blitzy5f91179c1/staging/src/k8s.io/client-go/kubernetes/typed/flowcontrol/v1beta1/fake
[gosec] 2026/02/05 17:49:34 Checking file: /tmp/blitzy/blitzy-kubernetes/blitzy5f91179c1/staging/src/k8s.io/client-go/applyconfigurations/autoscaling/v2beta2/containerresourcemetricstatus.go
[gosec] 2026/02/05 17:49:34 Checking file: /tmp/blitzy/blitzy-kubernetes/blitzy5f91179c1/staging/src/k8s.io/client-go/applyconfigurations/autoscaling/v2beta2/crossversionobjectreference.go
[gosec] 2026/02/05 17:49:34 Checking file: /tmp/blitzy/blitzy-kubernetes/blitzy5f91179c1/staging/src/k8s.io/client-go/applyconfigurations/autoscaling/v2beta2/externalmetricsource.go
[gosec] 2026/02/05 17:49:34 Checking file: /tmp/blitzy/blitzy-kubernetes/blitzy5f91179c1/staging/src/k8s.io/client-go/applyconfigurations/autoscaling/v2beta2/externalmetricstatus.go
[gosec] 2026/02/05 17:49:34 Checking file: /tmp/blitzy/blitzy-kubernetes/blitzy5f91179c1/staging/src/k8s.io/client-go/applyconfigurations/autoscaling/v2beta2/horizontalpodautoscaler.go
[gosec] 2026/02/05 17:49:35 Checking file: /tmp/blitzy/blitzy-kubernetes/blitzy5f91179c1/staging/src/k8s.io/client-go/applyconfigurations/autoscaling/v2beta2/horizontalpodautoscalerbehavior.go
[gosec] 2026/02/05 17:49:35 Checking file: /tmp/blitzy/blitzy-kubernetes/blitzy5f91179c1/staging/src/k8s.io/client-go/applyconfigurations/autoscaling/v2beta2/horizontalpodautoscalercondition.go
[gosec] 2026/02/05 17:49:35 Checking file: /tmp/blitzy/blitzy-kubernetes/blitzy5f91179c1/staging/src/k8s.io/client-go/applyconfigurations/autoscaling/v2beta2/horizontalpodautoscalerspec.go
[gosec] 2026/02/05 17:49:35 Checking file: /tmp/blitzy/blitzy-kubernetes/blitzy5f91179c1/staging/src/k8s.io/client-go/applyconfigurations/autoscaling/v2beta2/horizontalpodautoscalerstatus.go
[gosec] 2026/02/05 17:49:35 Checking file: /tmp/blitzy/blitzy-kubernetes/blitzy5f91179c1/staging/src/k8s.io/client-go/applyconfigurations/autoscaling/v2beta2/hpascalingpolicy.go
[gosec] 2026/02/05 17:49:36 Checking file: /tmp/blitzy/blitzy-kubernetes/blitzy5f91179c1/staging/src/k8s.io/client-go/applyconfigurations/autoscaling/v2beta2/hpascalingrules.go
[gosec] 2026/02/05 17:49:36 Checking file: /tmp/blitzy/blitzy-kubernetes/blitzy5f91179c1/staging/src/k8s.io/client-go/applyconfigurations/autoscaling/v2beta2/metricidentifier.go
[gosec] 2026/02/05 17:49:36 Checking file: /tmp/blitzy/blitzy-kubernetes/blitzy5f91179c1/staging/src/k8s.io/client-go/applyconfigurations/autoscaling/v2beta2/metricspec.go
[gosec] 2026/02/05 17:49:36 Checking file: /tmp/blitzy/blitzy-kubernetes/blitzy5f91179c1/staging/src/k8s.io/client-go/applyconfigurations/autoscaling/v2beta2/metricstatus.go
[gosec] 2026/02/05 17:49:36 Checking file: /tmp/blitzy/blitzy-kubernetes/blitzy5f91179c1/staging/src/k8s.io/client-go/applyconfigurations/autoscaling/v2beta2/metrictarget.go
[gosec] 2026/02/05 17:49:36 Checking file: /tmp/blitzy/blitzy-kubernetes/blitzy5f91179c1/staging/src/k8s.io/client-go/applyconfigurations/autoscaling/v2beta2/metricvaluestatus.go
[gosec] 2026/02/05 17:49:36 Checking file: /tmp/blitzy/blitzy-kubernetes/blitzy5f91179c1/staging/src/k8s.io/client-go/applyconfigurations/autoscaling/v2beta2/objectmetricsource.go
[gosec] 2026/02/05 17:49:37 Checking file: /tmp/blitzy/blitzy-kubernetes/blitzy5f91179c1/staging/src/k8s.io/client-go/applyconfigurations/autoscaling/v2beta2/objectmetricstatus.go
[gosec] 2026/02/05 17:49:37 Checking file: /tmp/blitzy/blitzy-kubernetes/blitzy5f91179c1/staging/src/k8s.io/client-go/applyconfigurations/autoscaling/v2beta2/podsmetricsource.go
[gosec] 2026/02/05 17:49:37 Checking file: /tmp/blitzy/blitzy-kubernetes/blitzy5f91179c1/staging/src/k8s.io/client-go/applyconfigurations/autoscaling/v2beta2/podsmetricstatus.go
[gosec] 2026/02/05 17:49:37 Checking file: /tmp/blitzy/blitzy-kubernetes/blitzy5f91179c1/staging/src/k8s.io/client-go/applyconfigurations/autoscaling/v2beta2/resourcemetricsource.go
[gosec] 2026/02/05 17:49:37 Checking file: /tmp/blitzy/blitzy-kubernetes/blitzy5f91179c1/staging/src/k8s.io/client-go/applyconfigurations/autoscaling/v2beta2/resourcemetricstatus.go
[gosec] 2026/02/05 17:49:37 Checking package: v1
[gosec] 2026/02/05 17:49:37 Checking file: /tmp/blitzy/blitzy-kubernetes/blitzy5f91179c1/staging/src/k8s.io/client-go/kubernetes/typed/batch/v1/batch_client.go
[gosec] 2026/02/05 17:49:37 Import directory: /tmp/blitzy/blitzy-kubernetes/blitzy5f91179c1/staging/src/k8s.io/client-go/listers/admissionregistration/v1
[gosec] 2026/02/05 17:49:37 Checking file: /tmp/blitzy/blitzy-kubernetes/blitzy5f91179c1/staging/src/k8s.io/client-go/kubernetes/typed/batch/v1/cronjob.go
[gosec] 2026/02/05 17:49:37 Checking file: /tmp/blitzy/blitzy-kubernetes/blitzy5f91179c1/staging/src/k8s.io/client-go/kubernetes/typed/batch/v1/doc.go
[gosec] 2026/02/05 17:49:37 Checking file: /tmp/blitzy/blitzy-kubernetes/blitzy5f91179c1/staging/src/k8s.io/client-go/kubernetes/typed/batch/v1/generated_expansion.go
[gosec] 2026/02/05 17:49:37 Checking file: /tmp/blitzy/blitzy-kubernetes/blitzy5f91179c1/staging/src/k8s.io/client-go/kubernetes/typed/batch/v1/job.go
[gosec] 2026/02/05 17:49:37 Checking package: v1
[gosec] 2026/02/05 17:49:37 Checking file: /tmp/blitzy/blitzy-kubernetes/blitzy5f91179c1/staging/src/k8s.io/client-go/kubernetes/typed/networking/v1/doc.go
[gosec] 2026/02/05 17:49:37 Checking file: /tmp/blitzy/blitzy-kubernetes/blitzy5f91179c1/staging/src/k8s.io/client-go/kubernetes/typed/networking/v1/generated_expansion.go
[gosec] 2026/02/05 17:49:37 Import directory: /tmp/blitzy/blitzy-kubernetes/blitzy5f91179c1/staging/src/k8s.io/client-go/applyconfigurations/batch/v1
[gosec] 2026/02/05 17:49:37 Checking file: /tmp/blitzy/blitzy-kubernetes/blitzy5f91179c1/staging/src/k8s.io/client-go/kubernetes/typed/networking/v1/ingress.go
[gosec] 2026/02/05 17:49:38 Checking file: /tmp/blitzy/blitzy-kubernetes/blitzy5f91179c1/staging/src/k8s.io/client-go/kubernetes/typed/networking/v1/ingressclass.go
[gosec] 2026/02/05 17:49:38 Checking file: /tmp/blitzy/blitzy-kubernetes/blitzy5f91179c1/staging/src/k8s.io/client-go/kubernetes/typed/networking/v1/ipaddress.go
[gosec] 2026/02/05 17:49:38 Checking file: /tmp/blitzy/blitzy-kubernetes/blitzy5f91179c1/staging/src/k8s.io/client-go/kubernetes/typed/networking/v1/networking_client.go
[gosec] 2026/02/05 17:49:38 Checking file: /tmp/blitzy/blitzy-kubernetes/blitzy5f91179c1/staging/src/k8s.io/client-go/kubernetes/typed/networking/v1/networkpolicy.go
[gosec] 2026/02/05 17:49:38 Checking file: /tmp/blitzy/blitzy-kubernetes/blitzy5f91179c1/staging/src/k8s.io/client-go/kubernetes/typed/networking/v1/servicecidr.go
[gosec] 2026/02/05 17:49:38 Checking package: fake
[gosec] 2026/02/05 17:49:38 Checking file: /tmp/blitzy/blitzy-kubernetes/blitzy5f91179c1/staging/src/k8s.io/client-go/kubernetes/typed/rbac/v1beta1/fake/doc.go
[gosec] 2026/02/05 17:49:38 Checking file: /tmp/blitzy/blitzy-kubernetes/blitzy5f91179c1/staging/src/k8s.io/client-go/kubernetes/typed/rbac/v1beta1/fake/fake_clusterrole.go
[gosec] 2026/02/05 17:49:38 Import directory: /tmp/blitzy/blitzy-kubernetes/blitzy5f91179c1/staging/src/k8s.io/client-go/applyconfigurations/flowcontrol/v1beta2
[gosec] 2026/02/05 17:49:38 Checking file: /tmp/blitzy/blitzy-kubernetes/blitzy5f91179c1/staging/src/k8s.io/client-go/kubernetes/typed/rbac/v1beta1/fake/fake_clusterrolebinding.go
[gosec] 2026/02/05 17:49:39 Checking file: /tmp/blitzy/blitzy-kubernetes/blitzy5f91179c1/staging/src/k8s.io/client-go/kubernetes/typed/rbac/v1beta1/fake/fake_rbac_client.go
[gosec] 2026/02/05 17:49:39 Checking file: /tmp/blitzy/blitzy-kubernetes/blitzy5f91179c1/staging/src/k8s.io/client-go/kubernetes/typed/rbac/v1beta1/fake/fake_role.go
[gosec] 2026/02/05 17:49:39 Checking file: /tmp/blitzy/blitzy-kubernetes/blitzy5f91179c1/staging/src/k8s.io/client-go/kubernetes/typed/rbac/v1beta1/fake/fake_rolebinding.go
[gosec] 2026/02/05 17:49:39 Checking package: cache
[gosec] 2026/02/05 17:49:39 Checking file: /tmp/blitzy/blitzy-kubernetes/blitzy5f91179c1/staging/src/k8s.io/client-go/tools/cache/controller.go
[gosec] 2026/02/05 17:49:39 Import directory: /tmp/blitzy/blitzy-kubernetes/blitzy5f91179c1/staging/src/k8s.io/client-go/dynamic/dynamicinformer
[gosec] 2026/02/05 17:49:40 Checking file: /tmp/blitzy/blitzy-kubernetes/blitzy5f91179c1/staging/src/k8s.io/client-go/tools/cache/delta_fifo.go
[gosec] 2026/02/05 17:49:41 Checking file: /tmp/blitzy/blitzy-kubernetes/blitzy5f91179c1/staging/src/k8s.io/client-go/tools/cache/doc.go
[gosec] 2026/02/05 17:49:41 Checking file: /tmp/blitzy/blitzy-kubernetes/blitzy5f91179c1/staging/src/k8s.io/client-go/tools/cache/expiration_cache.go
[gosec] 2026/02/05 17:49:41 Checking file: /tmp/blitzy/blitzy-kubernetes/blitzy5f91179c1/staging/src/k8s.io/client-go/tools/cache/expiration_cache_fakes.go
[gosec] 2026/02/05 17:49:41 Checking file: /tmp/blitzy/blitzy-kubernetes/blitzy5f91179c1/staging/src/k8s.io/client-go/tools/cache/fake_custom_store.go
[gosec] 2026/02/05 17:49:42 Checking file: /tmp/blitzy/blitzy-kubernetes/blitzy5f91179c1/staging/src/k8s.io/client-go/tools/cache/fifo.go
[gosec] 2026/02/05 17:49:42 Checking file: /tmp/blitzy/blitzy-kubernetes/blitzy5f91179c1/staging/src/k8s.io/client-go/tools/cache/heap.go
[gosec] 2026/02/05 17:49:43 Checking file: /tmp/blitzy/blitzy-kubernetes/blitzy5f91179c1/staging/src/k8s.io/client-go/tools/cache/index.go
[gosec] 2026/02/05 17:49:43 Checking file: /tmp/blitzy/blitzy-kubernetes/blitzy5f91179c1/staging/src/k8s.io/client-go/tools/cache/listers.go
[gosec] 2026/02/05 17:49:44 Checking file: /tmp/blitzy/blitzy-kubernetes/blitzy5f91179c1/staging/src/k8s.io/client-go/tools/cache/listwatch.go
[gosec] 2026/02/05 17:49:44 Checking file: /tmp/blitzy/blitzy-kubernetes/blitzy5f91179c1/staging/src/k8s.io/client-go/tools/cache/mutation_cache.go
[gosec] 2026/02/05 17:49:45 Checking file: /tmp/blitzy/blitzy-kubernetes/blitzy5f91179c1/staging/src/k8s.io/client-go/tools/cache/mutation_detector.go
[gosec] 2026/02/05 17:49:45 Checking file: /tmp/blitzy/blitzy-kubernetes/blitzy5f91179c1/staging/src/k8s.io/client-go/tools/cache/object-names.go
[gosec] 2026/02/05 17:49:45 Checking file: /tmp/blitzy/blitzy-kubernetes/blitzy5f91179c1/staging/src/k8s.io/client-go/tools/cache/reflector.go
[gosec] 2026/02/05 17:49:47 Checking file: /tmp/blitzy/blitzy-kubernetes/blitzy5f91179c1/staging/src/k8s.io/client-go/tools/cache/reflector_data_consistency_detector.go
[gosec] 2026/02/05 17:49:47 Checking file: /tmp/blitzy/blitzy-kubernetes/blitzy5f91179c1/staging/src/k8s.io/client-go/tools/cache/reflector_metrics.go
[gosec] 2026/02/05 17:49:47 Checking file: /tmp/blitzy/blitzy-kubernetes/blitzy5f91179c1/staging/src/k8s.io/client-go/tools/cache/retry_with_deadline.go
[gosec] 2026/02/05 17:49:47 Checking file: /tmp/blitzy/blitzy-kubernetes/blitzy5f91179c1/staging/src/k8s.io/client-go/tools/cache/shared_informer.go
[gosec] 2026/02/05 17:49:49 Checking file: /tmp/blitzy/blitzy-kubernetes/blitzy5f91179c1/staging/src/k8s.io/client-go/tools/cache/store.go
[gosec] 2026/02/05 17:49:50 Checking file: /tmp/blitzy/blitzy-kubernetes/blitzy5f91179c1/staging/src/k8s.io/client-go/tools/cache/the_real_fifo.go
[gosec] 2026/02/05 17:49:51 Checking file: /tmp/blitzy/blitzy-kubernetes/blitzy5f91179c1/staging/src/k8s.io/client-go/tools/cache/thread_safe_store.go
[gosec] 2026/02/05 17:49:51 Checking file: /tmp/blitzy/blitzy-kubernetes/blitzy5f91179c1/staging/src/k8s.io/client-go/tools/cache/undelta_store.go
[gosec] 2026/02/05 17:49:52 Checking package: retry
[gosec] 2026/02/05 17:49:52 Checking file: /tmp/blitzy/blitzy-kubernetes/blitzy5f91179c1/staging/src/k8s.io/client-go/util/retry/util.go
[gosec] 2026/02/05 17:49:52 Import directory: /tmp/blitzy/blitzy-kubernetes/blitzy5f91179c1/staging/src/k8s.io/client-go/informers/autoscaling/v2beta2
[gosec] 2026/02/05 17:49:52 Checking package: v1beta1
[gosec] 2026/02/05 17:49:52 Checking file: /tmp/blitzy/blitzy-kubernetes/blitzy5f91179c1/staging/src/k8s.io/client-go/informers/certificates/v1beta1/certificatesigningrequest.go
[gosec] 2026/02/05 17:49:52 Import directory: /tmp/blitzy/blitzy-kubernetes/blitzy5f91179c1/staging/src/k8s.io/client-go/kubernetes/typed/policy/v1beta1
[gosec] 2026/02/05 17:49:52 Checking file: /tmp/blitzy/blitzy-kubernetes/blitzy5f91179c1/staging/src/k8s.io/client-go/informers/certificates/v1beta1/clustertrustbundle.go
[gosec] 2026/02/05 17:49:52 Checking file: /tmp/blitzy/blitzy-kubernetes/blitzy5f91179c1/staging/src/k8s.io/client-go/informers/certificates/v1beta1/interface.go
[gosec] 2026/02/05 17:49:52 Checking file: /tmp/blitzy/blitzy-kubernetes/blitzy5f91179c1/staging/src/k8s.io/client-go/informers/certificates/v1beta1/podcertificaterequest.go
[gosec] 2026/02/05 17:49:53 Checking package: coordination
[gosec] 2026/02/05 17:49:53 Checking file: /tmp/blitzy/blitzy-kubernetes/blitzy5f91179c1/staging/src/k8s.io/client-go/informers/coordination/interface.go
[gosec] 2026/02/05 17:49:53 Import directory: /tmp/blitzy/blitzy-kubernetes/blitzy5f91179c1/staging/src/k8s.io/client-go/applyconfigurations/resource/v1
[gosec] 2026/02/05 17:49:53 Checking package: fake
[gosec] 2026/02/05 17:49:53 Checking file: /tmp/blitzy/blitzy-kubernetes/blitzy5f91179c1/staging/src/k8s.io/client-go/kubernetes/typed/flowcontrol/v1beta1/fake/doc.go
[gosec] 2026/02/05 17:49:53 Import directory: /tmp/blitzy/blitzy-kubernetes/blitzy5f91179c1/staging/src/k8s.io/client-go/applyconfigurations/scheduling/v1alpha1
[gosec] 2026/02/05 17:49:53 Checking file: /tmp/blitzy/blitzy-kubernetes/blitzy5f91179c1/staging/src/k8s.io/client-go/kubernetes/typed/flowcontrol/v1beta1/fake/fake_flowcontrol_client.go
[gosec] 2026/02/05 17:49:53 Checking file: /tmp/blitzy/blitzy-kubernetes/blitzy5f91179c1/staging/src/k8s.io/client-go/kubernetes/typed/flowcontrol/v1beta1/fake/fake_flowschema.go
[gosec] 2026/02/05 17:49:53 Checking file: /tmp/blitzy/blitzy-kubernetes/blitzy5f91179c1/staging/src/k8s.io/client-go/kubernetes/typed/flowcontrol/v1beta1/fake/fake_prioritylevelconfiguration.go
[gosec] 2026/02/05 17:49:53 Checking package: v1
[gosec] 2026/02/05 17:49:53 Checking file: /tmp/blitzy/blitzy-kubernetes/blitzy5f91179c1/staging/src/k8s.io/client-go/listers/admissionregistration/v1/expansion_generated.go
[gosec] 2026/02/05 17:49:53 Checking file: /tmp/blitzy/blitzy-kubernetes/blitzy5f91179c1/staging/src/k8s.io/client-go/listers/admissionregistration/v1/mutatingwebhookconfiguration.go
[gosec] 2026/02/05 17:49:53 Import directory: /tmp/blitzy/blitzy-kubernetes/blitzy5f91179c1/staging/src/k8s.io/client-go/informers/node/v1
[gosec] 2026/02/05 17:49:53 Checking file: /tmp/blitzy/blitzy-kubernetes/blitzy5f91179c1/staging/src/k8s.io/client-go/listers/admissionregistration/v1/validatingadmissionpolicy.go
[gosec] 2026/02/05 17:49:53 Checking file: /tmp/blitzy/blitzy-kubernetes/blitzy5f91179c1/staging/src/k8s.io/client-go/listers/admissionregistration/v1/validatingadmissionpolicybinding.go
[gosec] 2026/02/05 17:49:53 Checking file: /tmp/blitzy/blitzy-kubernetes/blitzy5f91179c1/staging/src/k8s.io/client-go/listers/admissionregistration/v1/validatingwebhookconfiguration.go
[gosec] 2026/02/05 17:49:53 Checking package: v1
[gosec] 2026/02/05 17:49:53 Checking file: /tmp/blitzy/blitzy-kubernetes/blitzy5f91179c1/staging/src/k8s.io/client-go/applyconfigurations/batch/v1/cronjob.go
[gosec] 2026/02/05 17:49:53 Import directory: /tmp/blitzy/blitzy-kubernetes/blitzy5f91179c1/staging/src/k8s.io/client-go/kubernetes/typed/scheduling/v1
[gosec] 2026/02/05 17:49:54 Checking file: /tmp/blitzy/blitzy-kubernetes/blitzy5f91179c1/staging/src/k8s.io/client-go/applyconfigurations/batch/v1/cronjobspec.go
[gosec] 2026/02/05 17:49:54 Checking file: /tmp/blitzy/blitzy-kubernetes/blitzy5f91179c1/staging/src/k8s.io/client-go/applyconfigurations/batch/v1/cronjobstatus.go
[gosec] 2026/02/05 17:49:54 Checking file: /tmp/blitzy/blitzy-kubernetes/blitzy5f91179c1/staging/src/k8s.io/client-go/applyconfigurations/batch/v1/job.go
[gosec] 2026/02/05 17:49:55 Checking file: /tmp/blitzy/blitzy-kubernetes/blitzy5f91179c1/staging/src/k8s.io/client-go/applyconfigurations/batch/v1/jobcondition.go
[gosec] 2026/02/05 17:49:55 Checking file: /tmp/blitzy/blitzy-kubernetes/blitzy5f91179c1/staging/src/k8s.io/client-go/applyconfigurations/batch/v1/jobspec.go
[gosec] 2026/02/05 17:49:56 Checking file: /tmp/blitzy/blitzy-kubernetes/blitzy5f91179c1/staging/src/k8s.io/client-go/applyconfigurations/batch/v1/jobstatus.go
[gosec] 2026/02/05 17:49:56 Checking file: /tmp/blitzy/blitzy-kubernetes/blitzy5f91179c1/staging/src/k8s.io/client-go/applyconfigurations/batch/v1/jobtemplatespec.go
[gosec] 2026/02/05 17:49:57 Checking file: /tmp/blitzy/blitzy-kubernetes/blitzy5f91179c1/staging/src/k8s.io/client-go/applyconfigurations/batch/v1/podfailurepolicy.go
[gosec] 2026/02/05 17:49:57 Checking file: /tmp/blitzy/blitzy-kubernetes/blitzy5f91179c1/staging/src/k8s.io/client-go/applyconfigurations/batch/v1/podfailurepolicyonexitcodesrequirement.go
[gosec] 2026/02/05 17:49:57 Checking file: /tmp/blitzy/blitzy-kubernetes/blitzy5f91179c1/staging/src/k8s.io/client-go/applyconfigurations/batch/v1/podfailurepolicyonpodconditionspattern.go
[gosec] 2026/02/05 17:49:57 Checking file: /tmp/blitzy/blitzy-kubernetes/blitzy5f91179c1/staging/src/k8s.io/client-go/applyconfigurations/batch/v1/podfailurepolicyrule.go
[gosec] 2026/02/05 17:49:57 Checking file: /tmp/blitzy/blitzy-kubernetes/blitzy5f91179c1/staging/src/k8s.io/client-go/applyconfigurations/batch/v1/successpolicy.go
[gosec] 2026/02/05 17:49:57 Checking file: /tmp/blitzy/blitzy-kubernetes/blitzy5f91179c1/staging/src/k8s.io/client-go/applyconfigurations/batch/v1/successpolicyrule.go
[gosec] 2026/02/05 17:49:57 Checking file: /tmp/blitzy/blitzy-kubernetes/blitzy5f91179c1/staging/src/k8s.io/client-go/applyconfigurations/batch/v1/uncountedterminatedpods.go
[gosec] 2026/02/05 17:49:58 Checking package: v1beta2
[gosec] 2026/02/05 17:49:58 Checking file: /tmp/blitzy/blitzy-kubernetes/blitzy5f91179c1/staging/src/k8s.io/client-go/applyconfigurations/flowcontrol/v1beta2/exemptprioritylevelconfiguration.go
[gosec] 2026/02/05 17:49:58 Import directory: /tmp/blitzy/blitzy-kubernetes/blitzy5f91179c1/staging/src/k8s.io/client-go/applyconfigurations/events/v1
[gosec] 2026/02/05 17:49:58 Checking file: /tmp/blitzy/blitzy-kubernetes/blitzy5f91179c1/staging/src/k8s.io/client-go/applyconfigurations/flowcontrol/v1beta2/flowdistinguishermethod.go
[gosec] 2026/02/05 17:49:58 Checking file: /tmp/blitzy/blitzy-kubernetes/blitzy5f91179c1/staging/src/k8s.io/client-go/applyconfigurations/flowcontrol/v1beta2/flowschema.go
[gosec] 2026/02/05 17:49:58 Checking file: /tmp/blitzy/blitzy-kubernetes/blitzy5f91179c1/staging/src/k8s.io/client-go/applyconfigurations/flowcontrol/v1beta2/flowschemacondition.go
[gosec] 2026/02/05 17:49:59 Checking file: /tmp/blitzy/blitzy-kubernetes/blitzy5f91179c1/staging/src/k8s.io/client-go/applyconfigurations/flowcontrol/v1beta2/flowschemaspec.go
[gosec] 2026/02/05 17:49:59 Checking file: /tmp/blitzy/blitzy-kubernetes/blitzy5f91179c1/staging/src/k8s.io/client-go/applyconfigurations/flowcontrol/v1beta2/flowschemastatus.go
[gosec] 2026/02/05 17:49:59 Checking file: /tmp/blitzy/blitzy-kubernetes/blitzy5f91179c1/staging/src/k8s.io/client-go/applyconfigurations/flowcontrol/v1beta2/groupsubject.go
[gosec] 2026/02/05 17:49:59 Checking file: /tmp/blitzy/blitzy-kubernetes/blitzy5f91179c1/staging/src/k8s.io/client-go/applyconfigurations/flowcontrol/v1beta2/limitedprioritylevelconfiguration.go
[gosec] 2026/02/05 17:49:59 Checking file: /tmp/blitzy/blitzy-kubernetes/blitzy5f91179c1/staging/src/k8s.io/client-go/applyconfigurations/flowcontrol/v1beta2/limitresponse.go
[gosec] 2026/02/05 17:49:59 Checking file: /tmp/blitzy/blitzy-kubernetes/blitzy5f91179c1/staging/src/k8s.io/client-go/applyconfigurations/flowcontrol/v1beta2/nonresourcepolicyrule.go
[gosec] 2026/02/05 17:49:59 Checking file: /tmp/blitzy/blitzy-kubernetes/blitzy5f91179c1/staging/src/k8s.io/client-go/applyconfigurations/flowcontrol/v1beta2/policyruleswithsubjects.go
[gosec] 2026/02/05 17:49:59 Checking file: /tmp/blitzy/blitzy-kubernetes/blitzy5f91179c1/staging/src/k8s.io/client-go/applyconfigurations/flowcontrol/v1beta2/prioritylevelconfiguration.go
[gosec] 2026/02/05 17:50:00 Checking file: /tmp/blitzy/blitzy-kubernetes/blitzy5f91179c1/staging/src/k8s.io/client-go/applyconfigurations/flowcontrol/v1beta2/prioritylevelconfigurationcondition.go
[gosec] 2026/02/05 17:50:00 Checking file: /tmp/blitzy/blitzy-kubernetes/blitzy5f91179c1/staging/src/k8s.io/client-go/applyconfigurations/flowcontrol/v1beta2/prioritylevelconfigurationreference.go
[gosec] 2026/02/05 17:50:00 Checking file: /tmp/blitzy/blitzy-kubernetes/blitzy5f91179c1/staging/src/k8s.io/client-go/applyconfigurations/flowcontrol/v1beta2/prioritylevelconfigurationspec.go
[gosec] 2026/02/05 17:50:01 Checking file: /tmp/blitzy/blitzy-kubernetes/blitzy5f91179c1/staging/src/k8s.io/client-go/applyconfigurations/flowcontrol/v1beta2/prioritylevelconfigurationstatus.go
[gosec] 2026/02/05 17:50:01 Checking file: /tmp/blitzy/blitzy-kubernetes/blitzy5f91179c1/staging/src/k8s.io/client-go/applyconfigurations/flowcontrol/v1beta2/queuingconfiguration.go
[gosec] 2026/02/05 17:50:01 Checking file: /tmp/blitzy/blitzy-kubernetes/blitzy5f91179c1/staging/src/k8s.io/client-go/applyconfigurations/flowcontrol/v1beta2/resourcepolicyrule.go
[gosec] 2026/02/05 17:50:01 Checking file: /tmp/blitzy/blitzy-kubernetes/blitzy5f91179c1/staging/src/k8s.io/client-go/applyconfigurations/flowcontrol/v1beta2/serviceaccountsubject.go
[gosec] 2026/02/05 17:50:01 Checking file: /tmp/blitzy/blitzy-kubernetes/blitzy5f91179c1/staging/src/k8s.io/client-go/applyconfigurations/flowcontrol/v1beta2/subject.go
[gosec] 2026/02/05 17:50:01 Checking file: /tmp/blitzy/blitzy-kubernetes/blitzy5f91179c1/staging/src/k8s.io/client-go/applyconfigurations/flowcontrol/v1beta2/usersubject.go
[gosec] 2026/02/05 17:50:01 Checking package: dynamicinformer
[gosec] 2026/02/05 17:50:01 Checking file: /tmp/blitzy/blitzy-kubernetes/blitzy5f91179c1/staging/src/k8s.io/client-go/dynamic/dynamicinformer/informer.go
[gosec] 2026/02/05 17:50:01 Import directory: /tmp/blitzy/blitzy-kubernetes/blitzy5f91179c1/staging/src/k8s.io/client-go/informers/coordination/v1beta1
[gosec] 2026/02/05 17:50:02 Checking file: /tmp/blitzy/blitzy-kubernetes/blitzy5f91179c1/staging/src/k8s.io/client-go/dynamic/dynamicinformer/interface.go
[gosec] 2026/02/05 17:50:02 Checking package: v1beta1
[gosec] 2026/02/05 17:50:02 Checking file: /tmp/blitzy/blitzy-kubernetes/blitzy5f91179c1/staging/src/k8s.io/client-go/kubernetes/typed/policy/v1beta1/doc.go
[gosec] 2026/02/05 17:50:02 Import directory: /tmp/blitzy/blitzy-kubernetes/blitzy5f91179c1/staging/src/k8s.io/client-go/kubernetes/typed/storage/v1beta1/fake
[gosec] 2026/02/05 17:50:02 Checking file: /tmp/blitzy/blitzy-kubernetes/blitzy5f91179c1/staging/src/k8s.io/client-go/kubernetes/typed/policy/v1beta1/eviction.go
[gosec] 2026/02/05 17:50:02 Checking file: /tmp/blitzy/blitzy-kubernetes/blitzy5f91179c1/staging/src/k8s.io/client-go/kubernetes/typed/policy/v1beta1/eviction_expansion.go
[gosec] 2026/02/05 17:50:02 Checking file: /tmp/blitzy/blitzy-kubernetes/blitzy5f91179c1/staging/src/k8s.io/client-go/kubernetes/typed/policy/v1beta1/generated_expansion.go
[gosec] 2026/02/05 17:50:02 Checking file: /tmp/blitzy/blitzy-kubernetes/blitzy5f91179c1/staging/src/k8s.io/client-go/kubernetes/typed/policy/v1beta1/poddisruptionbudget.go
[gosec] 2026/02/05 17:50:02 Checking file: /tmp/blitzy/blitzy-kubernetes/blitzy5f91179c1/staging/src/k8s.io/client-go/kubernetes/typed/policy/v1beta1/policy_client.go
[gosec] 2026/02/05 17:50:02 Checking package: v2beta2
[gosec] 2026/02/05 17:50:02 Checking file: /tmp/blitzy/blitzy-kubernetes/blitzy5f91179c1/staging/src/k8s.io/client-go/informers/autoscaling/v2beta2/horizontalpodautoscaler.go
[gosec] 2026/02/05 17:50:02 Import directory: /tmp/blitzy/blitzy-kubernetes/blitzy5f91179c1/staging/src/k8s.io/client-go/listers/apps/v1
[gosec] 2026/02/05 17:50:03 Checking file: /tmp/blitzy/blitzy-kubernetes/blitzy5f91179c1/staging/src/k8s.io/client-go/informers/autoscaling/v2beta2/interface.go
[gosec] 2026/02/05 17:50:03 Checking package: v1
[gosec] 2026/02/05 17:50:03 Checking file: /tmp/blitzy/blitzy-kubernetes/blitzy5f91179c1/staging/src/k8s.io/client-go/applyconfigurations/resource/v1/allocateddevicestatus.go
[gosec] 2026/02/05 17:50:03 Import directory: /tmp/blitzy/blitzy-kubernetes/blitzy5f91179c1/staging/src/k8s.io/client-go/listers/certificates/v1beta1
[gosec] 2026/02/05 17:50:03 Checking file: /tmp/blitzy/blitzy-kubernetes/blitzy5f91179c1/staging/src/k8s.io/client-go/applyconfigurations/resource/v1/allocationresult.go
[gosec] 2026/02/05 17:50:03 Checking file: /tmp/blitzy/blitzy-kubernetes/blitzy5f91179c1/staging/src/k8s.io/client-go/applyconfigurations/resource/v1/capacityrequestpolicy.go
[gosec] 2026/02/05 17:50:03 Checking file: /tmp/blitzy/blitzy-kubernetes/blitzy5f91179c1/staging/src/k8s.io/client-go/applyconfigurations/resource/v1/capacityrequestpolicyrange.go
[gosec] 2026/02/05 17:50:03 Checking file: /tmp/blitzy/blitzy-kubernetes/blitzy5f91179c1/staging/src/k8s.io/client-go/applyconfigurations/resource/v1/capacityrequirements.go
[gosec] 2026/02/05 17:50:03 Checking file: /tmp/blitzy/blitzy-kubernetes/blitzy5f91179c1/staging/src/k8s.io/client-go/applyconfigurations/resource/v1/celdeviceselector.go
[gosec] 2026/02/05 17:50:03 Checking file: /tmp/blitzy/blitzy-kubernetes/blitzy5f91179c1/staging/src/k8s.io/client-go/applyconfigurations/resource/v1/counter.go
[gosec] 2026/02/05 17:50:03 Checking file: /tmp/blitzy/blitzy-kubernetes/blitzy5f91179c1/staging/src/k8s.io/client-go/applyconfigurations/resource/v1/counterset.go
[gosec] 2026/02/05 17:50:04 Checking file: /tmp/blitzy/blitzy-kubernetes/blitzy5f91179c1/staging/src/k8s.io/client-go/applyconfigurations/resource/v1/device.go
[gosec] 2026/02/05 17:50:04 Checking file: /tmp/blitzy/blitzy-kubernetes/blitzy5f91179c1/staging/src/k8s.io/client-go/applyconfigurations/resource/v1/deviceallocationconfiguration.go
[gosec] 2026/02/05 17:50:04 Checking file: /tmp/blitzy/blitzy-kubernetes/blitzy5f91179c1/staging/src/k8s.io/client-go/applyconfigurations/resource/v1/deviceallocationresult.go
[gosec] 2026/02/05 17:50:04 Checking file: /tmp/blitzy/blitzy-kubernetes/blitzy5f91179c1/staging/src/k8s.io/client-go/applyconfigurations/resource/v1/deviceattribute.go
[gosec] 2026/02/05 17:50:04 Checking file: /tmp/blitzy/blitzy-kubernetes/blitzy5f91179c1/staging/src/k8s.io/client-go/applyconfigurations/resource/v1/devicecapacity.go
[gosec] 2026/02/05 17:50:04 Checking file: /tmp/blitzy/blitzy-kubernetes/blitzy5f91179c1/staging/src/k8s.io/client-go/applyconfigurations/resource/v1/deviceclaim.go
[gosec] 2026/02/05 17:50:05 Checking file: /tmp/blitzy/blitzy-kubernetes/blitzy5f91179c1/staging/src/k8s.io/client-go/applyconfigurations/resource/v1/deviceclaimconfiguration.go
[gosec] 2026/02/05 17:50:05 Checking file: /tmp/blitzy/blitzy-kubernetes/blitzy5f91179c1/staging/src/k8s.io/client-go/applyconfigurations/resource/v1/deviceclass.go
[gosec] 2026/02/05 17:50:05 Checking file: /tmp/blitzy/blitzy-kubernetes/blitzy5f91179c1/staging/src/k8s.io/client-go/applyconfigurations/resource/v1/deviceclassconfiguration.go
[gosec] 2026/02/05 17:50:05 Checking file: /tmp/blitzy/blitzy-kubernetes/blitzy5f91179c1/staging/src/k8s.io/client-go/applyconfigurations/resource/v1/deviceclassspec.go
[gosec] 2026/02/05 17:50:06 Checking file: /tmp/blitzy/blitzy-kubernetes/blitzy5f91179c1/staging/src/k8s.io/client-go/applyconfigurations/resource/v1/deviceconfiguration.go
[gosec] 2026/02/05 17:50:06 Checking file: /tmp/blitzy/blitzy-kubernetes/blitzy5f91179c1/staging/src/k8s.io/client-go/applyconfigurations/resource/v1/deviceconstraint.go
[gosec] 2026/02/05 17:50:06 Checking file: /tmp/blitzy/blitzy-kubernetes/blitzy5f91179c1/staging/src/k8s.io/client-go/applyconfigurations/resource/v1/devicecounterconsumption.go
[gosec] 2026/02/05 17:50:06 Checking file: /tmp/blitzy/blitzy-kubernetes/blitzy5f91179c1/staging/src/k8s.io/client-go/applyconfigurations/resource/v1/devicerequest.go
[gosec] 2026/02/05 17:50:06 Checking file: /tmp/blitzy/blitzy-kubernetes/blitzy5f91179c1/staging/src/k8s.io/client-go/applyconfigurations/resource/v1/devicerequestallocationresult.go
[gosec] 2026/02/05 17:50:06 Checking file: /tmp/blitzy/blitzy-kubernetes/blitzy5f91179c1/staging/src/k8s.io/client-go/applyconfigurations/resource/v1/deviceselector.go
[gosec] 2026/02/05 17:50:06 Checking file: /tmp/blitzy/blitzy-kubernetes/blitzy5f91179c1/staging/src/k8s.io/client-go/applyconfigurations/resource/v1/devicesubrequest.go
[gosec] 2026/02/05 17:50:07 Checking file: /tmp/blitzy/blitzy-kubernetes/blitzy5f91179c1/staging/src/k8s.io/client-go/applyconfigurations/resource/v1/devicetaint.go
[gosec] 2026/02/05 17:50:07 Checking file: /tmp/blitzy/blitzy-kubernetes/blitzy5f91179c1/staging/src/k8s.io/client-go/applyconfigurations/resource/v1/devicetoleration.go
[gosec] 2026/02/05 17:50:07 Checking file: /tmp/blitzy/blitzy-kubernetes/blitzy5f91179c1/staging/src/k8s.io/client-go/applyconfigurations/resource/v1/exactdevicerequest.go
[gosec] 2026/02/05 17:50:07 Checking file: /tmp/blitzy/blitzy-kubernetes/blitzy5f91179c1/staging/src/k8s.io/client-go/applyconfigurations/resource/v1/networkdevicedata.go
[gosec] 2026/02/05 17:50:07 Checking file: /tmp/blitzy/blitzy-kubernetes/blitzy5f91179c1/staging/src/k8s.io/client-go/applyconfigurations/resource/v1/opaquedeviceconfiguration.go
[gosec] 2026/02/05 17:50:08 Checking file: /tmp/blitzy/blitzy-kubernetes/blitzy5f91179c1/staging/src/k8s.io/client-go/applyconfigurations/resource/v1/resourceclaim.go
[gosec] 2026/02/05 17:50:08 Checking file: /tmp/blitzy/blitzy-kubernetes/blitzy5f91179c1/staging/src/k8s.io/client-go/applyconfigurations/resource/v1/resourceclaimconsumerreference.go
[gosec] 2026/02/05 17:50:08 Checking file: /tmp/blitzy/blitzy-kubernetes/blitzy5f91179c1/staging/src/k8s.io/client-go/applyconfigurations/resource/v1/resourceclaimspec.go
[gosec] 2026/02/05 17:50:09 Checking file: /tmp/blitzy/blitzy-kubernetes/blitzy5f91179c1/staging/src/k8s.io/client-go/applyconfigurations/resource/v1/resourceclaimstatus.go
[gosec] 2026/02/05 17:50:09 Checking file: /tmp/blitzy/blitzy-kubernetes/blitzy5f91179c1/staging/src/k8s.io/client-go/applyconfigurations/resource/v1/resourceclaimtemplate.go
[gosec] 2026/02/05 17:50:09 Checking file: /tmp/blitzy/blitzy-kubernetes/blitzy5f91179c1/staging/src/k8s.io/client-go/applyconfigurations/resource/v1/resourceclaimtemplatespec.go
[gosec] 2026/02/05 17:50:10 Checking file: /tmp/blitzy/blitzy-kubernetes/blitzy5f91179c1/staging/src/k8s.io/client-go/applyconfigurations/resource/v1/resourcepool.go
[gosec] 2026/02/05 17:50:10 Checking file: /tmp/blitzy/blitzy-kubernetes/blitzy5f91179c1/staging/src/k8s.io/client-go/applyconfigurations/resource/v1/resourceslice.go
[gosec] 2026/02/05 17:50:11 Checking file: /tmp/blitzy/blitzy-kubernetes/blitzy5f91179c1/staging/src/k8s.io/client-go/applyconfigurations/resource/v1/resourceslicespec.go
[gosec] 2026/02/05 17:50:11 Checking package: v1alpha1
[gosec] 2026/02/05 17:50:11 Checking file: /tmp/blitzy/blitzy-kubernetes/blitzy5f91179c1/staging/src/k8s.io/client-go/applyconfigurations/scheduling/v1alpha1/gangschedulingpolicy.go
[gosec] 2026/02/05 17:50:11 Import directory: /tmp/blitzy/blitzy-kubernetes/blitzy5f91179c1/staging/src/k8s.io/client-go/informers/storage/v1
[gosec] 2026/02/05 17:50:11 Checking file: /tmp/blitzy/blitzy-kubernetes/blitzy5f91179c1/staging/src/k8s.io/client-go/applyconfigurations/scheduling/v1alpha1/podgroup.go
[gosec] 2026/02/05 17:50:11 Checking file: /tmp/blitzy/blitzy-kubernetes/blitzy5f91179c1/staging/src/k8s.io/client-go/applyconfigurations/scheduling/v1alpha1/podgrouppolicy.go
[gosec] 2026/02/05 17:50:11 Checking file: /tmp/blitzy/blitzy-kubernetes/blitzy5f91179c1/staging/src/k8s.io/client-go/applyconfigurations/scheduling/v1alpha1/priorityclass.go
[gosec] 2026/02/05 17:50:12 Checking file: /tmp/blitzy/blitzy-kubernetes/blitzy5f91179c1/staging/src/k8s.io/client-go/applyconfigurations/scheduling/v1alpha1/typedlocalobjectreference.go
[gosec] 2026/02/05 17:50:12 Checking file: /tmp/blitzy/blitzy-kubernetes/blitzy5f91179c1/staging/src/k8s.io/client-go/applyconfigurations/scheduling/v1alpha1/workload.go
[gosec] 2026/02/05 17:50:13 Checking file: /tmp/blitzy/blitzy-kubernetes/blitzy5f91179c1/staging/src/k8s.io/client-go/applyconfigurations/scheduling/v1alpha1/workloadspec.go
[gosec] 2026/02/05 17:50:13 Checking package: v1
[gosec] 2026/02/05 17:50:13 Checking file: /tmp/blitzy/blitzy-kubernetes/blitzy5f91179c1/staging/src/k8s.io/client-go/kubernetes/typed/scheduling/v1/doc.go
[gosec] 2026/02/05 17:50:13 Checking file: /tmp/blitzy/blitzy-kubernetes/blitzy5f91179c1/staging/src/k8s.io/client-go/kubernetes/typed/scheduling/v1/generated_expansion.go
[gosec] 2026/02/05 17:50:13 Import directory: /tmp/blitzy/blitzy-kubernetes/blitzy5f91179c1/staging/src/k8s.io/client-go/kubernetes/typed/authentication/v1alpha1/fake
[gosec] 2026/02/05 17:50:13 Checking file: /tmp/blitzy/blitzy-kubernetes/blitzy5f91179c1/staging/src/k8s.io/client-go/kubernetes/typed/scheduling/v1/priorityclass.go
[gosec] 2026/02/05 17:50:13 Checking file: /tmp/blitzy/blitzy-kubernetes/blitzy5f91179c1/staging/src/k8s.io/client-go/kubernetes/typed/scheduling/v1/scheduling_client.go
[gosec] 2026/02/05 17:50:14 Checking package: v1
[gosec] 2026/02/05 17:50:14 Checking file: /tmp/blitzy/blitzy-kubernetes/blitzy5f91179c1/staging/src/k8s.io/client-go/informers/node/v1/interface.go
[gosec] 2026/02/05 17:50:14 Import directory: /tmp/blitzy/blitzy-kubernetes/blitzy5f91179c1/staging/src/k8s.io/client-go/dynamic/fake
[gosec] 2026/02/05 17:50:14 Checking file: /tmp/blitzy/blitzy-kubernetes/blitzy5f91179c1/staging/src/k8s.io/client-go/informers/node/v1/runtimeclass.go
[gosec] 2026/02/05 17:50:14 Checking package: v1
[gosec] 2026/02/05 17:50:14 Checking file: /tmp/blitzy/blitzy-kubernetes/blitzy5f91179c1/staging/src/k8s.io/client-go/applyconfigurations/events/v1/event.go
[gosec] 2026/02/05 17:50:14 Import directory: /tmp/blitzy/blitzy-kubernetes/blitzy5f91179c1/staging/src/k8s.io/client-go/informers/autoscaling/v2beta1
[gosec] 2026/02/05 17:50:15 Checking file: /tmp/blitzy/blitzy-kubernetes/blitzy5f91179c1/staging/src/k8s.io/client-go/applyconfigurations/events/v1/eventseries.go
[gosec] 2026/02/05 17:50:15 Checking package: v1beta1
[gosec] 2026/02/05 17:50:15 Checking file: /tmp/blitzy/blitzy-kubernetes/blitzy5f91179c1/staging/src/k8s.io/client-go/informers/coordination/v1beta1/interface.go
[gosec] 2026/02/05 17:50:15 Import directory: /tmp/blitzy/blitzy-kubernetes/blitzy5f91179c1/staging/src/k8s.io/client-go/informers/rbac/v1alpha1
[gosec] 2026/02/05 17:50:15 Checking file: /tmp/blitzy/blitzy-kubernetes/blitzy5f91179c1/staging/src/k8s.io/client-go/informers/coordination/v1beta1/lease.go
[gosec] 2026/02/05 17:50:16 Checking file: /tmp/blitzy/blitzy-kubernetes/blitzy5f91179c1/staging/src/k8s.io/client-go/informers/coordination/v1beta1/leasecandidate.go
[gosec] 2026/02/05 17:50:16 Checking package: fake
[gosec] 2026/02/05 17:50:16 Checking file: /tmp/blitzy/blitzy-kubernetes/blitzy5f91179c1/staging/src/k8s.io/client-go/kubernetes/typed/storage/v1beta1/fake/doc.go
[gosec] 2026/02/05 17:50:16 Checking file: /tmp/blitzy/blitzy-kubernetes/blitzy5f91179c1/staging/src/k8s.io/client-go/kubernetes/typed/storage/v1beta1/fake/fake_csidriver.go
[gosec] 2026/02/05 17:50:16 Import directory: /tmp/blitzy/blitzy-kubernetes/blitzy5f91179c1/staging/src/k8s.io/client-go/kubernetes/typed/rbac/v1beta1
[gosec] 2026/02/05 17:50:16 Checking file: /tmp/blitzy/blitzy-kubernetes/blitzy5f91179c1/staging/src/k8s.io/client-go/kubernetes/typed/storage/v1beta1/fake/fake_csinode.go
[gosec] 2026/02/05 17:50:16 Checking file: /tmp/blitzy/blitzy-kubernetes/blitzy5f91179c1/staging/src/k8s.io/client-go/kubernetes/typed/storage/v1beta1/fake/fake_csistoragecapacity.go
[gosec] 2026/02/05 17:50:16 Checking file: /tmp/blitzy/blitzy-kubernetes/blitzy5f91179c1/staging/src/k8s.io/client-go/kubernetes/typed/storage/v1beta1/fake/fake_storage_client.go
[gosec] 2026/02/05 17:50:16 Checking file: /tmp/blitzy/blitzy-kubernetes/blitzy5f91179c1/staging/src/k8s.io/client-go/kubernetes/typed/storage/v1beta1/fake/fake_storageclass.go
[gosec] 2026/02/05 17:50:16 Checking file: /tmp/blitzy/blitzy-kubernetes/blitzy5f91179c1/staging/src/k8s.io/client-go/kubernetes/typed/storage/v1beta1/fake/fake_volumeattachment.go
[gosec] 2026/02/05 17:50:17 Checking file: /tmp/blitzy/blitzy-kubernetes/blitzy5f91179c1/staging/src/k8s.io/client-go/kubernetes/typed/storage/v1beta1/fake/fake_volumeattributesclass.go
[gosec] 2026/02/05 17:50:17 Checking package: v1
[gosec] 2026/02/05 17:50:17 Checking file: /tmp/blitzy/blitzy-kubernetes/blitzy5f91179c1/staging/src/k8s.io/client-go/listers/apps/v1/controllerrevision.go
[gosec] 2026/02/05 17:50:17 Import directory: /tmp/blitzy/blitzy-kubernetes/blitzy5f91179c1/staging/src/k8s.io/client-go/listers/node/v1beta1
[gosec] 2026/02/05 17:50:17 Checking file: /tmp/blitzy/blitzy-kubernetes/blitzy5f91179c1/staging/src/k8s.io/client-go/listers/apps/v1/daemonset.go
[gosec] 2026/02/05 17:50:17 Checking file: /tmp/blitzy/blitzy-kubernetes/blitzy5f91179c1/staging/src/k8s.io/client-go/listers/apps/v1/daemonset_expansion.go
[gosec] 2026/02/05 17:50:17 Checking file: /tmp/blitzy/blitzy-kubernetes/blitzy5f91179c1/staging/src/k8s.io/client-go/listers/apps/v1/deployment.go
[gosec] 2026/02/05 17:50:17 Checking file: /tmp/blitzy/blitzy-kubernetes/blitzy5f91179c1/staging/src/k8s.io/client-go/listers/apps/v1/expansion_generated.go
[gosec] 2026/02/05 17:50:17 Checking file: /tmp/blitzy/blitzy-kubernetes/blitzy5f91179c1/staging/src/k8s.io/client-go/listers/apps/v1/replicaset.go
[gosec] 2026/02/05 17:50:17 Checking file: /tmp/blitzy/blitzy-kubernetes/blitzy5f91179c1/staging/src/k8s.io/client-go/listers/apps/v1/replicaset_expansion.go
[gosec] 2026/02/05 17:50:17 Checking file: /tmp/blitzy/blitzy-kubernetes/blitzy5f91179c1/staging/src/k8s.io/client-go/listers/apps/v1/statefulset.go
[gosec] 2026/02/05 17:50:17 Checking file: /tmp/blitzy/blitzy-kubernetes/blitzy5f91179c1/staging/src/k8s.io/client-go/listers/apps/v1/statefulset_expansion.go
[gosec] 2026/02/05 17:50:17 Checking package: v1beta1
[gosec] 2026/02/05 17:50:17 Checking file: /tmp/blitzy/blitzy-kubernetes/blitzy5f91179c1/staging/src/k8s.io/client-go/listers/certificates/v1beta1/certificatesigningrequest.go
[gosec] 2026/02/05 17:50:17 Import directory: /tmp/blitzy/blitzy-kubernetes/blitzy5f91179c1/staging/src/k8s.io/client-go/openapi
[gosec] 2026/02/05 17:50:17 Checking file: /tmp/blitzy/blitzy-kubernetes/blitzy5f91179c1/staging/src/k8s.io/client-go/listers/certificates/v1beta1/clustertrustbundle.go
[gosec] 2026/02/05 17:50:17 Checking file: /tmp/blitzy/blitzy-kubernetes/blitzy5f91179c1/staging/src/k8s.io/client-go/listers/certificates/v1beta1/expansion_generated.go
[gosec] 2026/02/05 17:50:17 Checking file: /tmp/blitzy/blitzy-kubernetes/blitzy5f91179c1/staging/src/k8s.io/client-go/listers/certificates/v1beta1/podcertificaterequest.go
[gosec] 2026/02/05 17:50:17 Checking package: v1
[gosec] 2026/02/05 17:50:17 Checking file: /tmp/blitzy/blitzy-kubernetes/blitzy5f91179c1/staging/src/k8s.io/client-go/informers/storage/v1/csidriver.go
[gosec] 2026/02/05 17:50:17 Import directory: /tmp/blitzy/blitzy-kubernetes/blitzy5f91179c1/staging/src/k8s.io/client-go/applyconfigurations/internal
[gosec] 2026/02/05 17:50:18 Checking file: /tmp/blitzy/blitzy-kubernetes/blitzy5f91179c1/staging/src/k8s.io/client-go/informers/storage/v1/csinode.go
[gosec] 2026/02/05 17:50:18 Checking file: /tmp/blitzy/blitzy-kubernetes/blitzy5f91179c1/staging/src/k8s.io/client-go/informers/storage/v1/csistoragecapacity.go
[gosec] 2026/02/05 17:50:18 Checking file: /tmp/blitzy/blitzy-kubernetes/blitzy5f91179c1/staging/src/k8s.io/client-go/informers/storage/v1/interface.go
[gosec] 2026/02/05 17:50:19 Checking file: /tmp/blitzy/blitzy-kubernetes/blitzy5f91179c1/staging/src/k8s.io/client-go/informers/storage/v1/storageclass.go
[gosec] 2026/02/05 17:50:19 Checking file: /tmp/blitzy/blitzy-kubernetes/blitzy5f91179c1/staging/src/k8s.io/client-go/informers/storage/v1/volumeattachment.go
[gosec] 2026/02/05 17:50:19 Checking file: /tmp/blitzy/blitzy-kubernetes/blitzy5f91179c1/staging/src/k8s.io/client-go/informers/storage/v1/volumeattributesclass.go
[gosec] 2026/02/05 17:50:19 Checking package: fake
[gosec] 2026/02/05 17:50:19 Checking file: /tmp/blitzy/blitzy-kubernetes/blitzy5f91179c1/staging/src/k8s.io/client-go/kubernetes/typed/authentication/v1alpha1/fake/doc.go
[gosec] 2026/02/05 17:50:19 Checking file: /tmp/blitzy/blitzy-kubernetes/blitzy5f91179c1/staging/src/k8s.io/client-go/kubernetes/typed/authentication/v1alpha1/fake/fake_authentication_client.go
[gosec] 2026/02/05 17:50:19 Import directory: /tmp/blitzy/blitzy-kubernetes/blitzy5f91179c1/staging/src/k8s.io/client-go/discovery
[gosec] 2026/02/05 17:50:19 Checking file: /tmp/blitzy/blitzy-kubernetes/blitzy5f91179c1/staging/src/k8s.io/client-go/kubernetes/typed/authentication/v1alpha1/fake/fake_selfsubjectreview.go
[gosec] 2026/02/05 17:50:19 Checking package: fake
[gosec] 2026/02/05 17:50:19 Checking file: /tmp/blitzy/blitzy-kubernetes/blitzy5f91179c1/staging/src/k8s.io/client-go/dynamic/fake/simple.go
[gosec] 2026/02/05 17:50:21 Checking package: v2beta1
[gosec] 2026/02/05 17:50:21 Checking file: /tmp/blitzy/blitzy-kubernetes/blitzy5f91179c1/staging/src/k8s.io/client-go/informers/autoscaling/v2beta1/horizontalpodautoscaler.go
[gosec] 2026/02/05 17:50:21 Checking file: /tmp/blitzy/blitzy-kubernetes/blitzy5f91179c1/staging/src/k8s.io/client-go/informers/autoscaling/v2beta1/interface.go
[gosec] 2026/02/05 17:50:22 Checking package: v1alpha1
[gosec] 2026/02/05 17:50:22 Checking file: /tmp/blitzy/blitzy-kubernetes/blitzy5f91179c1/staging/src/k8s.io/client-go/informers/rbac/v1alpha1/clusterrole.go
[gosec] 2026/02/05 17:50:22 Checking file: /tmp/blitzy/blitzy-kubernetes/blitzy5f91179c1/staging/src/k8s.io/client-go/informers/rbac/v1alpha1/clusterrolebinding.go
[gosec] 2026/02/05 17:50:22 Checking file: /tmp/blitzy/blitzy-kubernetes/blitzy5f91179c1/staging/src/k8s.io/client-go/informers/rbac/v1alpha1/interface.go
[gosec] 2026/02/05 17:50:22 Checking file: /tmp/blitzy/blitzy-kubernetes/blitzy5f91179c1/staging/src/k8s.io/client-go/informers/rbac/v1alpha1/role.go
[gosec] 2026/02/05 17:50:23 Checking file: /tmp/blitzy/blitzy-kubernetes/blitzy5f91179c1/staging/src/k8s.io/client-go/informers/rbac/v1alpha1/rolebinding.go
[gosec] 2026/02/05 17:50:23 Checking package: v1beta1
[gosec] 2026/02/05 17:50:23 Checking file: /tmp/blitzy/blitzy-kubernetes/blitzy5f91179c1/staging/src/k8s.io/client-go/kubernetes/typed/rbac/v1beta1/clusterrole.go
[gosec] 2026/02/05 17:50:23 Checking file: /tmp/blitzy/blitzy-kubernetes/blitzy5f91179c1/staging/src/k8s.io/client-go/kubernetes/typed/rbac/v1beta1/clusterrolebinding.go
[gosec] 2026/02/05 17:50:23 Checking file: /tmp/blitzy/blitzy-kubernetes/blitzy5f91179c1/staging/src/k8s.io/client-go/kubernetes/typed/rbac/v1beta1/doc.go
[gosec] 2026/02/05 17:50:23 Checking file: /tmp/blitzy/blitzy-kubernetes/blitzy5f91179c1/staging/src/k8s.io/client-go/kubernetes/typed/rbac/v1beta1/generated_expansion.go
[gosec] 2026/02/05 17:50:23 Checking file: /tmp/blitzy/blitzy-kubernetes/blitzy5f91179c1/staging/src/k8s.io/client-go/kubernetes/typed/rbac/v1beta1/rbac_client.go
[gosec] 2026/02/05 17:50:23 Checking file: /tmp/blitzy/blitzy-kubernetes/blitzy5f91179c1/staging/src/k8s.io/client-go/kubernetes/typed/rbac/v1beta1/role.go
[gosec] 2026/02/05 17:50:23 Checking file: /tmp/blitzy/blitzy-kubernetes/blitzy5f91179c1/staging/src/k8s.io/client-go/kubernetes/typed/rbac/v1beta1/rolebinding.go
[gosec] 2026/02/05 17:50:24 Checking package: v1beta1
[gosec] 2026/02/05 17:50:24 Checking file: /tmp/blitzy/blitzy-kubernetes/blitzy5f91179c1/staging/src/k8s.io/client-go/listers/node/v1beta1/expansion_generated.go
[gosec] 2026/02/05 17:50:24 Checking file: /tmp/blitzy/blitzy-kubernetes/blitzy5f91179c1/staging/src/k8s.io/client-go/listers/node/v1beta1/runtimeclass.go
[gosec] 2026/02/05 17:50:24 Checking package: internal
[gosec] 2026/02/05 17:50:24 Checking file: /tmp/blitzy/blitzy-kubernetes/blitzy5f91179c1/staging/src/k8s.io/client-go/applyconfigurations/internal/internal.go
[gosec] 2026/02/05 17:50:24 Checking package: openapi
[gosec] 2026/02/05 17:50:24 Checking file: /tmp/blitzy/blitzy-kubernetes/blitzy5f91179c1/staging/src/k8s.io/client-go/openapi/client.go
[gosec] 2026/02/05 17:50:24 Checking file: /tmp/blitzy/blitzy-kubernetes/blitzy5f91179c1/staging/src/k8s.io/client-go/openapi/groupversion.go
[gosec] 2026/02/05 17:50:24 Checking file: /tmp/blitzy/blitzy-kubernetes/blitzy5f91179c1/staging/src/k8s.io/client-go/openapi/typeconverter.go
[gosec] 2026/02/05 17:50:24 Checking package: discovery
[gosec] 2026/02/05 17:50:24 Checking file: /tmp/blitzy/blitzy-kubernetes/blitzy5f91179c1/staging/src/k8s.io/client-go/discovery/aggregated_discovery.go
[gosec] 2026/02/05 17:50:25 Checking file: /tmp/blitzy/blitzy-kubernetes/blitzy5f91179c1/staging/src/k8s.io/client-go/discovery/discovery_client.go
[gosec] 2026/02/05 17:50:27 Checking file: /tmp/blitzy/blitzy-kubernetes/blitzy5f91179c1/staging/src/k8s.io/client-go/discovery/doc.go
[gosec] 2026/02/05 17:50:27 Checking file: /tmp/blitzy/blitzy-kubernetes/blitzy5f91179c1/staging/src/k8s.io/client-go/discovery/helper.go
