[gosec] 2026/02/05 17:59:55 Including rules: default
[gosec] 2026/02/05 17:59:55 Excluding rules: G104
[gosec] 2026/02/05 17:59:55 Including analyzers: default
[gosec] 2026/02/05 17:59:55 Excluding analyzers: G104
[gosec] 2026/02/05 17:59:55 Import directory: /tmp/blitzy/blitzy-kubernetes/blitzy5f91179c1/pkg/volume/util/hostutil
[gosec] 2026/02/05 17:59:55 Import directory: /tmp/blitzy/blitzy-kubernetes/blitzy5f91179c1/pkg/apis/rbac/validation
[gosec] 2026/02/05 17:59:55 Import directory: /tmp/blitzy/blitzy-kubernetes/blitzy5f91179c1/pkg/controller/nodeipam/config/v1alpha1
[gosec] 2026/02/05 17:59:55 Import directory: /tmp/blitzy/blitzy-kubernetes/blitzy5f91179c1/pkg/controller/volume/ephemeral
[gosec] 2026/02/05 17:59:55 Import directory: /tmp/blitzy/blitzy-kubernetes/blitzy5f91179c1/pkg/kubelet/apis/config/v1
[gosec] 2026/02/05 17:59:55 Import directory: /tmp/blitzy/blitzy-kubernetes/blitzy5f91179c1/pkg/kubelet/certificate
[gosec] 2026/02/05 17:59:55 Import directory: /tmp/blitzy/blitzy-kubernetes/blitzy5f91179c1/pkg/registry/apps/deployment
[gosec] 2026/02/05 17:59:55 Import directory: /tmp/blitzy/blitzy-kubernetes/blitzy5f91179c1/pkg/registry/testapigroup/rest
[gosec] 2026/02/05 17:59:55 Checking package: hostutil
[gosec] 2026/02/05 17:59:55 Checking file: /tmp/blitzy/blitzy-kubernetes/blitzy5f91179c1/pkg/volume/util/hostutil/fake_hostutil.go
[gosec] 2026/02/05 17:59:55 Import directory: /tmp/blitzy/blitzy-kubernetes/blitzy5f91179c1/pkg/apis/events/v1
[gosec] 2026/02/05 17:59:56 Checking file: /tmp/blitzy/blitzy-kubernetes/blitzy5f91179c1/pkg/volume/util/hostutil/hostutil.go
[gosec] 2026/02/05 17:59:56 Checking file: /tmp/blitzy/blitzy-kubernetes/blitzy5f91179c1/pkg/volume/util/hostutil/hostutil_linux.go
[gosec] 2026/02/05 17:59:57 Checking package: v1alpha1
[gosec] 2026/02/05 17:59:57 Checking file: /tmp/blitzy/blitzy-kubernetes/blitzy5f91179c1/pkg/controller/nodeipam/config/v1alpha1/conversion.go
[gosec] 2026/02/05 17:59:57 Import directory: /tmp/blitzy/blitzy-kubernetes/blitzy5f91179c1/pkg/kubeapiserver/authorizer/modes
[gosec] 2026/02/05 17:59:57 Checking file: /tmp/blitzy/blitzy-kubernetes/blitzy5f91179c1/pkg/controller/nodeipam/config/v1alpha1/defaults.go
[gosec] 2026/02/05 17:59:57 Checking file: /tmp/blitzy/blitzy-kubernetes/blitzy5f91179c1/pkg/controller/nodeipam/config/v1alpha1/doc.go
[gosec] 2026/02/05 17:59:57 Checking file: /tmp/blitzy/blitzy-kubernetes/blitzy5f91179c1/pkg/controller/nodeipam/config/v1alpha1/register.go
[gosec] 2026/02/05 17:59:57 Checking file: /tmp/blitzy/blitzy-kubernetes/blitzy5f91179c1/pkg/controller/nodeipam/config/v1alpha1/zz_generated.conversion.go
[gosec] 2026/02/05 17:59:58 Checking file: /tmp/blitzy/blitzy-kubernetes/blitzy5f91179c1/pkg/controller/nodeipam/config/v1alpha1/zz_generated.deepcopy.go
[gosec] 2026/02/05 17:59:58 Checking package: v1
[gosec] 2026/02/05 17:59:58 Checking file: /tmp/blitzy/blitzy-kubernetes/blitzy5f91179c1/pkg/kubelet/apis/config/v1/doc.go
[gosec] 2026/02/05 17:59:58 Checking file: /tmp/blitzy/blitzy-kubernetes/blitzy5f91179c1/pkg/kubelet/apis/config/v1/register.go
[gosec] 2026/02/05 17:59:58 Import directory: /tmp/blitzy/blitzy-kubernetes/blitzy5f91179c1/pkg/kubeapiserver
[gosec] 2026/02/05 17:59:58 Checking file: /tmp/blitzy/blitzy-kubernetes/blitzy5f91179c1/pkg/kubelet/apis/config/v1/zz_generated.conversion.go
[gosec] 2026/02/05 17:59:58 Checking file: /tmp/blitzy/blitzy-kubernetes/blitzy5f91179c1/pkg/kubelet/apis/config/v1/zz_generated.deepcopy.go
[gosec] 2026/02/05 17:59:58 Checking file: /tmp/blitzy/blitzy-kubernetes/blitzy5f91179c1/pkg/kubelet/apis/config/v1/zz_generated.defaults.go
[gosec] 2026/02/05 17:59:58 Checking package: validation
[gosec] 2026/02/05 17:59:58 Checking file: /tmp/blitzy/blitzy-kubernetes/blitzy5f91179c1/pkg/apis/rbac/validation/validation.go
[gosec] 2026/02/05 17:59:58 Import directory: /tmp/blitzy/blitzy-kubernetes/blitzy5f91179c1/pkg/registry/core/endpoint/storage
[gosec] 2026/02/05 17:59:59 Checking package: deployment
[gosec] 2026/02/05 17:59:59 Checking file: /tmp/blitzy/blitzy-kubernetes/blitzy5f91179c1/pkg/registry/apps/deployment/doc.go
[gosec] 2026/02/05 17:59:59 Checking file: /tmp/blitzy/blitzy-kubernetes/blitzy5f91179c1/pkg/registry/apps/deployment/strategy.go
[gosec] 2026/02/05 17:59:59 Import directory: /tmp/blitzy/blitzy-kubernetes/blitzy5f91179c1/pkg/registry/networking/ingressclass
[gosec] 2026/02/05 18:00:00 Checking package: v1
[gosec] 2026/02/05 18:00:00 Checking file: /tmp/blitzy/blitzy-kubernetes/blitzy5f91179c1/pkg/apis/events/v1/conversion.go
[gosec] 2026/02/05 18:00:00 Import directory: /tmp/blitzy/blitzy-kubernetes/blitzy5f91179c1/pkg/registry/node/runtimeclass
[gosec] 2026/02/05 18:00:00 Checking file: /tmp/blitzy/blitzy-kubernetes/blitzy5f91179c1/pkg/apis/events/v1/doc.go
[gosec] 2026/02/05 18:00:00 Checking file: /tmp/blitzy/blitzy-kubernetes/blitzy5f91179c1/pkg/apis/events/v1/register.go
[gosec] 2026/02/05 18:00:00 Checking file: /tmp/blitzy/blitzy-kubernetes/blitzy5f91179c1/pkg/apis/events/v1/zz_generated.conversion.go
[gosec] 2026/02/05 18:00:01 Checking file: /tmp/blitzy/blitzy-kubernetes/blitzy5f91179c1/pkg/apis/events/v1/zz_generated.defaults.go
[gosec] 2026/02/05 18:00:01 Checking package: ephemeral
[gosec] 2026/02/05 18:00:01 Checking file: /tmp/blitzy/blitzy-kubernetes/blitzy5f91179c1/pkg/controller/volume/ephemeral/controller.go
[gosec] 2026/02/05 18:00:01 Import directory: /tmp/blitzy/blitzy-kubernetes/blitzy5f91179c1/pkg/registry/policy/poddisruptionbudget
[gosec] 2026/02/05 18:00:01 Checking file: /tmp/blitzy/blitzy-kubernetes/blitzy5f91179c1/pkg/controller/volume/ephemeral/doc.go
[gosec] 2026/02/05 18:00:01 Checking package: certificate
[gosec] 2026/02/05 18:00:01 Checking file: /tmp/blitzy/blitzy-kubernetes/blitzy5f91179c1/pkg/kubelet/certificate/kubelet.go
[gosec] 2026/02/05 18:00:01 Import directory: /tmp/blitzy/blitzy-kubernetes/blitzy5f91179c1/pkg/scheduler/testing/framework
[gosec] 2026/02/05 18:00:02 Checking file: /tmp/blitzy/blitzy-kubernetes/blitzy5f91179c1/pkg/kubelet/certificate/transport.go
[gosec] 2026/02/05 18:00:02 Checking package: rest
[gosec] 2026/02/05 18:00:02 Checking file: /tmp/blitzy/blitzy-kubernetes/blitzy5f91179c1/pkg/registry/testapigroup/rest/storage_resource.go
[gosec] 2026/02/05 18:00:02 Import directory: /tmp/blitzy/blitzy-kubernetes/blitzy5f91179c1/pkg/controller/podautoscaler/metrics
[gosec] 2026/02/05 18:00:02 Checking package: modes
[gosec] 2026/02/05 18:00:02 Checking file: /tmp/blitzy/blitzy-kubernetes/blitzy5f91179c1/pkg/kubeapiserver/authorizer/modes/modes.go
[gosec] 2026/02/05 18:00:02 Import directory: /tmp/blitzy/blitzy-kubernetes/blitzy5f91179c1/pkg/controller/statefulset/config
[gosec] 2026/02/05 18:00:02 Checking package: kubeapiserver
[gosec] 2026/02/05 18:00:02 Checking file: /tmp/blitzy/blitzy-kubernetes/blitzy5f91179c1/pkg/kubeapiserver/default_storage_factory_builder.go
[gosec] 2026/02/05 18:00:02 Import directory: /tmp/blitzy/blitzy-kubernetes/blitzy5f91179c1/pkg/controller/volume/persistentvolume
[gosec] 2026/02/05 18:00:02 Checking file: /tmp/blitzy/blitzy-kubernetes/blitzy5f91179c1/pkg/kubeapiserver/doc.go
[gosec] 2026/02/05 18:00:02 Checking package: storage
[gosec] 2026/02/05 18:00:02 Checking file: /tmp/blitzy/blitzy-kubernetes/blitzy5f91179c1/pkg/registry/core/endpoint/storage/storage.go
[gosec] 2026/02/05 18:00:02 Import directory: /tmp/blitzy/blitzy-kubernetes/blitzy5f91179c1/pkg/kubelet/volumemanager/metrics
[gosec] 2026/02/05 18:00:03 Checking package: ingressclass
[gosec] 2026/02/05 18:00:03 Checking file: /tmp/blitzy/blitzy-kubernetes/blitzy5f91179c1/pkg/registry/networking/ingressclass/doc.go
[gosec] 2026/02/05 18:00:03 Checking file: /tmp/blitzy/blitzy-kubernetes/blitzy5f91179c1/pkg/registry/networking/ingressclass/strategy.go
[gosec] 2026/02/05 18:00:03 Import directory: /tmp/blitzy/blitzy-kubernetes/blitzy5f91179c1/pkg/registry/core/limitrange/storage
[gosec] 2026/02/05 18:00:03 Checking package: runtimeclass
[gosec] 2026/02/05 18:00:03 Checking file: /tmp/blitzy/blitzy-kubernetes/blitzy5f91179c1/pkg/registry/node/runtimeclass/doc.go
[gosec] 2026/02/05 18:00:03 Import directory: /tmp/blitzy/blitzy-kubernetes/blitzy5f91179c1/pkg/scheduler/apis/config
[gosec] 2026/02/05 18:00:03 Checking file: /tmp/blitzy/blitzy-kubernetes/blitzy5f91179c1/pkg/registry/node/runtimeclass/strategy.go
[gosec] 2026/02/05 18:00:03 Checking package: poddisruptionbudget
[gosec] 2026/02/05 18:00:03 Checking file: /tmp/blitzy/blitzy-kubernetes/blitzy5f91179c1/pkg/registry/policy/poddisruptionbudget/doc.go
[gosec] 2026/02/05 18:00:03 Checking file: /tmp/blitzy/blitzy-kubernetes/blitzy5f91179c1/pkg/registry/policy/poddisruptionbudget/strategy.go
[gosec] 2026/02/05 18:00:03 Import directory: /tmp/blitzy/blitzy-kubernetes/blitzy5f91179c1/pkg/util/labels
[gosec] 2026/02/05 18:00:03 Checking package: framework
[gosec] 2026/02/05 18:00:03 Checking file: /tmp/blitzy/blitzy-kubernetes/blitzy5f91179c1/pkg/scheduler/testing/framework/fake_extender.go
[gosec] 2026/02/05 18:00:03 Import directory: /tmp/blitzy/blitzy-kubernetes/blitzy5f91179c1/pkg/volume/hostpath
[gosec] 2026/02/05 18:00:05 Checking file: /tmp/blitzy/blitzy-kubernetes/blitzy5f91179c1/pkg/scheduler/testing/framework/fake_listers.go
[gosec] 2026/02/05 18:00:06 Checking file: /tmp/blitzy/blitzy-kubernetes/blitzy5f91179c1/pkg/scheduler/testing/framework/fake_plugins.go
[gosec] 2026/02/05 18:00:06 Checking file: /tmp/blitzy/blitzy-kubernetes/blitzy5f91179c1/pkg/scheduler/testing/framework/framework_helpers.go
[gosec] 2026/02/05 18:00:07 Checking package: config
[gosec] 2026/02/05 18:00:07 Checking file: /tmp/blitzy/blitzy-kubernetes/blitzy5f91179c1/pkg/controller/statefulset/config/doc.go
[gosec] 2026/02/05 18:00:07 Checking file: /tmp/blitzy/blitzy-kubernetes/blitzy5f91179c1/pkg/controller/statefulset/config/types.go
[gosec] 2026/02/05 18:00:07 Import directory: /tmp/blitzy/blitzy-kubernetes/blitzy5f91179c1/pkg/controller/endpoint/config
[gosec] 2026/02/05 18:00:07 Checking file: /tmp/blitzy/blitzy-kubernetes/blitzy5f91179c1/pkg/controller/statefulset/config/zz_generated.deepcopy.go
[gosec] 2026/02/05 18:00:07 Checking package: metrics
[gosec] 2026/02/05 18:00:07 Checking file: /tmp/blitzy/blitzy-kubernetes/blitzy5f91179c1/pkg/controller/podautoscaler/metrics/client.go
[gosec] 2026/02/05 18:00:07 Import directory: /tmp/blitzy/blitzy-kubernetes/blitzy5f91179c1/pkg/controller/replicaset/config/v1alpha1
[gosec] 2026/02/05 18:00:08 Checking file: /tmp/blitzy/blitzy-kubernetes/blitzy5f91179c1/pkg/controller/podautoscaler/metrics/interfaces.go
[gosec] 2026/02/05 18:00:08 Checking file: /tmp/blitzy/blitzy-kubernetes/blitzy5f91179c1/pkg/controller/podautoscaler/metrics/utilization.go
[gosec] 2026/02/05 18:00:08 Checking package: persistentvolume
[gosec] 2026/02/05 18:00:08 Checking file: /tmp/blitzy/blitzy-kubernetes/blitzy5f91179c1/pkg/controller/volume/persistentvolume/index.go
[gosec] 2026/02/05 18:00:08 Import directory: /tmp/blitzy/blitzy-kubernetes/blitzy5f91179c1/pkg/controller/ttlafterfinished
[gosec] 2026/02/05 18:00:08 Checking file: /tmp/blitzy/blitzy-kubernetes/blitzy5f91179c1/pkg/controller/volume/persistentvolume/pv_controller.go
[gosec] 2026/02/05 18:00:13 Checking file: /tmp/blitzy/blitzy-kubernetes/blitzy5f91179c1/pkg/controller/volume/persistentvolume/pv_controller_base.go
[gosec] 2026/02/05 18:00:14 Checking file: /tmp/blitzy/blitzy-kubernetes/blitzy5f91179c1/pkg/controller/volume/persistentvolume/volume_host.go
[gosec] 2026/02/05 18:00:15 Checking package: config
[gosec] 2026/02/05 18:00:15 Checking file: /tmp/blitzy/blitzy-kubernetes/blitzy5f91179c1/pkg/scheduler/apis/config/doc.go
[gosec] 2026/02/05 18:00:15 Import directory: /tmp/blitzy/blitzy-kubernetes/blitzy5f91179c1/pkg/kubeapiserver/authenticator
[gosec] 2026/02/05 18:00:15 Checking file: /tmp/blitzy/blitzy-kubernetes/blitzy5f91179c1/pkg/scheduler/apis/config/register.go
[gosec] 2026/02/05 18:00:15 Checking file: /tmp/blitzy/blitzy-kubernetes/blitzy5f91179c1/pkg/scheduler/apis/config/types.go
[gosec] 2026/02/05 18:00:15 Checking file: /tmp/blitzy/blitzy-kubernetes/blitzy5f91179c1/pkg/scheduler/apis/config/types_pluginargs.go
[gosec] 2026/02/05 18:00:15 Checking file: /tmp/blitzy/blitzy-kubernetes/blitzy5f91179c1/pkg/scheduler/apis/config/zz_generated.deepcopy.go
[gosec] 2026/02/05 18:00:17 Checking package: metrics
[gosec] 2026/02/05 18:00:17 Checking file: /tmp/blitzy/blitzy-kubernetes/blitzy5f91179c1/pkg/kubelet/volumemanager/metrics/metrics.go
[gosec] 2026/02/05 18:00:17 Import directory: /tmp/blitzy/blitzy-kubernetes/blitzy5f91179c1/pkg/kubelet/runtimeclass/testing
[gosec] 2026/02/05 18:00:18 Checking package: labels
[gosec] 2026/02/05 18:00:18 Checking file: /tmp/blitzy/blitzy-kubernetes/blitzy5f91179c1/pkg/util/labels/doc.go
[gosec] 2026/02/05 18:00:18 Import directory: /tmp/blitzy/blitzy-kubernetes/blitzy5f91179c1/pkg/kubelet/status
[gosec] 2026/02/05 18:00:18 Checking file: /tmp/blitzy/blitzy-kubernetes/blitzy5f91179c1/pkg/util/labels/labels.go
[gosec] 2026/02/05 18:00:18 Checking package: storage
[gosec] 2026/02/05 18:00:18 Checking file: /tmp/blitzy/blitzy-kubernetes/blitzy5f91179c1/pkg/registry/core/limitrange/storage/storage.go
[gosec] 2026/02/05 18:00:18 Import directory: /tmp/blitzy/blitzy-kubernetes/blitzy5f91179c1/pkg/registry/core/pod/rest
[gosec] 2026/02/05 18:00:18 Checking package: hostpath
[gosec] 2026/02/05 18:00:18 Checking file: /tmp/blitzy/blitzy-kubernetes/blitzy5f91179c1/pkg/volume/hostpath/doc.go
[gosec] 2026/02/05 18:00:18 Checking file: /tmp/blitzy/blitzy-kubernetes/blitzy5f91179c1/pkg/volume/hostpath/host_path.go
[gosec] 2026/02/05 18:00:18 Import directory: /tmp/blitzy/blitzy-kubernetes/blitzy5f91179c1/pkg/controller/endpointslicemirroring/metrics
[gosec] 2026/02/05 18:00:20 Checking package: config
[gosec] 2026/02/05 18:00:20 Checking file: /tmp/blitzy/blitzy-kubernetes/blitzy5f91179c1/pkg/controller/endpoint/config/doc.go
[gosec] 2026/02/05 18:00:20 Checking file: /tmp/blitzy/blitzy-kubernetes/blitzy5f91179c1/pkg/controller/endpoint/config/types.go
[gosec] 2026/02/05 18:00:20 Import directory: /tmp/blitzy/blitzy-kubernetes/blitzy5f91179c1/pkg/controller/ttl
[gosec] 2026/02/05 18:00:20 Checking file: /tmp/blitzy/blitzy-kubernetes/blitzy5f91179c1/pkg/controller/endpoint/config/zz_generated.deepcopy.go
[gosec] 2026/02/05 18:00:20 Checking package: v1alpha1
[gosec] 2026/02/05 18:00:20 Checking file: /tmp/blitzy/blitzy-kubernetes/blitzy5f91179c1/pkg/controller/replicaset/config/v1alpha1/conversion.go
[gosec] 2026/02/05 18:00:20 Import directory: /tmp/blitzy/blitzy-kubernetes/blitzy5f91179c1/pkg/controller/volume/persistentvolume/config
[gosec] 2026/02/05 18:00:20 Checking file: /tmp/blitzy/blitzy-kubernetes/blitzy5f91179c1/pkg/controller/replicaset/config/v1alpha1/defaults.go
[gosec] 2026/02/05 18:00:20 Checking file: /tmp/blitzy/blitzy-kubernetes/blitzy5f91179c1/pkg/controller/replicaset/config/v1alpha1/doc.go
[gosec] 2026/02/05 18:00:20 Checking file: /tmp/blitzy/blitzy-kubernetes/blitzy5f91179c1/pkg/controller/replicaset/config/v1alpha1/register.go
[gosec] 2026/02/05 18:00:20 Checking file: /tmp/blitzy/blitzy-kubernetes/blitzy5f91179c1/pkg/controller/replicaset/config/v1alpha1/zz_generated.conversion.go
[gosec] 2026/02/05 18:00:21 Checking file: /tmp/blitzy/blitzy-kubernetes/blitzy5f91179c1/pkg/controller/replicaset/config/v1alpha1/zz_generated.deepcopy.go
[gosec] 2026/02/05 18:00:21 Checking package: ttlafterfinished
[gosec] 2026/02/05 18:00:21 Checking file: /tmp/blitzy/blitzy-kubernetes/blitzy5f91179c1/pkg/controller/ttlafterfinished/ttlafterfinished_controller.go
[gosec] 2026/02/05 18:00:21 Import directory: /tmp/blitzy/blitzy-kubernetes/blitzy5f91179c1/pkg/controlplane/apiserver/samples/generic
[gosec] 2026/02/05 18:00:21 Checking package: authenticator
[gosec] 2026/02/05 18:00:21 Checking file: /tmp/blitzy/blitzy-kubernetes/blitzy5f91179c1/pkg/kubeapiserver/authenticator/config.go
[gosec] 2026/02/05 18:00:21 Import directory: /tmp/blitzy/blitzy-kubernetes/blitzy5f91179c1/pkg/registry/rbac/role/policybased
[gosec] 2026/02/05 18:00:22 Checking package: testing
[gosec] 2026/02/05 18:00:22 Checking file: /tmp/blitzy/blitzy-kubernetes/blitzy5f91179c1/pkg/kubelet/runtimeclass/testing/fake_manager.go
[gosec] 2026/02/05 18:00:22 Import directory: /tmp/blitzy/blitzy-kubernetes/blitzy5f91179c1/pkg/scheduler/backend/api_cache
[gosec] 2026/02/05 18:00:22 Checking package: status
[gosec] 2026/02/05 18:00:22 Checking file: /tmp/blitzy/blitzy-kubernetes/blitzy5f91179c1/pkg/kubelet/status/generate.go
[gosec] 2026/02/05 18:00:22 Import directory: /tmp/blitzy/blitzy-kubernetes/blitzy5f91179c1/pkg/volume/secret
[gosec] 2026/02/05 18:00:23 Checking file: /tmp/blitzy/blitzy-kubernetes/blitzy5f91179c1/pkg/kubelet/status/status_manager.go
[gosec] 2026/02/05 18:00:26 Checking package: metrics
[gosec] 2026/02/05 18:00:26 Checking file: /tmp/blitzy/blitzy-kubernetes/blitzy5f91179c1/pkg/controller/endpointslicemirroring/metrics/cache.go
[gosec] 2026/02/05 18:00:26 Import directory: /tmp/blitzy/blitzy-kubernetes/blitzy5f91179c1/pkg/apis/core/v1/validation
[gosec] 2026/02/05 18:00:26 Checking file: /tmp/blitzy/blitzy-kubernetes/blitzy5f91179c1/pkg/controller/endpointslicemirroring/metrics/metrics.go
[gosec] 2026/02/05 18:00:27 Checking package: rest
[gosec] 2026/02/05 18:00:27 Checking file: /tmp/blitzy/blitzy-kubernetes/blitzy5f91179c1/pkg/registry/core/pod/rest/authorize.go
[gosec] 2026/02/05 18:00:27 Import directory: /tmp/blitzy/blitzy-kubernetes/blitzy5f91179c1/pkg/apis/core/validation
[gosec] 2026/02/05 18:00:27 Checking file: /tmp/blitzy/blitzy-kubernetes/blitzy5f91179c1/pkg/registry/core/pod/rest/log.go
[gosec] 2026/02/05 18:00:27 Checking file: /tmp/blitzy/blitzy-kubernetes/blitzy5f91179c1/pkg/registry/core/pod/rest/metrics.go
[gosec] 2026/02/05 18:00:27 Checking file: /tmp/blitzy/blitzy-kubernetes/blitzy5f91179c1/pkg/registry/core/pod/rest/subresources.go
[gosec] 2026/02/05 18:00:28 Checking package: config
[gosec] 2026/02/05 18:00:28 Checking file: /tmp/blitzy/blitzy-kubernetes/blitzy5f91179c1/pkg/controller/volume/persistentvolume/config/doc.go
[gosec] 2026/02/05 18:00:28 Import directory: /tmp/blitzy/blitzy-kubernetes/blitzy5f91179c1/pkg/controller/tainteviction/metrics
[gosec] 2026/02/05 18:00:28 Checking file: /tmp/blitzy/blitzy-kubernetes/blitzy5f91179c1/pkg/controller/volume/persistentvolume/config/types.go
[gosec] 2026/02/05 18:00:28 Checking file: /tmp/blitzy/blitzy-kubernetes/blitzy5f91179c1/pkg/controller/volume/persistentvolume/config/zz_generated.deepcopy.go
[gosec] 2026/02/05 18:00:28 Checking package: ttl
[gosec] 2026/02/05 18:00:28 Checking file: /tmp/blitzy/blitzy-kubernetes/blitzy5f91179c1/pkg/controller/ttl/ttl_controller.go
[gosec] 2026/02/05 18:00:28 Import directory: /tmp/blitzy/blitzy-kubernetes/blitzy5f91179c1/pkg/controller/volume/attachdetach/testing
[gosec] 2026/02/05 18:00:29 Checking package: policybased
[gosec] 2026/02/05 18:00:29 Checking file: /tmp/blitzy/blitzy-kubernetes/blitzy5f91179c1/pkg/registry/rbac/role/policybased/storage.go
[gosec] 2026/02/05 18:00:29 Import directory: /tmp/blitzy/blitzy-kubernetes/blitzy5f91179c1/pkg/kubelet/allocation
[gosec] 2026/02/05 18:00:29 Checking package: main
[gosec] 2026/02/05 18:00:29 Checking file: /tmp/blitzy/blitzy-kubernetes/blitzy5f91179c1/pkg/controlplane/apiserver/samples/generic/doc.go
[gosec] 2026/02/05 18:00:29 Import directory: /tmp/blitzy/blitzy-kubernetes/blitzy5f91179c1/pkg/kubelet/util/cache
[gosec] 2026/02/05 18:00:29 Checking file: /tmp/blitzy/blitzy-kubernetes/blitzy5f91179c1/pkg/controlplane/apiserver/samples/generic/main.go
[gosec] 2026/02/05 18:00:29 Checking package: secret
[gosec] 2026/02/05 18:00:29 Checking file: /tmp/blitzy/blitzy-kubernetes/blitzy5f91179c1/pkg/volume/secret/doc.go
[gosec] 2026/02/05 18:00:29 Import directory: /tmp/blitzy/blitzy-kubernetes/blitzy5f91179c1/pkg/printers/storage
[gosec] 2026/02/05 18:00:29 Checking file: /tmp/blitzy/blitzy-kubernetes/blitzy5f91179c1/pkg/volume/secret/secret.go
[gosec] 2026/02/05 18:00:30 Checking package: apicache
[gosec] 2026/02/05 18:00:30 Checking file: /tmp/blitzy/blitzy-kubernetes/blitzy5f91179c1/pkg/scheduler/backend/api_cache/api_cache.go
[gosec] 2026/02/05 18:00:30 Import directory: /tmp/blitzy/blitzy-kubernetes/blitzy5f91179c1/pkg/proxy/winkernel
[gosec] 2026/02/05 18:00:30 Checking package: validation
[gosec] 2026/02/05 18:00:30 Checking file: /tmp/blitzy/blitzy-kubernetes/blitzy5f91179c1/pkg/apis/core/v1/validation/validation.go
[gosec] 2026/02/05 18:00:30 Import directory: /tmp/blitzy/blitzy-kubernetes/blitzy5f91179c1/pkg/apis/discovery/install
[gosec] 2026/02/05 18:00:31 Checking package: validation
[gosec] 2026/02/05 18:00:31 Checking file: /tmp/blitzy/blitzy-kubernetes/blitzy5f91179c1/pkg/apis/core/validation/doc.go
[gosec] 2026/02/05 18:00:31 Checking file: /tmp/blitzy/blitzy-kubernetes/blitzy5f91179c1/pkg/apis/core/validation/events.go
[gosec] 2026/02/05 18:00:31 Import directory: /tmp/blitzy/blitzy-kubernetes/blitzy5f91179c1/pkg/auth/authorizer/abac
[gosec] 2026/02/05 18:00:31 Checking file: /tmp/blitzy/blitzy-kubernetes/blitzy5f91179c1/pkg/apis/core/validation/names.go
[gosec] 2026/02/05 18:00:31 Checking file: /tmp/blitzy/blitzy-kubernetes/blitzy5f91179c1/pkg/apis/core/validation/validation.go
[gosec] 2026/02/05 18:00:51 Checking package: metrics
[gosec] 2026/02/05 18:00:51 Checking file: /tmp/blitzy/blitzy-kubernetes/blitzy5f91179c1/pkg/controller/tainteviction/metrics/metrics.go
[gosec] 2026/02/05 18:00:51 Import directory: /tmp/blitzy/blitzy-kubernetes/blitzy5f91179c1/pkg/controller/certificates/approver
[gosec] 2026/02/05 18:00:51 Checking package: testing
[gosec] 2026/02/05 18:00:51 Checking file: /tmp/blitzy/blitzy-kubernetes/blitzy5f91179c1/pkg/controller/volume/attachdetach/testing/plugin.go
[gosec] 2026/02/05 18:00:51 Import directory: /tmp/blitzy/blitzy-kubernetes/blitzy5f91179c1/pkg/controller/nodeipam/ipam/test
[gosec] 2026/02/05 18:00:52 Checking file: /tmp/blitzy/blitzy-kubernetes/blitzy5f91179c1/pkg/controller/volume/attachdetach/testing/testvolumespec.go
[gosec] 2026/02/05 18:00:53 Checking package: storage
[gosec] 2026/02/05 18:00:53 Checking file: /tmp/blitzy/blitzy-kubernetes/blitzy5f91179c1/pkg/printers/storage/storage.go
[gosec] 2026/02/05 18:00:53 Import directory: /tmp/blitzy/blitzy-kubernetes/blitzy5f91179c1/pkg/controlplane/controller/kubernetesservice
[gosec] 2026/02/05 18:00:53 Checking package: cache
[gosec] 2026/02/05 18:00:53 Checking file: /tmp/blitzy/blitzy-kubernetes/blitzy5f91179c1/pkg/kubelet/util/cache/object_cache.go
[gosec] 2026/02/05 18:00:53 Import directory: /tmp/blitzy/blitzy-kubernetes/blitzy5f91179c1/pkg/scheduler/framework/plugins/gangscheduling
[gosec] 2026/02/05 18:00:53 Checking package: allocation
[gosec] 2026/02/05 18:00:53 Checking file: /tmp/blitzy/blitzy-kubernetes/blitzy5f91179c1/pkg/kubelet/allocation/allocation_manager.go
[gosec] 2026/02/05 18:00:53 Import directory: /tmp/blitzy/blitzy-kubernetes/blitzy5f91179c1/pkg/scheduler/metrics
[gosec] 2026/02/05 18:00:55 Checking file: /tmp/blitzy/blitzy-kubernetes/blitzy5f91179c1/pkg/kubelet/allocation/doc.go
[gosec] 2026/02/05 18:00:55 Checking file: /tmp/blitzy/blitzy-kubernetes/blitzy5f91179c1/pkg/kubelet/allocation/features_linux.go
[gosec] 2026/02/05 18:00:55 Checking package: winkernel
[gosec] 2026/02/05 18:00:55 Checking file: /tmp/blitzy/blitzy-kubernetes/blitzy5f91179c1/pkg/proxy/winkernel/doc.go
[gosec] 2026/02/05 18:00:55 Import directory: /tmp/blitzy/blitzy-kubernetes/blitzy5f91179c1/pkg/apis/coordination/v1
[gosec] 2026/02/05 18:00:55 Checking package: install
[gosec] 2026/02/05 18:00:55 Checking file: /tmp/blitzy/blitzy-kubernetes/blitzy5f91179c1/pkg/apis/discovery/install/install.go
[gosec] 2026/02/05 18:00:55 Import directory: /tmp/blitzy/blitzy-kubernetes/blitzy5f91179c1/pkg/controller/deployment/util
[gosec] 2026/02/05 18:00:55 Checking package: abac
[gosec] 2026/02/05 18:00:55 Checking file: /tmp/blitzy/blitzy-kubernetes/blitzy5f91179c1/pkg/auth/authorizer/abac/abac.go
[gosec] 2026/02/05 18:00:55 Import directory: /tmp/blitzy/blitzy-kubernetes/blitzy5f91179c1/pkg/proxy/apis/config/validation
[gosec] 2026/02/05 18:00:56 Checking package: approver
[gosec] 2026/02/05 18:00:56 Checking file: /tmp/blitzy/blitzy-kubernetes/blitzy5f91179c1/pkg/controller/certificates/approver/sarapprove.go
[gosec] 2026/02/05 18:00:56 Import directory: /tmp/blitzy/blitzy-kubernetes/blitzy5f91179c1/pkg/scheduler/apis/config/testing
[gosec] 2026/02/05 18:00:56 Checking package: test
[gosec] 2026/02/05 18:00:56 Checking file: /tmp/blitzy/blitzy-kubernetes/blitzy5f91179c1/pkg/controller/nodeipam/ipam/test/utils.go
[gosec] 2026/02/05 18:00:56 Import directory: /tmp/blitzy/blitzy-kubernetes/blitzy5f91179c1/pkg/apis/batch/fuzzer
[gosec] 2026/02/05 18:00:57 Checking package: metrics
[gosec] 2026/02/05 18:00:57 Checking file: /tmp/blitzy/blitzy-kubernetes/blitzy5f91179c1/pkg/scheduler/metrics/metric_recorder.go
[gosec] 2026/02/05 18:00:57 Import directory: /tmp/blitzy/blitzy-kubernetes/blitzy5f91179c1/pkg/apis/flowcontrol/install
[gosec] 2026/02/05 18:00:57 Checking file: /tmp/blitzy/blitzy-kubernetes/blitzy5f91179c1/pkg/scheduler/metrics/metrics.go
[gosec] 2026/02/05 18:00:58 Checking file: /tmp/blitzy/blitzy-kubernetes/blitzy5f91179c1/pkg/scheduler/metrics/profile_metrics.go
[gosec] 2026/02/05 18:00:58 Checking package: kubernetesservice
[gosec] 2026/02/05 18:00:58 Checking file: /tmp/blitzy/blitzy-kubernetes/blitzy5f91179c1/pkg/controlplane/controller/kubernetesservice/controller.go
[gosec] 2026/02/05 18:00:58 Import directory: /tmp/blitzy/blitzy-kubernetes/blitzy5f91179c1/pkg/controller/clusterroleaggregation
[gosec] 2026/02/05 18:00:58 Checking package: gangscheduling
[gosec] 2026/02/05 18:00:58 Checking file: /tmp/blitzy/blitzy-kubernetes/blitzy5f91179c1/pkg/scheduler/framework/plugins/gangscheduling/gangscheduling.go
[gosec] 2026/02/05 18:00:58 Import directory: /tmp/blitzy/blitzy-kubernetes/blitzy5f91179c1/pkg/controller/job/config
[gosec] 2026/02/05 18:00:59 Checking package: v1
[gosec] 2026/02/05 18:00:59 Checking file: /tmp/blitzy/blitzy-kubernetes/blitzy5f91179c1/pkg/apis/coordination/v1/doc.go
[gosec] 2026/02/05 18:00:59 Import directory: /tmp/blitzy/blitzy-kubernetes/blitzy5f91179c1/pkg/kubelet/pod/testing
[gosec] 2026/02/05 18:00:59 Checking file: /tmp/blitzy/blitzy-kubernetes/blitzy5f91179c1/pkg/apis/coordination/v1/register.go
[gosec] 2026/02/05 18:00:59 Checking file: /tmp/blitzy/blitzy-kubernetes/blitzy5f91179c1/pkg/apis/coordination/v1/zz_generated.conversion.go
[gosec] 2026/02/05 18:01:00 Checking file: /tmp/blitzy/blitzy-kubernetes/blitzy5f91179c1/pkg/apis/coordination/v1/zz_generated.defaults.go
[gosec] 2026/02/05 18:01:00 Checking package: validation
[gosec] 2026/02/05 18:01:00 Checking file: /tmp/blitzy/blitzy-kubernetes/blitzy5f91179c1/pkg/proxy/apis/config/validation/validation.go
[gosec] 2026/02/05 18:01:00 Import directory: /tmp/blitzy/blitzy-kubernetes/blitzy5f91179c1/pkg/scheduler/framework/runtime
[gosec] 2026/02/05 18:01:00 Checking package: util
[gosec] 2026/02/05 18:01:00 Checking file: /tmp/blitzy/blitzy-kubernetes/blitzy5f91179c1/pkg/controller/deployment/util/deployment_util.go
[gosec] 2026/02/05 18:01:00 Import directory: /tmp/blitzy/blitzy-kubernetes/blitzy5f91179c1/pkg/securitycontext
[gosec] 2026/02/05 18:01:03 Checking package: testing
[gosec] 2026/02/05 18:01:03 Checking file: /tmp/blitzy/blitzy-kubernetes/blitzy5f91179c1/pkg/scheduler/apis/config/testing/config.go
[gosec] 2026/02/05 18:01:03 Import directory: /tmp/blitzy/blitzy-kubernetes/blitzy5f91179c1/pkg/volume/util/volumepathhandler
[gosec] 2026/02/05 18:01:03 Checking package: fuzzer
[gosec] 2026/02/05 18:01:03 Checking file: /tmp/blitzy/blitzy-kubernetes/blitzy5f91179c1/pkg/apis/batch/fuzzer/fuzzer.go
[gosec] 2026/02/05 18:01:03 Import directory: /tmp/blitzy/blitzy-kubernetes/blitzy5f91179c1/pkg/apis/batch/v1
[gosec] 2026/02/05 18:01:03 Checking package: install
[gosec] 2026/02/05 18:01:03 Checking file: /tmp/blitzy/blitzy-kubernetes/blitzy5f91179c1/pkg/apis/flowcontrol/install/install.go
[gosec] 2026/02/05 18:01:03 Import directory: /tmp/blitzy/blitzy-kubernetes/blitzy5f91179c1/pkg/apis/storage/util
[gosec] 2026/02/05 18:01:03 Checking package: clusterroleaggregation
[gosec] 2026/02/05 18:01:03 Checking file: /tmp/blitzy/blitzy-kubernetes/blitzy5f91179c1/pkg/controller/clusterroleaggregation/clusterroleaggregation_controller.go
[gosec] 2026/02/05 18:01:03 Import directory: /tmp/blitzy/blitzy-kubernetes/blitzy5f91179c1/pkg/controller/daemon/config/v1alpha1
[gosec] 2026/02/05 18:01:03 Checking package: config
[gosec] 2026/02/05 18:01:03 Checking file: /tmp/blitzy/blitzy-kubernetes/blitzy5f91179c1/pkg/controller/job/config/doc.go
[gosec] 2026/02/05 18:01:03 Import directory: /tmp/blitzy/blitzy-kubernetes/blitzy5f91179c1/pkg/kubelet/cm/memorymanager
[gosec] 2026/02/05 18:01:03 Checking file: /tmp/blitzy/blitzy-kubernetes/blitzy5f91179c1/pkg/controller/job/config/types.go
[gosec] 2026/02/05 18:01:03 Checking file: /tmp/blitzy/blitzy-kubernetes/blitzy5f91179c1/pkg/controller/job/config/zz_generated.deepcopy.go
[gosec] 2026/02/05 18:01:04 Checking package: testing
[gosec] 2026/02/05 18:01:04 Checking file: /tmp/blitzy/blitzy-kubernetes/blitzy5f91179c1/pkg/kubelet/pod/testing/fake_mirror_client.go
[gosec] 2026/02/05 18:01:04 Import directory: /tmp/blitzy/blitzy-kubernetes/blitzy5f91179c1/pkg/registry/core/namespace
[gosec] 2026/02/05 18:01:04 Checking file: /tmp/blitzy/blitzy-kubernetes/blitzy5f91179c1/pkg/kubelet/pod/testing/mocks.go
[gosec] 2026/02/05 18:01:06 Checking package: runtime
[gosec] 2026/02/05 18:01:06 Checking file: /tmp/blitzy/blitzy-kubernetes/blitzy5f91179c1/pkg/scheduler/framework/runtime/batch.go
[gosec] 2026/02/05 18:01:06 Import directory: /tmp/blitzy/blitzy-kubernetes/blitzy5f91179c1/pkg/serviceaccount
[gosec] 2026/02/05 18:01:06 Checking file: /tmp/blitzy/blitzy-kubernetes/blitzy5f91179c1/pkg/scheduler/framework/runtime/framework.go
[gosec] 2026/02/05 18:01:11 Checking file: /tmp/blitzy/blitzy-kubernetes/blitzy5f91179c1/pkg/scheduler/framework/runtime/instrumented_plugins.go
[gosec] 2026/02/05 18:01:11 Checking file: /tmp/blitzy/blitzy-kubernetes/blitzy5f91179c1/pkg/scheduler/framework/runtime/registry.go
[gosec] 2026/02/05 18:01:12 Checking file: /tmp/blitzy/blitzy-kubernetes/blitzy5f91179c1/pkg/scheduler/framework/runtime/waiting_pods_map.go
[gosec] 2026/02/05 18:01:12 Checking package: securitycontext
[gosec] 2026/02/05 18:01:12 Checking file: /tmp/blitzy/blitzy-kubernetes/blitzy5f91179c1/pkg/securitycontext/accessors.go
[gosec] 2026/02/05 18:01:12 Import directory: /tmp/blitzy/blitzy-kubernetes/blitzy5f91179c1/pkg/apis/storagemigration
[gosec] 2026/02/05 18:01:14 Checking file: /tmp/blitzy/blitzy-kubernetes/blitzy5f91179c1/pkg/securitycontext/doc.go
[gosec] 2026/02/05 18:01:14 Checking file: /tmp/blitzy/blitzy-kubernetes/blitzy5f91179c1/pkg/securitycontext/fake.go
[gosec] 2026/02/05 18:01:14 Checking file: /tmp/blitzy/blitzy-kubernetes/blitzy5f91179c1/pkg/securitycontext/util.go
[gosec] 2026/02/05 18:01:14 Checking file: /tmp/blitzy/blitzy-kubernetes/blitzy5f91179c1/pkg/securitycontext/util_linux.go
[gosec] 2026/02/05 18:01:14 Checking package: volumepathhandler
[gosec] 2026/02/05 18:01:14 Checking file: /tmp/blitzy/blitzy-kubernetes/blitzy5f91179c1/pkg/volume/util/volumepathhandler/volume_path_handler.go
[gosec] 2026/02/05 18:01:14 Import directory: /tmp/blitzy/blitzy-kubernetes/blitzy5f91179c1/pkg/kubelet/apis/grpc
[gosec] 2026/02/05 18:01:15 Checking file: /tmp/blitzy/blitzy-kubernetes/blitzy5f91179c1/pkg/volume/util/volumepathhandler/volume_path_handler_linux.go
[gosec] 2026/02/05 18:01:16 Checking package: v1
[gosec] 2026/02/05 18:01:16 Checking file: /tmp/blitzy/blitzy-kubernetes/blitzy5f91179c1/pkg/apis/batch/v1/conversion.go
[gosec] 2026/02/05 18:01:16 Import directory: /tmp/blitzy/blitzy-kubernetes/blitzy5f91179c1/pkg/registry/events/rest
[gosec] 2026/02/05 18:01:16 Checking file: /tmp/blitzy/blitzy-kubernetes/blitzy5f91179c1/pkg/apis/batch/v1/defaults.go
[gosec] 2026/02/05 18:01:16 Checking file: /tmp/blitzy/blitzy-kubernetes/blitzy5f91179c1/pkg/apis/batch/v1/doc.go
[gosec] 2026/02/05 18:01:16 Checking file: /tmp/blitzy/blitzy-kubernetes/blitzy5f91179c1/pkg/apis/batch/v1/register.go
[gosec] 2026/02/05 18:01:16 Checking file: /tmp/blitzy/blitzy-kubernetes/blitzy5f91179c1/pkg/apis/batch/v1/zz_generated.conversion.go
[gosec] 2026/02/05 18:01:20 Checking file: /tmp/blitzy/blitzy-kubernetes/blitzy5f91179c1/pkg/apis/batch/v1/zz_generated.defaults.go
[gosec] 2026/02/05 18:01:22 Checking package: util
[gosec] 2026/02/05 18:01:22 Checking file: /tmp/blitzy/blitzy-kubernetes/blitzy5f91179c1/pkg/apis/storage/util/helpers.go
[gosec] 2026/02/05 18:01:22 Import directory: /tmp/blitzy/blitzy-kubernetes/blitzy5f91179c1/pkg/controller/apis/config/v1alpha1
[gosec] 2026/02/05 18:01:22 Checking package: v1alpha1
[gosec] 2026/02/05 18:01:22 Checking file: /tmp/blitzy/blitzy-kubernetes/blitzy5f91179c1/pkg/controller/daemon/config/v1alpha1/conversion.go
[gosec] 2026/02/05 18:01:22 Import directory: /tmp/blitzy/blitzy-kubernetes/blitzy5f91179c1/pkg/controller/nodeipam/ipam/sync
[gosec] 2026/02/05 18:01:22 Checking file: /tmp/blitzy/blitzy-kubernetes/blitzy5f91179c1/pkg/controller/daemon/config/v1alpha1/defaults.go
[gosec] 2026/02/05 18:01:22 Checking file: /tmp/blitzy/blitzy-kubernetes/blitzy5f91179c1/pkg/controller/daemon/config/v1alpha1/doc.go
[gosec] 2026/02/05 18:01:22 Checking file: /tmp/blitzy/blitzy-kubernetes/blitzy5f91179c1/pkg/controller/daemon/config/v1alpha1/register.go
[gosec] 2026/02/05 18:01:22 Checking file: /tmp/blitzy/blitzy-kubernetes/blitzy5f91179c1/pkg/controller/daemon/config/v1alpha1/zz_generated.conversion.go
[gosec] 2026/02/05 18:01:22 Checking file: /tmp/blitzy/blitzy-kubernetes/blitzy5f91179c1/pkg/controller/daemon/config/v1alpha1/zz_generated.deepcopy.go
[gosec] 2026/02/05 18:01:22 Checking package: namespace
[gosec] 2026/02/05 18:01:22 Checking file: /tmp/blitzy/blitzy-kubernetes/blitzy5f91179c1/pkg/registry/core/namespace/doc.go
[gosec] 2026/02/05 18:01:22 Import directory: /tmp/blitzy/blitzy-kubernetes/blitzy5f91179c1/pkg/controller/volume/attachdetach/config
[gosec] 2026/02/05 18:01:22 Checking file: /tmp/blitzy/blitzy-kubernetes/blitzy5f91179c1/pkg/registry/core/namespace/strategy.go
[gosec] 2026/02/05 18:01:23 Checking package: memorymanager
[gosec] 2026/02/05 18:01:23 Checking file: /tmp/blitzy/blitzy-kubernetes/blitzy5f91179c1/pkg/kubelet/cm/memorymanager/fake_memory_manager.go
[gosec] 2026/02/05 18:01:23 Import directory: /tmp/blitzy/blitzy-kubernetes/blitzy5f91179c1/pkg/kubelet/lifecycle
[gosec] 2026/02/05 18:01:23 Checking file: /tmp/blitzy/blitzy-kubernetes/blitzy5f91179c1/pkg/kubelet/cm/memorymanager/memory_manager.go
[gosec] 2026/02/05 18:01:24 Checking file: /tmp/blitzy/blitzy-kubernetes/blitzy5f91179c1/pkg/kubelet/cm/memorymanager/policy.go
[gosec] 2026/02/05 18:01:24 Checking file: /tmp/blitzy/blitzy-kubernetes/blitzy5f91179c1/pkg/kubelet/cm/memorymanager/policy_best_effort.go
[gosec] 2026/02/05 18:01:24 Checking file: /tmp/blitzy/blitzy-kubernetes/blitzy5f91179c1/pkg/kubelet/cm/memorymanager/policy_none.go
[gosec] 2026/02/05 18:01:24 Checking file: /tmp/blitzy/blitzy-kubernetes/blitzy5f91179c1/pkg/kubelet/cm/memorymanager/policy_static.go
[gosec] 2026/02/05 18:01:28 Checking package: serviceaccount
[gosec] 2026/02/05 18:01:28 Checking file: /tmp/blitzy/blitzy-kubernetes/blitzy5f91179c1/pkg/serviceaccount/claims.go
[gosec] 2026/02/05 18:01:28 Import directory: /tmp/blitzy/blitzy-kubernetes/blitzy5f91179c1/pkg/kubelet/pluginmanager/reconciler
[gosec] 2026/02/05 18:01:28 Checking file: /tmp/blitzy/blitzy-kubernetes/blitzy5f91179c1/pkg/serviceaccount/jwt.go
[gosec] 2026/02/05 18:01:29 Checking file: /tmp/blitzy/blitzy-kubernetes/blitzy5f91179c1/pkg/serviceaccount/legacy.go
[gosec] 2026/02/05 18:01:30 Checking file: /tmp/blitzy/blitzy-kubernetes/blitzy5f91179c1/pkg/serviceaccount/metrics.go
[gosec] 2026/02/05 18:01:30 Checking file: /tmp/blitzy/blitzy-kubernetes/blitzy5f91179c1/pkg/serviceaccount/openidmetadata.go
[gosec] 2026/02/05 18:01:31 Checking package: storagemigration
[gosec] 2026/02/05 18:01:31 Checking file: /tmp/blitzy/blitzy-kubernetes/blitzy5f91179c1/pkg/apis/storagemigration/doc.go
[gosec] 2026/02/05 18:01:31 Import directory: /tmp/blitzy/blitzy-kubernetes/blitzy5f91179c1/pkg/controller/certificates/signer/config
[gosec] 2026/02/05 18:01:31 Checking file: /tmp/blitzy/blitzy-kubernetes/blitzy5f91179c1/pkg/apis/storagemigration/register.go
[gosec] 2026/02/05 18:01:31 Checking file: /tmp/blitzy/blitzy-kubernetes/blitzy5f91179c1/pkg/apis/storagemigration/types.go
[gosec] 2026/02/05 18:01:31 Checking file: /tmp/blitzy/blitzy-kubernetes/blitzy5f91179c1/pkg/apis/storagemigration/zz_generated.deepcopy.go
[gosec] 2026/02/05 18:01:31 Checking package: grpc
[gosec] 2026/02/05 18:01:31 Checking file: /tmp/blitzy/blitzy-kubernetes/blitzy5f91179c1/pkg/kubelet/apis/grpc/ratelimit.go
[gosec] 2026/02/05 18:01:31 Import directory: /tmp/blitzy/blitzy-kubernetes/blitzy5f91179c1/pkg/controller/podgc/config/v1alpha1
[gosec] 2026/02/05 18:01:31 Checking package: rest
[gosec] 2026/02/05 18:01:31 Checking file: /tmp/blitzy/blitzy-kubernetes/blitzy5f91179c1/pkg/registry/events/rest/storage_events.go
[gosec] 2026/02/05 18:01:31 Import directory: /tmp/blitzy/blitzy-kubernetes/blitzy5f91179c1/pkg/credentialprovider
[gosec] 2026/02/05 18:01:31 Checking package: v1alpha1
[gosec] 2026/02/05 18:01:31 Checking file: /tmp/blitzy/blitzy-kubernetes/blitzy5f91179c1/pkg/controller/apis/config/v1alpha1/defaults.go
[gosec] 2026/02/05 18:01:31 Import directory: /tmp/blitzy/blitzy-kubernetes/blitzy5f91179c1/pkg/proxy/kubemark
[gosec] 2026/02/05 18:01:32 Checking file: /tmp/blitzy/blitzy-kubernetes/blitzy5f91179c1/pkg/controller/apis/config/v1alpha1/doc.go
[gosec] 2026/02/05 18:01:32 Checking file: /tmp/blitzy/blitzy-kubernetes/blitzy5f91179c1/pkg/controller/apis/config/v1alpha1/register.go
[gosec] 2026/02/05 18:01:32 Checking file: /tmp/blitzy/blitzy-kubernetes/blitzy5f91179c1/pkg/controller/apis/config/v1alpha1/zz_generated.conversion.go
[gosec] 2026/02/05 18:01:35 Checking file: /tmp/blitzy/blitzy-kubernetes/blitzy5f91179c1/pkg/controller/apis/config/v1alpha1/zz_generated.deepcopy.go
[gosec] 2026/02/05 18:01:35 Checking file: /tmp/blitzy/blitzy-kubernetes/blitzy5f91179c1/pkg/controller/apis/config/v1alpha1/zz_generated.defaults.go
[gosec] 2026/02/05 18:01:35 Checking package: sync
[gosec] 2026/02/05 18:01:35 Checking file: /tmp/blitzy/blitzy-kubernetes/blitzy5f91179c1/pkg/controller/nodeipam/ipam/sync/sync.go
[gosec] 2026/02/05 18:01:35 Import directory: /tmp/blitzy/blitzy-kubernetes/blitzy5f91179c1/pkg/registry/core/service/ipallocator
[gosec] 2026/02/05 18:01:36 Checking package: config
[gosec] 2026/02/05 18:01:36 Checking file: /tmp/blitzy/blitzy-kubernetes/blitzy5f91179c1/pkg/controller/volume/attachdetach/config/doc.go
[gosec] 2026/02/05 18:01:36 Import directory: /tmp/blitzy/blitzy-kubernetes/blitzy5f91179c1/pkg/scheduler/framework/plugins/defaultpreemption
[gosec] 2026/02/05 18:01:36 Checking file: /tmp/blitzy/blitzy-kubernetes/blitzy5f91179c1/pkg/controller/volume/attachdetach/config/types.go
[gosec] 2026/02/05 18:01:36 Checking file: /tmp/blitzy/blitzy-kubernetes/blitzy5f91179c1/pkg/controller/volume/attachdetach/config/zz_generated.deepcopy.go
[gosec] 2026/02/05 18:01:36 Checking package: lifecycle
[gosec] 2026/02/05 18:01:36 Checking file: /tmp/blitzy/blitzy-kubernetes/blitzy5f91179c1/pkg/kubelet/lifecycle/admission_failure_handler_stub.go
[gosec] 2026/02/05 18:01:36 Import directory: /tmp/blitzy/blitzy-kubernetes/blitzy5f91179c1/pkg/client/tests
[gosec] 2026/02/05 18:01:36 Checking file: /tmp/blitzy/blitzy-kubernetes/blitzy5f91179c1/pkg/kubelet/lifecycle/doc.go
[gosec] 2026/02/05 18:01:36 Checking file: /tmp/blitzy/blitzy-kubernetes/blitzy5f91179c1/pkg/kubelet/lifecycle/features_linux.go
[gosec] 2026/02/05 18:01:36 Checking file: /tmp/blitzy/blitzy-kubernetes/blitzy5f91179c1/pkg/kubelet/lifecycle/handlers.go
[gosec] 2026/02/05 18:01:37 Checking file: /tmp/blitzy/blitzy-kubernetes/blitzy5f91179c1/pkg/kubelet/lifecycle/interfaces.go
[gosec] 2026/02/05 18:01:37 Checking file: /tmp/blitzy/blitzy-kubernetes/blitzy5f91179c1/pkg/kubelet/lifecycle/predicate.go
[gosec] 2026/02/05 18:01:38 Checking package: reconciler
[gosec] 2026/02/05 18:01:38 Checking file: /tmp/blitzy/blitzy-kubernetes/blitzy5f91179c1/pkg/kubelet/pluginmanager/reconciler/reconciler.go
[gosec] 2026/02/05 18:01:38 Import directory: /tmp/blitzy/blitzy-kubernetes/blitzy5f91179c1/pkg/controller/certificates
[gosec] 2026/02/05 18:01:38 Checking package: config
[gosec] 2026/02/05 18:01:38 Checking file: /tmp/blitzy/blitzy-kubernetes/blitzy5f91179c1/pkg/controller/certificates/signer/config/doc.go
[gosec] 2026/02/05 18:01:38 Checking file: /tmp/blitzy/blitzy-kubernetes/blitzy5f91179c1/pkg/controller/certificates/signer/config/types.go
[gosec] 2026/02/05 18:01:38 Import directory: /tmp/blitzy/blitzy-kubernetes/blitzy5f91179c1/pkg/controller/endpointslice/config/v1alpha1
[gosec] 2026/02/05 18:01:38 Checking file: /tmp/blitzy/blitzy-kubernetes/blitzy5f91179c1/pkg/controller/certificates/signer/config/zz_generated.deepcopy.go
[gosec] 2026/02/05 18:01:38 Checking package: v1alpha1
[gosec] 2026/02/05 18:01:38 Checking file: /tmp/blitzy/blitzy-kubernetes/blitzy5f91179c1/pkg/controller/podgc/config/v1alpha1/conversion.go
[gosec] 2026/02/05 18:01:38 Import directory: /tmp/blitzy/blitzy-kubernetes/blitzy5f91179c1/pkg/controlplane/controller/leaderelection
[gosec] 2026/02/05 18:01:38 Checking file: /tmp/blitzy/blitzy-kubernetes/blitzy5f91179c1/pkg/controller/podgc/config/v1alpha1/defaults.go
[gosec] 2026/02/05 18:01:38 Checking file: /tmp/blitzy/blitzy-kubernetes/blitzy5f91179c1/pkg/controller/podgc/config/v1alpha1/doc.go
[gosec] 2026/02/05 18:01:38 Checking file: /tmp/blitzy/blitzy-kubernetes/blitzy5f91179c1/pkg/controller/podgc/config/v1alpha1/register.go
[gosec] 2026/02/05 18:01:38 Checking file: /tmp/blitzy/blitzy-kubernetes/blitzy5f91179c1/pkg/controller/podgc/config/v1alpha1/zz_generated.conversion.go
[gosec] 2026/02/05 18:01:39 Checking file: /tmp/blitzy/blitzy-kubernetes/blitzy5f91179c1/pkg/controller/podgc/config/v1alpha1/zz_generated.deepcopy.go
[gosec] 2026/02/05 18:01:39 Checking package: credentialprovider
[gosec] 2026/02/05 18:01:39 Checking file: /tmp/blitzy/blitzy-kubernetes/blitzy5f91179c1/pkg/credentialprovider/config.go
[gosec] 2026/02/05 18:01:39 Import directory: /tmp/blitzy/blitzy-kubernetes/blitzy5f91179c1/pkg/generated
[gosec] 2026/02/05 18:01:39 Checking file: /tmp/blitzy/blitzy-kubernetes/blitzy5f91179c1/pkg/credentialprovider/doc.go
[gosec] 2026/02/05 18:01:39 Checking file: /tmp/blitzy/blitzy-kubernetes/blitzy5f91179c1/pkg/credentialprovider/keyring.go
[gosec] 2026/02/05 18:01:40 Checking file: /tmp/blitzy/blitzy-kubernetes/blitzy5f91179c1/pkg/credentialprovider/provider.go
[gosec] 2026/02/05 18:01:40 Checking package: kubemark
[gosec] 2026/02/05 18:01:40 Checking file: /tmp/blitzy/blitzy-kubernetes/blitzy5f91179c1/pkg/proxy/kubemark/hollow_proxy.go
[gosec] 2026/02/05 18:01:40 Import directory: /tmp/blitzy/blitzy-kubernetes/blitzy5f91179c1/pkg/registry/core/resourcequota/storage
[gosec] 2026/02/05 18:01:40 Checking package: ipallocator
[gosec] 2026/02/05 18:01:40 Checking file: /tmp/blitzy/blitzy-kubernetes/blitzy5f91179c1/pkg/registry/core/service/ipallocator/bitmap.go
[gosec] 2026/02/05 18:01:40 Import directory: /tmp/blitzy/blitzy-kubernetes/blitzy5f91179c1/pkg/registry/core/service/allocator
[gosec] 2026/02/05 18:01:41 Checking file: /tmp/blitzy/blitzy-kubernetes/blitzy5f91179c1/pkg/registry/core/service/ipallocator/cidrallocator.go
[gosec] 2026/02/05 18:01:43 Checking file: /tmp/blitzy/blitzy-kubernetes/blitzy5f91179c1/pkg/registry/core/service/ipallocator/interfaces.go
[gosec] 2026/02/05 18:01:43 Checking file: /tmp/blitzy/blitzy-kubernetes/blitzy5f91179c1/pkg/registry/core/service/ipallocator/ipallocator.go
[gosec] 2026/02/05 18:01:44 Checking file: /tmp/blitzy/blitzy-kubernetes/blitzy5f91179c1/pkg/registry/core/service/ipallocator/metrics.go
[gosec] 2026/02/05 18:01:44 Checking package: tests
[gosec] 2026/02/05 18:01:44 Checking file: /tmp/blitzy/blitzy-kubernetes/blitzy5f91179c1/pkg/client/tests/doc.go
[gosec] 2026/02/05 18:01:44 Checking package: defaultpreemption
[gosec] 2026/02/05 18:01:44 Checking file: /tmp/blitzy/blitzy-kubernetes/blitzy5f91179c1/pkg/scheduler/framework/plugins/defaultpreemption/default_preemption.go
[gosec] 2026/02/05 18:01:44 Import directory: /tmp/blitzy/blitzy-kubernetes/blitzy5f91179c1/pkg/scheduler/framework/plugins/feature
[gosec] 2026/02/05 18:01:44 Import directory: /tmp/blitzy/blitzy-kubernetes/blitzy5f91179c1/pkg/controller/resourcequota/config
[gosec] 2026/02/05 18:01:45 Checking package: v1alpha1
[gosec] 2026/02/05 18:01:45 Checking file: /tmp/blitzy/blitzy-kubernetes/blitzy5f91179c1/pkg/controller/endpointslice/config/v1alpha1/conversion.go
[gosec] 2026/02/05 18:01:45 Import directory: /tmp/blitzy/blitzy-kubernetes/blitzy5f91179c1/pkg/kubelet/apis/config/fuzzer
[gosec] 2026/02/05 18:01:45 Checking file: /tmp/blitzy/blitzy-kubernetes/blitzy5f91179c1/pkg/controller/endpointslice/config/v1alpha1/defaults.go
[gosec] 2026/02/05 18:01:45 Checking file: /tmp/blitzy/blitzy-kubernetes/blitzy5f91179c1/pkg/controller/endpointslice/config/v1alpha1/doc.go
[gosec] 2026/02/05 18:01:45 Checking file: /tmp/blitzy/blitzy-kubernetes/blitzy5f91179c1/pkg/controller/endpointslice/config/v1alpha1/register.go
[gosec] 2026/02/05 18:01:46 Checking file: /tmp/blitzy/blitzy-kubernetes/blitzy5f91179c1/pkg/controller/endpointslice/config/v1alpha1/zz_generated.conversion.go
[gosec] 2026/02/05 18:01:46 Checking file: /tmp/blitzy/blitzy-kubernetes/blitzy5f91179c1/pkg/controller/endpointslice/config/v1alpha1/zz_generated.deepcopy.go
[gosec] 2026/02/05 18:01:46 Checking package: certificates
[gosec] 2026/02/05 18:01:46 Checking file: /tmp/blitzy/blitzy-kubernetes/blitzy5f91179c1/pkg/controller/certificates/certificate_controller.go
[gosec] 2026/02/05 18:01:46 Import directory: /tmp/blitzy/blitzy-kubernetes/blitzy5f91179c1/pkg/registry/core/node/storage
[gosec] 2026/02/05 18:01:46 Checking file: /tmp/blitzy/blitzy-kubernetes/blitzy5f91179c1/pkg/controller/certificates/certificate_controller_utils.go
[gosec] 2026/02/05 18:01:46 Checking package: generated
[gosec] 2026/02/05 18:01:46 Checking file: /tmp/blitzy/blitzy-kubernetes/blitzy5f91179c1/pkg/generated/doc.go
[gosec] 2026/02/05 18:01:46 Import directory: /tmp/blitzy/blitzy-kubernetes/blitzy5f91179c1/pkg/util/node
[gosec] 2026/02/05 18:01:46 Checking package: leaderelection
[gosec] 2026/02/05 18:01:46 Checking file: /tmp/blitzy/blitzy-kubernetes/blitzy5f91179c1/pkg/controlplane/controller/leaderelection/election.go
[gosec] 2026/02/05 18:01:46 Import directory: /tmp/blitzy/blitzy-kubernetes/blitzy5f91179c1/pkg/kubeapiserver/admission/exclusion
[gosec] 2026/02/05 18:01:47 Checking file: /tmp/blitzy/blitzy-kubernetes/blitzy5f91179c1/pkg/controlplane/controller/leaderelection/leaderelection_controller.go
[gosec] 2026/02/05 18:01:48 Checking file: /tmp/blitzy/blitzy-kubernetes/blitzy5f91179c1/pkg/controlplane/controller/leaderelection/leasecandidategc_controller.go
[gosec] 2026/02/05 18:01:48 Checking file: /tmp/blitzy/blitzy-kubernetes/blitzy5f91179c1/pkg/controlplane/controller/leaderelection/run_with_leaderelection.go
[gosec] 2026/02/05 18:01:48 Checking package: allocator
[gosec] 2026/02/05 18:01:48 Checking file: /tmp/blitzy/blitzy-kubernetes/blitzy5f91179c1/pkg/registry/core/service/allocator/bitmap.go
[gosec] 2026/02/05 18:01:48 Import directory: /tmp/blitzy/blitzy-kubernetes/blitzy5f91179c1/pkg/kubelet/cm/cpumanager/topology
[gosec] 2026/02/05 18:01:49 Checking file: /tmp/blitzy/blitzy-kubernetes/blitzy5f91179c1/pkg/registry/core/service/allocator/interfaces.go
[gosec] 2026/02/05 18:01:49 Checking file: /tmp/blitzy/blitzy-kubernetes/blitzy5f91179c1/pkg/registry/core/service/allocator/utils.go
[gosec] 2026/02/05 18:01:49 Checking package: storage
[gosec] 2026/02/05 18:01:49 Checking file: /tmp/blitzy/blitzy-kubernetes/blitzy5f91179c1/pkg/registry/core/resourcequota/storage/storage.go
[gosec] 2026/02/05 18:01:49 Import directory: /tmp/blitzy/blitzy-kubernetes/blitzy5f91179c1/pkg/kubelet/cm/testing
[gosec] 2026/02/05 18:01:49 Checking package: feature
[gosec] 2026/02/05 18:01:49 Checking file: /tmp/blitzy/blitzy-kubernetes/blitzy5f91179c1/pkg/scheduler/framework/plugins/feature/feature.go
[gosec] 2026/02/05 18:01:49 Import directory: /tmp/blitzy/blitzy-kubernetes/blitzy5f91179c1/pkg/util/interrupt
[gosec] 2026/02/05 18:01:49 Checking package: config
[gosec] 2026/02/05 18:01:49 Checking file: /tmp/blitzy/blitzy-kubernetes/blitzy5f91179c1/pkg/controller/resourcequota/config/doc.go
[gosec] 2026/02/05 18:01:49 Checking file: /tmp/blitzy/blitzy-kubernetes/blitzy5f91179c1/pkg/controller/resourcequota/config/types.go
[gosec] 2026/02/05 18:01:49 Checking file: /tmp/blitzy/blitzy-kubernetes/blitzy5f91179c1/pkg/controller/resourcequota/config/zz_generated.deepcopy.go
[gosec] 2026/02/05 18:01:49 Import directory: /tmp/blitzy/blitzy-kubernetes/blitzy5f91179c1/pkg/controller/cronjob
[gosec] 2026/02/05 18:01:49 Checking package: fuzzer
[gosec] 2026/02/05 18:01:49 Checking file: /tmp/blitzy/blitzy-kubernetes/blitzy5f91179c1/pkg/kubelet/apis/config/fuzzer/fuzzer.go
[gosec] 2026/02/05 18:01:49 Import directory: /tmp/blitzy/blitzy-kubernetes/blitzy5f91179c1/pkg/kubectl
[gosec] 2026/02/05 18:01:49 Checking package: exclusion
[gosec] 2026/02/05 18:01:49 Checking file: /tmp/blitzy/blitzy-kubernetes/blitzy5f91179c1/pkg/kubeapiserver/admission/exclusion/resources.go
[gosec] 2026/02/05 18:01:49 Import directory: /tmp/blitzy/blitzy-kubernetes/blitzy5f91179c1/pkg/kubelet/cm/dra/plugin
[gosec] 2026/02/05 18:01:49 Checking package: storage
[gosec] 2026/02/05 18:01:49 Checking file: /tmp/blitzy/blitzy-kubernetes/blitzy5f91179c1/pkg/registry/core/node/storage/storage.go
[gosec] 2026/02/05 18:01:49 Import directory: /tmp/blitzy/blitzy-kubernetes/blitzy5f91179c1/pkg/kubelet/prober/results
[gosec] 2026/02/05 18:01:50 Checking package: node
[gosec] 2026/02/05 18:01:50 Checking file: /tmp/blitzy/blitzy-kubernetes/blitzy5f91179c1/pkg/util/node/node.go
[gosec] 2026/02/05 18:01:50 Import directory: /tmp/blitzy/blitzy-kubernetes/blitzy5f91179c1/pkg/registry/core/limitrange
[gosec] 2026/02/05 18:01:50 Checking package: topology
[gosec] 2026/02/05 18:01:50 Checking file: /tmp/blitzy/blitzy-kubernetes/blitzy5f91179c1/pkg/kubelet/cm/cpumanager/topology/alignment.go
[gosec] 2026/02/05 18:01:50 Import directory: /tmp/blitzy/blitzy-kubernetes/blitzy5f91179c1/pkg/registry/core/service/ipallocator/storage
[gosec] 2026/02/05 18:01:50 Checking file: /tmp/blitzy/blitzy-kubernetes/blitzy5f91179c1/pkg/kubelet/cm/cpumanager/topology/doc.go
[gosec] 2026/02/05 18:01:50 Checking file: /tmp/blitzy/blitzy-kubernetes/blitzy5f91179c1/pkg/kubelet/cm/cpumanager/topology/topology.go
[gosec] 2026/02/05 18:01:52 Checking package: interrupt
[gosec] 2026/02/05 18:01:52 Checking file: /tmp/blitzy/blitzy-kubernetes/blitzy5f91179c1/pkg/util/interrupt/interrupt.go
[gosec] 2026/02/05 18:01:52 Import directory: /tmp/blitzy/blitzy-kubernetes/blitzy5f91179c1/pkg/registry/resource/devicetaintrule
[gosec] 2026/02/05 18:01:52 Checking package: kubectl
[gosec] 2026/02/05 18:01:52 Checking file: /tmp/blitzy/blitzy-kubernetes/blitzy5f91179c1/pkg/kubectl/doc.go
[gosec] 2026/02/05 18:01:52 Checking package: testing
[gosec] 2026/02/05 18:01:52 Checking file: /tmp/blitzy/blitzy-kubernetes/blitzy5f91179c1/pkg/kubelet/cm/testing/mocks.go
[gosec] 2026/02/05 18:01:52 Import directory: /tmp/blitzy/blitzy-kubernetes/blitzy5f91179c1/pkg/kubelet/cadvisor
[gosec] 2026/02/05 18:01:52 Import directory: /tmp/blitzy/blitzy-kubernetes/blitzy5f91179c1/pkg/registry/networking/networkpolicy/storage
[gosec] 2026/02/05 18:01:57 Checking package: cronjob
[gosec] 2026/02/05 18:01:57 Checking file: /tmp/blitzy/blitzy-kubernetes/blitzy5f91179c1/pkg/controller/cronjob/cronjob_controllerv2.go
[gosec] 2026/02/05 18:01:57 Import directory: /tmp/blitzy/blitzy-kubernetes/blitzy5f91179c1/pkg/kubelet/container/testing
[gosec] 2026/02/05 18:01:58 Checking file: /tmp/blitzy/blitzy-kubernetes/blitzy5f91179c1/pkg/controller/cronjob/doc.go
[gosec] 2026/02/05 18:01:58 Checking file: /tmp/blitzy/blitzy-kubernetes/blitzy5f91179c1/pkg/controller/cronjob/injection.go
[gosec] 2026/02/05 18:01:59 Checking file: /tmp/blitzy/blitzy-kubernetes/blitzy5f91179c1/pkg/controller/cronjob/utils.go
[gosec] 2026/02/05 18:01:59 Checking package: plugin
[gosec] 2026/02/05 18:01:59 Checking file: /tmp/blitzy/blitzy-kubernetes/blitzy5f91179c1/pkg/kubelet/cm/dra/plugin/dra_plugin.go
[gosec] 2026/02/05 18:01:59 Import directory: /tmp/blitzy/blitzy-kubernetes/blitzy5f91179c1/pkg/kubelet/images
[gosec] 2026/02/05 18:02:00 Checking file: /tmp/blitzy/blitzy-kubernetes/blitzy5f91179c1/pkg/kubelet/cm/dra/plugin/dra_plugin_manager.go
[gosec] 2026/02/05 18:02:01 Checking file: /tmp/blitzy/blitzy-kubernetes/blitzy5f91179c1/pkg/kubelet/cm/dra/plugin/types.go
[gosec] 2026/02/05 18:02:01 Checking package: results
[gosec] 2026/02/05 18:02:01 Checking file: /tmp/blitzy/blitzy-kubernetes/blitzy5f91179c1/pkg/kubelet/prober/results/results_manager.go
[gosec] 2026/02/05 18:02:01 Import directory: /tmp/blitzy/blitzy-kubernetes/blitzy5f91179c1/pkg/kubelet/watchdog
[gosec] 2026/02/05 18:02:01 Checking package: limitrange
[gosec] 2026/02/05 18:02:01 Checking file: /tmp/blitzy/blitzy-kubernetes/blitzy5f91179c1/pkg/registry/core/limitrange/doc.go
[gosec] 2026/02/05 18:02:01 Checking file: /tmp/blitzy/blitzy-kubernetes/blitzy5f91179c1/pkg/registry/core/limitrange/strategy.go
[gosec] 2026/02/05 18:02:01 Import directory: /tmp/blitzy/blitzy-kubernetes/blitzy5f91179c1/pkg/proxy/config
[gosec] 2026/02/05 18:02:01 Checking package: storage
[gosec] 2026/02/05 18:02:01 Checking file: /tmp/blitzy/blitzy-kubernetes/blitzy5f91179c1/pkg/registry/core/service/ipallocator/storage/storage.go
[gosec] 2026/02/05 18:02:01 Import directory: /tmp/blitzy/blitzy-kubernetes/blitzy5f91179c1/pkg/scheduler/backend/queue
[gosec] 2026/02/05 18:02:01 Checking package: devicetaintrule
[gosec] 2026/02/05 18:02:01 Checking file: /tmp/blitzy/blitzy-kubernetes/blitzy5f91179c1/pkg/registry/resource/devicetaintrule/strategy.go
[gosec] 2026/02/05 18:02:01 Import directory: /tmp/blitzy/blitzy-kubernetes/blitzy5f91179c1/pkg/api/persistentvolume
[gosec] 2026/02/05 18:02:01 Checking package: cadvisor
[gosec] 2026/02/05 18:02:01 Checking file: /tmp/blitzy/blitzy-kubernetes/blitzy5f91179c1/pkg/kubelet/cadvisor/cadvisor_linux.go
[gosec] 2026/02/05 18:02:01 Import directory: /tmp/blitzy/blitzy-kubernetes/blitzy5f91179c1/pkg/apis/admissionregistration
[gosec] 2026/02/05 18:02:02 Checking file: /tmp/blitzy/blitzy-kubernetes/blitzy5f91179c1/pkg/kubelet/cadvisor/doc.go
[gosec] 2026/02/05 18:02:02 Checking file: /tmp/blitzy/blitzy-kubernetes/blitzy5f91179c1/pkg/kubelet/cadvisor/helpers_linux.go
[gosec] 2026/02/05 18:02:02 Checking file: /tmp/blitzy/blitzy-kubernetes/blitzy5f91179c1/pkg/kubelet/cadvisor/types.go
[gosec] 2026/02/05 18:02:02 Checking file: /tmp/blitzy/blitzy-kubernetes/blitzy5f91179c1/pkg/kubelet/cadvisor/util.go
[gosec] 2026/02/05 18:02:02 Checking package: storage
[gosec] 2026/02/05 18:02:02 Checking file: /tmp/blitzy/blitzy-kubernetes/blitzy5f91179c1/pkg/registry/networking/networkpolicy/storage/storage.go
[gosec] 2026/02/05 18:02:02 Import directory: /tmp/blitzy/blitzy-kubernetes/blitzy5f91179c1/pkg/controller/daemon
[gosec] 2026/02/05 18:02:02 Checking package: testing
[gosec] 2026/02/05 18:02:02 Checking file: /tmp/blitzy/blitzy-kubernetes/blitzy5f91179c1/pkg/kubelet/container/testing/fake_cache.go
[gosec] 2026/02/05 18:02:02 Import directory: /tmp/blitzy/blitzy-kubernetes/blitzy5f91179c1/pkg/controller/garbagecollector/config
[gosec] 2026/02/05 18:02:02 Checking file: /tmp/blitzy/blitzy-kubernetes/blitzy5f91179c1/pkg/kubelet/container/testing/fake_ready_provider.go
[gosec] 2026/02/05 18:02:02 Checking file: /tmp/blitzy/blitzy-kubernetes/blitzy5f91179c1/pkg/kubelet/container/testing/fake_runtime.go
[gosec] 2026/02/05 18:02:04 Checking file: /tmp/blitzy/blitzy-kubernetes/blitzy5f91179c1/pkg/kubelet/container/testing/fake_runtime_helper.go
[gosec] 2026/02/05 18:02:04 Checking file: /tmp/blitzy/blitzy-kubernetes/blitzy5f91179c1/pkg/kubelet/container/testing/mockdirentry.go
[gosec] 2026/02/05 18:02:05 Checking file: /tmp/blitzy/blitzy-kubernetes/blitzy5f91179c1/pkg/kubelet/container/testing/mocks.go
[gosec] 2026/02/05 18:02:08 Checking file: /tmp/blitzy/blitzy-kubernetes/blitzy5f91179c1/pkg/kubelet/container/testing/os.go
[gosec] 2026/02/05 18:02:08 Checking package: images
[gosec] 2026/02/05 18:02:08 Checking file: /tmp/blitzy/blitzy-kubernetes/blitzy5f91179c1/pkg/kubelet/images/doc.go
[gosec] 2026/02/05 18:02:08 Checking file: /tmp/blitzy/blitzy-kubernetes/blitzy5f91179c1/pkg/kubelet/images/helpers.go
[gosec] 2026/02/05 18:02:08 Import directory: /tmp/blitzy/blitzy-kubernetes/blitzy5f91179c1/pkg/kubelet/userns
[gosec] 2026/02/05 18:02:08 Checking file: /tmp/blitzy/blitzy-kubernetes/blitzy5f91179c1/pkg/kubelet/images/image_gc_manager.go
[gosec] 2026/02/05 18:02:10 Checking file: /tmp/blitzy/blitzy-kubernetes/blitzy5f91179c1/pkg/kubelet/images/image_manager.go
[gosec] 2026/02/05 18:02:10 Checking file: /tmp/blitzy/blitzy-kubernetes/blitzy5f91179c1/pkg/kubelet/images/metrics.go
[gosec] 2026/02/05 18:02:10 Checking file: /tmp/blitzy/blitzy-kubernetes/blitzy5f91179c1/pkg/kubelet/images/puller.go
[gosec] 2026/02/05 18:02:10 Checking file: /tmp/blitzy/blitzy-kubernetes/blitzy5f91179c1/pkg/kubelet/images/types.go
[gosec] 2026/02/05 18:02:11 Checking package: watchdog
[gosec] 2026/02/05 18:02:11 Checking file: /tmp/blitzy/blitzy-kubernetes/blitzy5f91179c1/pkg/kubelet/watchdog/types.go
[gosec] 2026/02/05 18:02:11 Checking file: /tmp/blitzy/blitzy-kubernetes/blitzy5f91179c1/pkg/kubelet/watchdog/watchdog_linux.go
[gosec] 2026/02/05 18:02:11 Import directory: /tmp/blitzy/blitzy-kubernetes/blitzy5f91179c1/pkg/proxy/apis/config
[gosec] 2026/02/05 18:02:11 Checking package: persistentvolume
[gosec] 2026/02/05 18:02:11 Checking file: /tmp/blitzy/blitzy-kubernetes/blitzy5f91179c1/pkg/api/persistentvolume/util.go
[gosec] 2026/02/05 18:02:11 Import directory: /tmp/blitzy/blitzy-kubernetes/blitzy5f91179c1/pkg/registry/core/node
[gosec] 2026/02/05 18:02:11 Checking package: config
[gosec] 2026/02/05 18:02:11 Checking file: /tmp/blitzy/blitzy-kubernetes/blitzy5f91179c1/pkg/proxy/config/config.go
[gosec] 2026/02/05 18:02:11 Import directory: /tmp/blitzy/blitzy-kubernetes/blitzy5f91179c1/pkg/registry/core/service/portallocator/storage
[gosec] 2026/02/05 18:02:12 Checking file: /tmp/blitzy/blitzy-kubernetes/blitzy5f91179c1/pkg/proxy/config/doc.go
[gosec] 2026/02/05 18:02:12 Checking package: admissionregistration
[gosec] 2026/02/05 18:02:12 Checking file: /tmp/blitzy/blitzy-kubernetes/blitzy5f91179c1/pkg/apis/admissionregistration/doc.go
[gosec] 2026/02/05 18:02:12 Checking file: /tmp/blitzy/blitzy-kubernetes/blitzy5f91179c1/pkg/apis/admissionregistration/register.go
[gosec] 2026/02/05 18:02:12 Import directory: /tmp/blitzy/blitzy-kubernetes/blitzy5f91179c1/pkg/apis/apps/validation
[gosec] 2026/02/05 18:02:13 Checking file: /tmp/blitzy/blitzy-kubernetes/blitzy5f91179c1/pkg/apis/admissionregistration/types.go
[gosec] 2026/02/05 18:02:13 Checking file: /tmp/blitzy/blitzy-kubernetes/blitzy5f91179c1/pkg/apis/admissionregistration/zz_generated.deepcopy.go
[gosec] 2026/02/05 18:02:18 Checking package: queue
[gosec] 2026/02/05 18:02:18 Checking file: /tmp/blitzy/blitzy-kubernetes/blitzy5f91179c1/pkg/scheduler/backend/queue/active_queue.go
[gosec] 2026/02/05 18:02:18 Import directory: /tmp/blitzy/blitzy-kubernetes/blitzy5f91179c1/pkg/controller/volume/pvcprotection
[gosec] 2026/02/05 18:02:19 Checking file: /tmp/blitzy/blitzy-kubernetes/blitzy5f91179c1/pkg/scheduler/backend/queue/backoff_queue.go
[gosec] 2026/02/05 18:02:20 Checking file: /tmp/blitzy/blitzy-kubernetes/blitzy5f91179c1/pkg/scheduler/backend/queue/nominator.go
[gosec] 2026/02/05 18:02:20 Checking file: /tmp/blitzy/blitzy-kubernetes/blitzy5f91179c1/pkg/scheduler/backend/queue/scheduling_queue.go
[gosec] 2026/02/05 18:02:22 Checking file: /tmp/blitzy/blitzy-kubernetes/blitzy5f91179c1/pkg/scheduler/backend/queue/testing.go
[gosec] 2026/02/05 18:02:22 Checking file: /tmp/blitzy/blitzy-kubernetes/blitzy5f91179c1/pkg/scheduler/backend/queue/unschedulable_pods.go
[gosec] 2026/02/05 18:02:23 Checking package: config
[gosec] 2026/02/05 18:02:23 Checking file: /tmp/blitzy/blitzy-kubernetes/blitzy5f91179c1/pkg/controller/garbagecollector/config/doc.go
[gosec] 2026/02/05 18:02:23 Checking file: /tmp/blitzy/blitzy-kubernetes/blitzy5f91179c1/pkg/controller/garbagecollector/config/types.go
[gosec] 2026/02/05 18:02:23 Import directory: /tmp/blitzy/blitzy-kubernetes/blitzy5f91179c1/pkg/kubelet/envvars
[gosec] 2026/02/05 18:02:23 Checking file: /tmp/blitzy/blitzy-kubernetes/blitzy5f91179c1/pkg/controller/garbagecollector/config/zz_generated.deepcopy.go
[gosec] 2026/02/05 18:02:23 Checking package: daemon
[gosec] 2026/02/05 18:02:23 Checking file: /tmp/blitzy/blitzy-kubernetes/blitzy5f91179c1/pkg/controller/daemon/daemon_controller.go
[gosec] 2026/02/05 18:02:23 Import directory: /tmp/blitzy/blitzy-kubernetes/blitzy5f91179c1/pkg/kubelet/volumemanager/reconciler
[gosec] 2026/02/05 18:02:26 Checking file: /tmp/blitzy/blitzy-kubernetes/blitzy5f91179c1/pkg/controller/daemon/doc.go
[gosec] 2026/02/05 18:02:26 Checking file: /tmp/blitzy/blitzy-kubernetes/blitzy5f91179c1/pkg/controller/daemon/update.go
[gosec] 2026/02/05 18:02:27 Checking package: userns
[gosec] 2026/02/05 18:02:27 Checking file: /tmp/blitzy/blitzy-kubernetes/blitzy5f91179c1/pkg/kubelet/userns/types.go
[gosec] 2026/02/05 18:02:27 Import directory: /tmp/blitzy/blitzy-kubernetes/blitzy5f91179c1/pkg/registry/admissionregistration/mutatingwebhookconfiguration/storage
[gosec] 2026/02/05 18:02:27 Checking file: /tmp/blitzy/blitzy-kubernetes/blitzy5f91179c1/pkg/kubelet/userns/userns_manager.go
[gosec] 2026/02/05 18:02:29 Checking package: config
[gosec] 2026/02/05 18:02:29 Checking file: /tmp/blitzy/blitzy-kubernetes/blitzy5f91179c1/pkg/proxy/apis/config/doc.go
[gosec] 2026/02/05 18:02:29 Checking file: /tmp/blitzy/blitzy-kubernetes/blitzy5f91179c1/pkg/proxy/apis/config/register.go
[gosec] 2026/02/05 18:02:29 Import directory: /tmp/blitzy/blitzy-kubernetes/blitzy5f91179c1/pkg/registry/autoscaling/horizontalpodautoscaler
[gosec] 2026/02/05 18:02:29 Checking file: /tmp/blitzy/blitzy-kubernetes/blitzy5f91179c1/pkg/proxy/apis/config/types.go
[gosec] 2026/02/05 18:02:29 Checking file: /tmp/blitzy/blitzy-kubernetes/blitzy5f91179c1/pkg/proxy/apis/config/zz_generated.deepcopy.go
[gosec] 2026/02/05 18:02:30 Checking package: storage
[gosec] 2026/02/05 18:02:30 Checking file: /tmp/blitzy/blitzy-kubernetes/blitzy5f91179c1/pkg/registry/core/service/portallocator/storage/storage.go
[gosec] 2026/02/05 18:02:30 Checking package: node
[gosec] 2026/02/05 18:02:30 Checking file: /tmp/blitzy/blitzy-kubernetes/blitzy5f91179c1/pkg/registry/core/node/doc.go
[gosec] 2026/02/05 18:02:30 Import directory: /tmp/blitzy/blitzy-kubernetes/blitzy5f91179c1/pkg/serviceaccount/externaljwt/plugin/testing/v1
[gosec] 2026/02/05 18:02:30 Checking file: /tmp/blitzy/blitzy-kubernetes/blitzy5f91179c1/pkg/registry/core/node/strategy.go
[gosec] 2026/02/05 18:02:30 Import directory: /tmp/blitzy/blitzy-kubernetes/blitzy5f91179c1/pkg/util/kernel
[gosec] 2026/02/05 18:02:31 Checking package: validation
[gosec] 2026/02/05 18:02:31 Checking file: /tmp/blitzy/blitzy-kubernetes/blitzy5f91179c1/pkg/apis/apps/validation/validation.go
[gosec] 2026/02/05 18:02:31 Import directory: /tmp/blitzy/blitzy-kubernetes/blitzy5f91179c1/pkg/apis/apiserverinternal/install
[gosec] 2026/02/05 18:02:33 Checking package: pvcprotection
[gosec] 2026/02/05 18:02:33 Checking file: /tmp/blitzy/blitzy-kubernetes/blitzy5f91179c1/pkg/controller/volume/pvcprotection/pvc_protection_controller.go
[gosec] 2026/02/05 18:02:33 Import directory: /tmp/blitzy/blitzy-kubernetes/blitzy5f91179c1/pkg/apis/autoscaling/v2beta2
[gosec] 2026/02/05 18:02:34 Checking package: envvars
[gosec] 2026/02/05 18:02:34 Checking file: /tmp/blitzy/blitzy-kubernetes/blitzy5f91179c1/pkg/kubelet/envvars/doc.go
[gosec] 2026/02/05 18:02:34 Import directory: /tmp/blitzy/blitzy-kubernetes/blitzy5f91179c1/pkg/controller/apis/config
[gosec] 2026/02/05 18:02:34 Checking file: /tmp/blitzy/blitzy-kubernetes/blitzy5f91179c1/pkg/kubelet/envvars/envvars.go
[gosec] 2026/02/05 18:02:34 Checking package: reconciler
[gosec] 2026/02/05 18:02:34 Checking file: /tmp/blitzy/blitzy-kubernetes/blitzy5f91179c1/pkg/kubelet/volumemanager/reconciler/reconciler.go
[gosec] 2026/02/05 18:02:34 Checking file: /tmp/blitzy/blitzy-kubernetes/blitzy5f91179c1/pkg/kubelet/volumemanager/reconciler/reconciler_common.go
[gosec] 2026/02/05 18:02:34 Import directory: /tmp/blitzy/blitzy-kubernetes/blitzy5f91179c1/pkg/controller/volume/selinuxwarning/translator
[gosec] 2026/02/05 18:02:34 Checking file: /tmp/blitzy/blitzy-kubernetes/blitzy5f91179c1/pkg/kubelet/volumemanager/reconciler/reconstruct.go
[gosec] 2026/02/05 18:02:35 Checking file: /tmp/blitzy/blitzy-kubernetes/blitzy5f91179c1/pkg/kubelet/volumemanager/reconciler/reconstruct_common.go
[gosec] 2026/02/05 18:02:35 Checking package: storage
[gosec] 2026/02/05 18:02:35 Checking file: /tmp/blitzy/blitzy-kubernetes/blitzy5f91179c1/pkg/registry/admissionregistration/mutatingwebhookconfiguration/storage/storage.go
[gosec] 2026/02/05 18:02:35 Import directory: /tmp/blitzy/blitzy-kubernetes/blitzy5f91179c1/pkg/registry/apps/controllerrevision
[gosec] 2026/02/05 18:02:36 Checking package: horizontalpodautoscaler
[gosec] 2026/02/05 18:02:36 Checking file: /tmp/blitzy/blitzy-kubernetes/blitzy5f91179c1/pkg/registry/autoscaling/horizontalpodautoscaler/doc.go
[gosec] 2026/02/05 18:02:36 Checking file: /tmp/blitzy/blitzy-kubernetes/blitzy5f91179c1/pkg/registry/autoscaling/horizontalpodautoscaler/strategy.go
[gosec] 2026/02/05 18:02:36 Import directory: /tmp/blitzy/blitzy-kubernetes/blitzy5f91179c1/pkg/registry/core/persistentvolumeclaim
[gosec] 2026/02/05 18:02:36 Checking package: kernel
[gosec] 2026/02/05 18:02:36 Checking file: /tmp/blitzy/blitzy-kubernetes/blitzy5f91179c1/pkg/util/kernel/constants.go
[gosec] 2026/02/05 18:02:36 Import directory: /tmp/blitzy/blitzy-kubernetes/blitzy5f91179c1/pkg/registry/rbac/clusterrolebinding
[gosec] 2026/02/05 18:02:36 Checking file: /tmp/blitzy/blitzy-kubernetes/blitzy5f91179c1/pkg/util/kernel/version.go
[gosec] 2026/02/05 18:02:36 Checking package: v1
[gosec] 2026/02/05 18:02:36 Checking file: /tmp/blitzy/blitzy-kubernetes/blitzy5f91179c1/pkg/serviceaccount/externaljwt/plugin/testing/v1/externalsigner_mock.go
[gosec] 2026/02/05 18:02:36 Import directory: /tmp/blitzy/blitzy-kubernetes/blitzy5f91179c1/pkg/registry/scheduling/workload/storage
[gosec] 2026/02/05 18:02:37 Checking package: install
[gosec] 2026/02/05 18:02:37 Checking file: /tmp/blitzy/blitzy-kubernetes/blitzy5f91179c1/pkg/apis/apiserverinternal/install/install.go
[gosec] 2026/02/05 18:02:37 Import directory: /tmp/blitzy/blitzy-kubernetes/blitzy5f91179c1/pkg/apis/policy/install
[gosec] 2026/02/05 18:02:37 Checking package: v2beta2
[gosec] 2026/02/05 18:02:37 Checking file: /tmp/blitzy/blitzy-kubernetes/blitzy5f91179c1/pkg/apis/autoscaling/v2beta2/conversion.go
[gosec] 2026/02/05 18:02:37 Import directory: /tmp/blitzy/blitzy-kubernetes/blitzy5f91179c1/pkg/apis/storage/install
[gosec] 2026/02/05 18:02:37 Checking file: /tmp/blitzy/blitzy-kubernetes/blitzy5f91179c1/pkg/apis/autoscaling/v2beta2/defaults.go
[gosec] 2026/02/05 18:02:37 Checking file: /tmp/blitzy/blitzy-kubernetes/blitzy5f91179c1/pkg/apis/autoscaling/v2beta2/doc.go
[gosec] 2026/02/05 18:02:37 Checking file: /tmp/blitzy/blitzy-kubernetes/blitzy5f91179c1/pkg/apis/autoscaling/v2beta2/register.go
[gosec] 2026/02/05 18:02:37 Checking file: /tmp/blitzy/blitzy-kubernetes/blitzy5f91179c1/pkg/apis/autoscaling/v2beta2/zz_generated.conversion.go
[gosec] 2026/02/05 18:02:44 Checking file: /tmp/blitzy/blitzy-kubernetes/blitzy5f91179c1/pkg/apis/autoscaling/v2beta2/zz_generated.defaults.go
[gosec] 2026/02/05 18:02:44 Checking package: config
[gosec] 2026/02/05 18:02:44 Checking file: /tmp/blitzy/blitzy-kubernetes/blitzy5f91179c1/pkg/controller/apis/config/doc.go
[gosec] 2026/02/05 18:02:44 Import directory: /tmp/blitzy/blitzy-kubernetes/blitzy5f91179c1/pkg/controller/nodelifecycle/scheduler
[gosec] 2026/02/05 18:02:44 Checking file: /tmp/blitzy/blitzy-kubernetes/blitzy5f91179c1/pkg/controller/apis/config/register.go
[gosec] 2026/02/05 18:02:44 Checking file: /tmp/blitzy/blitzy-kubernetes/blitzy5f91179c1/pkg/controller/apis/config/types.go
[gosec] 2026/02/05 18:02:44 Checking file: /tmp/blitzy/blitzy-kubernetes/blitzy5f91179c1/pkg/controller/apis/config/zz_generated.deepcopy.go
[gosec] 2026/02/05 18:02:44 Checking package: translator
[gosec] 2026/02/05 18:02:44 Checking file: /tmp/blitzy/blitzy-kubernetes/blitzy5f91179c1/pkg/controller/volume/selinuxwarning/translator/selinux_translator.go
[gosec] 2026/02/05 18:02:44 Import directory: /tmp/blitzy/blitzy-kubernetes/blitzy5f91179c1/pkg/controller/podautoscaler/monitor
[gosec] 2026/02/05 18:02:44 Checking package: controllerrevision
[gosec] 2026/02/05 18:02:44 Checking file: /tmp/blitzy/blitzy-kubernetes/blitzy5f91179c1/pkg/registry/apps/controllerrevision/doc.go
[gosec] 2026/02/05 18:02:44 Checking file: /tmp/blitzy/blitzy-kubernetes/blitzy5f91179c1/pkg/registry/apps/controllerrevision/strategy.go
[gosec] 2026/02/05 18:02:44 Import directory: /tmp/blitzy/blitzy-kubernetes/blitzy5f91179c1/pkg/controller/testutil
[gosec] 2026/02/05 18:02:44 Checking package: persistentvolumeclaim
[gosec] 2026/02/05 18:02:44 Checking file: /tmp/blitzy/blitzy-kubernetes/blitzy5f91179c1/pkg/registry/core/persistentvolumeclaim/doc.go
[gosec] 2026/02/05 18:02:44 Checking file: /tmp/blitzy/blitzy-kubernetes/blitzy5f91179c1/pkg/registry/core/persistentvolumeclaim/strategy.go
[gosec] 2026/02/05 18:02:44 Import directory: /tmp/blitzy/blitzy-kubernetes/blitzy5f91179c1/pkg/controller/validatingadmissionpolicystatus/config
[gosec] 2026/02/05 18:02:45 Checking package: clusterrolebinding
[gosec] 2026/02/05 18:02:45 Checking file: /tmp/blitzy/blitzy-kubernetes/blitzy5f91179c1/pkg/registry/rbac/clusterrolebinding/doc.go
[gosec] 2026/02/05 18:02:45 Checking file: /tmp/blitzy/blitzy-kubernetes/blitzy5f91179c1/pkg/registry/rbac/clusterrolebinding/registry.go
[gosec] 2026/02/05 18:02:45 Import directory: /tmp/blitzy/blitzy-kubernetes/blitzy5f91179c1/pkg/controller/volume/attachdetach/populator
[gosec] 2026/02/05 18:02:45 Checking file: /tmp/blitzy/blitzy-kubernetes/blitzy5f91179c1/pkg/registry/rbac/clusterrolebinding/strategy.go
[gosec] 2026/02/05 18:02:45 Checking package: storage
[gosec] 2026/02/05 18:02:45 Checking file: /tmp/blitzy/blitzy-kubernetes/blitzy5f91179c1/pkg/registry/scheduling/workload/storage/storage.go
[gosec] 2026/02/05 18:02:45 Import directory: /tmp/blitzy/blitzy-kubernetes/blitzy5f91179c1/pkg/kubelet/config
[gosec] 2026/02/05 18:02:45 Checking package: install
[gosec] 2026/02/05 18:02:45 Checking file: /tmp/blitzy/blitzy-kubernetes/blitzy5f91179c1/pkg/apis/policy/install/install.go
[gosec] 2026/02/05 18:02:45 Import directory: /tmp/blitzy/blitzy-kubernetes/blitzy5f91179c1/pkg/apis/admission/v1
[gosec] 2026/02/05 18:02:45 Checking package: install
[gosec] 2026/02/05 18:02:45 Checking file: /tmp/blitzy/blitzy-kubernetes/blitzy5f91179c1/pkg/apis/storage/install/install.go
[gosec] 2026/02/05 18:02:45 Import directory: /tmp/blitzy/blitzy-kubernetes/blitzy5f91179c1/pkg/controlplane/controller/crdregistration
[gosec] 2026/02/05 18:02:45 Checking package: scheduler
[gosec] 2026/02/05 18:02:45 Checking file: /tmp/blitzy/blitzy-kubernetes/blitzy5f91179c1/pkg/controller/nodelifecycle/scheduler/rate_limited_queue.go
[gosec] 2026/02/05 18:02:45 Import directory: /tmp/blitzy/blitzy-kubernetes/blitzy5f91179c1/pkg/kubelet/prober
[gosec] 2026/02/05 18:02:46 Checking package: monitor
[gosec] 2026/02/05 18:02:46 Checking file: /tmp/blitzy/blitzy-kubernetes/blitzy5f91179c1/pkg/controller/podautoscaler/monitor/metrics.go
[gosec] 2026/02/05 18:02:46 Import directory: /tmp/blitzy/blitzy-kubernetes/blitzy5f91179c1/pkg/kubelet/server/stats/testing
[gosec] 2026/02/05 18:02:46 Checking file: /tmp/blitzy/blitzy-kubernetes/blitzy5f91179c1/pkg/controller/podautoscaler/monitor/monitor.go
[gosec] 2026/02/05 18:02:46 Checking package: config
[gosec] 2026/02/05 18:02:46 Checking file: /tmp/blitzy/blitzy-kubernetes/blitzy5f91179c1/pkg/controller/validatingadmissionpolicystatus/config/doc.go
[gosec] 2026/02/05 18:02:46 Checking file: /tmp/blitzy/blitzy-kubernetes/blitzy5f91179c1/pkg/controller/validatingadmissionpolicystatus/config/types.go
[gosec] 2026/02/05 18:02:46 Import directory: /tmp/blitzy/blitzy-kubernetes/blitzy5f91179c1/pkg/proxy/healthcheck
[gosec] 2026/02/05 18:02:46 Checking file: /tmp/blitzy/blitzy-kubernetes/blitzy5f91179c1/pkg/controller/validatingadmissionpolicystatus/config/zz_generated.deepcopy.go
[gosec] 2026/02/05 18:02:46 Checking package: testutil
[gosec] 2026/02/05 18:02:46 Checking file: /tmp/blitzy/blitzy-kubernetes/blitzy5f91179c1/pkg/controller/testutil/test_utils.go
[gosec] 2026/02/05 18:02:46 Import directory: /tmp/blitzy/blitzy-kubernetes/blitzy5f91179c1/pkg/registry/certificates/podcertificaterequest/storage
[gosec] 2026/02/05 18:02:48 Checking package: populator
[gosec] 2026/02/05 18:02:48 Checking file: /tmp/blitzy/blitzy-kubernetes/blitzy5f91179c1/pkg/controller/volume/attachdetach/populator/desired_state_of_world_populator.go
[gosec] 2026/02/05 18:02:48 Import directory: /tmp/blitzy/blitzy-kubernetes/blitzy5f91179c1/pkg/registry/core/replicationcontroller
[gosec] 2026/02/05 18:02:48 Checking package: v1
[gosec] 2026/02/05 18:02:48 Checking file: /tmp/blitzy/blitzy-kubernetes/blitzy5f91179c1/pkg/apis/admission/v1/doc.go
[gosec] 2026/02/05 18:02:48 Import directory: /tmp/blitzy/blitzy-kubernetes/blitzy5f91179c1/pkg/registry/networking/servicecidr
[gosec] 2026/02/05 18:02:48 Checking file: /tmp/blitzy/blitzy-kubernetes/blitzy5f91179c1/pkg/apis/admission/v1/register.go
[gosec] 2026/02/05 18:02:48 Checking file: /tmp/blitzy/blitzy-kubernetes/blitzy5f91179c1/pkg/apis/admission/v1/zz_generated.conversion.go
[gosec] 2026/02/05 18:02:49 Checking file: /tmp/blitzy/blitzy-kubernetes/blitzy5f91179c1/pkg/apis/admission/v1/zz_generated.defaults.go
[gosec] 2026/02/05 18:02:49 Checking package: crdregistration
[gosec] 2026/02/05 18:02:49 Checking file: /tmp/blitzy/blitzy-kubernetes/blitzy5f91179c1/pkg/controlplane/controller/crdregistration/crdregistration_controller.go
[gosec] 2026/02/05 18:02:49 Import directory: /tmp/blitzy/blitzy-kubernetes/blitzy5f91179c1/pkg/apis/storage
[gosec] 2026/02/05 18:02:50 Checking package: config
[gosec] 2026/02/05 18:02:50 Checking file: /tmp/blitzy/blitzy-kubernetes/blitzy5f91179c1/pkg/kubelet/config/apiserver.go
[gosec] 2026/02/05 18:02:50 Import directory: /tmp/blitzy/blitzy-kubernetes/blitzy5f91179c1/pkg/controller/nodeipam
[gosec] 2026/02/05 18:02:50 Checking file: /tmp/blitzy/blitzy-kubernetes/blitzy5f91179c1/pkg/kubelet/config/common.go
[gosec] 2026/02/05 18:02:50 Checking file: /tmp/blitzy/blitzy-kubernetes/blitzy5f91179c1/pkg/kubelet/config/config.go
[gosec] 2026/02/05 18:02:51 Checking file: /tmp/blitzy/blitzy-kubernetes/blitzy5f91179c1/pkg/kubelet/config/doc.go
[gosec] 2026/02/05 18:02:51 Checking file: /tmp/blitzy/blitzy-kubernetes/blitzy5f91179c1/pkg/kubelet/config/file.go
[gosec] 2026/02/05 18:02:52 Checking file: /tmp/blitzy/blitzy-kubernetes/blitzy5f91179c1/pkg/kubelet/config/file_linux.go
[gosec] 2026/02/05 18:02:52 Checking file: /tmp/blitzy/blitzy-kubernetes/blitzy5f91179c1/pkg/kubelet/config/http.go
[gosec] 2026/02/05 18:02:52 Checking file: /tmp/blitzy/blitzy-kubernetes/blitzy5f91179c1/pkg/kubelet/config/mux.go
[gosec] 2026/02/05 18:02:53 Checking file: /tmp/blitzy/blitzy-kubernetes/blitzy5f91179c1/pkg/kubelet/config/sources.go
[gosec] 2026/02/05 18:02:53 Checking package: prober
[gosec] 2026/02/05 18:02:53 Checking file: /tmp/blitzy/blitzy-kubernetes/blitzy5f91179c1/pkg/kubelet/prober/prober.go
[gosec] 2026/02/05 18:02:53 Import directory: /tmp/blitzy/blitzy-kubernetes/blitzy5f91179c1/pkg/controller/nodelifecycle/config
[gosec] 2026/02/05 18:02:53 Checking file: /tmp/blitzy/blitzy-kubernetes/blitzy5f91179c1/pkg/kubelet/prober/prober_manager.go
[gosec] 2026/02/05 18:02:54 Checking file: /tmp/blitzy/blitzy-kubernetes/blitzy5f91179c1/pkg/kubelet/prober/worker.go
[gosec] 2026/02/05 18:02:55 Checking package: healthcheck
[gosec] 2026/02/05 18:02:55 Checking file: /tmp/blitzy/blitzy-kubernetes/blitzy5f91179c1/pkg/proxy/healthcheck/common.go
[gosec] 2026/02/05 18:02:55 Import directory: /tmp/blitzy/blitzy-kubernetes/blitzy5f91179c1/pkg/controller/podgc
[gosec] 2026/02/05 18:02:55 Checking file: /tmp/blitzy/blitzy-kubernetes/blitzy5f91179c1/pkg/proxy/healthcheck/doc.go
[gosec] 2026/02/05 18:02:55 Checking file: /tmp/blitzy/blitzy-kubernetes/blitzy5f91179c1/pkg/proxy/healthcheck/proxy_health.go
[gosec] 2026/02/05 18:02:55 Checking file: /tmp/blitzy/blitzy-kubernetes/blitzy5f91179c1/pkg/proxy/healthcheck/service_health.go
[gosec] 2026/02/05 18:02:56 Checking package: testing
[gosec] 2026/02/05 18:02:56 Checking file: /tmp/blitzy/blitzy-kubernetes/blitzy5f91179c1/pkg/kubelet/server/stats/testing/mocks.go
[gosec] 2026/02/05 18:02:56 Import directory: /tmp/blitzy/blitzy-kubernetes/blitzy5f91179c1/pkg/controller/volume/ephemeral/config/v1alpha1
[gosec] 2026/02/05 18:02:58 Checking package: storage
[gosec] 2026/02/05 18:02:58 Checking file: /tmp/blitzy/blitzy-kubernetes/blitzy5f91179c1/pkg/registry/certificates/podcertificaterequest/storage/storage.go
[gosec] 2026/02/05 18:02:58 Import directory: /tmp/blitzy/blitzy-kubernetes/blitzy5f91179c1/pkg/kubeapiserver/admission
[gosec] 2026/02/05 18:02:59 Checking package: servicecidr
[gosec] 2026/02/05 18:02:59 Checking file: /tmp/blitzy/blitzy-kubernetes/blitzy5f91179c1/pkg/registry/networking/servicecidr/doc.go
[gosec] 2026/02/05 18:02:59 Import directory: /tmp/blitzy/blitzy-kubernetes/blitzy5f91179c1/pkg/registry/scheduling/priorityclass/storage
[gosec] 2026/02/05 18:02:59 Checking file: /tmp/blitzy/blitzy-kubernetes/blitzy5f91179c1/pkg/registry/networking/servicecidr/strategy.go
[gosec] 2026/02/05 18:02:59 Checking package: replicationcontroller
[gosec] 2026/02/05 18:02:59 Checking file: /tmp/blitzy/blitzy-kubernetes/blitzy5f91179c1/pkg/registry/core/replicationcontroller/doc.go
[gosec] 2026/02/05 18:02:59 Checking file: /tmp/blitzy/blitzy-kubernetes/blitzy5f91179c1/pkg/registry/core/replicationcontroller/strategy.go
[gosec] 2026/02/05 18:02:59 Import directory: /tmp/blitzy/blitzy-kubernetes/blitzy5f91179c1/pkg/registry/scheduling/workload
[gosec] 2026/02/05 18:02:59 Checking package: storage
[gosec] 2026/02/05 18:02:59 Checking file: /tmp/blitzy/blitzy-kubernetes/blitzy5f91179c1/pkg/apis/storage/doc.go
[gosec] 2026/02/05 18:02:59 Checking file: /tmp/blitzy/blitzy-kubernetes/blitzy5f91179c1/pkg/apis/storage/register.go
[gosec] 2026/02/05 18:02:59 Import directory: /tmp/blitzy/blitzy-kubernetes/blitzy5f91179c1/pkg/apis/events
[gosec] 2026/02/05 18:02:59 Checking file: /tmp/blitzy/blitzy-kubernetes/blitzy5f91179c1/pkg/apis/storage/types.go
[gosec] 2026/02/05 18:02:59 Checking file: /tmp/blitzy/blitzy-kubernetes/blitzy5f91179c1/pkg/apis/storage/zz_generated.deepcopy.go
[gosec] 2026/02/05 18:03:03 Checking package: nodeipam
[gosec] 2026/02/05 18:03:03 Checking file: /tmp/blitzy/blitzy-kubernetes/blitzy5f91179c1/pkg/controller/nodeipam/doc.go
[gosec] 2026/02/05 18:03:03 Checking file: /tmp/blitzy/blitzy-kubernetes/blitzy5f91179c1/pkg/controller/nodeipam/node_ipam_controller.go
[gosec] 2026/02/05 18:03:03 Import directory: /tmp/blitzy/blitzy-kubernetes/blitzy5f91179c1/pkg/apis/admissionregistration/install
[gosec] 2026/02/05 18:03:03 Checking file: /tmp/blitzy/blitzy-kubernetes/blitzy5f91179c1/pkg/controller/nodeipam/nolegacyprovider.go
[gosec] 2026/02/05 18:03:03 Checking package: config
[gosec] 2026/02/05 18:03:03 Checking file: /tmp/blitzy/blitzy-kubernetes/blitzy5f91179c1/pkg/controller/nodelifecycle/config/doc.go
[gosec] 2026/02/05 18:03:03 Import directory: /tmp/blitzy/blitzy-kubernetes/blitzy5f91179c1/pkg/apis/apiserverinternal
[gosec] 2026/02/05 18:03:03 Checking file: /tmp/blitzy/blitzy-kubernetes/blitzy5f91179c1/pkg/controller/nodelifecycle/config/types.go
[gosec] 2026/02/05 18:03:03 Checking file: /tmp/blitzy/blitzy-kubernetes/blitzy5f91179c1/pkg/controller/nodelifecycle/config/zz_generated.deepcopy.go
[gosec] 2026/02/05 18:03:03 Checking package: podgc
[gosec] 2026/02/05 18:03:03 Checking file: /tmp/blitzy/blitzy-kubernetes/blitzy5f91179c1/pkg/controller/podgc/doc.go
[gosec] 2026/02/05 18:03:03 Checking file: /tmp/blitzy/blitzy-kubernetes/blitzy5f91179c1/pkg/controller/podgc/gc_controller.go
[gosec] 2026/02/05 18:03:03 Import directory: /tmp/blitzy/blitzy-kubernetes/blitzy5f91179c1/pkg/apis/certificates/fuzzer
[gosec] 2026/02/05 18:03:04 Checking package: v1alpha1
[gosec] 2026/02/05 18:03:04 Checking file: /tmp/blitzy/blitzy-kubernetes/blitzy5f91179c1/pkg/controller/volume/ephemeral/config/v1alpha1/conversion.go
[gosec] 2026/02/05 18:03:04 Import directory: /tmp/blitzy/blitzy-kubernetes/blitzy5f91179c1/pkg/cluster/ports
[gosec] 2026/02/05 18:03:04 Checking file: /tmp/blitzy/blitzy-kubernetes/blitzy5f91179c1/pkg/controller/volume/ephemeral/config/v1alpha1/defaults.go
[gosec] 2026/02/05 18:03:04 Checking file: /tmp/blitzy/blitzy-kubernetes/blitzy5f91179c1/pkg/controller/volume/ephemeral/config/v1alpha1/doc.go
[gosec] 2026/02/05 18:03:04 Checking file: /tmp/blitzy/blitzy-kubernetes/blitzy5f91179c1/pkg/controller/volume/ephemeral/config/v1alpha1/register.go
[gosec] 2026/02/05 18:03:04 Checking file: /tmp/blitzy/blitzy-kubernetes/blitzy5f91179c1/pkg/controller/volume/ephemeral/config/v1alpha1/zz_generated.conversion.go
[gosec] 2026/02/05 18:03:04 Checking file: /tmp/blitzy/blitzy-kubernetes/blitzy5f91179c1/pkg/controller/volume/ephemeral/config/v1alpha1/zz_generated.deepcopy.go
[gosec] 2026/02/05 18:03:04 Checking package: admission
[gosec] 2026/02/05 18:03:04 Checking file: /tmp/blitzy/blitzy-kubernetes/blitzy5f91179c1/pkg/kubeapiserver/admission/config.go
[gosec] 2026/02/05 18:03:04 Import directory: /tmp/blitzy/blitzy-kubernetes/blitzy5f91179c1/pkg/controller/podautoscaler/config/v1alpha1
[gosec] 2026/02/05 18:03:04 Checking file: /tmp/blitzy/blitzy-kubernetes/blitzy5f91179c1/pkg/kubeapiserver/admission/initializer.go
[gosec] 2026/02/05 18:03:04 Checking package: workload
[gosec] 2026/02/05 18:03:04 Checking file: /tmp/blitzy/blitzy-kubernetes/blitzy5f91179c1/pkg/registry/scheduling/workload/doc.go
[gosec] 2026/02/05 18:03:04 Checking file: /tmp/blitzy/blitzy-kubernetes/blitzy5f91179c1/pkg/registry/scheduling/workload/strategy.go
[gosec] 2026/02/05 18:03:04 Import directory: /tmp/blitzy/blitzy-kubernetes/blitzy5f91179c1/pkg/kubelet/cm/devicemanager/plugin/v1beta1
[gosec] 2026/02/05 18:03:04 Checking package: storage
[gosec] 2026/02/05 18:03:04 Checking file: /tmp/blitzy/blitzy-kubernetes/blitzy5f91179c1/pkg/registry/scheduling/priorityclass/storage/storage.go
[gosec] 2026/02/05 18:03:04 Import directory: /tmp/blitzy/blitzy-kubernetes/blitzy5f91179c1/pkg/kubelet/util/ioutils
[gosec] 2026/02/05 18:03:05 Checking package: events
[gosec] 2026/02/05 18:03:05 Checking file: /tmp/blitzy/blitzy-kubernetes/blitzy5f91179c1/pkg/apis/events/doc.go
[gosec] 2026/02/05 18:03:05 Import directory: /tmp/blitzy/blitzy-kubernetes/blitzy5f91179c1/pkg/api/v1/persistentvolume
[gosec] 2026/02/05 18:03:05 Checking file: /tmp/blitzy/blitzy-kubernetes/blitzy5f91179c1/pkg/apis/events/register.go
[gosec] 2026/02/05 18:03:05 Checking package: install
[gosec] 2026/02/05 18:03:05 Checking file: /tmp/blitzy/blitzy-kubernetes/blitzy5f91179c1/pkg/apis/admissionregistration/install/install.go
[gosec] 2026/02/05 18:03:05 Import directory: /tmp/blitzy/blitzy-kubernetes/blitzy5f91179c1/pkg/controller/bootstrap
[gosec] 2026/02/05 18:03:05 Checking package: apiserverinternal
[gosec] 2026/02/05 18:03:05 Checking file: /tmp/blitzy/blitzy-kubernetes/blitzy5f91179c1/pkg/apis/apiserverinternal/doc.go
[gosec] 2026/02/05 18:03:05 Checking file: /tmp/blitzy/blitzy-kubernetes/blitzy5f91179c1/pkg/apis/apiserverinternal/register.go
[gosec] 2026/02/05 18:03:05 Import directory: /tmp/blitzy/blitzy-kubernetes/blitzy5f91179c1/pkg/kubelet/apis/config/v1beta1
[gosec] 2026/02/05 18:03:05 Checking file: /tmp/blitzy/blitzy-kubernetes/blitzy5f91179c1/pkg/apis/apiserverinternal/types.go
[gosec] 2026/02/05 18:03:05 Checking file: /tmp/blitzy/blitzy-kubernetes/blitzy5f91179c1/pkg/apis/apiserverinternal/zz_generated.deepcopy.go
[gosec] 2026/02/05 18:03:06 Checking package: fuzzer
[gosec] 2026/02/05 18:03:06 Checking file: /tmp/blitzy/blitzy-kubernetes/blitzy5f91179c1/pkg/apis/certificates/fuzzer/fuzzer.go
[gosec] 2026/02/05 18:03:06 Import directory: /tmp/blitzy/blitzy-kubernetes/blitzy5f91179c1/pkg/registry/admissionregistration/mutatingadmissionpolicy
[gosec] 2026/02/05 18:03:06 Checking package: v1alpha1
[gosec] 2026/02/05 18:03:06 Checking file: /tmp/blitzy/blitzy-kubernetes/blitzy5f91179c1/pkg/controller/podautoscaler/config/v1alpha1/conversion.go
[gosec] 2026/02/05 18:03:06 Import directory: /tmp/blitzy/blitzy-kubernetes/blitzy5f91179c1/pkg/registry/admissionregistration/validatingadmissionpolicybinding
[gosec] 2026/02/05 18:03:06 Checking file: /tmp/blitzy/blitzy-kubernetes/blitzy5f91179c1/pkg/controller/podautoscaler/config/v1alpha1/defaults.go
[gosec] 2026/02/05 18:03:06 Checking file: /tmp/blitzy/blitzy-kubernetes/blitzy5f91179c1/pkg/controller/podautoscaler/config/v1alpha1/doc.go
[gosec] 2026/02/05 18:03:06 Checking file: /tmp/blitzy/blitzy-kubernetes/blitzy5f91179c1/pkg/controller/podautoscaler/config/v1alpha1/register.go
[gosec] 2026/02/05 18:03:06 Checking file: /tmp/blitzy/blitzy-kubernetes/blitzy5f91179c1/pkg/controller/podautoscaler/config/v1alpha1/zz_generated.conversion.go
[gosec] 2026/02/05 18:03:06 Checking file: /tmp/blitzy/blitzy-kubernetes/blitzy5f91179c1/pkg/controller/podautoscaler/config/v1alpha1/zz_generated.deepcopy.go
[gosec] 2026/02/05 18:03:06 Checking package: ioutils
[gosec] 2026/02/05 18:03:06 Checking file: /tmp/blitzy/blitzy-kubernetes/blitzy5f91179c1/pkg/kubelet/util/ioutils/ioutils.go
[gosec] 2026/02/05 18:03:06 Import directory: /tmp/blitzy/blitzy-kubernetes/blitzy5f91179c1/pkg/registry/core/pod
[gosec] 2026/02/05 18:03:06 Checking package: v1beta1
[gosec] 2026/02/05 18:03:06 Checking file: /tmp/blitzy/blitzy-kubernetes/blitzy5f91179c1/pkg/kubelet/cm/devicemanager/plugin/v1beta1/api.go
[gosec] 2026/02/05 18:03:06 Import directory: /tmp/blitzy/blitzy-kubernetes/blitzy5f91179c1/pkg/registry/rbac/role
[gosec] 2026/02/05 18:03:06 Checking file: /tmp/blitzy/blitzy-kubernetes/blitzy5f91179c1/pkg/kubelet/cm/devicemanager/plugin/v1beta1/client.go
[gosec] 2026/02/05 18:03:07 Checking file: /tmp/blitzy/blitzy-kubernetes/blitzy5f91179c1/pkg/kubelet/cm/devicemanager/plugin/v1beta1/handler.go
[gosec] 2026/02/05 18:03:07 Checking file: /tmp/blitzy/blitzy-kubernetes/blitzy5f91179c1/pkg/kubelet/cm/devicemanager/plugin/v1beta1/server.go
[gosec] 2026/02/05 18:03:07 Checking file: /tmp/blitzy/blitzy-kubernetes/blitzy5f91179c1/pkg/kubelet/cm/devicemanager/plugin/v1beta1/stub.go
[gosec] 2026/02/05 18:03:08 Checking package: ports
[gosec] 2026/02/05 18:03:08 Checking file: /tmp/blitzy/blitzy-kubernetes/blitzy5f91179c1/pkg/cluster/ports/doc.go
[gosec] 2026/02/05 18:03:08 Checking file: /tmp/blitzy/blitzy-kubernetes/blitzy5f91179c1/pkg/cluster/ports/ports.go
[gosec] 2026/02/05 18:03:08 Import directory: /tmp/blitzy/blitzy-kubernetes/blitzy5f91179c1/pkg/scheduler/framework/autoscaler_contract
[gosec] 2026/02/05 18:03:08 Checking package: persistentvolume
[gosec] 2026/02/05 18:03:08 Checking file: /tmp/blitzy/blitzy-kubernetes/blitzy5f91179c1/pkg/api/v1/persistentvolume/util.go
[gosec] 2026/02/05 18:03:08 Import directory: /tmp/blitzy/blitzy-kubernetes/blitzy5f91179c1/pkg/apis/extensions/v1beta1
[gosec] 2026/02/05 18:03:09 Checking package: bootstrap
[gosec] 2026/02/05 18:03:09 Checking file: /tmp/blitzy/blitzy-kubernetes/blitzy5f91179c1/pkg/controller/bootstrap/bootstrapsigner.go
[gosec] 2026/02/05 18:03:09 Import directory: /tmp/blitzy/blitzy-kubernetes/blitzy5f91179c1/pkg/controller/endpointslicemirroring/config
[gosec] 2026/02/05 18:03:09 Checking file: /tmp/blitzy/blitzy-kubernetes/blitzy5f91179c1/pkg/controller/bootstrap/doc.go
[gosec] 2026/02/05 18:03:09 Checking file: /tmp/blitzy/blitzy-kubernetes/blitzy5f91179c1/pkg/controller/bootstrap/tokencleaner.go
[gosec] 2026/02/05 18:03:10 Checking file: /tmp/blitzy/blitzy-kubernetes/blitzy5f91179c1/pkg/controller/bootstrap/util.go
[gosec] 2026/02/05 18:03:10 Checking package: v1beta1
[gosec] 2026/02/05 18:03:10 Checking file: /tmp/blitzy/blitzy-kubernetes/blitzy5f91179c1/pkg/kubelet/apis/config/v1beta1/conversion.go
[gosec] 2026/02/05 18:03:10 Import directory: /tmp/blitzy/blitzy-kubernetes/blitzy5f91179c1/pkg/controller/podautoscaler
[gosec] 2026/02/05 18:03:10 Checking file: /tmp/blitzy/blitzy-kubernetes/blitzy5f91179c1/pkg/kubelet/apis/config/v1beta1/defaults.go
[gosec] 2026/02/05 18:03:10 Checking file: /tmp/blitzy/blitzy-kubernetes/blitzy5f91179c1/pkg/kubelet/apis/config/v1beta1/doc.go
[gosec] 2026/02/05 18:03:10 Checking file: /tmp/blitzy/blitzy-kubernetes/blitzy5f91179c1/pkg/kubelet/apis/config/v1beta1/register.go
[gosec] 2026/02/05 18:03:10 Checking file: /tmp/blitzy/blitzy-kubernetes/blitzy5f91179c1/pkg/kubelet/apis/config/v1beta1/zz_generated.conversion.go
[gosec] 2026/02/05 18:03:18 Checking file: /tmp/blitzy/blitzy-kubernetes/blitzy5f91179c1/pkg/kubelet/apis/config/v1beta1/zz_generated.deepcopy.go
[gosec] 2026/02/05 18:03:18 Checking file: /tmp/blitzy/blitzy-kubernetes/blitzy5f91179c1/pkg/kubelet/apis/config/v1beta1/zz_generated.defaults.go
[gosec] 2026/02/05 18:03:18 Checking package: mutatingadmissionpolicy
[gosec] 2026/02/05 18:03:18 Checking file: /tmp/blitzy/blitzy-kubernetes/blitzy5f91179c1/pkg/registry/admissionregistration/mutatingadmissionpolicy/authz.go
[gosec] 2026/02/05 18:03:18 Import directory: /tmp/blitzy/blitzy-kubernetes/blitzy5f91179c1/pkg/registry
[gosec] 2026/02/05 18:03:19 Checking file: /tmp/blitzy/blitzy-kubernetes/blitzy5f91179c1/pkg/registry/admissionregistration/mutatingadmissionpolicy/doc.go
[gosec] 2026/02/05 18:03:19 Checking file: /tmp/blitzy/blitzy-kubernetes/blitzy5f91179c1/pkg/registry/admissionregistration/mutatingadmissionpolicy/strategy.go
[gosec] 2026/02/05 18:03:19 Checking package: role
[gosec] 2026/02/05 18:03:19 Checking file: /tmp/blitzy/blitzy-kubernetes/blitzy5f91179c1/pkg/registry/rbac/role/doc.go
[gosec] 2026/02/05 18:03:19 Checking file: /tmp/blitzy/blitzy-kubernetes/blitzy5f91179c1/pkg/registry/rbac/role/registry.go
[gosec] 2026/02/05 18:03:19 Import directory: /tmp/blitzy/blitzy-kubernetes/blitzy5f91179c1/pkg/registry/resource/resourceclaimtemplate/storage
[gosec] 2026/02/05 18:03:19 Checking file: /tmp/blitzy/blitzy-kubernetes/blitzy5f91179c1/pkg/registry/rbac/role/strategy.go
[gosec] 2026/02/05 18:03:19 Checking package: validatingadmissionpolicybinding
[gosec] 2026/02/05 18:03:19 Checking file: /tmp/blitzy/blitzy-kubernetes/blitzy5f91179c1/pkg/registry/admissionregistration/validatingadmissionpolicybinding/authz.go
[gosec] 2026/02/05 18:03:19 Import directory: /tmp/blitzy/blitzy-kubernetes/blitzy5f91179c1/pkg/volume/util/fsquota
[gosec] 2026/02/05 18:03:19 Checking file: /tmp/blitzy/blitzy-kubernetes/blitzy5f91179c1/pkg/registry/admissionregistration/validatingadmissionpolicybinding/doc.go
[gosec] 2026/02/05 18:03:19 Checking file: /tmp/blitzy/blitzy-kubernetes/blitzy5f91179c1/pkg/registry/admissionregistration/validatingadmissionpolicybinding/strategy.go
[gosec] 2026/02/05 18:03:20 Checking package: pod
[gosec] 2026/02/05 18:03:20 Checking file: /tmp/blitzy/blitzy-kubernetes/blitzy5f91179c1/pkg/registry/core/pod/doc.go
[gosec] 2026/02/05 18:03:20 Checking file: /tmp/blitzy/blitzy-kubernetes/blitzy5f91179c1/pkg/registry/core/pod/strategy.go
[gosec] 2026/02/05 18:03:20 Import directory: /tmp/blitzy/blitzy-kubernetes/blitzy5f91179c1/pkg/api/node
[gosec] 2026/02/05 18:03:22 Checking package: v1beta1
[gosec] 2026/02/05 18:03:22 Checking file: /tmp/blitzy/blitzy-kubernetes/blitzy5f91179c1/pkg/apis/extensions/v1beta1/conversion.go
[gosec] 2026/02/05 18:03:22 Import directory: /tmp/blitzy/blitzy-kubernetes/blitzy5f91179c1/pkg/apis/storage/validation
[gosec] 2026/02/05 18:03:22 Import directory: /tmp/blitzy/blitzy-kubernetes/blitzy5f91179c1/pkg/controller/volume/ephemeral/metrics
[gosec] 2026/02/05 18:03:23 Checking file: /tmp/blitzy/blitzy-kubernetes/blitzy5f91179c1/pkg/apis/extensions/v1beta1/defaults.go
[gosec] 2026/02/05 18:03:23 Checking file: /tmp/blitzy/blitzy-kubernetes/blitzy5f91179c1/pkg/apis/extensions/v1beta1/doc.go
[gosec] 2026/02/05 18:03:23 Checking file: /tmp/blitzy/blitzy-kubernetes/blitzy5f91179c1/pkg/apis/extensions/v1beta1/register.go
[gosec] 2026/02/05 18:03:23 Checking file: /tmp/blitzy/blitzy-kubernetes/blitzy5f91179c1/pkg/apis/extensions/v1beta1/zz_generated.conversion.go
[gosec] 2026/02/05 18:03:35 Checking file: /tmp/blitzy/blitzy-kubernetes/blitzy5f91179c1/pkg/apis/extensions/v1beta1/zz_generated.defaults.go
[gosec] 2026/02/05 18:03:38 Checking package: config
[gosec] 2026/02/05 18:03:38 Checking file: /tmp/blitzy/blitzy-kubernetes/blitzy5f91179c1/pkg/controller/endpointslicemirroring/config/doc.go
[gosec] 2026/02/05 18:03:38 Checking file: /tmp/blitzy/blitzy-kubernetes/blitzy5f91179c1/pkg/controller/endpointslicemirroring/config/types.go
[gosec] 2026/02/05 18:03:38 Import directory: /tmp/blitzy/blitzy-kubernetes/blitzy5f91179c1/pkg/kubelet/apis/config
[gosec] 2026/02/05 18:03:38 Checking file: /tmp/blitzy/blitzy-kubernetes/blitzy5f91179c1/pkg/controller/endpointslicemirroring/config/zz_generated.deepcopy.go
[gosec] 2026/02/05 18:03:38 Checking package: podautoscaler
[gosec] 2026/02/05 18:03:38 Checking file: /tmp/blitzy/blitzy-kubernetes/blitzy5f91179c1/pkg/controller/podautoscaler/doc.go
[gosec] 2026/02/05 18:03:38 Import directory: /tmp/blitzy/blitzy-kubernetes/blitzy5f91179c1/pkg/kubelet/cm/dra
[gosec] 2026/02/05 18:03:38 Checking file: /tmp/blitzy/blitzy-kubernetes/blitzy5f91179c1/pkg/controller/podautoscaler/horizontal.go
[gosec] 2026/02/05 18:03:41 Checking file: /tmp/blitzy/blitzy-kubernetes/blitzy5f91179c1/pkg/controller/podautoscaler/rate_limiters.go
[gosec] 2026/02/05 18:03:41 Checking file: /tmp/blitzy/blitzy-kubernetes/blitzy5f91179c1/pkg/controller/podautoscaler/replica_calculator.go
[gosec] 2026/02/05 18:03:42 Checking package: registry
[gosec] 2026/02/05 18:03:42 Checking file: /tmp/blitzy/blitzy-kubernetes/blitzy5f91179c1/pkg/registry/doc.go
[gosec] 2026/02/05 18:03:42 Checking package: fsquota
[gosec] 2026/02/05 18:03:42 Import directory: /tmp/blitzy/blitzy-kubernetes/blitzy5f91179c1/pkg/probe
[gosec] 2026/02/05 18:03:42 Import directory: /tmp/blitzy/blitzy-kubernetes/blitzy5f91179c1/pkg/scheduler/apis/config/scheme
[gosec] 2026/02/05 18:03:42 Checking file: /tmp/blitzy/blitzy-kubernetes/blitzy5f91179c1/pkg/volume/util/fsquota/project.go
[gosec] 2026/02/05 18:03:43 Checking file: /tmp/blitzy/blitzy-kubernetes/blitzy5f91179c1/pkg/volume/util/fsquota/quota.go
[gosec] 2026/02/05 18:03:43 Checking file: /tmp/blitzy/blitzy-kubernetes/blitzy5f91179c1/pkg/volume/util/fsquota/quota_linux.go
[gosec] 2026/02/05 18:03:44 Checking package: storage
[gosec] 2026/02/05 18:03:44 Checking file: /tmp/blitzy/blitzy-kubernetes/blitzy5f91179c1/pkg/registry/resource/resourceclaimtemplate/storage/storage.go
[gosec] 2026/02/05 18:03:44 Import directory: /tmp/blitzy/blitzy-kubernetes/blitzy5f91179c1/pkg/scheduler/util
[gosec] 2026/02/05 18:03:44 Checking package: node
[gosec] 2026/02/05 18:03:44 Checking file: /tmp/blitzy/blitzy-kubernetes/blitzy5f91179c1/pkg/api/node/util.go
[gosec] 2026/02/05 18:03:44 Import directory: /tmp/blitzy/blitzy-kubernetes/blitzy5f91179c1/pkg/api/service/testing
[gosec] 2026/02/05 18:03:44 Checking package: metrics
[gosec] 2026/02/05 18:03:44 Checking file: /tmp/blitzy/blitzy-kubernetes/blitzy5f91179c1/pkg/controller/volume/ephemeral/metrics/metrics.go
[gosec] 2026/02/05 18:03:44 Import directory: /tmp/blitzy/blitzy-kubernetes/blitzy5f91179c1/pkg/apis/scheduling/v1
[gosec] 2026/02/05 18:03:44 Checking package: validation
[gosec] 2026/02/05 18:03:44 Checking file: /tmp/blitzy/blitzy-kubernetes/blitzy5f91179c1/pkg/apis/storage/validation/validation.go
[gosec] 2026/02/05 18:03:44 Import directory: /tmp/blitzy/blitzy-kubernetes/blitzy5f91179c1/pkg/kubelet/prober/testing
[gosec] 2026/02/05 18:03:46 Checking package: config
[gosec] 2026/02/05 18:03:46 Checking file: /tmp/blitzy/blitzy-kubernetes/blitzy5f91179c1/pkg/kubelet/apis/config/doc.go
[gosec] 2026/02/05 18:03:46 Checking file: /tmp/blitzy/blitzy-kubernetes/blitzy5f91179c1/pkg/kubelet/apis/config/helpers.go
[gosec] 2026/02/05 18:03:46 Import directory: /tmp/blitzy/blitzy-kubernetes/blitzy5f91179c1/pkg/registry/admissionregistration/validatingadmissionpolicybinding/storage
[gosec] 2026/02/05 18:03:46 Checking file: /tmp/blitzy/blitzy-kubernetes/blitzy5f91179c1/pkg/kubelet/apis/config/register.go
[gosec] 2026/02/05 18:03:46 Checking file: /tmp/blitzy/blitzy-kubernetes/blitzy5f91179c1/pkg/kubelet/apis/config/types.go
[gosec] 2026/02/05 18:03:46 Checking file: /tmp/blitzy/blitzy-kubernetes/blitzy5f91179c1/pkg/kubelet/apis/config/zz_generated.deepcopy.go
[gosec] 2026/02/05 18:03:49 Checking package: dra
[gosec] 2026/02/05 18:03:49 Checking file: /tmp/blitzy/blitzy-kubernetes/blitzy5f91179c1/pkg/kubelet/cm/dra/claiminfo.go
[gosec] 2026/02/05 18:03:49 Import directory: /tmp/blitzy/blitzy-kubernetes/blitzy5f91179c1/pkg/registry/apps/replicaset/storage
[gosec] 2026/02/05 18:03:50 Checking file: /tmp/blitzy/blitzy-kubernetes/blitzy5f91179c1/pkg/kubelet/cm/dra/healthinfo.go
[gosec] 2026/02/05 18:03:51 Checking file: /tmp/blitzy/blitzy-kubernetes/blitzy5f91179c1/pkg/kubelet/cm/dra/manager.go
[gosec] 2026/02/05 18:03:53 Checking file: /tmp/blitzy/blitzy-kubernetes/blitzy5f91179c1/pkg/kubelet/cm/dra/types.go
[gosec] 2026/02/05 18:03:53 Checking file: /tmp/blitzy/blitzy-kubernetes/blitzy5f91179c1/pkg/kubelet/cm/dra/zz_generated.deepcopy.go
[gosec] 2026/02/05 18:03:53 Checking package: probe
[gosec] 2026/02/05 18:03:53 Checking file: /tmp/blitzy/blitzy-kubernetes/blitzy5f91179c1/pkg/probe/dialer_others.go
[gosec] 2026/02/05 18:03:53 Import directory: /tmp/blitzy/blitzy-kubernetes/blitzy5f91179c1/pkg/registry/core/node/rest
[gosec] 2026/02/05 18:03:53 Checking file: /tmp/blitzy/blitzy-kubernetes/blitzy5f91179c1/pkg/probe/doc.go
[gosec] 2026/02/05 18:03:53 Checking file: /tmp/blitzy/blitzy-kubernetes/blitzy5f91179c1/pkg/probe/probe.go
[gosec] 2026/02/05 18:03:53 Checking file: /tmp/blitzy/blitzy-kubernetes/blitzy5f91179c1/pkg/probe/util.go
[gosec] 2026/02/05 18:03:53 Checking package: scheme
[gosec] 2026/02/05 18:03:53 Checking file: /tmp/blitzy/blitzy-kubernetes/blitzy5f91179c1/pkg/scheduler/apis/config/scheme/scheme.go
[gosec] 2026/02/05 18:03:53 Import directory: /tmp/blitzy/blitzy-kubernetes/blitzy5f91179c1/pkg/registry/discovery/endpointslice/storage
[gosec] 2026/02/05 18:03:53 Checking package: testing
[gosec] 2026/02/05 18:03:53 Checking file: /tmp/blitzy/blitzy-kubernetes/blitzy5f91179c1/pkg/api/service/testing/make.go
[gosec] 2026/02/05 18:03:53 Import directory: /tmp/blitzy/blitzy-kubernetes/blitzy5f91179c1/pkg/registry/storage/csistoragecapacity
[gosec] 2026/02/05 18:03:54 Checking package: util
[gosec] 2026/02/05 18:03:54 Checking file: /tmp/blitzy/blitzy-kubernetes/blitzy5f91179c1/pkg/scheduler/util/pod_resources.go
[gosec] 2026/02/05 18:03:54 Import directory: /tmp/blitzy/blitzy-kubernetes/blitzy5f91179c1/pkg/apis/core
[gosec] 2026/02/05 18:03:54 Checking file: /tmp/blitzy/blitzy-kubernetes/blitzy5f91179c1/pkg/scheduler/util/utils.go
[gosec] 2026/02/05 18:03:55 Checking package: v1
[gosec] 2026/02/05 18:03:55 Checking file: /tmp/blitzy/blitzy-kubernetes/blitzy5f91179c1/pkg/apis/scheduling/v1/defaults.go
[gosec] 2026/02/05 18:03:55 Import directory: /tmp/blitzy/blitzy-kubernetes/blitzy5f91179c1/pkg/controller/job/config/v1alpha1
[gosec] 2026/02/05 18:03:55 Checking file: /tmp/blitzy/blitzy-kubernetes/blitzy5f91179c1/pkg/apis/scheduling/v1/doc.go
[gosec] 2026/02/05 18:03:55 Checking file: /tmp/blitzy/blitzy-kubernetes/blitzy5f91179c1/pkg/apis/scheduling/v1/helpers.go
[gosec] 2026/02/05 18:03:55 Checking file: /tmp/blitzy/blitzy-kubernetes/blitzy5f91179c1/pkg/apis/scheduling/v1/register.go
[gosec] 2026/02/05 18:03:55 Checking file: /tmp/blitzy/blitzy-kubernetes/blitzy5f91179c1/pkg/apis/scheduling/v1/zz_generated.conversion.go
[gosec] 2026/02/05 18:03:55 Checking file: /tmp/blitzy/blitzy-kubernetes/blitzy5f91179c1/pkg/apis/scheduling/v1/zz_generated.defaults.go
[gosec] 2026/02/05 18:03:55 Checking package: testing
[gosec] 2026/02/05 18:03:55 Checking file: /tmp/blitzy/blitzy-kubernetes/blitzy5f91179c1/pkg/kubelet/prober/testing/fake_manager.go
[gosec] 2026/02/05 18:03:55 Import directory: /tmp/blitzy/blitzy-kubernetes/blitzy5f91179c1/pkg/controller/volume/attachdetach/config/v1alpha1
[gosec] 2026/02/05 18:03:55 Checking package: storage
[gosec] 2026/02/05 18:03:55 Checking file: /tmp/blitzy/blitzy-kubernetes/blitzy5f91179c1/pkg/registry/admissionregistration/validatingadmissionpolicybinding/storage/storage.go
[gosec] 2026/02/05 18:03:55 Import directory: /tmp/blitzy/blitzy-kubernetes/blitzy5f91179c1/pkg/kubelet/cm/containermap
[gosec] 2026/02/05 18:03:56 Checking package: storage
[gosec] 2026/02/05 18:03:56 Checking file: /tmp/blitzy/blitzy-kubernetes/blitzy5f91179c1/pkg/registry/apps/replicaset/storage/storage.go
[gosec] 2026/02/05 18:03:56 Import directory: /tmp/blitzy/blitzy-kubernetes/blitzy5f91179c1/pkg/registry/admissionregistration/rest
[gosec] 2026/02/05 18:03:57 Checking package: csistoragecapacity
[gosec] 2026/02/05 18:03:57 Checking file: /tmp/blitzy/blitzy-kubernetes/blitzy5f91179c1/pkg/registry/storage/csistoragecapacity/doc.go
[gosec] 2026/02/05 18:03:57 Import directory: /tmp/blitzy/blitzy-kubernetes/blitzy5f91179c1/pkg/registry/admissionregistration/validatingwebhookconfiguration/storage
[gosec] 2026/02/05 18:03:57 Checking file: /tmp/blitzy/blitzy-kubernetes/blitzy5f91179c1/pkg/registry/storage/csistoragecapacity/strategy.go
[gosec] 2026/02/05 18:03:57 Checking package: node
[gosec] 2026/02/05 18:03:57 Checking file: /tmp/blitzy/blitzy-kubernetes/blitzy5f91179c1/pkg/registry/core/node/rest/proxy.go
[gosec] 2026/02/05 18:03:57 Import directory: /tmp/blitzy/blitzy-kubernetes/blitzy5f91179c1/pkg/registry/core/componentstatus
[gosec] 2026/02/05 18:03:57 Checking package: storage
[gosec] 2026/02/05 18:03:57 Checking file: /tmp/blitzy/blitzy-kubernetes/blitzy5f91179c1/pkg/registry/discovery/endpointslice/storage/storage.go
[gosec] 2026/02/05 18:03:57 Import directory: /tmp/blitzy/blitzy-kubernetes/blitzy5f91179c1/pkg/registry/core/service/portallocator
[gosec] 2026/02/05 18:03:57 Checking package: core
[gosec] 2026/02/05 18:03:57 Checking file: /tmp/blitzy/blitzy-kubernetes/blitzy5f91179c1/pkg/apis/core/annotation_key_constants.go
[gosec] 2026/02/05 18:03:57 Import directory: /tmp/blitzy/blitzy-kubernetes/blitzy5f91179c1/pkg/api/resourceclaimspec
[gosec] 2026/02/05 18:03:57 Checking file: /tmp/blitzy/blitzy-kubernetes/blitzy5f91179c1/pkg/apis/core/doc.go
[gosec] 2026/02/05 18:03:57 Checking file: /tmp/blitzy/blitzy-kubernetes/blitzy5f91179c1/pkg/apis/core/json.go
[gosec] 2026/02/05 18:03:57 Checking file: /tmp/blitzy/blitzy-kubernetes/blitzy5f91179c1/pkg/apis/core/objectreference.go
[gosec] 2026/02/05 18:03:57 Checking file: /tmp/blitzy/blitzy-kubernetes/blitzy5f91179c1/pkg/apis/core/register.go
[gosec] 2026/02/05 18:03:58 Checking file: /tmp/blitzy/blitzy-kubernetes/blitzy5f91179c1/pkg/apis/core/resource.go
[gosec] 2026/02/05 18:03:59 Checking file: /tmp/blitzy/blitzy-kubernetes/blitzy5f91179c1/pkg/apis/core/taint.go
[gosec] 2026/02/05 18:03:59 Checking file: /tmp/blitzy/blitzy-kubernetes/blitzy5f91179c1/pkg/apis/core/toleration.go
[gosec] 2026/02/05 18:03:59 Checking file: /tmp/blitzy/blitzy-kubernetes/blitzy5f91179c1/pkg/apis/core/types.go
[gosec] 2026/02/05 18:03:59 Checking file: /tmp/blitzy/blitzy-kubernetes/blitzy5f91179c1/pkg/apis/core/zz_generated.deepcopy.go
[gosec] 2026/02/05 18:04:33 Checking package: v1alpha1
[gosec] 2026/02/05 18:04:33 Checking file: /tmp/blitzy/blitzy-kubernetes/blitzy5f91179c1/pkg/controller/job/config/v1alpha1/conversion.go
[gosec] 2026/02/05 18:04:33 Import directory: /tmp/blitzy/blitzy-kubernetes/blitzy5f91179c1/pkg/controller/volume/vacprotection
[gosec] 2026/02/05 18:04:33 Checking file: /tmp/blitzy/blitzy-kubernetes/blitzy5f91179c1/pkg/controller/job/config/v1alpha1/defaults.go
[gosec] 2026/02/05 18:04:33 Checking file: /tmp/blitzy/blitzy-kubernetes/blitzy5f91179c1/pkg/controller/job/config/v1alpha1/doc.go
[gosec] 2026/02/05 18:04:33 Checking file: /tmp/blitzy/blitzy-kubernetes/blitzy5f91179c1/pkg/controller/job/config/v1alpha1/register.go
[gosec] 2026/02/05 18:04:33 Checking file: /tmp/blitzy/blitzy-kubernetes/blitzy5f91179c1/pkg/controller/job/config/v1alpha1/zz_generated.conversion.go
[gosec] 2026/02/05 18:04:33 Checking file: /tmp/blitzy/blitzy-kubernetes/blitzy5f91179c1/pkg/controller/job/config/v1alpha1/zz_generated.deepcopy.go
[gosec] 2026/02/05 18:04:33 Checking package: containermap
[gosec] 2026/02/05 18:04:33 Checking file: /tmp/blitzy/blitzy-kubernetes/blitzy5f91179c1/pkg/kubelet/cm/containermap/container_map.go
[gosec] 2026/02/05 18:04:33 Import directory: /tmp/blitzy/blitzy-kubernetes/blitzy5f91179c1/pkg/kubelet/allocation/state
[gosec] 2026/02/05 18:04:33 Checking package: v1alpha1
[gosec] 2026/02/05 18:04:33 Checking file: /tmp/blitzy/blitzy-kubernetes/blitzy5f91179c1/pkg/controller/volume/attachdetach/config/v1alpha1/conversion.go
[gosec] 2026/02/05 18:04:33 Import directory: /tmp/blitzy/blitzy-kubernetes/blitzy5f91179c1/pkg/kubelet/cm
[gosec] 2026/02/05 18:04:33 Checking file: /tmp/blitzy/blitzy-kubernetes/blitzy5f91179c1/pkg/controller/volume/attachdetach/config/v1alpha1/defaults.go
[gosec] 2026/02/05 18:04:33 Checking file: /tmp/blitzy/blitzy-kubernetes/blitzy5f91179c1/pkg/controller/volume/attachdetach/config/v1alpha1/doc.go
[gosec] 2026/02/05 18:04:33 Checking file: /tmp/blitzy/blitzy-kubernetes/blitzy5f91179c1/pkg/controller/volume/attachdetach/config/v1alpha1/register.go
[gosec] 2026/02/05 18:04:33 Checking file: /tmp/blitzy/blitzy-kubernetes/blitzy5f91179c1/pkg/controller/volume/attachdetach/config/v1alpha1/zz_generated.conversion.go
[gosec] 2026/02/05 18:04:34 Checking file: /tmp/blitzy/blitzy-kubernetes/blitzy5f91179c1/pkg/controller/volume/attachdetach/config/v1alpha1/zz_generated.deepcopy.go
[gosec] 2026/02/05 18:04:34 Checking package: rest
[gosec] 2026/02/05 18:04:34 Checking file: /tmp/blitzy/blitzy-kubernetes/blitzy5f91179c1/pkg/registry/admissionregistration/rest/storage_apiserver.go
[gosec] 2026/02/05 18:04:34 Import directory: /tmp/blitzy/blitzy-kubernetes/blitzy5f91179c1/pkg/kubelet/util/manager
[gosec] 2026/02/05 18:04:34 Checking package: portallocator
[gosec] 2026/02/05 18:04:34 Checking file: /tmp/blitzy/blitzy-kubernetes/blitzy5f91179c1/pkg/registry/core/service/portallocator/allocator.go
[gosec] 2026/02/05 18:04:34 Import directory: /tmp/blitzy/blitzy-kubernetes/blitzy5f91179c1/pkg/registry/batch/job/storage
[gosec] 2026/02/05 18:04:35 Checking file: /tmp/blitzy/blitzy-kubernetes/blitzy5f91179c1/pkg/registry/core/service/portallocator/metrics.go
[gosec] 2026/02/05 18:04:35 Checking file: /tmp/blitzy/blitzy-kubernetes/blitzy5f91179c1/pkg/registry/core/service/portallocator/operation.go
[gosec] 2026/02/05 18:04:35 Checking package: storage
[gosec] 2026/02/05 18:04:35 Checking file: /tmp/blitzy/blitzy-kubernetes/blitzy5f91179c1/pkg/registry/admissionregistration/validatingwebhookconfiguration/storage/storage.go
[gosec] 2026/02/05 18:04:35 Import directory: /tmp/blitzy/blitzy-kubernetes/blitzy5f91179c1/pkg/registry/storagemigration/rest
[gosec] 2026/02/05 18:04:36 Checking package: resourceclaimspec
[gosec] 2026/02/05 18:04:36 Checking file: /tmp/blitzy/blitzy-kubernetes/blitzy5f91179c1/pkg/api/resourceclaimspec/util.go
[gosec] 2026/02/05 18:04:36 Import directory: /tmp/blitzy/blitzy-kubernetes/blitzy5f91179c1/pkg/util/removeall
[gosec] 2026/02/05 18:04:36 Checking package: componentstatus
[gosec] 2026/02/05 18:04:36 Checking file: /tmp/blitzy/blitzy-kubernetes/blitzy5f91179c1/pkg/registry/core/componentstatus/doc.go
[gosec] 2026/02/05 18:04:36 Checking file: /tmp/blitzy/blitzy-kubernetes/blitzy5f91179c1/pkg/registry/core/componentstatus/rest.go
[gosec] 2026/02/05 18:04:36 Import directory: /tmp/blitzy/blitzy-kubernetes/blitzy5f91179c1/pkg/apis/admission/install
[gosec] 2026/02/05 18:04:37 Checking file: /tmp/blitzy/blitzy-kubernetes/blitzy5f91179c1/pkg/registry/core/componentstatus/validator.go
[gosec] 2026/02/05 18:04:37 Checking package: state
[gosec] 2026/02/05 18:04:37 Checking file: /tmp/blitzy/blitzy-kubernetes/blitzy5f91179c1/pkg/kubelet/allocation/state/checkpoint.go
[gosec] 2026/02/05 18:04:37 Import directory: /tmp/blitzy/blitzy-kubernetes/blitzy5f91179c1/pkg/controller/ttlafterfinished/config
[gosec] 2026/02/05 18:04:37 Checking file: /tmp/blitzy/blitzy-kubernetes/blitzy5f91179c1/pkg/kubelet/allocation/state/state.go
[gosec] 2026/02/05 18:04:37 Checking file: /tmp/blitzy/blitzy-kubernetes/blitzy5f91179c1/pkg/kubelet/allocation/state/state_checkpoint.go
[gosec] 2026/02/05 18:04:38 Checking file: /tmp/blitzy/blitzy-kubernetes/blitzy5f91179c1/pkg/kubelet/allocation/state/state_mem.go
[gosec] 2026/02/05 18:04:38 Checking package: vacprotection
[gosec] 2026/02/05 18:04:38 Checking file: /tmp/blitzy/blitzy-kubernetes/blitzy5f91179c1/pkg/controller/volume/vacprotection/vac_protection_controller.go
[gosec] 2026/02/05 18:04:38 Import directory: /tmp/blitzy/blitzy-kubernetes/blitzy5f91179c1/pkg/kubelet/checkpointmanager/checksum
[gosec] 2026/02/05 18:04:39 Checking package: manager
[gosec] 2026/02/05 18:04:39 Checking file: /tmp/blitzy/blitzy-kubernetes/blitzy5f91179c1/pkg/kubelet/util/manager/cache_based_manager.go
[gosec] 2026/02/05 18:04:39 Import directory: /tmp/blitzy/blitzy-kubernetes/blitzy5f91179c1/pkg/kubelet/cm/cpumanager/state/testing
[gosec] 2026/02/05 18:04:40 Checking file: /tmp/blitzy/blitzy-kubernetes/blitzy5f91179c1/pkg/kubelet/util/manager/manager.go
[gosec] 2026/02/05 18:04:40 Checking file: /tmp/blitzy/blitzy-kubernetes/blitzy5f91179c1/pkg/kubelet/util/manager/watch_based_manager.go
[gosec] 2026/02/05 18:04:40 Checking package: cm
[gosec] 2026/02/05 18:04:40 Checking file: /tmp/blitzy/blitzy-kubernetes/blitzy5f91179c1/pkg/kubelet/cm/cgroup_manager_linux.go
[gosec] 2026/02/05 18:04:40 Import directory: /tmp/blitzy/blitzy-kubernetes/blitzy5f91179c1/pkg/volume/emptydir
[gosec] 2026/02/05 18:04:42 Checking file: /tmp/blitzy/blitzy-kubernetes/blitzy5f91179c1/pkg/kubelet/cm/cgroup_v1_manager_linux.go
[gosec] 2026/02/05 18:04:42 Checking file: /tmp/blitzy/blitzy-kubernetes/blitzy5f91179c1/pkg/kubelet/cm/cgroup_v2_manager_linux.go
[gosec] 2026/02/05 18:04:43 Checking file: /tmp/blitzy/blitzy-kubernetes/blitzy5f91179c1/pkg/kubelet/cm/container_manager.go
[gosec] 2026/02/05 18:04:43 Checking file: /tmp/blitzy/blitzy-kubernetes/blitzy5f91179c1/pkg/kubelet/cm/container_manager_linux.go
[gosec] 2026/02/05 18:04:46 Checking file: /tmp/blitzy/blitzy-kubernetes/blitzy5f91179c1/pkg/kubelet/cm/container_manager_stub.go
[gosec] 2026/02/05 18:04:46 Checking file: /tmp/blitzy/blitzy-kubernetes/blitzy5f91179c1/pkg/kubelet/cm/doc.go
[gosec] 2026/02/05 18:04:46 Checking file: /tmp/blitzy/blitzy-kubernetes/blitzy5f91179c1/pkg/kubelet/cm/fake_container_manager.go
[gosec] 2026/02/05 18:04:47 Checking file: /tmp/blitzy/blitzy-kubernetes/blitzy5f91179c1/pkg/kubelet/cm/fake_internal_container_lifecycle.go
[gosec] 2026/02/05 18:04:47 Checking file: /tmp/blitzy/blitzy-kubernetes/blitzy5f91179c1/pkg/kubelet/cm/fake_pod_container_manager.go
[gosec] 2026/02/05 18:04:48 Checking file: /tmp/blitzy/blitzy-kubernetes/blitzy5f91179c1/pkg/kubelet/cm/helpers.go
[gosec] 2026/02/05 18:04:48 Checking file: /tmp/blitzy/blitzy-kubernetes/blitzy5f91179c1/pkg/kubelet/cm/helpers_linux.go
[gosec] 2026/02/05 18:04:49 Checking file: /tmp/blitzy/blitzy-kubernetes/blitzy5f91179c1/pkg/kubelet/cm/internal_container_lifecycle.go
[gosec] 2026/02/05 18:04:49 Checking file: /tmp/blitzy/blitzy-kubernetes/blitzy5f91179c1/pkg/kubelet/cm/internal_container_lifecycle_linux.go
[gosec] 2026/02/05 18:04:49 Checking file: /tmp/blitzy/blitzy-kubernetes/blitzy5f91179c1/pkg/kubelet/cm/node_container_manager_linux.go
[gosec] 2026/02/05 18:04:49 Checking file: /tmp/blitzy/blitzy-kubernetes/blitzy5f91179c1/pkg/kubelet/cm/pod_container_manager_linux.go
[gosec] 2026/02/05 18:04:50 Checking file: /tmp/blitzy/blitzy-kubernetes/blitzy5f91179c1/pkg/kubelet/cm/pod_container_manager_stub.go
[gosec] 2026/02/05 18:04:50 Checking file: /tmp/blitzy/blitzy-kubernetes/blitzy5f91179c1/pkg/kubelet/cm/qos_container_manager_linux.go
[gosec] 2026/02/05 18:04:51 Checking file: /tmp/blitzy/blitzy-kubernetes/blitzy5f91179c1/pkg/kubelet/cm/types.go
[gosec] 2026/02/05 18:04:51 Checking package: storage
[gosec] 2026/02/05 18:04:51 Checking file: /tmp/blitzy/blitzy-kubernetes/blitzy5f91179c1/pkg/registry/batch/job/storage/storage.go
[gosec] 2026/02/05 18:04:51 Import directory: /tmp/blitzy/blitzy-kubernetes/blitzy5f91179c1/pkg/volume/util/recyclerclient
[gosec] 2026/02/05 18:04:52 Checking package: removeall
[gosec] 2026/02/05 18:04:52 Checking file: /tmp/blitzy/blitzy-kubernetes/blitzy5f91179c1/pkg/util/removeall/removeall.go
[gosec] 2026/02/05 18:04:52 Import directory: /tmp/blitzy/blitzy-kubernetes/blitzy5f91179c1/pkg/apis/authentication/fuzzer
[gosec] 2026/02/05 18:04:52 Checking package: rest
[gosec] 2026/02/05 18:04:52 Checking file: /tmp/blitzy/blitzy-kubernetes/blitzy5f91179c1/pkg/registry/storagemigration/rest/storage_storagemigration.go
[gosec] 2026/02/05 18:04:52 Import directory: /tmp/blitzy/blitzy-kubernetes/blitzy5f91179c1/pkg/controller/apis/config/scheme
[gosec] 2026/02/05 18:04:52 Checking package: install
[gosec] 2026/02/05 18:04:52 Checking file: /tmp/blitzy/blitzy-kubernetes/blitzy5f91179c1/pkg/apis/admission/install/install.go
[gosec] 2026/02/05 18:04:52 Import directory: /tmp/blitzy/blitzy-kubernetes/blitzy5f91179c1/pkg/controller/daemon/config
[gosec] 2026/02/05 18:04:52 Checking package: config
[gosec] 2026/02/05 18:04:52 Checking file: /tmp/blitzy/blitzy-kubernetes/blitzy5f91179c1/pkg/controller/ttlafterfinished/config/doc.go
[gosec] 2026/02/05 18:04:52 Checking file: /tmp/blitzy/blitzy-kubernetes/blitzy5f91179c1/pkg/controller/ttlafterfinished/config/types.go
[gosec] 2026/02/05 18:04:52 Checking file: /tmp/blitzy/blitzy-kubernetes/blitzy5f91179c1/pkg/controller/ttlafterfinished/config/zz_generated.deepcopy.go
[gosec] 2026/02/05 18:04:52 Import directory: /tmp/blitzy/blitzy-kubernetes/blitzy5f91179c1/pkg/controller/devicetainteviction/config
[gosec] 2026/02/05 18:04:52 Checking package: checksum
[gosec] 2026/02/05 18:04:52 Checking file: /tmp/blitzy/blitzy-kubernetes/blitzy5f91179c1/pkg/kubelet/checkpointmanager/checksum/checksum.go
[gosec] 2026/02/05 18:04:52 Import directory: /tmp/blitzy/blitzy-kubernetes/blitzy5f91179c1/pkg/kubelet/checkpointmanager/testing
[gosec] 2026/02/05 18:04:52 Checking package: testing
[gosec] 2026/02/05 18:04:52 Checking file: /tmp/blitzy/blitzy-kubernetes/blitzy5f91179c1/pkg/kubelet/cm/cpumanager/state/testing/util.go
[gosec] 2026/02/05 18:04:52 Import directory: /tmp/blitzy/blitzy-kubernetes/blitzy5f91179c1/pkg/probe/exec
[gosec] 2026/02/05 18:04:52 Checking package: emptydir
[gosec] 2026/02/05 18:04:52 Checking file: /tmp/blitzy/blitzy-kubernetes/blitzy5f91179c1/pkg/volume/emptydir/doc.go
[gosec] 2026/02/05 18:04:52 Checking file: /tmp/blitzy/blitzy-kubernetes/blitzy5f91179c1/pkg/volume/emptydir/empty_dir.go
[gosec] 2026/02/05 18:04:52 Import directory: /tmp/blitzy/blitzy-kubernetes/blitzy5f91179c1/pkg/registry/flowcontrol/ensurer
[gosec] 2026/02/05 18:04:54 Checking file: /tmp/blitzy/blitzy-kubernetes/blitzy5f91179c1/pkg/volume/emptydir/empty_dir_linux.go
[gosec] 2026/02/05 18:04:54 Checking package: recyclerclient
[gosec] 2026/02/05 18:04:54 Checking file: /tmp/blitzy/blitzy-kubernetes/blitzy5f91179c1/pkg/volume/util/recyclerclient/recycler_client.go
[gosec] 2026/02/05 18:04:54 Import directory: /tmp/blitzy/blitzy-kubernetes/blitzy5f91179c1/pkg/registry/resource/deviceclass/storage
[gosec] 2026/02/05 18:04:55 Checking package: fuzzer
[gosec] 2026/02/05 18:04:55 Checking file: /tmp/blitzy/blitzy-kubernetes/blitzy5f91179c1/pkg/apis/authentication/fuzzer/fuzzer.go
[gosec] 2026/02/05 18:04:55 Import directory: /tmp/blitzy/blitzy-kubernetes/blitzy5f91179c1/pkg/apis/admissionregistration/v1beta1
[gosec] 2026/02/05 18:04:55 Checking package: config
[gosec] 2026/02/05 18:04:55 Checking file: /tmp/blitzy/blitzy-kubernetes/blitzy5f91179c1/pkg/controller/daemon/config/doc.go
[gosec] 2026/02/05 18:04:55 Checking file: /tmp/blitzy/blitzy-kubernetes/blitzy5f91179c1/pkg/controller/daemon/config/types.go
[gosec] 2026/02/05 18:04:55 Import directory: /tmp/blitzy/blitzy-kubernetes/blitzy5f91179c1/pkg/apis/authorization/install
[gosec] 2026/02/05 18:04:55 Checking file: /tmp/blitzy/blitzy-kubernetes/blitzy5f91179c1/pkg/controller/daemon/config/zz_generated.deepcopy.go
[gosec] 2026/02/05 18:04:55 Checking package: config
[gosec] 2026/02/05 18:04:55 Checking file: /tmp/blitzy/blitzy-kubernetes/blitzy5f91179c1/pkg/controller/devicetainteviction/config/doc.go
[gosec] 2026/02/05 18:04:55 Checking file: /tmp/blitzy/blitzy-kubernetes/blitzy5f91179c1/pkg/controller/devicetainteviction/config/types.go
[gosec] 2026/02/05 18:04:55 Import directory: /tmp/blitzy/blitzy-kubernetes/blitzy5f91179c1/pkg/kubelet/checkpointmanager
[gosec] 2026/02/05 18:04:55 Checking file: /tmp/blitzy/blitzy-kubernetes/blitzy5f91179c1/pkg/controller/devicetainteviction/config/zz_generated.deepcopy.go
[gosec] 2026/02/05 18:04:55 Checking package: scheme
[gosec] 2026/02/05 18:04:55 Checking file: /tmp/blitzy/blitzy-kubernetes/blitzy5f91179c1/pkg/controller/apis/config/scheme/scheme.go
[gosec] 2026/02/05 18:04:55 Checking package: testing
[gosec] 2026/02/05 18:04:55 Checking file: /tmp/blitzy/blitzy-kubernetes/blitzy5f91179c1/pkg/kubelet/checkpointmanager/testing/util.go
[gosec] 2026/02/05 18:04:55 Import directory: /tmp/blitzy/blitzy-kubernetes/blitzy5f91179c1/pkg/kubelet/podcertificate
[gosec] 2026/02/05 18:04:55 Import directory: /tmp/blitzy/blitzy-kubernetes/blitzy5f91179c1/pkg/volume/csi/nodeinfomanager
[gosec] 2026/02/05 18:04:55 Checking package: exec
[gosec] 2026/02/05 18:04:55 Checking file: /tmp/blitzy/blitzy-kubernetes/blitzy5f91179c1/pkg/probe/exec/exec.go
[gosec] 2026/02/05 18:04:55 Import directory: /tmp/blitzy/blitzy-kubernetes/blitzy5f91179c1/pkg/controller/devicetainteviction
[gosec] 2026/02/05 18:04:55 Checking package: ensurer
[gosec] 2026/02/05 18:04:55 Checking file: /tmp/blitzy/blitzy-kubernetes/blitzy5f91179c1/pkg/registry/flowcontrol/ensurer/flowschema.go
[gosec] 2026/02/05 18:04:55 Import directory: /tmp/blitzy/blitzy-kubernetes/blitzy5f91179c1/pkg/controller/validatingadmissionpolicystatus
[gosec] 2026/02/05 18:04:56 Checking file: /tmp/blitzy/blitzy-kubernetes/blitzy5f91179c1/pkg/registry/flowcontrol/ensurer/prioritylevelconfiguration.go
[gosec] 2026/02/05 18:04:56 Checking file: /tmp/blitzy/blitzy-kubernetes/blitzy5f91179c1/pkg/registry/flowcontrol/ensurer/strategy.go
[gosec] 2026/02/05 18:04:57 Checking package: storage
[gosec] 2026/02/05 18:04:57 Checking file: /tmp/blitzy/blitzy-kubernetes/blitzy5f91179c1/pkg/registry/resource/deviceclass/storage/storage.go
[gosec] 2026/02/05 18:04:57 Import directory: /tmp/blitzy/blitzy-kubernetes/blitzy5f91179c1/pkg/registry/discovery/endpointslice
[gosec] 2026/02/05 18:04:57 Checking package: install
[gosec] 2026/02/05 18:04:57 Checking file: /tmp/blitzy/blitzy-kubernetes/blitzy5f91179c1/pkg/apis/authorization/install/install.go
[gosec] 2026/02/05 18:04:57 Import directory: /tmp/blitzy/blitzy-kubernetes/blitzy5f91179c1/pkg/registry/registrytest
[gosec] 2026/02/05 18:04:57 Checking package: checkpointmanager
[gosec] 2026/02/05 18:04:57 Checking file: /tmp/blitzy/blitzy-kubernetes/blitzy5f91179c1/pkg/kubelet/checkpointmanager/checkpoint_manager.go
[gosec] 2026/02/05 18:04:57 Import directory: /tmp/blitzy/blitzy-kubernetes/blitzy5f91179c1/pkg/registry/storage/volumeattachment/storage
[gosec] 2026/02/05 18:04:57 Checking package: v1beta1
[gosec] 2026/02/05 18:04:57 Checking file: /tmp/blitzy/blitzy-kubernetes/blitzy5f91179c1/pkg/apis/admissionregistration/v1beta1/defaults.go
[gosec] 2026/02/05 18:04:57 Import directory: /tmp/blitzy/blitzy-kubernetes/blitzy5f91179c1/pkg/util/tail
[gosec] 2026/02/05 18:04:57 Checking file: /tmp/blitzy/blitzy-kubernetes/blitzy5f91179c1/pkg/apis/admissionregistration/v1beta1/doc.go
[gosec] 2026/02/05 18:04:57 Checking file: /tmp/blitzy/blitzy-kubernetes/blitzy5f91179c1/pkg/apis/admissionregistration/v1beta1/register.go
[gosec] 2026/02/05 18:04:57 Checking file: /tmp/blitzy/blitzy-kubernetes/blitzy5f91179c1/pkg/apis/admissionregistration/v1beta1/zz_generated.conversion.go
[gosec] 2026/02/05 18:05:06 Checking file: /tmp/blitzy/blitzy-kubernetes/blitzy5f91179c1/pkg/apis/admissionregistration/v1beta1/zz_generated.defaults.go
[gosec] 2026/02/05 18:05:08 Checking package: podcertificate
[gosec] 2026/02/05 18:05:08 Checking file: /tmp/blitzy/blitzy-kubernetes/blitzy5f91179c1/pkg/kubelet/podcertificate/podcertificatemanager.go
[gosec] 2026/02/05 18:05:08 Import directory: /tmp/blitzy/blitzy-kubernetes/blitzy5f91179c1/pkg/registry/rbac/rest
[gosec] 2026/02/05 18:05:10 Checking package: nodeinfomanager
[gosec] 2026/02/05 18:05:10 Checking file: /tmp/blitzy/blitzy-kubernetes/blitzy5f91179c1/pkg/volume/csi/nodeinfomanager/nodeinfomanager.go
[gosec] 2026/02/05 18:05:10 Import directory: /tmp/blitzy/blitzy-kubernetes/blitzy5f91179c1/pkg/util/flag
[gosec] 2026/02/05 18:05:11 Checking package: devicetainteviction
[gosec] 2026/02/05 18:05:11 Checking file: /tmp/blitzy/blitzy-kubernetes/blitzy5f91179c1/pkg/controller/devicetainteviction/device_taint_eviction.go
[gosec] 2026/02/05 18:05:11 Import directory: /tmp/blitzy/blitzy-kubernetes/blitzy5f91179c1/pkg/apis/batch/validation
[gosec] 2026/02/05 18:05:15 Checking file: /tmp/blitzy/blitzy-kubernetes/blitzy5f91179c1/pkg/controller/devicetainteviction/doc.go
[gosec] 2026/02/05 18:05:15 Checking file: /tmp/blitzy/blitzy-kubernetes/blitzy5f91179c1/pkg/controller/devicetainteviction/nopqueue.go
[gosec] 2026/02/05 18:05:15 Checking package: validatingadmissionpolicystatus
[gosec] 2026/02/05 18:05:15 Checking file: /tmp/blitzy/blitzy-kubernetes/blitzy5f91179c1/pkg/controller/validatingadmissionpolicystatus/controller.go
[gosec] 2026/02/05 18:05:15 Import directory: /tmp/blitzy/blitzy-kubernetes/blitzy5f91179c1/pkg/apis/rbac/fuzzer
[gosec] 2026/02/05 18:05:15 Checking package: tail
[gosec] 2026/02/05 18:05:15 Checking file: /tmp/blitzy/blitzy-kubernetes/blitzy5f91179c1/pkg/util/tail/tail.go
[gosec] 2026/02/05 18:05:15 Import directory: /tmp/blitzy/blitzy-kubernetes/blitzy5f91179c1/pkg/controller/volume/events
[gosec] 2026/02/05 18:05:15 Checking package: endpointslice
[gosec] 2026/02/05 18:05:15 Checking file: /tmp/blitzy/blitzy-kubernetes/blitzy5f91179c1/pkg/registry/discovery/endpointslice/doc.go
[gosec] 2026/02/05 18:05:15 Import directory: /tmp/blitzy/blitzy-kubernetes/blitzy5f91179c1/pkg/controlplane/apiserver/samples
[gosec] 2026/02/05 18:05:15 Checking file: /tmp/blitzy/blitzy-kubernetes/blitzy5f91179c1/pkg/registry/discovery/endpointslice/strategy.go
[gosec] 2026/02/05 18:05:16 Checking package: storage
[gosec] 2026/02/05 18:05:16 Checking file: /tmp/blitzy/blitzy-kubernetes/blitzy5f91179c1/pkg/registry/storage/volumeattachment/storage/storage.go
[gosec] 2026/02/05 18:05:16 Import directory: /tmp/blitzy/blitzy-kubernetes/blitzy5f91179c1/pkg/kubelet/eviction/api
[gosec] 2026/02/05 18:05:16 Checking package: registrytest
[gosec] 2026/02/05 18:05:16 Checking file: /tmp/blitzy/blitzy-kubernetes/blitzy5f91179c1/pkg/registry/registrytest/categoriesProvider.go
[gosec] 2026/02/05 18:05:16 Import directory: /tmp/blitzy/blitzy-kubernetes/blitzy5f91179c1/pkg/kubelet/types
[gosec] 2026/02/05 18:05:16 Checking file: /tmp/blitzy/blitzy-kubernetes/blitzy5f91179c1/pkg/registry/registrytest/doc.go
[gosec] 2026/02/05 18:05:16 Checking file: /tmp/blitzy/blitzy-kubernetes/blitzy5f91179c1/pkg/registry/registrytest/endpoint.go
[gosec] 2026/02/05 18:05:17 Checking file: /tmp/blitzy/blitzy-kubernetes/blitzy5f91179c1/pkg/registry/registrytest/etcd.go
[gosec] 2026/02/05 18:05:17 Checking file: /tmp/blitzy/blitzy-kubernetes/blitzy5f91179c1/pkg/registry/registrytest/node.go
[gosec] 2026/02/05 18:05:17 Checking file: /tmp/blitzy/blitzy-kubernetes/blitzy5f91179c1/pkg/registry/registrytest/service.go
[gosec] 2026/02/05 18:05:17 Checking file: /tmp/blitzy/blitzy-kubernetes/blitzy5f91179c1/pkg/registry/registrytest/shortNamesProvider.go
[gosec] 2026/02/05 18:05:17 Checking file: /tmp/blitzy/blitzy-kubernetes/blitzy5f91179c1/pkg/registry/registrytest/validate.go
[gosec] 2026/02/05 18:05:17 Checking package: rest
[gosec] 2026/02/05 18:05:17 Checking file: /tmp/blitzy/blitzy-kubernetes/blitzy5f91179c1/pkg/registry/rbac/rest/storage_rbac.go
[gosec] 2026/02/05 18:05:17 Import directory: /tmp/blitzy/blitzy-kubernetes/blitzy5f91179c1/pkg/proxy/ipvs
[gosec] 2026/02/05 18:05:18 Checking package: flag
[gosec] 2026/02/05 18:05:18 Checking file: /tmp/blitzy/blitzy-kubernetes/blitzy5f91179c1/pkg/util/flag/flags.go
[gosec] 2026/02/05 18:05:18 Import directory: /tmp/blitzy/blitzy-kubernetes/blitzy5f91179c1/pkg/registry/apps/replicaset
[gosec] 2026/02/05 18:05:19 Checking package: validation
[gosec] 2026/02/05 18:05:19 Checking file: /tmp/blitzy/blitzy-kubernetes/blitzy5f91179c1/pkg/apis/batch/validation/validation.go
[gosec] 2026/02/05 18:05:19 Import directory: /tmp/blitzy/blitzy-kubernetes/blitzy5f91179c1/pkg/api/v1/resource
[gosec] 2026/02/05 18:05:21 Checking package: fuzzer
[gosec] 2026/02/05 18:05:21 Checking file: /tmp/blitzy/blitzy-kubernetes/blitzy5f91179c1/pkg/apis/rbac/fuzzer/fuzzer.go
[gosec] 2026/02/05 18:05:21 Import directory: /tmp/blitzy/blitzy-kubernetes/blitzy5f91179c1/pkg/controller/storageversionmigrator
[gosec] 2026/02/05 18:05:21 Checking package: events
[gosec] 2026/02/05 18:05:21 Checking file: /tmp/blitzy/blitzy-kubernetes/blitzy5f91179c1/pkg/controller/volume/events/event.go
[gosec] 2026/02/05 18:05:21 Import directory: /tmp/blitzy/blitzy-kubernetes/blitzy5f91179c1/pkg/controlplane/controller/defaultservicecidr
[gosec] 2026/02/05 18:05:21 Checking package: samples
[gosec] 2026/02/05 18:05:21 Checking file: /tmp/blitzy/blitzy-kubernetes/blitzy5f91179c1/pkg/controlplane/apiserver/samples/doc.go
[gosec] 2026/02/05 18:05:21 Checking package: api
[gosec] 2026/02/05 18:05:21 Checking file: /tmp/blitzy/blitzy-kubernetes/blitzy5f91179c1/pkg/kubelet/eviction/api/types.go
[gosec] 2026/02/05 18:05:21 Import directory: /tmp/blitzy/blitzy-kubernetes/blitzy5f91179c1/pkg/registry/core/event
[gosec] 2026/02/05 18:05:21 Import directory: /tmp/blitzy/blitzy-kubernetes/blitzy5f91179c1/pkg/kubelet
[gosec] 2026/02/05 18:05:22 Checking package: types
[gosec] 2026/02/05 18:05:22 Checking file: /tmp/blitzy/blitzy-kubernetes/blitzy5f91179c1/pkg/kubelet/types/constants.go
[gosec] 2026/02/05 18:05:22 Import directory: /tmp/blitzy/blitzy-kubernetes/blitzy5f91179c1/pkg/registry/core/podtemplate
[gosec] 2026/02/05 18:05:22 Checking file: /tmp/blitzy/blitzy-kubernetes/blitzy5f91179c1/pkg/kubelet/types/doc.go
[gosec] 2026/02/05 18:05:22 Checking file: /tmp/blitzy/blitzy-kubernetes/blitzy5f91179c1/pkg/kubelet/types/pod_status.go
[gosec] 2026/02/05 18:05:22 Checking file: /tmp/blitzy/blitzy-kubernetes/blitzy5f91179c1/pkg/kubelet/types/pod_update.go
[gosec] 2026/02/05 18:05:22 Checking file: /tmp/blitzy/blitzy-kubernetes/blitzy5f91179c1/pkg/kubelet/types/types.go
[gosec] 2026/02/05 18:05:23 Checking package: ipvs
[gosec] 2026/02/05 18:05:23 Checking file: /tmp/blitzy/blitzy-kubernetes/blitzy5f91179c1/pkg/proxy/ipvs/graceful_termination.go
[gosec] 2026/02/05 18:05:23 Import directory: /tmp/blitzy/blitzy-kubernetes/blitzy5f91179c1/pkg/registry/core/service
[gosec] 2026/02/05 18:05:23 Checking file: /tmp/blitzy/blitzy-kubernetes/blitzy5f91179c1/pkg/proxy/ipvs/ipset.go
[gosec] 2026/02/05 18:05:24 Checking file: /tmp/blitzy/blitzy-kubernetes/blitzy5f91179c1/pkg/proxy/ipvs/netlink.go
[gosec] 2026/02/05 18:05:24 Checking file: /tmp/blitzy/blitzy-kubernetes/blitzy5f91179c1/pkg/proxy/ipvs/netlink_linux.go
[gosec] 2026/02/05 18:05:24 Checking file: /tmp/blitzy/blitzy-kubernetes/blitzy5f91179c1/pkg/proxy/ipvs/proxier.go
[gosec] 2026/02/05 18:05:27 Checking package: replicaset
[gosec] 2026/02/05 18:05:27 Checking file: /tmp/blitzy/blitzy-kubernetes/blitzy5f91179c1/pkg/registry/apps/replicaset/doc.go
[gosec] 2026/02/05 18:05:27 Checking file: /tmp/blitzy/blitzy-kubernetes/blitzy5f91179c1/pkg/registry/apps/replicaset/strategy.go
[gosec] 2026/02/05 18:05:27 Import directory: /tmp/blitzy/blitzy-kubernetes/blitzy5f91179c1/pkg/registry/node/rest
[gosec] 2026/02/05 18:05:27 Checking package: resource
[gosec] 2026/02/05 18:05:27 Checking file: /tmp/blitzy/blitzy-kubernetes/blitzy5f91179c1/pkg/api/v1/resource/helpers.go
[gosec] 2026/02/05 18:05:27 Import directory: /tmp/blitzy/blitzy-kubernetes/blitzy5f91179c1/pkg/apis/authorization
[gosec] 2026/02/05 18:05:28 Checking package: podtemplate
[gosec] 2026/02/05 18:05:28 Checking file: /tmp/blitzy/blitzy-kubernetes/blitzy5f91179c1/pkg/registry/core/podtemplate/doc.go
[gosec] 2026/02/05 18:05:28 Checking file: /tmp/blitzy/blitzy-kubernetes/blitzy5f91179c1/pkg/registry/core/podtemplate/strategy.go
[gosec] 2026/02/05 18:05:28 Import directory: /tmp/blitzy/blitzy-kubernetes/blitzy5f91179c1/pkg/apis/networking/fuzzer
[gosec] 2026/02/05 18:05:28 Checking package: storageversionmigrator
[gosec] 2026/02/05 18:05:28 Checking file: /tmp/blitzy/blitzy-kubernetes/blitzy5f91179c1/pkg/controller/storageversionmigrator/resourceversion.go
[gosec] 2026/02/05 18:05:28 Import directory: /tmp/blitzy/blitzy-kubernetes/blitzy5f91179c1/pkg/apis/node/v1
[gosec] 2026/02/05 18:05:29 Checking file: /tmp/blitzy/blitzy-kubernetes/blitzy5f91179c1/pkg/controller/storageversionmigrator/storageversionmigrator.go
[gosec] 2026/02/05 18:05:30 Checking file: /tmp/blitzy/blitzy-kubernetes/blitzy5f91179c1/pkg/controller/storageversionmigrator/util.go
[gosec] 2026/02/05 18:05:30 Checking package: defaultservicecidr
[gosec] 2026/02/05 18:05:30 Checking file: /tmp/blitzy/blitzy-kubernetes/blitzy5f91179c1/pkg/controlplane/controller/defaultservicecidr/default_servicecidr_controller.go
[gosec] 2026/02/05 18:05:30 Import directory: /tmp/blitzy/blitzy-kubernetes/blitzy5f91179c1/pkg/certauthorization
[gosec] 2026/02/05 18:05:30 Checking package: event
[gosec] 2026/02/05 18:05:30 Checking file: /tmp/blitzy/blitzy-kubernetes/blitzy5f91179c1/pkg/registry/core/event/doc.go
[gosec] 2026/02/05 18:05:30 Checking file: /tmp/blitzy/blitzy-kubernetes/blitzy5f91179c1/pkg/registry/core/event/strategy.go
[gosec] 2026/02/05 18:05:30 Import directory: /tmp/blitzy/blitzy-kubernetes/blitzy5f91179c1/pkg/kubelet/clustertrustbundle
[gosec] 2026/02/05 18:05:30 Checking package: service
[gosec] 2026/02/05 18:05:30 Checking file: /tmp/blitzy/blitzy-kubernetes/blitzy5f91179c1/pkg/registry/core/service/doc.go
[gosec] 2026/02/05 18:05:30 Checking file: /tmp/blitzy/blitzy-kubernetes/blitzy5f91179c1/pkg/registry/core/service/proxy.go
[gosec] 2026/02/05 18:05:30 Import directory: /tmp/blitzy/blitzy-kubernetes/blitzy5f91179c1/pkg/kubelet/kubeletconfig/configfiles
[gosec] 2026/02/05 18:05:31 Checking file: /tmp/blitzy/blitzy-kubernetes/blitzy5f91179c1/pkg/registry/core/service/strategy.go
[gosec] 2026/02/05 18:05:32 Checking package: kubelet
[gosec] 2026/02/05 18:05:32 Checking file: /tmp/blitzy/blitzy-kubernetes/blitzy5f91179c1/pkg/kubelet/active_deadline.go
[gosec] 2026/02/05 18:05:32 Import directory: /tmp/blitzy/blitzy-kubernetes/blitzy5f91179c1/pkg/kubelet/stats
[gosec] 2026/02/05 18:05:32 Checking file: /tmp/blitzy/blitzy-kubernetes/blitzy5f91179c1/pkg/kubelet/doc.go
[gosec] 2026/02/05 18:05:32 Checking file: /tmp/blitzy/blitzy-kubernetes/blitzy5f91179c1/pkg/kubelet/errors.go
[gosec] 2026/02/05 18:05:32 Checking file: /tmp/blitzy/blitzy-kubernetes/blitzy5f91179c1/pkg/kubelet/kubelet.go
[gosec] 2026/02/05 18:05:36 Checking file: /tmp/blitzy/blitzy-kubernetes/blitzy5f91179c1/pkg/kubelet/kubelet_getters.go
[gosec] 2026/02/05 18:05:37 Checking file: /tmp/blitzy/blitzy-kubernetes/blitzy5f91179c1/pkg/kubelet/kubelet_linux.go
[gosec] 2026/02/05 18:05:37 Checking file: /tmp/blitzy/blitzy-kubernetes/blitzy5f91179c1/pkg/kubelet/kubelet_network.go
[gosec] 2026/02/05 18:05:37 Checking file: /tmp/blitzy/blitzy-kubernetes/blitzy5f91179c1/pkg/kubelet/kubelet_network_linux.go
[gosec] 2026/02/05 18:05:37 Checking file: /tmp/blitzy/blitzy-kubernetes/blitzy5f91179c1/pkg/kubelet/kubelet_node_declared_features.go
[gosec] 2026/02/05 18:05:37 Checking file: /tmp/blitzy/blitzy-kubernetes/blitzy5f91179c1/pkg/kubelet/kubelet_node_status.go
[gosec] 2026/02/05 18:05:39 Checking file: /tmp/blitzy/blitzy-kubernetes/blitzy5f91179c1/pkg/kubelet/kubelet_node_status_others.go
[gosec] 2026/02/05 18:05:39 Checking file: /tmp/blitzy/blitzy-kubernetes/blitzy5f91179c1/pkg/kubelet/kubelet_nodecache.go
[gosec] 2026/02/05 18:05:39 Checking file: /tmp/blitzy/blitzy-kubernetes/blitzy5f91179c1/pkg/kubelet/kubelet_pods.go
[gosec] 2026/02/05 18:05:46 Checking file: /tmp/blitzy/blitzy-kubernetes/blitzy5f91179c1/pkg/kubelet/kubelet_resources.go
[gosec] 2026/02/05 18:05:46 Checking file: /tmp/blitzy/blitzy-kubernetes/blitzy5f91179c1/pkg/kubelet/kubelet_server_journal.go
[gosec] 2026/02/05 18:05:46 Checking file: /tmp/blitzy/blitzy-kubernetes/blitzy5f91179c1/pkg/kubelet/kubelet_server_journal_linux.go
[gosec] 2026/02/05 18:05:46 Checking file: /tmp/blitzy/blitzy-kubernetes/blitzy5f91179c1/pkg/kubelet/kubelet_volumes.go
[gosec] 2026/02/05 18:05:47 Checking file: /tmp/blitzy/blitzy-kubernetes/blitzy5f91179c1/pkg/kubelet/pod_container_deletor.go
[gosec] 2026/02/05 18:05:47 Checking file: /tmp/blitzy/blitzy-kubernetes/blitzy5f91179c1/pkg/kubelet/pod_workers.go
[gosec] 2026/02/05 18:05:50 Checking file: /tmp/blitzy/blitzy-kubernetes/blitzy5f91179c1/pkg/kubelet/reason_cache.go
[gosec] 2026/02/05 18:05:50 Checking file: /tmp/blitzy/blitzy-kubernetes/blitzy5f91179c1/pkg/kubelet/runtime.go
[gosec] 2026/02/05 18:05:50 Checking file: /tmp/blitzy/blitzy-kubernetes/blitzy5f91179c1/pkg/kubelet/volume_host.go
[gosec] 2026/02/05 18:05:51 Checking package: authorization
[gosec] 2026/02/05 18:05:51 Checking file: /tmp/blitzy/blitzy-kubernetes/blitzy5f91179c1/pkg/apis/authorization/doc.go
[gosec] 2026/02/05 18:05:51 Import directory: /tmp/blitzy/blitzy-kubernetes/blitzy5f91179c1/pkg/kubelet/volumemanager/cache
[gosec] 2026/02/05 18:05:51 Checking file: /tmp/blitzy/blitzy-kubernetes/blitzy5f91179c1/pkg/apis/authorization/register.go
[gosec] 2026/02/05 18:05:51 Checking file: /tmp/blitzy/blitzy-kubernetes/blitzy5f91179c1/pkg/apis/authorization/types.go
[gosec] 2026/02/05 18:05:51 Checking file: /tmp/blitzy/blitzy-kubernetes/blitzy5f91179c1/pkg/apis/authorization/zz_generated.deepcopy.go
[gosec] 2026/02/05 18:05:53 Checking package: rest
[gosec] 2026/02/05 18:05:53 Checking file: /tmp/blitzy/blitzy-kubernetes/blitzy5f91179c1/pkg/registry/node/rest/runtime_class.go
[gosec] 2026/02/05 18:05:53 Import directory: /tmp/blitzy/blitzy-kubernetes/blitzy5f91179c1/pkg/apis/discovery/fuzzer
[gosec] 2026/02/05 18:05:53 Checking package: fuzzer
[gosec] 2026/02/05 18:05:53 Checking file: /tmp/blitzy/blitzy-kubernetes/blitzy5f91179c1/pkg/apis/networking/fuzzer/fuzzer.go
[gosec] 2026/02/05 18:05:53 Import directory: /tmp/blitzy/blitzy-kubernetes/blitzy5f91179c1/pkg/apis/abac
[gosec] 2026/02/05 18:05:53 Checking package: v1
[gosec] 2026/02/05 18:05:53 Checking file: /tmp/blitzy/blitzy-kubernetes/blitzy5f91179c1/pkg/apis/node/v1/doc.go
[gosec] 2026/02/05 18:05:53 Checking file: /tmp/blitzy/blitzy-kubernetes/blitzy5f91179c1/pkg/apis/node/v1/register.go
[gosec] 2026/02/05 18:05:53 Import directory: /tmp/blitzy/blitzy-kubernetes/blitzy5f91179c1/pkg/apis/coordination/install
[gosec] 2026/02/05 18:05:53 Checking file: /tmp/blitzy/blitzy-kubernetes/blitzy5f91179c1/pkg/apis/node/v1/zz_generated.conversion.go
[gosec] 2026/02/05 18:05:54 Checking package: certauthorization
[gosec] 2026/02/05 18:05:54 Checking file: /tmp/blitzy/blitzy-kubernetes/blitzy5f91179c1/pkg/certauthorization/certauthorization.go
[gosec] 2026/02/05 18:05:54 Import directory: /tmp/blitzy/blitzy-kubernetes/blitzy5f91179c1/pkg/apis/events/v1beta1
[gosec] 2026/02/05 18:05:54 Checking package: clustertrustbundle
[gosec] 2026/02/05 18:05:54 Checking file: /tmp/blitzy/blitzy-kubernetes/blitzy5f91179c1/pkg/kubelet/clustertrustbundle/clustertrustbundle_manager.go
[gosec] 2026/02/05 18:05:54 Import directory: /tmp/blitzy/blitzy-kubernetes/blitzy5f91179c1/pkg/apis/resource/fuzzer
[gosec] 2026/02/05 18:05:55 Checking package: configfiles
[gosec] 2026/02/05 18:05:55 Checking file: /tmp/blitzy/blitzy-kubernetes/blitzy5f91179c1/pkg/kubelet/kubeletconfig/configfiles/configfiles.go
[gosec] 2026/02/05 18:05:55 Import directory: /tmp/blitzy/blitzy-kubernetes/blitzy5f91179c1/pkg/controller/podautoscaler/config
[gosec] 2026/02/05 18:05:55 Checking package: stats
[gosec] 2026/02/05 18:05:55 Checking file: /tmp/blitzy/blitzy-kubernetes/blitzy5f91179c1/pkg/kubelet/stats/cadvisor_stats_provider.go
[gosec] 2026/02/05 18:05:55 Import directory: /tmp/blitzy/blitzy-kubernetes/blitzy5f91179c1/pkg/controller/volume/persistentvolume/testing
[gosec] 2026/02/05 18:05:57 Checking file: /tmp/blitzy/blitzy-kubernetes/blitzy5f91179c1/pkg/kubelet/stats/cri_stats_provider.go
[gosec] 2026/02/05 18:06:00 Checking file: /tmp/blitzy/blitzy-kubernetes/blitzy5f91179c1/pkg/kubelet/stats/cri_stats_provider_linux.go
[gosec] 2026/02/05 18:06:01 Checking file: /tmp/blitzy/blitzy-kubernetes/blitzy5f91179c1/pkg/kubelet/stats/helper.go
[gosec] 2026/02/05 18:06:03 Checking file: /tmp/blitzy/blitzy-kubernetes/blitzy5f91179c1/pkg/kubelet/stats/host_stats_provider.go
[gosec] 2026/02/05 18:06:03 Checking file: /tmp/blitzy/blitzy-kubernetes/blitzy5f91179c1/pkg/kubelet/stats/host_stats_provider_fake.go
[gosec] 2026/02/05 18:06:03 Checking file: /tmp/blitzy/blitzy-kubernetes/blitzy5f91179c1/pkg/kubelet/stats/provider.go
[gosec] 2026/02/05 18:06:04 Checking package: cache
[gosec] 2026/02/05 18:06:04 Checking file: /tmp/blitzy/blitzy-kubernetes/blitzy5f91179c1/pkg/kubelet/volumemanager/cache/actual_state_of_world.go
[gosec] 2026/02/05 18:06:04 Import directory: /tmp/blitzy/blitzy-kubernetes/blitzy5f91179c1/pkg/printers/internalversion
[gosec] 2026/02/05 18:06:07 Checking file: /tmp/blitzy/blitzy-kubernetes/blitzy5f91179c1/pkg/kubelet/volumemanager/cache/desired_state_of_wold_selinux_metrics.go
[gosec] 2026/02/05 18:06:07 Checking file: /tmp/blitzy/blitzy-kubernetes/blitzy5f91179c1/pkg/kubelet/volumemanager/cache/desired_state_of_world.go
[gosec] 2026/02/05 18:06:08 Checking package: fuzzer
[gosec] 2026/02/05 18:06:08 Checking file: /tmp/blitzy/blitzy-kubernetes/blitzy5f91179c1/pkg/apis/discovery/fuzzer/fuzzer.go
[gosec] 2026/02/05 18:06:08 Import directory: /tmp/blitzy/blitzy-kubernetes/blitzy5f91179c1/pkg/apis/certificates/install
[gosec] 2026/02/05 18:06:08 Checking package: abac
[gosec] 2026/02/05 18:06:08 Checking file: /tmp/blitzy/blitzy-kubernetes/blitzy5f91179c1/pkg/apis/abac/doc.go
[gosec] 2026/02/05 18:06:08 Checking file: /tmp/blitzy/blitzy-kubernetes/blitzy5f91179c1/pkg/apis/abac/register.go
[gosec] 2026/02/05 18:06:08 Import directory: /tmp/blitzy/blitzy-kubernetes/blitzy5f91179c1/pkg/apis/flowcontrol/fuzzer
[gosec] 2026/02/05 18:06:08 Checking file: /tmp/blitzy/blitzy-kubernetes/blitzy5f91179c1/pkg/apis/abac/types.go
[gosec] 2026/02/05 18:06:08 Checking file: /tmp/blitzy/blitzy-kubernetes/blitzy5f91179c1/pkg/apis/abac/zz_generated.deepcopy.go
[gosec] 2026/02/05 18:06:08 Checking package: install
[gosec] 2026/02/05 18:06:08 Checking file: /tmp/blitzy/blitzy-kubernetes/blitzy5f91179c1/pkg/apis/coordination/install/install.go
[gosec] 2026/02/05 18:06:08 Import directory: /tmp/blitzy/blitzy-kubernetes/blitzy5f91179c1/pkg/apis/imagepolicy/install
[gosec] 2026/02/05 18:06:08 Checking package: v1beta1
[gosec] 2026/02/05 18:06:08 Checking file: /tmp/blitzy/blitzy-kubernetes/blitzy5f91179c1/pkg/apis/events/v1beta1/conversion.go
[gosec] 2026/02/05 18:06:08 Import directory: /tmp/blitzy/blitzy-kubernetes/blitzy5f91179c1/pkg/controller/deployment/config
[gosec] 2026/02/05 18:06:08 Checking file: /tmp/blitzy/blitzy-kubernetes/blitzy5f91179c1/pkg/apis/events/v1beta1/doc.go
[gosec] 2026/02/05 18:06:08 Checking file: /tmp/blitzy/blitzy-kubernetes/blitzy5f91179c1/pkg/apis/events/v1beta1/register.go
[gosec] 2026/02/05 18:06:08 Checking file: /tmp/blitzy/blitzy-kubernetes/blitzy5f91179c1/pkg/apis/events/v1beta1/zz_generated.conversion.go
[gosec] 2026/02/05 18:06:09 Checking file: /tmp/blitzy/blitzy-kubernetes/blitzy5f91179c1/pkg/apis/events/v1beta1/zz_generated.defaults.go
[gosec] 2026/02/05 18:06:09 Checking package: fuzzer
[gosec] 2026/02/05 18:06:09 Checking file: /tmp/blitzy/blitzy-kubernetes/blitzy5f91179c1/pkg/apis/resource/fuzzer/fuzzer.go
[gosec] 2026/02/05 18:06:09 Import directory: /tmp/blitzy/blitzy-kubernetes/blitzy5f91179c1/pkg/kubemark
[gosec] 2026/02/05 18:06:09 Checking package: config
[gosec] 2026/02/05 18:06:09 Checking file: /tmp/blitzy/blitzy-kubernetes/blitzy5f91179c1/pkg/controller/podautoscaler/config/doc.go
[gosec] 2026/02/05 18:06:09 Checking file: /tmp/blitzy/blitzy-kubernetes/blitzy5f91179c1/pkg/controller/podautoscaler/config/types.go
[gosec] 2026/02/05 18:06:09 Checking file: /tmp/blitzy/blitzy-kubernetes/blitzy5f91179c1/pkg/controller/podautoscaler/config/zz_generated.deepcopy.go
[gosec] 2026/02/05 18:06:09 Import directory: /tmp/blitzy/blitzy-kubernetes/blitzy5f91179c1/pkg/scheduler/framework/plugins
[gosec] 2026/02/05 18:06:09 Checking package: testing
[gosec] 2026/02/05 18:06:09 Checking file: /tmp/blitzy/blitzy-kubernetes/blitzy5f91179c1/pkg/controller/volume/persistentvolume/testing/testing.go
[gosec] 2026/02/05 18:06:09 Import directory: /tmp/blitzy/blitzy-kubernetes/blitzy5f91179c1/pkg/scheduler/testing
[gosec] 2026/02/05 18:06:10 Checking package: internalversion
[gosec] 2026/02/05 18:06:10 Checking file: /tmp/blitzy/blitzy-kubernetes/blitzy5f91179c1/pkg/printers/internalversion/import_known_versions.go
[gosec] 2026/02/05 18:06:10 Checking file: /tmp/blitzy/blitzy-kubernetes/blitzy5f91179c1/pkg/printers/internalversion/printers.go
[gosec] 2026/02/05 18:06:10 Import directory: /tmp/blitzy/blitzy-kubernetes/blitzy5f91179c1/pkg/controller/disruption
[gosec] 2026/02/05 18:06:18 Checking package: install
[gosec] 2026/02/05 18:06:18 Checking file: /tmp/blitzy/blitzy-kubernetes/blitzy5f91179c1/pkg/apis/certificates/install/install.go
[gosec] 2026/02/05 18:06:18 Import directory: /tmp/blitzy/blitzy-kubernetes/blitzy5f91179c1/pkg/registry/coordination/leasecandidate/storage
[gosec] 2026/02/05 18:06:18 Checking package: fuzzer
[gosec] 2026/02/05 18:06:18 Checking file: /tmp/blitzy/blitzy-kubernetes/blitzy5f91179c1/pkg/apis/flowcontrol/fuzzer/fuzzer.go
[gosec] 2026/02/05 18:06:18 Import directory: /tmp/blitzy/blitzy-kubernetes/blitzy5f91179c1/pkg/registry/resource/rest
[gosec] 2026/02/05 18:06:18 Checking package: config
[gosec] 2026/02/05 18:06:18 Checking file: /tmp/blitzy/blitzy-kubernetes/blitzy5f91179c1/pkg/controller/deployment/config/doc.go
[gosec] 2026/02/05 18:06:18 Import directory: /tmp/blitzy/blitzy-kubernetes/blitzy5f91179c1/pkg/scheduler/framework/plugins/volumezone
[gosec] 2026/02/05 18:06:18 Checking file: /tmp/blitzy/blitzy-kubernetes/blitzy5f91179c1/pkg/controller/deployment/config/types.go
[gosec] 2026/02/05 18:06:18 Checking file: /tmp/blitzy/blitzy-kubernetes/blitzy5f91179c1/pkg/controller/deployment/config/zz_generated.deepcopy.go
[gosec] 2026/02/05 18:06:18 Checking package: install
[gosec] 2026/02/05 18:06:18 Checking file: /tmp/blitzy/blitzy-kubernetes/blitzy5f91179c1/pkg/apis/imagepolicy/install/install.go
[gosec] 2026/02/05 18:06:18 Import directory: /tmp/blitzy/blitzy-kubernetes/blitzy5f91179c1/pkg/api/legacyscheme
[gosec] 2026/02/05 18:06:18 Checking package: testing
[gosec] 2026/02/05 18:06:18 Checking file: /tmp/blitzy/blitzy-kubernetes/blitzy5f91179c1/pkg/scheduler/testing/workload_prep.go
[gosec] 2026/02/05 18:06:18 Import directory: /tmp/blitzy/blitzy-kubernetes/blitzy5f91179c1/pkg/apis/apiserverinternal/v1alpha1
[gosec] 2026/02/05 18:06:18 Checking file: /tmp/blitzy/blitzy-kubernetes/blitzy5f91179c1/pkg/scheduler/testing/wrappers.go
[gosec] 2026/02/05 18:06:23 Checking package: plugins
[gosec] 2026/02/05 18:06:23 Checking file: /tmp/blitzy/blitzy-kubernetes/blitzy5f91179c1/pkg/scheduler/framework/plugins/registry.go
[gosec] 2026/02/05 18:06:23 Import directory: /tmp/blitzy/blitzy-kubernetes/blitzy5f91179c1/pkg/apis/certificates/v1beta1
[gosec] 2026/02/05 18:06:23 Checking package: kubemark
[gosec] 2026/02/05 18:06:23 Checking file: /tmp/blitzy/blitzy-kubernetes/blitzy5f91179c1/pkg/kubemark/controller.go
[gosec] 2026/02/05 18:06:23 Import directory: /tmp/blitzy/blitzy-kubernetes/blitzy5f91179c1/pkg/apis/flowcontrol/v1beta2
[gosec] 2026/02/05 18:06:24 Checking file: /tmp/blitzy/blitzy-kubernetes/blitzy5f91179c1/pkg/kubemark/hollow_kubelet.go
[gosec] 2026/02/05 18:06:24 Checking package: disruption
[gosec] 2026/02/05 18:06:24 Checking file: /tmp/blitzy/blitzy-kubernetes/blitzy5f91179c1/pkg/controller/disruption/disruption.go
[gosec] 2026/02/05 18:06:24 Import directory: /tmp/blitzy/blitzy-kubernetes/blitzy5f91179c1/pkg/controller/deployment/config/v1alpha1
[gosec] 2026/02/05 18:06:27 Checking package: v1alpha1
[gosec] 2026/02/05 18:06:27 Checking file: /tmp/blitzy/blitzy-kubernetes/blitzy5f91179c1/pkg/apis/apiserverinternal/v1alpha1/doc.go
[gosec] 2026/02/05 18:06:27 Checking file: /tmp/blitzy/blitzy-kubernetes/blitzy5f91179c1/pkg/apis/apiserverinternal/v1alpha1/register.go
[gosec] 2026/02/05 18:06:27 Import directory: /tmp/blitzy/blitzy-kubernetes/blitzy5f91179c1/pkg/kubelet/cm/devicemanager
[gosec] 2026/02/05 18:06:27 Checking file: /tmp/blitzy/blitzy-kubernetes/blitzy5f91179c1/pkg/apis/apiserverinternal/v1alpha1/zz_generated.conversion.go
[gosec] 2026/02/05 18:06:28 Checking file: /tmp/blitzy/blitzy-kubernetes/blitzy5f91179c1/pkg/apis/apiserverinternal/v1alpha1/zz_generated.defaults.go
[gosec] 2026/02/05 18:06:28 Checking package: legacyscheme
[gosec] 2026/02/05 18:06:28 Checking file: /tmp/blitzy/blitzy-kubernetes/blitzy5f91179c1/pkg/api/legacyscheme/scheme.go
[gosec] 2026/02/05 18:06:28 Import directory: /tmp/blitzy/blitzy-kubernetes/blitzy5f91179c1/pkg/kubelet/metrics/collectors
[gosec] 2026/02/05 18:06:28 Checking package: volumezone
[gosec] 2026/02/05 18:06:28 Checking file: /tmp/blitzy/blitzy-kubernetes/blitzy5f91179c1/pkg/scheduler/framework/plugins/volumezone/volume_zone.go
[gosec] 2026/02/05 18:06:28 Import directory: /tmp/blitzy/blitzy-kubernetes/blitzy5f91179c1/pkg/registry/storage/rest
[gosec] 2026/02/05 18:06:29 Checking package: storage
[gosec] 2026/02/05 18:06:29 Checking file: /tmp/blitzy/blitzy-kubernetes/blitzy5f91179c1/pkg/registry/coordination/leasecandidate/storage/storage.go
[gosec] 2026/02/05 18:06:29 Import directory: /tmp/blitzy/blitzy-kubernetes/blitzy5f91179c1/pkg/controller/volume/protectionutil
[gosec] 2026/02/05 18:06:29 Checking package: rest
[gosec] 2026/02/05 18:06:29 Checking file: /tmp/blitzy/blitzy-kubernetes/blitzy5f91179c1/pkg/registry/resource/rest/storage_resource.go
[gosec] 2026/02/05 18:06:29 Import directory: /tmp/blitzy/blitzy-kubernetes/blitzy5f91179c1/pkg/controlplane/controller/legacytokentracking
[gosec] 2026/02/05 18:06:30 Checking package: v1beta2
[gosec] 2026/02/05 18:06:30 Checking file: /tmp/blitzy/blitzy-kubernetes/blitzy5f91179c1/pkg/apis/flowcontrol/v1beta2/conversion.go
[gosec] 2026/02/05 18:06:30 Import directory: /tmp/blitzy/blitzy-kubernetes/blitzy5f91179c1/pkg/kubelet/server/stats
[gosec] 2026/02/05 18:06:30 Checking file: /tmp/blitzy/blitzy-kubernetes/blitzy5f91179c1/pkg/apis/flowcontrol/v1beta2/defaults.go
[gosec] 2026/02/05 18:06:30 Checking file: /tmp/blitzy/blitzy-kubernetes/blitzy5f91179c1/pkg/apis/flowcontrol/v1beta2/doc.go
[gosec] 2026/02/05 18:06:30 Checking file: /tmp/blitzy/blitzy-kubernetes/blitzy5f91179c1/pkg/apis/flowcontrol/v1beta2/register.go
[gosec] 2026/02/05 18:06:30 Checking file: /tmp/blitzy/blitzy-kubernetes/blitzy5f91179c1/pkg/apis/flowcontrol/v1beta2/zz_generated.conversion.go
[gosec] 2026/02/05 18:06:35 Checking file: /tmp/blitzy/blitzy-kubernetes/blitzy5f91179c1/pkg/apis/flowcontrol/v1beta2/zz_generated.defaults.go
[gosec] 2026/02/05 18:06:35 Checking package: v1beta1
[gosec] 2026/02/05 18:06:35 Checking file: /tmp/blitzy/blitzy-kubernetes/blitzy5f91179c1/pkg/apis/certificates/v1beta1/conversion.go
[gosec] 2026/02/05 18:06:35 Import directory: /tmp/blitzy/blitzy-kubernetes/blitzy5f91179c1/pkg/registry/coordination/leasecandidate
[gosec] 2026/02/05 18:06:35 Checking file: /tmp/blitzy/blitzy-kubernetes/blitzy5f91179c1/pkg/apis/certificates/v1beta1/defaults.go
[gosec] 2026/02/05 18:06:35 Checking file: /tmp/blitzy/blitzy-kubernetes/blitzy5f91179c1/pkg/apis/certificates/v1beta1/doc.go
[gosec] 2026/02/05 18:06:35 Checking file: /tmp/blitzy/blitzy-kubernetes/blitzy5f91179c1/pkg/apis/certificates/v1beta1/helpers.go
[gosec] 2026/02/05 18:06:35 Checking file: /tmp/blitzy/blitzy-kubernetes/blitzy5f91179c1/pkg/apis/certificates/v1beta1/register.go
[gosec] 2026/02/05 18:06:35 Checking file: /tmp/blitzy/blitzy-kubernetes/blitzy5f91179c1/pkg/apis/certificates/v1beta1/zz_generated.conversion.go
[gosec] 2026/02/05 18:06:38 Checking file: /tmp/blitzy/blitzy-kubernetes/blitzy5f91179c1/pkg/apis/certificates/v1beta1/zz_generated.defaults.go
[gosec] 2026/02/05 18:06:38 Checking file: /tmp/blitzy/blitzy-kubernetes/blitzy5f91179c1/pkg/apis/certificates/v1beta1/zz_generated.validations.go
[gosec] 2026/02/05 18:06:39 Checking package: v1alpha1
[gosec] 2026/02/05 18:06:39 Checking file: /tmp/blitzy/blitzy-kubernetes/blitzy5f91179c1/pkg/controller/deployment/config/v1alpha1/conversion.go
[gosec] 2026/02/05 18:06:39 Import directory: /tmp/blitzy/blitzy-kubernetes/blitzy5f91179c1/pkg/scheduler/framework/plugins/volumebinding
[gosec] 2026/02/05 18:06:39 Checking file: /tmp/blitzy/blitzy-kubernetes/blitzy5f91179c1/pkg/controller/deployment/config/v1alpha1/defaults.go
[gosec] 2026/02/05 18:06:39 Checking file: /tmp/blitzy/blitzy-kubernetes/blitzy5f91179c1/pkg/controller/deployment/config/v1alpha1/doc.go
[gosec] 2026/02/05 18:06:39 Checking file: /tmp/blitzy/blitzy-kubernetes/blitzy5f91179c1/pkg/controller/deployment/config/v1alpha1/register.go
[gosec] 2026/02/05 18:06:39 Checking file: /tmp/blitzy/blitzy-kubernetes/blitzy5f91179c1/pkg/controller/deployment/config/v1alpha1/zz_generated.conversion.go
[gosec] 2026/02/05 18:06:39 Checking file: /tmp/blitzy/blitzy-kubernetes/blitzy5f91179c1/pkg/controller/deployment/config/v1alpha1/zz_generated.deepcopy.go
[gosec] 2026/02/05 18:06:39 Checking package: devicemanager
[gosec] 2026/02/05 18:06:39 Checking file: /tmp/blitzy/blitzy-kubernetes/blitzy5f91179c1/pkg/kubelet/cm/devicemanager/endpoint.go
[gosec] 2026/02/05 18:06:39 Import directory: /tmp/blitzy/blitzy-kubernetes/blitzy5f91179c1/pkg/util/env
[gosec] 2026/02/05 18:06:39 Checking file: /tmp/blitzy/blitzy-kubernetes/blitzy5f91179c1/pkg/kubelet/cm/devicemanager/manager.go
[gosec] 2026/02/05 18:06:42 Checking file: /tmp/blitzy/blitzy-kubernetes/blitzy5f91179c1/pkg/kubelet/cm/devicemanager/pod_devices.go
[gosec] 2026/02/05 18:06:43 Checking file: /tmp/blitzy/blitzy-kubernetes/blitzy5f91179c1/pkg/kubelet/cm/devicemanager/topology_hints.go
[gosec] 2026/02/05 18:06:44 Checking file: /tmp/blitzy/blitzy-kubernetes/blitzy5f91179c1/pkg/kubelet/cm/devicemanager/types.go
[gosec] 2026/02/05 18:06:44 Checking package: collectors
[gosec] 2026/02/05 18:06:44 Checking file: /tmp/blitzy/blitzy-kubernetes/blitzy5f91179c1/pkg/kubelet/metrics/collectors/cri_metrics.go
[gosec] 2026/02/05 18:06:44 Import directory: /tmp/blitzy/blitzy-kubernetes/blitzy5f91179c1/pkg/apis/certificates/v1
[gosec] 2026/02/05 18:06:44 Checking file: /tmp/blitzy/blitzy-kubernetes/blitzy5f91179c1/pkg/kubelet/metrics/collectors/log_metrics.go
[gosec] 2026/02/05 18:06:44 Checking file: /tmp/blitzy/blitzy-kubernetes/blitzy5f91179c1/pkg/kubelet/metrics/collectors/podcertificate_metrics.go
[gosec] 2026/02/05 18:06:44 Checking file: /tmp/blitzy/blitzy-kubernetes/blitzy5f91179c1/pkg/kubelet/metrics/collectors/resource_metrics.go
[gosec] 2026/02/05 18:06:45 Checking file: /tmp/blitzy/blitzy-kubernetes/blitzy5f91179c1/pkg/kubelet/metrics/collectors/volume_stats.go
[gosec] 2026/02/05 18:06:45 Checking package: rest
[gosec] 2026/02/05 18:06:45 Checking file: /tmp/blitzy/blitzy-kubernetes/blitzy5f91179c1/pkg/registry/storage/rest/storage_storage.go
[gosec] 2026/02/05 18:06:45 Import directory: /tmp/blitzy/blitzy-kubernetes/blitzy5f91179c1/pkg/apis/discovery/v1beta1
[gosec] 2026/02/05 18:06:45 Checking package: protectionutil
[gosec] 2026/02/05 18:06:45 Checking file: /tmp/blitzy/blitzy-kubernetes/blitzy5f91179c1/pkg/controller/volume/protectionutil/utils.go
[gosec] 2026/02/05 18:06:45 Import directory: /tmp/blitzy/blitzy-kubernetes/blitzy5f91179c1/pkg/probe/tcp
[gosec] 2026/02/05 18:06:45 Checking file: /tmp/blitzy/blitzy-kubernetes/blitzy5f91179c1/pkg/controller/volume/protectionutil/wrappers.go
[gosec] 2026/02/05 18:06:46 Checking package: legacytokentracking
[gosec] 2026/02/05 18:06:46 Checking file: /tmp/blitzy/blitzy-kubernetes/blitzy5f91179c1/pkg/controlplane/controller/legacytokentracking/controller.go
[gosec] 2026/02/05 18:06:46 Import directory: /tmp/blitzy/blitzy-kubernetes/blitzy5f91179c1/pkg/registry/rbac/clusterrole/storage
[gosec] 2026/02/05 18:06:46 Checking package: stats
[gosec] 2026/02/05 18:06:46 Checking file: /tmp/blitzy/blitzy-kubernetes/blitzy5f91179c1/pkg/kubelet/server/stats/doc.go
[gosec] 2026/02/05 18:06:46 Checking file: /tmp/blitzy/blitzy-kubernetes/blitzy5f91179c1/pkg/kubelet/server/stats/fs_resource_analyzer.go
[gosec] 2026/02/05 18:06:46 Import directory: /tmp/blitzy/blitzy-kubernetes/blitzy5f91179c1/pkg/registry/storagemigration/storagemigration/storage
[gosec] 2026/02/05 18:06:46 Checking file: /tmp/blitzy/blitzy-kubernetes/blitzy5f91179c1/pkg/kubelet/server/stats/handler.go
[gosec] 2026/02/05 18:06:46 Checking file: /tmp/blitzy/blitzy-kubernetes/blitzy5f91179c1/pkg/kubelet/server/stats/resource_analyzer.go
[gosec] 2026/02/05 18:06:46 Checking file: /tmp/blitzy/blitzy-kubernetes/blitzy5f91179c1/pkg/kubelet/server/stats/summary.go
[gosec] 2026/02/05 18:06:47 Checking file: /tmp/blitzy/blitzy-kubernetes/blitzy5f91179c1/pkg/kubelet/server/stats/summary_sys_containers.go
[gosec] 2026/02/05 18:06:47 Checking file: /tmp/blitzy/blitzy-kubernetes/blitzy5f91179c1/pkg/kubelet/server/stats/volume_stat_calculator.go
[gosec] 2026/02/05 18:06:47 Checking package: leasecandidate
[gosec] 2026/02/05 18:06:47 Checking file: /tmp/blitzy/blitzy-kubernetes/blitzy5f91179c1/pkg/registry/coordination/leasecandidate/doc.go
[gosec] 2026/02/05 18:06:47 Import directory: /tmp/blitzy/blitzy-kubernetes/blitzy5f91179c1/pkg/apis/abac/latest
[gosec] 2026/02/05 18:06:47 Checking file: /tmp/blitzy/blitzy-kubernetes/blitzy5f91179c1/pkg/registry/coordination/leasecandidate/strategy.go
[gosec] 2026/02/05 18:06:48 Checking package: env
[gosec] 2026/02/05 18:06:48 Checking file: /tmp/blitzy/blitzy-kubernetes/blitzy5f91179c1/pkg/util/env/env.go
[gosec] 2026/02/05 18:06:48 Import directory: /tmp/blitzy/blitzy-kubernetes/blitzy5f91179c1/pkg/kubeapiserver/options
[gosec] 2026/02/05 18:06:48 Checking package: volumebinding
[gosec] 2026/02/05 18:06:48 Checking file: /tmp/blitzy/blitzy-kubernetes/blitzy5f91179c1/pkg/scheduler/framework/plugins/volumebinding/assume_cache.go
[gosec] 2026/02/05 18:06:48 Import directory: /tmp/blitzy/blitzy-kubernetes/blitzy5f91179c1/pkg/registry/admissionregistration/validatingadmissionpolicy/storage
[gosec] 2026/02/05 18:06:48 Checking file: /tmp/blitzy/blitzy-kubernetes/blitzy5f91179c1/pkg/scheduler/framework/plugins/volumebinding/binder.go
[gosec] 2026/02/05 18:06:51 Checking file: /tmp/blitzy/blitzy-kubernetes/blitzy5f91179c1/pkg/scheduler/framework/plugins/volumebinding/fake_binder.go
[gosec] 2026/02/05 18:06:51 Checking file: /tmp/blitzy/blitzy-kubernetes/blitzy5f91179c1/pkg/scheduler/framework/plugins/volumebinding/passive_assume_cache.go
[gosec] 2026/02/05 18:06:51 Checking file: /tmp/blitzy/blitzy-kubernetes/blitzy5f91179c1/pkg/scheduler/framework/plugins/volumebinding/scorer.go
[gosec] 2026/02/05 18:06:51 Checking file: /tmp/blitzy/blitzy-kubernetes/blitzy5f91179c1/pkg/scheduler/framework/plugins/volumebinding/test_utils.go
[gosec] 2026/02/05 18:06:52 Checking file: /tmp/blitzy/blitzy-kubernetes/blitzy5f91179c1/pkg/scheduler/framework/plugins/volumebinding/volume_binding.go
[gosec] 2026/02/05 18:06:53 Checking package: v1
[gosec] 2026/02/05 18:06:53 Checking file: /tmp/blitzy/blitzy-kubernetes/blitzy5f91179c1/pkg/apis/certificates/v1/conversion.go
[gosec] 2026/02/05 18:06:53 Import directory: /tmp/blitzy/blitzy-kubernetes/blitzy5f91179c1/pkg/registry/autoscaling/horizontalpodautoscaler/storage
[gosec] 2026/02/05 18:06:54 Checking file: /tmp/blitzy/blitzy-kubernetes/blitzy5f91179c1/pkg/apis/certificates/v1/defaults.go
[gosec] 2026/02/05 18:06:54 Checking file: /tmp/blitzy/blitzy-kubernetes/blitzy5f91179c1/pkg/apis/certificates/v1/doc.go
[gosec] 2026/02/05 18:06:54 Checking file: /tmp/blitzy/blitzy-kubernetes/blitzy5f91179c1/pkg/apis/certificates/v1/helpers.go
[gosec] 2026/02/05 18:06:54 Checking file: /tmp/blitzy/blitzy-kubernetes/blitzy5f91179c1/pkg/apis/certificates/v1/register.go
[gosec] 2026/02/05 18:06:54 Checking file: /tmp/blitzy/blitzy-kubernetes/blitzy5f91179c1/pkg/apis/certificates/v1/zz_generated.conversion.go
[gosec] 2026/02/05 18:06:55 Checking file: /tmp/blitzy/blitzy-kubernetes/blitzy5f91179c1/pkg/apis/certificates/v1/zz_generated.defaults.go
[gosec] 2026/02/05 18:06:55 Checking file: /tmp/blitzy/blitzy-kubernetes/blitzy5f91179c1/pkg/apis/certificates/v1/zz_generated.validations.go
[gosec] 2026/02/05 18:06:55 Checking package: v1beta1
[gosec] 2026/02/05 18:06:55 Checking file: /tmp/blitzy/blitzy-kubernetes/blitzy5f91179c1/pkg/apis/discovery/v1beta1/conversion.go
[gosec] 2026/02/05 18:06:55 Import directory: /tmp/blitzy/blitzy-kubernetes/blitzy5f91179c1/pkg/controller/apis/config/fuzzer
[gosec] 2026/02/05 18:06:55 Checking file: /tmp/blitzy/blitzy-kubernetes/blitzy5f91179c1/pkg/apis/discovery/v1beta1/defaults.go
[gosec] 2026/02/05 18:06:55 Checking file: /tmp/blitzy/blitzy-kubernetes/blitzy5f91179c1/pkg/apis/discovery/v1beta1/doc.go
[gosec] 2026/02/05 18:06:55 Checking file: /tmp/blitzy/blitzy-kubernetes/blitzy5f91179c1/pkg/apis/discovery/v1beta1/register.go
[gosec] 2026/02/05 18:06:56 Checking file: /tmp/blitzy/blitzy-kubernetes/blitzy5f91179c1/pkg/apis/discovery/v1beta1/zz_generated.conversion.go
[gosec] 2026/02/05 18:06:57 Checking file: /tmp/blitzy/blitzy-kubernetes/blitzy5f91179c1/pkg/apis/discovery/v1beta1/zz_generated.defaults.go
[gosec] 2026/02/05 18:06:57 Checking package: tcp
[gosec] 2026/02/05 18:06:57 Checking file: /tmp/blitzy/blitzy-kubernetes/blitzy5f91179c1/pkg/probe/tcp/tcp.go
[gosec] 2026/02/05 18:06:57 Import directory: /tmp/blitzy/blitzy-kubernetes/blitzy5f91179c1/pkg/registry/storage/storageclass
[gosec] 2026/02/05 18:06:57 Checking package: storage
[gosec] 2026/02/05 18:06:57 Checking file: /tmp/blitzy/blitzy-kubernetes/blitzy5f91179c1/pkg/registry/rbac/clusterrole/storage/storage.go
[gosec] 2026/02/05 18:06:57 Import directory: /tmp/blitzy/blitzy-kubernetes/blitzy5f91179c1/pkg/apis/node/v1beta1
[gosec] 2026/02/05 18:06:58 Checking package: storage
[gosec] 2026/02/05 18:06:58 Checking file: /tmp/blitzy/blitzy-kubernetes/blitzy5f91179c1/pkg/registry/storagemigration/storagemigration/storage/storage.go
[gosec] 2026/02/05 18:06:58 Import directory: /tmp/blitzy/blitzy-kubernetes/blitzy5f91179c1/pkg/apis/storagemigration/install
[gosec] 2026/02/05 18:06:58 Checking package: latest
[gosec] 2026/02/05 18:06:58 Checking file: /tmp/blitzy/blitzy-kubernetes/blitzy5f91179c1/pkg/apis/abac/latest/latest.go
[gosec] 2026/02/05 18:06:58 Import directory: /tmp/blitzy/blitzy-kubernetes/blitzy5f91179c1/pkg/controller/namespace/config/v1alpha1
[gosec] 2026/02/05 18:06:58 Checking package: storage
[gosec] 2026/02/05 18:06:58 Checking file: /tmp/blitzy/blitzy-kubernetes/blitzy5f91179c1/pkg/registry/admissionregistration/validatingadmissionpolicy/storage/storage.go
[gosec] 2026/02/05 18:06:58 Import directory: /tmp/blitzy/blitzy-kubernetes/blitzy5f91179c1/pkg/registry/scheduling/priorityclass
[gosec] 2026/02/05 18:06:58 Checking package: options
[gosec] 2026/02/05 18:06:58 Checking file: /tmp/blitzy/blitzy-kubernetes/blitzy5f91179c1/pkg/kubeapiserver/options/admission.go
[gosec] 2026/02/05 18:06:58 Import directory: /tmp/blitzy/blitzy-kubernetes/blitzy5f91179c1/pkg/scheduler/framework/plugins/nodedeclaredfeatures
[gosec] 2026/02/05 18:06:58 Checking file: /tmp/blitzy/blitzy-kubernetes/blitzy5f91179c1/pkg/kubeapiserver/options/authentication.go
[gosec] 2026/02/05 18:07:00 Checking file: /tmp/blitzy/blitzy-kubernetes/blitzy5f91179c1/pkg/kubeapiserver/options/authorization.go
[gosec] 2026/02/05 18:07:01 Checking file: /tmp/blitzy/blitzy-kubernetes/blitzy5f91179c1/pkg/kubeapiserver/options/options.go
[gosec] 2026/02/05 18:07:01 Checking file: /tmp/blitzy/blitzy-kubernetes/blitzy5f91179c1/pkg/kubeapiserver/options/plugins.go
[gosec] 2026/02/05 18:07:01 Checking file: /tmp/blitzy/blitzy-kubernetes/blitzy5f91179c1/pkg/kubeapiserver/options/serving.go
[gosec] 2026/02/05 18:07:01 Checking package: storage
[gosec] 2026/02/05 18:07:01 Checking file: /tmp/blitzy/blitzy-kubernetes/blitzy5f91179c1/pkg/registry/autoscaling/horizontalpodautoscaler/storage/storage.go
[gosec] 2026/02/05 18:07:01 Import directory: /tmp/blitzy/blitzy-kubernetes/blitzy5f91179c1/pkg/volume/util/nestedpendingoperations
[gosec] 2026/02/05 18:07:01 Checking package: fuzzer
[gosec] 2026/02/05 18:07:01 Checking file: /tmp/blitzy/blitzy-kubernetes/blitzy5f91179c1/pkg/controller/apis/config/fuzzer/fuzzer.go
[gosec] 2026/02/05 18:07:01 Import directory: /tmp/blitzy/blitzy-kubernetes/blitzy5f91179c1/pkg/proxy/util/testing
[gosec] 2026/02/05 18:07:01 Checking package: v1beta1
[gosec] 2026/02/05 18:07:01 Checking file: /tmp/blitzy/blitzy-kubernetes/blitzy5f91179c1/pkg/apis/node/v1beta1/doc.go
[gosec] 2026/02/05 18:07:01 Checking file: /tmp/blitzy/blitzy-kubernetes/blitzy5f91179c1/pkg/apis/node/v1beta1/register.go
[gosec] 2026/02/05 18:07:01 Import directory: /tmp/blitzy/blitzy-kubernetes/blitzy5f91179c1/pkg/registry/flowcontrol/rest
[gosec] 2026/02/05 18:07:01 Checking file: /tmp/blitzy/blitzy-kubernetes/blitzy5f91179c1/pkg/apis/node/v1beta1/zz_generated.conversion.go
[gosec] 2026/02/05 18:07:02 Checking package: storageclass
[gosec] 2026/02/05 18:07:02 Checking file: /tmp/blitzy/blitzy-kubernetes/blitzy5f91179c1/pkg/registry/storage/storageclass/doc.go
[gosec] 2026/02/05 18:07:02 Import directory: /tmp/blitzy/blitzy-kubernetes/blitzy5f91179c1/pkg/registry/storage/csidriver
[gosec] 2026/02/05 18:07:02 Checking file: /tmp/blitzy/blitzy-kubernetes/blitzy5f91179c1/pkg/registry/storage/storageclass/strategy.go
[gosec] 2026/02/05 18:07:02 Checking package: install
[gosec] 2026/02/05 18:07:02 Checking file: /tmp/blitzy/blitzy-kubernetes/blitzy5f91179c1/pkg/apis/storagemigration/install/install.go
[gosec] 2026/02/05 18:07:02 Import directory: /tmp/blitzy/blitzy-kubernetes/blitzy5f91179c1/pkg/scheduler/backend/api_dispatcher
[gosec] 2026/02/05 18:07:02 Checking package: v1alpha1
[gosec] 2026/02/05 18:07:02 Checking file: /tmp/blitzy/blitzy-kubernetes/blitzy5f91179c1/pkg/controller/namespace/config/v1alpha1/conversion.go
[gosec] 2026/02/05 18:07:02 Import directory: /tmp/blitzy/blitzy-kubernetes/blitzy5f91179c1/pkg/controller/namespace
[gosec] 2026/02/05 18:07:02 Checking file: /tmp/blitzy/blitzy-kubernetes/blitzy5f91179c1/pkg/controller/namespace/config/v1alpha1/defaults.go
[gosec] 2026/02/05 18:07:02 Checking file: /tmp/blitzy/blitzy-kubernetes/blitzy5f91179c1/pkg/controller/namespace/config/v1alpha1/doc.go
[gosec] 2026/02/05 18:07:02 Checking file: /tmp/blitzy/blitzy-kubernetes/blitzy5f91179c1/pkg/controller/namespace/config/v1alpha1/register.go
[gosec] 2026/02/05 18:07:02 Checking file: /tmp/blitzy/blitzy-kubernetes/blitzy5f91179c1/pkg/controller/namespace/config/v1alpha1/zz_generated.conversion.go
[gosec] 2026/02/05 18:07:03 Checking file: /tmp/blitzy/blitzy-kubernetes/blitzy5f91179c1/pkg/controller/namespace/config/v1alpha1/zz_generated.deepcopy.go
[gosec] 2026/02/05 18:07:03 Checking package: priorityclass
[gosec] 2026/02/05 18:07:03 Checking file: /tmp/blitzy/blitzy-kubernetes/blitzy5f91179c1/pkg/registry/scheduling/priorityclass/doc.go
[gosec] 2026/02/05 18:07:03 Checking file: /tmp/blitzy/blitzy-kubernetes/blitzy5f91179c1/pkg/registry/scheduling/priorityclass/strategy.go
[gosec] 2026/02/05 18:07:03 Import directory: /tmp/blitzy/blitzy-kubernetes/blitzy5f91179c1/pkg/controller/resourceclaim/metrics
[gosec] 2026/02/05 18:07:03 Checking package: nodedeclaredfeatures
[gosec] 2026/02/05 18:07:03 Checking file: /tmp/blitzy/blitzy-kubernetes/blitzy5f91179c1/pkg/scheduler/framework/plugins/nodedeclaredfeatures/nodedeclaredfeatures.go
[gosec] 2026/02/05 18:07:03 Import directory: /tmp/blitzy/blitzy-kubernetes/blitzy5f91179c1/pkg/controller/volume/persistentvolume/options
[gosec] 2026/02/05 18:07:04 Checking package: nestedpendingoperations
[gosec] 2026/02/05 18:07:04 Checking file: /tmp/blitzy/blitzy-kubernetes/blitzy5f91179c1/pkg/volume/util/nestedpendingoperations/nestedpendingoperations.go
[gosec] 2026/02/05 18:07:04 Import directory: /tmp/blitzy/blitzy-kubernetes/blitzy5f91179c1/pkg/kubelet/apis/config/scheme
[gosec] 2026/02/05 18:07:04 Checking package: testing
[gosec] 2026/02/05 18:07:04 Checking file: /tmp/blitzy/blitzy-kubernetes/blitzy5f91179c1/pkg/proxy/util/testing/fake.go
[gosec] 2026/02/05 18:07:04 Import directory: /tmp/blitzy/blitzy-kubernetes/blitzy5f91179c1/pkg/kubelet/pluginmanager/metrics
[gosec] 2026/02/05 18:07:05 Checking package: rest
[gosec] 2026/02/05 18:07:05 Checking file: /tmp/blitzy/blitzy-kubernetes/blitzy5f91179c1/pkg/registry/flowcontrol/rest/storage_flowcontrol.go
[gosec] 2026/02/05 18:07:05 Import directory: /tmp/blitzy/blitzy-kubernetes/blitzy5f91179c1/pkg/registry/core/rest
[gosec] 2026/02/05 18:07:05 Checking package: csidriver
[gosec] 2026/02/05 18:07:05 Checking file: /tmp/blitzy/blitzy-kubernetes/blitzy5f91179c1/pkg/registry/storage/csidriver/doc.go
[gosec] 2026/02/05 18:07:05 Checking file: /tmp/blitzy/blitzy-kubernetes/blitzy5f91179c1/pkg/registry/storage/csidriver/strategy.go
[gosec] 2026/02/05 18:07:05 Import directory: /tmp/blitzy/blitzy-kubernetes/blitzy5f91179c1/pkg/scheduler/framework
[gosec] 2026/02/05 18:07:05 Checking package: metrics
[gosec] 2026/02/05 18:07:05 Checking file: /tmp/blitzy/blitzy-kubernetes/blitzy5f91179c1/pkg/controller/resourceclaim/metrics/metrics.go
[gosec] 2026/02/05 18:07:05 Import directory: /tmp/blitzy/blitzy-kubernetes/blitzy5f91179c1/pkg/volume/fc
[gosec] 2026/02/05 18:07:06 Checking package: namespace
[gosec] 2026/02/05 18:07:06 Checking file: /tmp/blitzy/blitzy-kubernetes/blitzy5f91179c1/pkg/controller/namespace/doc.go
[gosec] 2026/02/05 18:07:06 Import directory: /tmp/blitzy/blitzy-kubernetes/blitzy5f91179c1/pkg/apis/apps
[gosec] 2026/02/05 18:07:06 Checking file: /tmp/blitzy/blitzy-kubernetes/blitzy5f91179c1/pkg/controller/namespace/namespace_controller.go
[gosec] 2026/02/05 18:07:06 Checking package: options
[gosec] 2026/02/05 18:07:06 Checking file: /tmp/blitzy/blitzy-kubernetes/blitzy5f91179c1/pkg/controller/volume/persistentvolume/options/options.go
[gosec] 2026/02/05 18:07:06 Import directory: /tmp/blitzy/blitzy-kubernetes/blitzy5f91179c1/pkg/kubelet/logs
[gosec] 2026/02/05 18:07:06 Checking package: apidispatcher
[gosec] 2026/02/05 18:07:06 Checking file: /tmp/blitzy/blitzy-kubernetes/blitzy5f91179c1/pkg/scheduler/backend/api_dispatcher/api_dispatcher.go
[gosec] 2026/02/05 18:07:06 Import directory: /tmp/blitzy/blitzy-kubernetes/blitzy5f91179c1/pkg/quota/v1/evaluator/core
[gosec] 2026/02/05 18:07:06 Checking file: /tmp/blitzy/blitzy-kubernetes/blitzy5f91179c1/pkg/scheduler/backend/api_dispatcher/call_queue.go
[gosec] 2026/02/05 18:07:07 Checking file: /tmp/blitzy/blitzy-kubernetes/blitzy5f91179c1/pkg/scheduler/backend/api_dispatcher/goroutines_limiter.go
[gosec] 2026/02/05 18:07:07 Checking package: scheme
[gosec] 2026/02/05 18:07:07 Checking file: /tmp/blitzy/blitzy-kubernetes/blitzy5f91179c1/pkg/kubelet/apis/config/scheme/scheme.go
[gosec] 2026/02/05 18:07:07 Import directory: /tmp/blitzy/blitzy-kubernetes/blitzy5f91179c1/pkg/registry/networking/ingressclass/storage
[gosec] 2026/02/05 18:07:07 Checking package: metrics
[gosec] 2026/02/05 18:07:07 Checking file: /tmp/blitzy/blitzy-kubernetes/blitzy5f91179c1/pkg/kubelet/pluginmanager/metrics/metrics.go
[gosec] 2026/02/05 18:07:07 Import directory: /tmp/blitzy/blitzy-kubernetes/blitzy5f91179c1/pkg/scheduler/framework/api_calls
[gosec] 2026/02/05 18:07:07 Checking package: rest
[gosec] 2026/02/05 18:07:07 Checking file: /tmp/blitzy/blitzy-kubernetes/blitzy5f91179c1/pkg/registry/core/rest/storage_core.go
[gosec] 2026/02/05 18:07:07 Import directory: /tmp/blitzy/blitzy-kubernetes/blitzy5f91179c1/pkg/volume/util/operationexecutor
[gosec] 2026/02/05 18:07:09 Checking file: /tmp/blitzy/blitzy-kubernetes/blitzy5f91179c1/pkg/registry/core/rest/storage_core_generic.go
[gosec] 2026/02/05 18:07:09 Checking package: apps
[gosec] 2026/02/05 18:07:09 Checking file: /tmp/blitzy/blitzy-kubernetes/blitzy5f91179c1/pkg/apis/apps/doc.go
[gosec] 2026/02/05 18:07:09 Checking file: /tmp/blitzy/blitzy-kubernetes/blitzy5f91179c1/pkg/apis/apps/register.go
[gosec] 2026/02/05 18:07:09 Import directory: /tmp/blitzy/blitzy-kubernetes/blitzy5f91179c1/pkg/controller/endpointslice/config
[gosec] 2026/02/05 18:07:09 Checking file: /tmp/blitzy/blitzy-kubernetes/blitzy5f91179c1/pkg/apis/apps/types.go
[gosec] 2026/02/05 18:07:09 Checking file: /tmp/blitzy/blitzy-kubernetes/blitzy5f91179c1/pkg/apis/apps/zz_generated.deepcopy.go
[gosec] 2026/02/05 18:07:13 Checking package: framework
[gosec] 2026/02/05 18:07:13 Checking file: /tmp/blitzy/blitzy-kubernetes/blitzy5f91179c1/pkg/scheduler/framework/cycle_state.go
[gosec] 2026/02/05 18:07:13 Import directory: /tmp/blitzy/blitzy-kubernetes/blitzy5f91179c1/pkg/controlplane/apiserver
[gosec] 2026/02/05 18:07:13 Checking file: /tmp/blitzy/blitzy-kubernetes/blitzy5f91179c1/pkg/scheduler/framework/events.go
[gosec] 2026/02/05 18:07:14 Checking file: /tmp/blitzy/blitzy-kubernetes/blitzy5f91179c1/pkg/scheduler/framework/interface.go
[gosec] 2026/02/05 18:07:14 Checking file: /tmp/blitzy/blitzy-kubernetes/blitzy5f91179c1/pkg/scheduler/framework/types.go
[gosec] 2026/02/05 18:07:16 Checking package: fc
[gosec] 2026/02/05 18:07:16 Checking file: /tmp/blitzy/blitzy-kubernetes/blitzy5f91179c1/pkg/volume/fc/attacher.go
[gosec] 2026/02/05 18:07:16 Import directory: /tmp/blitzy/blitzy-kubernetes/blitzy5f91179c1/pkg/controlplane/controller/clusterauthenticationtrust
[gosec] 2026/02/05 18:07:17 Checking file: /tmp/blitzy/blitzy-kubernetes/blitzy5f91179c1/pkg/volume/fc/disk_manager.go
[gosec] 2026/02/05 18:07:18 Checking file: /tmp/blitzy/blitzy-kubernetes/blitzy5f91179c1/pkg/volume/fc/doc.go
[gosec] 2026/02/05 18:07:18 Checking file: /tmp/blitzy/blitzy-kubernetes/blitzy5f91179c1/pkg/volume/fc/fc.go
[gosec] 2026/02/05 18:07:19 Checking file: /tmp/blitzy/blitzy-kubernetes/blitzy5f91179c1/pkg/volume/fc/fc_util.go
[gosec] 2026/02/05 18:07:20 Checking package: logs
[gosec] 2026/02/05 18:07:20 Checking file: /tmp/blitzy/blitzy-kubernetes/blitzy5f91179c1/pkg/kubelet/logs/container_log_manager.go
[gosec] 2026/02/05 18:07:20 Import directory: /tmp/blitzy/blitzy-kubernetes/blitzy5f91179c1/pkg/kubelet/apis/config/v1alpha1
[gosec] 2026/02/05 18:07:21 Checking file: /tmp/blitzy/blitzy-kubernetes/blitzy5f91179c1/pkg/kubelet/logs/container_log_manager_stub.go
[gosec] 2026/02/05 18:07:21 Checking package: core
[gosec] 2026/02/05 18:07:21 Checking file: /tmp/blitzy/blitzy-kubernetes/blitzy5f91179c1/pkg/quota/v1/evaluator/core/doc.go
[gosec] 2026/02/05 18:07:21 Checking file: /tmp/blitzy/blitzy-kubernetes/blitzy5f91179c1/pkg/quota/v1/evaluator/core/persistent_volume_claims.go
[gosec] 2026/02/05 18:07:21 Import directory: /tmp/blitzy/blitzy-kubernetes/blitzy5f91179c1/pkg/registry/admissionregistration/validatingwebhookconfiguration
[gosec] 2026/02/05 18:07:22 Checking file: /tmp/blitzy/blitzy-kubernetes/blitzy5f91179c1/pkg/quota/v1/evaluator/core/pods.go
[gosec] 2026/02/05 18:07:24 Checking file: /tmp/blitzy/blitzy-kubernetes/blitzy5f91179c1/pkg/quota/v1/evaluator/core/registry.go
[gosec] 2026/02/05 18:07:24 Checking file: /tmp/blitzy/blitzy-kubernetes/blitzy5f91179c1/pkg/quota/v1/evaluator/core/resource_claims.go
[gosec] 2026/02/05 18:07:24 Checking file: /tmp/blitzy/blitzy-kubernetes/blitzy5f91179c1/pkg/quota/v1/evaluator/core/services.go
[gosec] 2026/02/05 18:07:25 Checking package: storage
[gosec] 2026/02/05 18:07:25 Checking file: /tmp/blitzy/blitzy-kubernetes/blitzy5f91179c1/pkg/registry/networking/ingressclass/storage/storage.go
[gosec] 2026/02/05 18:07:25 Import directory: /tmp/blitzy/blitzy-kubernetes/blitzy5f91179c1/pkg/apis/apps/install
[gosec] 2026/02/05 18:07:25 Checking package: apicalls
[gosec] 2026/02/05 18:07:25 Checking file: /tmp/blitzy/blitzy-kubernetes/blitzy5f91179c1/pkg/scheduler/framework/api_calls/api_calls.go
[gosec] 2026/02/05 18:07:25 Import directory: /tmp/blitzy/blitzy-kubernetes/blitzy5f91179c1/pkg/apis/scheduling/v1beta1
[gosec] 2026/02/05 18:07:25 Checking file: /tmp/blitzy/blitzy-kubernetes/blitzy5f91179c1/pkg/scheduler/framework/api_calls/pod_binding.go
[gosec] 2026/02/05 18:07:25 Checking file: /tmp/blitzy/blitzy-kubernetes/blitzy5f91179c1/pkg/scheduler/framework/api_calls/pod_status_patch.go
[gosec] 2026/02/05 18:07:26 Checking package: operationexecutor
[gosec] 2026/02/05 18:07:26 Checking file: /tmp/blitzy/blitzy-kubernetes/blitzy5f91179c1/pkg/volume/util/operationexecutor/fakegenerator.go
[gosec] 2026/02/05 18:07:26 Import directory: /tmp/blitzy/blitzy-kubernetes/blitzy5f91179c1/pkg/kubeapiserver/authorizer
[gosec] 2026/02/05 18:07:26 Checking file: /tmp/blitzy/blitzy-kubernetes/blitzy5f91179c1/pkg/volume/util/operationexecutor/node_expander.go
[gosec] 2026/02/05 18:07:26 Checking file: /tmp/blitzy/blitzy-kubernetes/blitzy5f91179c1/pkg/volume/util/operationexecutor/operation_executor.go
[gosec] 2026/02/05 18:07:27 Checking file: /tmp/blitzy/blitzy-kubernetes/blitzy5f91179c1/pkg/volume/util/operationexecutor/operation_generator.go
[gosec] 2026/02/05 18:07:31 Checking package: config
[gosec] 2026/02/05 18:07:31 Checking file: /tmp/blitzy/blitzy-kubernetes/blitzy5f91179c1/pkg/controller/endpointslice/config/doc.go
[gosec] 2026/02/05 18:07:31 Checking file: /tmp/blitzy/blitzy-kubernetes/blitzy5f91179c1/pkg/controller/endpointslice/config/types.go
[gosec] 2026/02/05 18:07:31 Checking file: /tmp/blitzy/blitzy-kubernetes/blitzy5f91179c1/pkg/controller/endpointslice/config/zz_generated.deepcopy.go
[gosec] 2026/02/05 18:07:31 Import directory: /tmp/blitzy/blitzy-kubernetes/blitzy5f91179c1/pkg/kubelet/pleg
[gosec] 2026/02/05 18:07:31 Checking package: apiserver
[gosec] 2026/02/05 18:07:31 Checking file: /tmp/blitzy/blitzy-kubernetes/blitzy5f91179c1/pkg/controlplane/apiserver/aggregator.go
[gosec] 2026/02/05 18:07:31 Import directory: /tmp/blitzy/blitzy-kubernetes/blitzy5f91179c1/pkg/proxy/apis/config/scheme
[gosec] 2026/02/05 18:07:32 Checking file: /tmp/blitzy/blitzy-kubernetes/blitzy5f91179c1/pkg/controlplane/apiserver/apiextensions.go
[gosec] 2026/02/05 18:07:32 Checking file: /tmp/blitzy/blitzy-kubernetes/blitzy5f91179c1/pkg/controlplane/apiserver/apis.go
[gosec] 2026/02/05 18:07:32 Checking file: /tmp/blitzy/blitzy-kubernetes/blitzy5f91179c1/pkg/controlplane/apiserver/completion.go
[gosec] 2026/02/05 18:07:32 Checking file: /tmp/blitzy/blitzy-kubernetes/blitzy5f91179c1/pkg/controlplane/apiserver/config.go
[gosec] 2026/02/05 18:07:33 Checking file: /tmp/blitzy/blitzy-kubernetes/blitzy5f91179c1/pkg/controlplane/apiserver/peer.go
[gosec] 2026/02/05 18:07:33 Checking file: /tmp/blitzy/blitzy-kubernetes/blitzy5f91179c1/pkg/controlplane/apiserver/server.go
[gosec] 2026/02/05 18:07:34 Checking package: clusterauthenticationtrust
[gosec] 2026/02/05 18:07:34 Checking file: /tmp/blitzy/blitzy-kubernetes/blitzy5f91179c1/pkg/controlplane/controller/clusterauthenticationtrust/cluster_authentication_trust_controller.go
[gosec] 2026/02/05 18:07:34 Import directory: /tmp/blitzy/blitzy-kubernetes/blitzy5f91179c1/pkg/registry/apps/statefulset/storage
[gosec] 2026/02/05 18:07:35 Checking package: v1alpha1
[gosec] 2026/02/05 18:07:35 Checking file: /tmp/blitzy/blitzy-kubernetes/blitzy5f91179c1/pkg/kubelet/apis/config/v1alpha1/conversion.go
[gosec] 2026/02/05 18:07:35 Import directory: /tmp/blitzy/blitzy-kubernetes/blitzy5f91179c1/pkg/registry/authorization/selfsubjectaccessreview
[gosec] 2026/02/05 18:07:35 Checking file: /tmp/blitzy/blitzy-kubernetes/blitzy5f91179c1/pkg/kubelet/apis/config/v1alpha1/doc.go
[gosec] 2026/02/05 18:07:35 Checking file: /tmp/blitzy/blitzy-kubernetes/blitzy5f91179c1/pkg/kubelet/apis/config/v1alpha1/register.go
[gosec] 2026/02/05 18:07:35 Checking file: /tmp/blitzy/blitzy-kubernetes/blitzy5f91179c1/pkg/kubelet/apis/config/v1alpha1/zz_generated.conversion.go
[gosec] 2026/02/05 18:07:36 Checking file: /tmp/blitzy/blitzy-kubernetes/blitzy5f91179c1/pkg/kubelet/apis/config/v1alpha1/zz_generated.deepcopy.go
[gosec] 2026/02/05 18:07:36 Checking file: /tmp/blitzy/blitzy-kubernetes/blitzy5f91179c1/pkg/kubelet/apis/config/v1alpha1/zz_generated.defaults.go
[gosec] 2026/02/05 18:07:36 Checking package: validatingwebhookconfiguration
[gosec] 2026/02/05 18:07:36 Checking file: /tmp/blitzy/blitzy-kubernetes/blitzy5f91179c1/pkg/registry/admissionregistration/validatingwebhookconfiguration/doc.go
[gosec] 2026/02/05 18:07:36 Checking file: /tmp/blitzy/blitzy-kubernetes/blitzy5f91179c1/pkg/registry/admissionregistration/validatingwebhookconfiguration/strategy.go
[gosec] 2026/02/05 18:07:36 Import directory: /tmp/blitzy/blitzy-kubernetes/blitzy5f91179c1/pkg/volume/util/fs
[gosec] 2026/02/05 18:07:37 Checking package: install
[gosec] 2026/02/05 18:07:37 Checking file: /tmp/blitzy/blitzy-kubernetes/blitzy5f91179c1/pkg/apis/apps/install/install.go
[gosec] 2026/02/05 18:07:37 Import directory: /tmp/blitzy/blitzy-kubernetes/blitzy5f91179c1/pkg/apis/abac/fuzzer
[gosec] 2026/02/05 18:07:37 Checking package: v1beta1
[gosec] 2026/02/05 18:07:37 Checking file: /tmp/blitzy/blitzy-kubernetes/blitzy5f91179c1/pkg/apis/scheduling/v1beta1/defaults.go
[gosec] 2026/02/05 18:07:37 Import directory: /tmp/blitzy/blitzy-kubernetes/blitzy5f91179c1/pkg/apis/apps/v1
[gosec] 2026/02/05 18:07:37 Checking file: /tmp/blitzy/blitzy-kubernetes/blitzy5f91179c1/pkg/apis/scheduling/v1beta1/doc.go
[gosec] 2026/02/05 18:07:37 Checking file: /tmp/blitzy/blitzy-kubernetes/blitzy5f91179c1/pkg/apis/scheduling/v1beta1/register.go
[gosec] 2026/02/05 18:07:37 Checking file: /tmp/blitzy/blitzy-kubernetes/blitzy5f91179c1/pkg/apis/scheduling/v1beta1/zz_generated.conversion.go
[gosec] 2026/02/05 18:07:37 Checking file: /tmp/blitzy/blitzy-kubernetes/blitzy5f91179c1/pkg/apis/scheduling/v1beta1/zz_generated.defaults.go
[gosec] 2026/02/05 18:07:37 Checking package: authorizer
[gosec] 2026/02/05 18:07:37 Checking file: /tmp/blitzy/blitzy-kubernetes/blitzy5f91179c1/pkg/kubeapiserver/authorizer/config.go
[gosec] 2026/02/05 18:07:37 Import directory: /tmp/blitzy/blitzy-kubernetes/blitzy5f91179c1/pkg/apis/certificates/validation
[gosec] 2026/02/05 18:07:37 Checking file: /tmp/blitzy/blitzy-kubernetes/blitzy5f91179c1/pkg/kubeapiserver/authorizer/reload.go
[gosec] 2026/02/05 18:07:38 Checking package: pleg
[gosec] 2026/02/05 18:07:38 Checking file: /tmp/blitzy/blitzy-kubernetes/blitzy5f91179c1/pkg/kubelet/pleg/doc.go
[gosec] 2026/02/05 18:07:38 Import directory: /tmp/blitzy/blitzy-kubernetes/blitzy5f91179c1/pkg/registry/admissionregistration/mutatingadmissionpolicybinding/storage
[gosec] 2026/02/05 18:07:38 Checking file: /tmp/blitzy/blitzy-kubernetes/blitzy5f91179c1/pkg/kubelet/pleg/evented.go
[gosec] 2026/02/05 18:07:38 Checking file: /tmp/blitzy/blitzy-kubernetes/blitzy5f91179c1/pkg/kubelet/pleg/generic.go
[gosec] 2026/02/05 18:07:40 Checking file: /tmp/blitzy/blitzy-kubernetes/blitzy5f91179c1/pkg/kubelet/pleg/pleg.go
[gosec] 2026/02/05 18:07:40 Checking package: scheme
[gosec] 2026/02/05 18:07:40 Checking file: /tmp/blitzy/blitzy-kubernetes/blitzy5f91179c1/pkg/proxy/apis/config/scheme/scheme.go
[gosec] 2026/02/05 18:07:40 Import directory: /tmp/blitzy/blitzy-kubernetes/blitzy5f91179c1/pkg/registry/apps/daemonset/storage
[gosec] 2026/02/05 18:07:40 Checking package: storage
[gosec] 2026/02/05 18:07:40 Checking file: /tmp/blitzy/blitzy-kubernetes/blitzy5f91179c1/pkg/registry/apps/statefulset/storage/storage.go
[gosec] 2026/02/05 18:07:40 Import directory: /tmp/blitzy/blitzy-kubernetes/blitzy5f91179c1/pkg/util/procfs
[gosec] 2026/02/05 18:07:41 Checking package: selfsubjectaccessreview
[gosec] 2026/02/05 18:07:41 Checking file: /tmp/blitzy/blitzy-kubernetes/blitzy5f91179c1/pkg/registry/authorization/selfsubjectaccessreview/rest.go
[gosec] 2026/02/05 18:07:41 Import directory: /tmp/blitzy/blitzy-kubernetes/blitzy5f91179c1/pkg/api/servicecidr
[gosec] 2026/02/05 18:07:41 Checking package: fs
[gosec] 2026/02/05 18:07:41 Checking file: /tmp/blitzy/blitzy-kubernetes/blitzy5f91179c1/pkg/volume/util/fs/fs.go
[gosec] 2026/02/05 18:07:41 Import directory: /tmp/blitzy/blitzy-kubernetes/blitzy5f91179c1/pkg/apis/admissionregistration/v1alpha1
[gosec] 2026/02/05 18:07:41 Checking package: fuzzer
[gosec] 2026/02/05 18:07:41 Checking file: /tmp/blitzy/blitzy-kubernetes/blitzy5f91179c1/pkg/apis/abac/fuzzer/fuzzer.go
[gosec] 2026/02/05 18:07:41 Import directory: /tmp/blitzy/blitzy-kubernetes/blitzy5f91179c1/pkg/apis/apidiscovery
[gosec] 2026/02/05 18:07:41 Checking package: v1
[gosec] 2026/02/05 18:07:41 Checking file: /tmp/blitzy/blitzy-kubernetes/blitzy5f91179c1/pkg/apis/apps/v1/conversion.go
[gosec] 2026/02/05 18:07:41 Import directory: /tmp/blitzy/blitzy-kubernetes/blitzy5f91179c1/pkg/apis/apps/v1beta1
[gosec] 2026/02/05 18:07:42 Checking file: /tmp/blitzy/blitzy-kubernetes/blitzy5f91179c1/pkg/apis/apps/v1/defaults.go
[gosec] 2026/02/05 18:07:42 Checking file: /tmp/blitzy/blitzy-kubernetes/blitzy5f91179c1/pkg/apis/apps/v1/doc.go
[gosec] 2026/02/05 18:07:42 Checking file: /tmp/blitzy/blitzy-kubernetes/blitzy5f91179c1/pkg/apis/apps/v1/register.go
[gosec] 2026/02/05 18:07:42 Checking file: /tmp/blitzy/blitzy-kubernetes/blitzy5f91179c1/pkg/apis/apps/v1/zz_generated.conversion.go
[gosec] 2026/02/05 18:07:50 Checking file: /tmp/blitzy/blitzy-kubernetes/blitzy5f91179c1/pkg/apis/apps/v1/zz_generated.defaults.go
[gosec] 2026/02/05 18:07:54 Checking package: validation
[gosec] 2026/02/05 18:07:54 Checking file: /tmp/blitzy/blitzy-kubernetes/blitzy5f91179c1/pkg/apis/certificates/validation/validation.go
[gosec] 2026/02/05 18:07:54 Import directory: /tmp/blitzy/blitzy-kubernetes/blitzy5f91179c1/pkg/registry/networking/ingress/storage
[gosec] 2026/02/05 18:07:57 Checking package: storage
[gosec] 2026/02/05 18:07:57 Checking file: /tmp/blitzy/blitzy-kubernetes/blitzy5f91179c1/pkg/registry/admissionregistration/mutatingadmissionpolicybinding/storage/storage.go
[gosec] 2026/02/05 18:07:57 Import directory: /tmp/blitzy/blitzy-kubernetes/blitzy5f91179c1/pkg/scheduler/backend/cache
[gosec] 2026/02/05 18:07:57 Checking package: procfs
[gosec] 2026/02/05 18:07:57 Checking file: /tmp/blitzy/blitzy-kubernetes/blitzy5f91179c1/pkg/util/procfs/doc.go
[gosec] 2026/02/05 18:07:57 Checking file: /tmp/blitzy/blitzy-kubernetes/blitzy5f91179c1/pkg/util/procfs/procfs.go
[gosec] 2026/02/05 18:07:57 Checking file: /tmp/blitzy/blitzy-kubernetes/blitzy5f91179c1/pkg/util/procfs/procfs_fake.go
[gosec] 2026/02/05 18:07:57 Import directory: /tmp/blitzy/blitzy-kubernetes/blitzy5f91179c1/pkg/volume/downwardapi
[gosec] 2026/02/05 18:07:57 Checking file: /tmp/blitzy/blitzy-kubernetes/blitzy5f91179c1/pkg/util/procfs/procfs_linux.go
[gosec] 2026/02/05 18:07:57 Checking package: storage
[gosec] 2026/02/05 18:07:57 Checking file: /tmp/blitzy/blitzy-kubernetes/blitzy5f91179c1/pkg/registry/apps/daemonset/storage/storage.go
[gosec] 2026/02/05 18:07:57 Import directory: /tmp/blitzy/blitzy-kubernetes/blitzy5f91179c1/pkg/api/v1/endpoints
[gosec] 2026/02/05 18:07:58 Checking package: servicecidr
[gosec] 2026/02/05 18:07:58 Checking file: /tmp/blitzy/blitzy-kubernetes/blitzy5f91179c1/pkg/api/servicecidr/servicecidr.go
[gosec] 2026/02/05 18:07:58 Import directory: /tmp/blitzy/blitzy-kubernetes/blitzy5f91179c1/pkg/controller/replication
[gosec] 2026/02/05 18:07:58 Checking package: v1alpha1
[gosec] 2026/02/05 18:07:58 Checking file: /tmp/blitzy/blitzy-kubernetes/blitzy5f91179c1/pkg/apis/admissionregistration/v1alpha1/defaults.go
[gosec] 2026/02/05 18:07:58 Import directory: /tmp/blitzy/blitzy-kubernetes/blitzy5f91179c1/pkg/controller/resourcequota/config/v1alpha1
[gosec] 2026/02/05 18:07:58 Checking file: /tmp/blitzy/blitzy-kubernetes/blitzy5f91179c1/pkg/apis/admissionregistration/v1alpha1/doc.go
[gosec] 2026/02/05 18:07:58 Checking file: /tmp/blitzy/blitzy-kubernetes/blitzy5f91179c1/pkg/apis/admissionregistration/v1alpha1/register.go
[gosec] 2026/02/05 18:07:58 Checking file: /tmp/blitzy/blitzy-kubernetes/blitzy5f91179c1/pkg/apis/admissionregistration/v1alpha1/zz_generated.conversion.go
[gosec] 2026/02/05 18:08:05 Checking file: /tmp/blitzy/blitzy-kubernetes/blitzy5f91179c1/pkg/apis/admissionregistration/v1alpha1/zz_generated.defaults.go
[gosec] 2026/02/05 18:08:05 Checking package: apidiscovery
[gosec] 2026/02/05 18:08:05 Checking file: /tmp/blitzy/blitzy-kubernetes/blitzy5f91179c1/pkg/apis/apidiscovery/doc.go
[gosec] 2026/02/05 18:08:05 Import directory: /tmp/blitzy/blitzy-kubernetes/blitzy5f91179c1/pkg/controlplane/apiserver/options
[gosec] 2026/02/05 18:08:05 Checking file: /tmp/blitzy/blitzy-kubernetes/blitzy5f91179c1/pkg/apis/apidiscovery/register.go
[gosec] 2026/02/05 18:08:05 Checking file: /tmp/blitzy/blitzy-kubernetes/blitzy5f91179c1/pkg/apis/apidiscovery/types.go
[gosec] 2026/02/05 18:08:05 Checking file: /tmp/blitzy/blitzy-kubernetes/blitzy5f91179c1/pkg/apis/apidiscovery/zz_generated.deepcopy.go
[gosec] 2026/02/05 18:08:06 Checking package: v1beta1
[gosec] 2026/02/05 18:08:06 Checking file: /tmp/blitzy/blitzy-kubernetes/blitzy5f91179c1/pkg/apis/apps/v1beta1/conversion.go
[gosec] 2026/02/05 18:08:06 Import directory: /tmp/blitzy/blitzy-kubernetes/blitzy5f91179c1/pkg/kubelet/preemption
[gosec] 2026/02/05 18:08:07 Checking file: /tmp/blitzy/blitzy-kubernetes/blitzy5f91179c1/pkg/apis/apps/v1beta1/defaults.go
[gosec] 2026/02/05 18:08:07 Checking file: /tmp/blitzy/blitzy-kubernetes/blitzy5f91179c1/pkg/apis/apps/v1beta1/doc.go
[gosec] 2026/02/05 18:08:07 Checking file: /tmp/blitzy/blitzy-kubernetes/blitzy5f91179c1/pkg/apis/apps/v1beta1/register.go
[gosec] 2026/02/05 18:08:07 Checking file: /tmp/blitzy/blitzy-kubernetes/blitzy5f91179c1/pkg/apis/apps/v1beta1/zz_generated.conversion.go
[gosec] 2026/02/05 18:08:12 Checking file: /tmp/blitzy/blitzy-kubernetes/blitzy5f91179c1/pkg/apis/apps/v1beta1/zz_generated.defaults.go
[gosec] 2026/02/05 18:08:15 Checking file: /tmp/blitzy/blitzy-kubernetes/blitzy5f91179c1/pkg/apis/apps/v1beta1/zz_generated.validations.go
[gosec] 2026/02/05 18:08:15 Checking package: storage
[gosec] 2026/02/05 18:08:15 Checking file: /tmp/blitzy/blitzy-kubernetes/blitzy5f91179c1/pkg/registry/networking/ingress/storage/storage.go
[gosec] 2026/02/05 18:08:15 Import directory: /tmp/blitzy/blitzy-kubernetes/blitzy5f91179c1/pkg/kubelet/runtimeclass
[gosec] 2026/02/05 18:08:15 Checking package: cache
[gosec] 2026/02/05 18:08:15 Checking file: /tmp/blitzy/blitzy-kubernetes/blitzy5f91179c1/pkg/scheduler/backend/cache/cache.go
[gosec] 2026/02/05 18:08:15 Import directory: /tmp/blitzy/blitzy-kubernetes/blitzy5f91179c1/pkg/kubelet/util/sliceutils
[gosec] 2026/02/05 18:08:17 Checking file: /tmp/blitzy/blitzy-kubernetes/blitzy5f91179c1/pkg/scheduler/backend/cache/interface.go
[gosec] 2026/02/05 18:08:17 Checking file: /tmp/blitzy/blitzy-kubernetes/blitzy5f91179c1/pkg/scheduler/backend/cache/node_tree.go
[gosec] 2026/02/05 18:08:17 Checking file: /tmp/blitzy/blitzy-kubernetes/blitzy5f91179c1/pkg/scheduler/backend/cache/snapshot.go
[gosec] 2026/02/05 18:08:18 Checking package: downwardapi
[gosec] 2026/02/05 18:08:18 Checking file: /tmp/blitzy/blitzy-kubernetes/blitzy5f91179c1/pkg/volume/downwardapi/downwardapi.go
[gosec] 2026/02/05 18:08:18 Import directory: /tmp/blitzy/blitzy-kubernetes/blitzy5f91179c1/pkg/registry/authentication/tokenreview
[gosec] 2026/02/05 18:08:18 Checking package: endpoints
[gosec] 2026/02/05 18:08:18 Checking file: /tmp/blitzy/blitzy-kubernetes/blitzy5f91179c1/pkg/api/v1/endpoints/util.go
[gosec] 2026/02/05 18:08:18 Import directory: /tmp/blitzy/blitzy-kubernetes/blitzy5f91179c1/pkg/controller/cronjob/config/v1alpha1
[gosec] 2026/02/05 18:08:19 Checking package: replication
[gosec] 2026/02/05 18:08:19 Checking file: /tmp/blitzy/blitzy-kubernetes/blitzy5f91179c1/pkg/controller/replication/conversion.go
[gosec] 2026/02/05 18:08:19 Import directory: /tmp/blitzy/blitzy-kubernetes/blitzy5f91179c1/pkg/controller/deployment
[gosec] 2026/02/05 18:08:20 Checking file: /tmp/blitzy/blitzy-kubernetes/blitzy5f91179c1/pkg/controller/replication/doc.go
[gosec] 2026/02/05 18:08:20 Checking file: /tmp/blitzy/blitzy-kubernetes/blitzy5f91179c1/pkg/controller/replication/replication_controller.go
[gosec] 2026/02/05 18:08:20 Checking file: /tmp/blitzy/blitzy-kubernetes/blitzy5f91179c1/pkg/controller/replication/replication_controller_utils.go
[gosec] 2026/02/05 18:08:20 Checking package: v1alpha1
[gosec] 2026/02/05 18:08:20 Checking file: /tmp/blitzy/blitzy-kubernetes/blitzy5f91179c1/pkg/controller/resourcequota/config/v1alpha1/conversion.go
[gosec] 2026/02/05 18:08:20 Import directory: /tmp/blitzy/blitzy-kubernetes/blitzy5f91179c1/pkg/apis/authentication
[gosec] 2026/02/05 18:08:20 Checking file: /tmp/blitzy/blitzy-kubernetes/blitzy5f91179c1/pkg/controller/resourcequota/config/v1alpha1/defaults.go
[gosec] 2026/02/05 18:08:20 Checking file: /tmp/blitzy/blitzy-kubernetes/blitzy5f91179c1/pkg/controller/resourcequota/config/v1alpha1/doc.go
[gosec] 2026/02/05 18:08:20 Checking file: /tmp/blitzy/blitzy-kubernetes/blitzy5f91179c1/pkg/controller/resourcequota/config/v1alpha1/register.go
[gosec] 2026/02/05 18:08:20 Checking file: /tmp/blitzy/blitzy-kubernetes/blitzy5f91179c1/pkg/controller/resourcequota/config/v1alpha1/zz_generated.conversion.go
[gosec] 2026/02/05 18:08:21 Checking file: /tmp/blitzy/blitzy-kubernetes/blitzy5f91179c1/pkg/controller/resourcequota/config/v1alpha1/zz_generated.deepcopy.go
[gosec] 2026/02/05 18:08:21 Checking package: options
[gosec] 2026/02/05 18:08:21 Checking file: /tmp/blitzy/blitzy-kubernetes/blitzy5f91179c1/pkg/controlplane/apiserver/options/options.go
[gosec] 2026/02/05 18:08:21 Import directory: /tmp/blitzy/blitzy-kubernetes/blitzy5f91179c1/pkg/controller/nodeipam/config
[gosec] 2026/02/05 18:08:21 Checking file: /tmp/blitzy/blitzy-kubernetes/blitzy5f91179c1/pkg/controlplane/apiserver/options/validation.go
[gosec] 2026/02/05 18:08:22 Checking package: preemption
[gosec] 2026/02/05 18:08:22 Checking file: /tmp/blitzy/blitzy-kubernetes/blitzy5f91179c1/pkg/kubelet/preemption/preemption.go
[gosec] 2026/02/05 18:08:22 Import directory: /tmp/blitzy/blitzy-kubernetes/blitzy5f91179c1/pkg/probe/http
[gosec] 2026/02/05 18:08:22 Checking package: runtimeclass
[gosec] 2026/02/05 18:08:22 Checking file: /tmp/blitzy/blitzy-kubernetes/blitzy5f91179c1/pkg/kubelet/runtimeclass/runtimeclass_manager.go
[gosec] 2026/02/05 18:08:22 Import directory: /tmp/blitzy/blitzy-kubernetes/blitzy5f91179c1/pkg/registry/apps/rest
[gosec] 2026/02/05 18:08:22 Checking package: sliceutils
[gosec] 2026/02/05 18:08:22 Checking file: /tmp/blitzy/blitzy-kubernetes/blitzy5f91179c1/pkg/kubelet/util/sliceutils/sliceutils.go
[gosec] 2026/02/05 18:08:22 Import directory: /tmp/blitzy/blitzy-kubernetes/blitzy5f91179c1/pkg/scheduler/framework/plugins/nodeaffinity
[gosec] 2026/02/05 18:08:23 Checking package: tokenreview
[gosec] 2026/02/05 18:08:23 Checking file: /tmp/blitzy/blitzy-kubernetes/blitzy5f91179c1/pkg/registry/authentication/tokenreview/storage.go
[gosec] 2026/02/05 18:08:23 Import directory: /tmp/blitzy/blitzy-kubernetes/blitzy5f91179c1/pkg/volume/git_repo
[gosec] 2026/02/05 18:08:23 Checking package: v1alpha1
[gosec] 2026/02/05 18:08:23 Checking file: /tmp/blitzy/blitzy-kubernetes/blitzy5f91179c1/pkg/controller/cronjob/config/v1alpha1/conversion.go
[gosec] 2026/02/05 18:08:23 Import directory: /tmp/blitzy/blitzy-kubernetes/blitzy5f91179c1/pkg/apis/discovery/v1
[gosec] 2026/02/05 18:08:23 Checking file: /tmp/blitzy/blitzy-kubernetes/blitzy5f91179c1/pkg/controller/cronjob/config/v1alpha1/defaults.go
[gosec] 2026/02/05 18:08:23 Checking file: /tmp/blitzy/blitzy-kubernetes/blitzy5f91179c1/pkg/controller/cronjob/config/v1alpha1/doc.go
[gosec] 2026/02/05 18:08:23 Checking file: /tmp/blitzy/blitzy-kubernetes/blitzy5f91179c1/pkg/controller/cronjob/config/v1alpha1/register.go
[gosec] 2026/02/05 18:08:23 Checking file: /tmp/blitzy/blitzy-kubernetes/blitzy5f91179c1/pkg/controller/cronjob/config/v1alpha1/zz_generated.conversion.go
[gosec] 2026/02/05 18:08:23 Checking file: /tmp/blitzy/blitzy-kubernetes/blitzy5f91179c1/pkg/controller/cronjob/config/v1alpha1/zz_generated.deepcopy.go
[gosec] 2026/02/05 18:08:23 Checking package: deployment
[gosec] 2026/02/05 18:08:23 Checking file: /tmp/blitzy/blitzy-kubernetes/blitzy5f91179c1/pkg/controller/deployment/deployment_controller.go
[gosec] 2026/02/05 18:08:23 Import directory: /tmp/blitzy/blitzy-kubernetes/blitzy5f91179c1/pkg/apis/admissionregistration/validation
[gosec] 2026/02/05 18:08:25 Checking file: /tmp/blitzy/blitzy-kubernetes/blitzy5f91179c1/pkg/controller/deployment/progress.go
[gosec] 2026/02/05 18:08:25 Checking file: /tmp/blitzy/blitzy-kubernetes/blitzy5f91179c1/pkg/controller/deployment/recreate.go
[gosec] 2026/02/05 18:08:26 Checking file: /tmp/blitzy/blitzy-kubernetes/blitzy5f91179c1/pkg/controller/deployment/rollback.go
[gosec] 2026/02/05 18:08:26 Checking file: /tmp/blitzy/blitzy-kubernetes/blitzy5f91179c1/pkg/controller/deployment/rolling.go
[gosec] 2026/02/05 18:08:26 Checking file: /tmp/blitzy/blitzy-kubernetes/blitzy5f91179c1/pkg/controller/deployment/sync.go
[gosec] 2026/02/05 18:08:28 Checking package: authentication
[gosec] 2026/02/05 18:08:28 Checking file: /tmp/blitzy/blitzy-kubernetes/blitzy5f91179c1/pkg/apis/authentication/doc.go
[gosec] 2026/02/05 18:08:28 Checking file: /tmp/blitzy/blitzy-kubernetes/blitzy5f91179c1/pkg/apis/authentication/register.go
[gosec] 2026/02/05 18:08:28 Import directory: /tmp/blitzy/blitzy-kubernetes/blitzy5f91179c1/pkg/controller/garbagecollector/metrics
[gosec] 2026/02/05 18:08:28 Checking file: /tmp/blitzy/blitzy-kubernetes/blitzy5f91179c1/pkg/apis/authentication/types.go
[gosec] 2026/02/05 18:08:28 Checking file: /tmp/blitzy/blitzy-kubernetes/blitzy5f91179c1/pkg/apis/authentication/zz_generated.deepcopy.go
[gosec] 2026/02/05 18:08:29 Checking package: config
[gosec] 2026/02/05 18:08:29 Checking file: /tmp/blitzy/blitzy-kubernetes/blitzy5f91179c1/pkg/controller/nodeipam/config/doc.go
[gosec] 2026/02/05 18:08:29 Import directory: /tmp/blitzy/blitzy-kubernetes/blitzy5f91179c1/pkg/controlplane/apiserver/samples/generic/server/testing
[gosec] 2026/02/05 18:08:29 Checking file: /tmp/blitzy/blitzy-kubernetes/blitzy5f91179c1/pkg/controller/nodeipam/config/types.go
[gosec] 2026/02/05 18:08:29 Checking file: /tmp/blitzy/blitzy-kubernetes/blitzy5f91179c1/pkg/controller/nodeipam/config/zz_generated.deepcopy.go
[gosec] 2026/02/05 18:08:29 Checking package: http
[gosec] 2026/02/05 18:08:29 Checking file: /tmp/blitzy/blitzy-kubernetes/blitzy5f91179c1/pkg/probe/http/http.go
[gosec] 2026/02/05 18:08:29 Import directory: /tmp/blitzy/blitzy-kubernetes/blitzy5f91179c1/pkg/kubelet/util
[gosec] 2026/02/05 18:08:29 Checking file: /tmp/blitzy/blitzy-kubernetes/blitzy5f91179c1/pkg/probe/http/request.go
[gosec] 2026/02/05 18:08:29 Checking package: v1
[gosec] 2026/02/05 18:08:29 Checking file: /tmp/blitzy/blitzy-kubernetes/blitzy5f91179c1/pkg/apis/discovery/v1/defaults.go
[gosec] 2026/02/05 18:08:29 Import directory: /tmp/blitzy/blitzy-kubernetes/blitzy5f91179c1/pkg/proxy/apis/config/fuzzer
[gosec] 2026/02/05 18:08:29 Checking file: /tmp/blitzy/blitzy-kubernetes/blitzy5f91179c1/pkg/apis/discovery/v1/doc.go
[gosec] 2026/02/05 18:08:29 Checking file: /tmp/blitzy/blitzy-kubernetes/blitzy5f91179c1/pkg/apis/discovery/v1/register.go
[gosec] 2026/02/05 18:08:29 Checking file: /tmp/blitzy/blitzy-kubernetes/blitzy5f91179c1/pkg/apis/discovery/v1/zz_generated.conversion.go
[gosec] 2026/02/05 18:08:31 Checking file: /tmp/blitzy/blitzy-kubernetes/blitzy5f91179c1/pkg/apis/discovery/v1/zz_generated.defaults.go
[gosec] 2026/02/05 18:08:31 Checking package: nodeaffinity
[gosec] 2026/02/05 18:08:31 Checking file: /tmp/blitzy/blitzy-kubernetes/blitzy5f91179c1/pkg/scheduler/framework/plugins/nodeaffinity/node_affinity.go
[gosec] 2026/02/05 18:08:31 Import directory: /tmp/blitzy/blitzy-kubernetes/blitzy5f91179c1/pkg/registry/coordination/lease/storage
[gosec] 2026/02/05 18:08:32 Checking package: git_repo
[gosec] 2026/02/05 18:08:32 Checking file: /tmp/blitzy/blitzy-kubernetes/blitzy5f91179c1/pkg/volume/git_repo/doc.go
[gosec] 2026/02/05 18:08:32 Import directory: /tmp/blitzy/blitzy-kubernetes/blitzy5f91179c1/pkg/volume/csi
[gosec] 2026/02/05 18:08:32 Checking file: /tmp/blitzy/blitzy-kubernetes/blitzy5f91179c1/pkg/volume/git_repo/git_repo.go
[gosec] 2026/02/05 18:08:33 Checking package: rest
[gosec] 2026/02/05 18:08:33 Checking file: /tmp/blitzy/blitzy-kubernetes/blitzy5f91179c1/pkg/registry/apps/rest/storage_apps.go
[gosec] 2026/02/05 18:08:33 Import directory: /tmp/blitzy/blitzy-kubernetes/blitzy5f91179c1/pkg/controller/resourcequota
[gosec] 2026/02/05 18:08:33 Checking package: validation
[gosec] 2026/02/05 18:08:33 Checking file: /tmp/blitzy/blitzy-kubernetes/blitzy5f91179c1/pkg/apis/admissionregistration/validation/validation.go
[gosec] 2026/02/05 18:08:33 Import directory: /tmp/blitzy/blitzy-kubernetes/blitzy5f91179c1/pkg/kubelet/certificate/bootstrap
[gosec] 2026/02/05 18:08:37 Checking package: metrics
[gosec] 2026/02/05 18:08:37 Checking file: /tmp/blitzy/blitzy-kubernetes/blitzy5f91179c1/pkg/controller/garbagecollector/metrics/metrics.go
[gosec] 2026/02/05 18:08:37 Import directory: /tmp/blitzy/blitzy-kubernetes/blitzy5f91179c1/pkg/kubelet/eviction
[gosec] 2026/02/05 18:08:38 Checking package: util
[gosec] 2026/02/05 18:08:38 Checking file: /tmp/blitzy/blitzy-kubernetes/blitzy5f91179c1/pkg/kubelet/util/boottime_util_linux.go
[gosec] 2026/02/05 18:08:38 Import directory: /tmp/blitzy/blitzy-kubernetes/blitzy5f91179c1/pkg/kubelet/pluginmanager/pluginwatcher
[gosec] 2026/02/05 18:08:38 Checking file: /tmp/blitzy/blitzy-kubernetes/blitzy5f91179c1/pkg/kubelet/util/doc.go
[gosec] 2026/02/05 18:08:38 Checking file: /tmp/blitzy/blitzy-kubernetes/blitzy5f91179c1/pkg/kubelet/util/node_startup_latency_tracker.go
[gosec] 2026/02/05 18:08:38 Checking file: /tmp/blitzy/blitzy-kubernetes/blitzy5f91179c1/pkg/kubelet/util/nodelease.go
[gosec] 2026/02/05 18:08:38 Checking file: /tmp/blitzy/blitzy-kubernetes/blitzy5f91179c1/pkg/kubelet/util/pod_startup_latency_tracker.go
[gosec] 2026/02/05 18:08:38 Checking file: /tmp/blitzy/blitzy-kubernetes/blitzy5f91179c1/pkg/kubelet/util/util.go
[gosec] 2026/02/05 18:08:39 Checking file: /tmp/blitzy/blitzy-kubernetes/blitzy5f91179c1/pkg/kubelet/util/util_linux.go
[gosec] 2026/02/05 18:08:39 Checking file: /tmp/blitzy/blitzy-kubernetes/blitzy5f91179c1/pkg/kubelet/util/util_unix.go
[gosec] 2026/02/05 18:08:39 Checking package: fuzzer
[gosec] 2026/02/05 18:08:39 Checking file: /tmp/blitzy/blitzy-kubernetes/blitzy5f91179c1/pkg/proxy/apis/config/fuzzer/fuzzer.go
[gosec] 2026/02/05 18:08:39 Import directory: /tmp/blitzy/blitzy-kubernetes/blitzy5f91179c1/pkg/api/pod
[gosec] 2026/02/05 18:08:39 Checking package: testing
[gosec] 2026/02/05 18:08:39 Checking file: /tmp/blitzy/blitzy-kubernetes/blitzy5f91179c1/pkg/controlplane/apiserver/samples/generic/server/testing/testserver.go
[gosec] 2026/02/05 18:08:39 Import directory: /tmp/blitzy/blitzy-kubernetes/blitzy5f91179c1/pkg/apis/batch/v1beta1
[gosec] 2026/02/05 18:08:39 Checking package: storage
[gosec] 2026/02/05 18:08:39 Checking file: /tmp/blitzy/blitzy-kubernetes/blitzy5f91179c1/pkg/registry/coordination/lease/storage/storage.go
[gosec] 2026/02/05 18:08:39 Import directory: /tmp/blitzy/blitzy-kubernetes/blitzy5f91179c1/pkg/apis/storage/fuzzer
[gosec] 2026/02/05 18:08:40 Checking package: csi
[gosec] 2026/02/05 18:08:40 Checking file: /tmp/blitzy/blitzy-kubernetes/blitzy5f91179c1/pkg/volume/csi/csi_attacher.go
[gosec] 2026/02/05 18:08:40 Import directory: /tmp/blitzy/blitzy-kubernetes/blitzy5f91179c1/pkg/controller/job/util
[gosec] 2026/02/05 18:08:41 Checking file: /tmp/blitzy/blitzy-kubernetes/blitzy5f91179c1/pkg/volume/csi/csi_block.go
[gosec] 2026/02/05 18:08:42 Checking file: /tmp/blitzy/blitzy-kubernetes/blitzy5f91179c1/pkg/volume/csi/csi_client.go
[gosec] 2026/02/05 18:08:44 Checking file: /tmp/blitzy/blitzy-kubernetes/blitzy5f91179c1/pkg/volume/csi/csi_drivers_store.go
[gosec] 2026/02/05 18:08:44 Checking file: /tmp/blitzy/blitzy-kubernetes/blitzy5f91179c1/pkg/volume/csi/csi_metrics.go
[gosec] 2026/02/05 18:08:45 Checking file: /tmp/blitzy/blitzy-kubernetes/blitzy5f91179c1/pkg/volume/csi/csi_mounter.go
[gosec] 2026/02/05 18:08:46 Checking file: /tmp/blitzy/blitzy-kubernetes/blitzy5f91179c1/pkg/volume/csi/csi_node_updater.go
[gosec] 2026/02/05 18:08:47 Checking file: /tmp/blitzy/blitzy-kubernetes/blitzy5f91179c1/pkg/volume/csi/csi_plugin.go
[gosec] 2026/02/05 18:08:49 Checking file: /tmp/blitzy/blitzy-kubernetes/blitzy5f91179c1/pkg/volume/csi/csi_util.go
[gosec] 2026/02/05 18:08:50 Checking file: /tmp/blitzy/blitzy-kubernetes/blitzy5f91179c1/pkg/volume/csi/expander.go
[gosec] 2026/02/05 18:08:50 Checking package: resourcequota
[gosec] 2026/02/05 18:08:50 Checking file: /tmp/blitzy/blitzy-kubernetes/blitzy5f91179c1/pkg/controller/resourcequota/doc.go
[gosec] 2026/02/05 18:08:50 Checking file: /tmp/blitzy/blitzy-kubernetes/blitzy5f91179c1/pkg/controller/resourcequota/resource_quota_controller.go
[gosec] 2026/02/05 18:08:50 Import directory: /tmp/blitzy/blitzy-kubernetes/blitzy5f91179c1/pkg/apis/batch/install
[gosec] 2026/02/05 18:08:51 Checking file: /tmp/blitzy/blitzy-kubernetes/blitzy5f91179c1/pkg/controller/resourcequota/resource_quota_monitor.go
[gosec] 2026/02/05 18:08:52 Checking package: bootstrap
[gosec] 2026/02/05 18:08:52 Checking file: /tmp/blitzy/blitzy-kubernetes/blitzy5f91179c1/pkg/kubelet/certificate/bootstrap/bootstrap.go
[gosec] 2026/02/05 18:08:52 Import directory: /tmp/blitzy/blitzy-kubernetes/blitzy5f91179c1/pkg/apis/core/helper/qos
[gosec] 2026/02/05 18:08:52 Checking package: pluginwatcher
[gosec] 2026/02/05 18:08:52 Checking file: /tmp/blitzy/blitzy-kubernetes/blitzy5f91179c1/pkg/kubelet/pluginmanager/pluginwatcher/example_handler.go
[gosec] 2026/02/05 18:08:52 Import directory: /tmp/blitzy/blitzy-kubernetes/blitzy5f91179c1/pkg/apis/scheduling/v1alpha1
[gosec] 2026/02/05 18:08:53 Checking file: /tmp/blitzy/blitzy-kubernetes/blitzy5f91179c1/pkg/kubelet/pluginmanager/pluginwatcher/example_plugin.go
[gosec] 2026/02/05 18:08:53 Checking file: /tmp/blitzy/blitzy-kubernetes/blitzy5f91179c1/pkg/kubelet/pluginmanager/pluginwatcher/plugin_watcher.go
[gosec] 2026/02/05 18:08:54 Checking file: /tmp/blitzy/blitzy-kubernetes/blitzy5f91179c1/pkg/kubelet/pluginmanager/pluginwatcher/plugin_watcher_others.go
[gosec] 2026/02/05 18:08:54 Checking package: eviction
[gosec] 2026/02/05 18:08:54 Checking file: /tmp/blitzy/blitzy-kubernetes/blitzy5f91179c1/pkg/kubelet/eviction/defaults_linux.go
[gosec] 2026/02/05 18:08:54 Checking file: /tmp/blitzy/blitzy-kubernetes/blitzy5f91179c1/pkg/kubelet/eviction/doc.go
[gosec] 2026/02/05 18:08:54 Import directory: /tmp/blitzy/blitzy-kubernetes/blitzy5f91179c1/pkg/kubelet/pluginmanager/pluginwatcher/example_plugin_apis/v1beta1
[gosec] 2026/02/05 18:08:54 Checking file: /tmp/blitzy/blitzy-kubernetes/blitzy5f91179c1/pkg/kubelet/eviction/eviction_manager.go
[gosec] 2026/02/05 18:08:55 Checking file: /tmp/blitzy/blitzy-kubernetes/blitzy5f91179c1/pkg/kubelet/eviction/helpers.go
[gosec] 2026/02/05 18:08:59 Checking file: /tmp/blitzy/blitzy-kubernetes/blitzy5f91179c1/pkg/kubelet/eviction/helpers_others.go
[gosec] 2026/02/05 18:08:59 Checking file: /tmp/blitzy/blitzy-kubernetes/blitzy5f91179c1/pkg/kubelet/eviction/memory_threshold_notifier.go
[gosec] 2026/02/05 18:08:59 Checking file: /tmp/blitzy/blitzy-kubernetes/blitzy5f91179c1/pkg/kubelet/eviction/memory_threshold_notifier_others.go
[gosec] 2026/02/05 18:08:59 Checking file: /tmp/blitzy/blitzy-kubernetes/blitzy5f91179c1/pkg/kubelet/eviction/threshold_notifier_linux.go
[gosec] 2026/02/05 18:09:00 Checking file: /tmp/blitzy/blitzy-kubernetes/blitzy5f91179c1/pkg/kubelet/eviction/types.go
[gosec] 2026/02/05 18:09:00 Checking package: pod
[gosec] 2026/02/05 18:09:00 Checking file: /tmp/blitzy/blitzy-kubernetes/blitzy5f91179c1/pkg/api/pod/util.go
[gosec] 2026/02/05 18:09:00 Import directory: /tmp/blitzy/blitzy-kubernetes/blitzy5f91179c1/pkg/controller/replicaset
[gosec] 2026/02/05 18:09:08 Checking file: /tmp/blitzy/blitzy-kubernetes/blitzy5f91179c1/pkg/api/pod/warnings.go
[gosec] 2026/02/05 18:09:09 Checking package: v1beta1
[gosec] 2026/02/05 18:09:09 Checking file: /tmp/blitzy/blitzy-kubernetes/blitzy5f91179c1/pkg/apis/batch/v1beta1/conversion.go
[gosec] 2026/02/05 18:09:09 Import directory: /tmp/blitzy/blitzy-kubernetes/blitzy5f91179c1/pkg/registry/apps/controllerrevision/storage
[gosec] 2026/02/05 18:09:09 Checking file: /tmp/blitzy/blitzy-kubernetes/blitzy5f91179c1/pkg/apis/batch/v1beta1/defaults.go
[gosec] 2026/02/05 18:09:09 Checking file: /tmp/blitzy/blitzy-kubernetes/blitzy5f91179c1/pkg/apis/batch/v1beta1/doc.go
[gosec] 2026/02/05 18:09:09 Checking file: /tmp/blitzy/blitzy-kubernetes/blitzy5f91179c1/pkg/apis/batch/v1beta1/register.go
[gosec] 2026/02/05 18:09:09 Checking file: /tmp/blitzy/blitzy-kubernetes/blitzy5f91179c1/pkg/apis/batch/v1beta1/zz_generated.conversion.go
[gosec] 2026/02/05 18:09:10 Checking file: /tmp/blitzy/blitzy-kubernetes/blitzy5f91179c1/pkg/apis/batch/v1beta1/zz_generated.defaults.go
[gosec] 2026/02/05 18:09:11 Checking package: fuzzer
[gosec] 2026/02/05 18:09:11 Checking file: /tmp/blitzy/blitzy-kubernetes/blitzy5f91179c1/pkg/apis/storage/fuzzer/fuzzer.go
[gosec] 2026/02/05 18:09:11 Import directory: /tmp/blitzy/blitzy-kubernetes/blitzy5f91179c1/pkg/registry/authorization/rest
[gosec] 2026/02/05 18:09:11 Checking package: util
[gosec] 2026/02/05 18:09:11 Checking file: /tmp/blitzy/blitzy-kubernetes/blitzy5f91179c1/pkg/controller/job/util/utils.go
[gosec] 2026/02/05 18:09:11 Import directory: /tmp/blitzy/blitzy-kubernetes/blitzy5f91179c1/pkg/registry/rbac/clusterrole
[gosec] 2026/02/05 18:09:11 Checking package: install
[gosec] 2026/02/05 18:09:11 Checking file: /tmp/blitzy/blitzy-kubernetes/blitzy5f91179c1/pkg/apis/batch/install/install.go
[gosec] 2026/02/05 18:09:11 Import directory: /tmp/blitzy/blitzy-kubernetes/blitzy5f91179c1/pkg/apis/networking
[gosec] 2026/02/05 18:09:11 Checking package: qos
[gosec] 2026/02/05 18:09:11 Checking file: /tmp/blitzy/blitzy-kubernetes/blitzy5f91179c1/pkg/apis/core/helper/qos/qos.go
[gosec] 2026/02/05 18:09:11 Import directory: /tmp/blitzy/blitzy-kubernetes/blitzy5f91179c1/pkg/controller/nodelifecycle
[gosec] 2026/02/05 18:09:12 Checking package: v1alpha1
[gosec] 2026/02/05 18:09:12 Checking file: /tmp/blitzy/blitzy-kubernetes/blitzy5f91179c1/pkg/apis/scheduling/v1alpha1/defaults.go
[gosec] 2026/02/05 18:09:12 Import directory: /tmp/blitzy/blitzy-kubernetes/blitzy5f91179c1/pkg/registry/authorization/subjectaccessreview
[gosec] 2026/02/05 18:09:12 Checking file: /tmp/blitzy/blitzy-kubernetes/blitzy5f91179c1/pkg/apis/scheduling/v1alpha1/doc.go
[gosec] 2026/02/05 18:09:12 Checking file: /tmp/blitzy/blitzy-kubernetes/blitzy5f91179c1/pkg/apis/scheduling/v1alpha1/register.go
[gosec] 2026/02/05 18:09:12 Checking file: /tmp/blitzy/blitzy-kubernetes/blitzy5f91179c1/pkg/apis/scheduling/v1alpha1/zz_generated.conversion.go
[gosec] 2026/02/05 18:09:14 Checking file: /tmp/blitzy/blitzy-kubernetes/blitzy5f91179c1/pkg/apis/scheduling/v1alpha1/zz_generated.defaults.go
[gosec] 2026/02/05 18:09:14 Checking package: v1beta1
[gosec] 2026/02/05 18:09:14 Checking file: /tmp/blitzy/blitzy-kubernetes/blitzy5f91179c1/pkg/kubelet/pluginmanager/pluginwatcher/example_plugin_apis/v1beta1/api.pb.go
[gosec] 2026/02/05 18:09:14 Import directory: /tmp/blitzy/blitzy-kubernetes/blitzy5f91179c1/pkg/scheduler/backend/heap
[gosec] 2026/02/05 18:09:14 Checking file: /tmp/blitzy/blitzy-kubernetes/blitzy5f91179c1/pkg/kubelet/pluginmanager/pluginwatcher/example_plugin_apis/v1beta1/api_grpc.pb.go
[gosec] 2026/02/05 18:09:14 Checking package: replicaset
[gosec] 2026/02/05 18:09:14 Checking file: /tmp/blitzy/blitzy-kubernetes/blitzy5f91179c1/pkg/controller/replicaset/doc.go
[gosec] 2026/02/05 18:09:14 Import directory: /tmp/blitzy/blitzy-kubernetes/blitzy5f91179c1/pkg/util/pod
[gosec] 2026/02/05 18:09:14 Checking file: /tmp/blitzy/blitzy-kubernetes/blitzy5f91179c1/pkg/controller/replicaset/replica_set.go
[gosec] 2026/02/05 18:09:16 Checking file: /tmp/blitzy/blitzy-kubernetes/blitzy5f91179c1/pkg/controller/replicaset/replica_set_utils.go
[gosec] 2026/02/05 18:09:16 Checking package: storage
[gosec] 2026/02/05 18:09:16 Checking file: /tmp/blitzy/blitzy-kubernetes/blitzy5f91179c1/pkg/registry/apps/controllerrevision/storage/storage.go
[gosec] 2026/02/05 18:09:16 Import directory: /tmp/blitzy/blitzy-kubernetes/blitzy5f91179c1/pkg/volume/csi/fake
[gosec] 2026/02/05 18:09:17 Checking package: clusterrole
[gosec] 2026/02/05 18:09:17 Checking file: /tmp/blitzy/blitzy-kubernetes/blitzy5f91179c1/pkg/registry/rbac/clusterrole/doc.go
[gosec] 2026/02/05 18:09:17 Import directory: /tmp/blitzy/blitzy-kubernetes/blitzy5f91179c1/pkg/proxy/apis
[gosec] 2026/02/05 18:09:17 Checking file: /tmp/blitzy/blitzy-kubernetes/blitzy5f91179c1/pkg/registry/rbac/clusterrole/registry.go
[gosec] 2026/02/05 18:09:17 Checking file: /tmp/blitzy/blitzy-kubernetes/blitzy5f91179c1/pkg/registry/rbac/clusterrole/strategy.go
[gosec] 2026/02/05 18:09:17 Checking package: networking
[gosec] 2026/02/05 18:09:17 Checking file: /tmp/blitzy/blitzy-kubernetes/blitzy5f91179c1/pkg/apis/networking/doc.go
[gosec] 2026/02/05 18:09:17 Import directory: /tmp/blitzy/blitzy-kubernetes/blitzy5f91179c1/pkg/registry/certificates/podcertificaterequest
[gosec] 2026/02/05 18:09:17 Checking file: /tmp/blitzy/blitzy-kubernetes/blitzy5f91179c1/pkg/apis/networking/register.go
[gosec] 2026/02/05 18:09:17 Checking file: /tmp/blitzy/blitzy-kubernetes/blitzy5f91179c1/pkg/apis/networking/types.go
[gosec] 2026/02/05 18:09:17 Checking file: /tmp/blitzy/blitzy-kubernetes/blitzy5f91179c1/pkg/apis/networking/zz_generated.deepcopy.go
[gosec] 2026/02/05 18:09:21 Checking package: nodelifecycle
[gosec] 2026/02/05 18:09:21 Checking file: /tmp/blitzy/blitzy-kubernetes/blitzy5f91179c1/pkg/controller/nodelifecycle/metrics.go
[gosec] 2026/02/05 18:09:21 Import directory: /tmp/blitzy/blitzy-kubernetes/blitzy5f91179c1/pkg/registry/rbac/clusterrolebinding/policybased
[gosec] 2026/02/05 18:09:22 Checking file: /tmp/blitzy/blitzy-kubernetes/blitzy5f91179c1/pkg/controller/nodelifecycle/node_lifecycle_controller.go
[gosec] 2026/02/05 18:09:24 Checking package: rest
[gosec] 2026/02/05 18:09:24 Checking file: /tmp/blitzy/blitzy-kubernetes/blitzy5f91179c1/pkg/registry/authorization/rest/storage_authorization.go
[gosec] 2026/02/05 18:09:24 Import directory: /tmp/blitzy/blitzy-kubernetes/blitzy5f91179c1/pkg/registry/rbac
[gosec] 2026/02/05 18:09:24 Checking package: subjectaccessreview
[gosec] 2026/02/05 18:09:24 Checking file: /tmp/blitzy/blitzy-kubernetes/blitzy5f91179c1/pkg/registry/authorization/subjectaccessreview/rest.go
[gosec] 2026/02/05 18:09:24 Import directory: /tmp/blitzy/blitzy-kubernetes/blitzy5f91179c1/pkg/scheduler/metrics/resources
[gosec] 2026/02/05 18:09:24 Checking package: heap
[gosec] 2026/02/05 18:09:24 Checking file: /tmp/blitzy/blitzy-kubernetes/blitzy5f91179c1/pkg/scheduler/backend/heap/heap.go
[gosec] 2026/02/05 18:09:24 Import directory: /tmp/blitzy/blitzy-kubernetes/blitzy5f91179c1/pkg/volume/validation
[gosec] 2026/02/05 18:09:25 Checking package: pod
[gosec] 2026/02/05 18:09:25 Checking file: /tmp/blitzy/blitzy-kubernetes/blitzy5f91179c1/pkg/util/pod/pod.go
[gosec] 2026/02/05 18:09:25 Import directory: /tmp/blitzy/blitzy-kubernetes/blitzy5f91179c1/pkg/proxy/ipvs/util/testing
[gosec] 2026/02/05 18:09:25 Checking package: fake
[gosec] 2026/02/05 18:09:25 Checking file: /tmp/blitzy/blitzy-kubernetes/blitzy5f91179c1/pkg/volume/csi/fake/fake_client.go
[gosec] 2026/02/05 18:09:25 Import directory: /tmp/blitzy/blitzy-kubernetes/blitzy5f91179c1/pkg/registry/apiserverinternal/rest
[gosec] 2026/02/05 18:09:27 Checking file: /tmp/blitzy/blitzy-kubernetes/blitzy5f91179c1/pkg/volume/csi/fake/fake_closer.go
[gosec] 2026/02/05 18:09:27 Checking package: apis
[gosec] 2026/02/05 18:09:27 Checking file: /tmp/blitzy/blitzy-kubernetes/blitzy5f91179c1/pkg/proxy/apis/well_known_labels.go
[gosec] 2026/02/05 18:09:27 Import directory: /tmp/blitzy/blitzy-kubernetes/blitzy5f91179c1/pkg/registry/core/persistentvolume/storage
[gosec] 2026/02/05 18:09:27 Checking package: podcertificaterequest
[gosec] 2026/02/05 18:09:27 Checking file: /tmp/blitzy/blitzy-kubernetes/blitzy5f91179c1/pkg/registry/certificates/podcertificaterequest/strategy.go
[gosec] 2026/02/05 18:09:27 Import directory: /tmp/blitzy/blitzy-kubernetes/blitzy5f91179c1/pkg/registry/rbac/rolebinding/policybased
[gosec] 2026/02/05 18:09:27 Checking package: policybased
[gosec] 2026/02/05 18:09:27 Checking file: /tmp/blitzy/blitzy-kubernetes/blitzy5f91179c1/pkg/registry/rbac/clusterrolebinding/policybased/storage.go
[gosec] 2026/02/05 18:09:27 Import directory: /tmp/blitzy/blitzy-kubernetes/blitzy5f91179c1/pkg/scheduler/framework/plugins/nodename
[gosec] 2026/02/05 18:09:28 Checking package: rbac
[gosec] 2026/02/05 18:09:28 Checking file: /tmp/blitzy/blitzy-kubernetes/blitzy5f91179c1/pkg/registry/rbac/escalation_check.go
[gosec] 2026/02/05 18:09:28 Import directory: /tmp/blitzy/blitzy-kubernetes/blitzy5f91179c1/pkg/scheduler/framework/plugins/nodevolumelimits
[gosec] 2026/02/05 18:09:28 Checking file: /tmp/blitzy/blitzy-kubernetes/blitzy5f91179c1/pkg/registry/rbac/helpers.go
[gosec] 2026/02/05 18:09:28 Checking package: resources
[gosec] 2026/02/05 18:09:28 Checking file: /tmp/blitzy/blitzy-kubernetes/blitzy5f91179c1/pkg/scheduler/metrics/resources/resources.go
[gosec] 2026/02/05 18:09:28 Import directory: /tmp/blitzy/blitzy-kubernetes/blitzy5f91179c1/pkg/apis/apiserverinternal/fuzzer
[gosec] 2026/02/05 18:09:28 Checking package: validation
[gosec] 2026/02/05 18:09:28 Checking file: /tmp/blitzy/blitzy-kubernetes/blitzy5f91179c1/pkg/volume/validation/pv_validation.go
[gosec] 2026/02/05 18:09:28 Import directory: /tmp/blitzy/blitzy-kubernetes/blitzy5f91179c1/pkg/apis/rbac/install
[gosec] 2026/02/05 18:09:29 Checking package: testing
[gosec] 2026/02/05 18:09:29 Checking file: /tmp/blitzy/blitzy-kubernetes/blitzy5f91179c1/pkg/proxy/ipvs/util/testing/doc.go
[gosec] 2026/02/05 18:09:29 Checking file: /tmp/blitzy/blitzy-kubernetes/blitzy5f91179c1/pkg/proxy/ipvs/util/testing/fake.go
[gosec] 2026/02/05 18:09:29 Import directory: /tmp/blitzy/blitzy-kubernetes/blitzy5f91179c1/pkg/controller/serviceaccount/config/v1alpha1
[gosec] 2026/02/05 18:09:29 Checking package: rest
[gosec] 2026/02/05 18:09:29 Checking file: /tmp/blitzy/blitzy-kubernetes/blitzy5f91179c1/pkg/registry/apiserverinternal/rest/storage.go
[gosec] 2026/02/05 18:09:29 Import directory: /tmp/blitzy/blitzy-kubernetes/blitzy5f91179c1/pkg/registry/policy/poddisruptionbudget/storage
[gosec] 2026/02/05 18:09:29 Checking package: policybased
[gosec] 2026/02/05 18:09:29 Checking file: /tmp/blitzy/blitzy-kubernetes/blitzy5f91179c1/pkg/registry/rbac/rolebinding/policybased/storage.go
[gosec] 2026/02/05 18:09:29 Import directory: /tmp/blitzy/blitzy-kubernetes/blitzy5f91179c1/pkg/scheduler/framework/plugins/volumebinding/metrics
[gosec] 2026/02/05 18:09:30 Checking package: storage
[gosec] 2026/02/05 18:09:30 Checking file: /tmp/blitzy/blitzy-kubernetes/blitzy5f91179c1/pkg/registry/core/persistentvolume/storage/storage.go
[gosec] 2026/02/05 18:09:30 Import directory: /tmp/blitzy/blitzy-kubernetes/blitzy5f91179c1/pkg/scheduler/framework/plugins/volumerestrictions
[gosec] 2026/02/05 18:09:30 Checking package: nodename
[gosec] 2026/02/05 18:09:30 Checking file: /tmp/blitzy/blitzy-kubernetes/blitzy5f91179c1/pkg/scheduler/framework/plugins/nodename/node_name.go
[gosec] 2026/02/05 18:09:30 Import directory: /tmp/blitzy/blitzy-kubernetes/blitzy5f91179c1/pkg/apis/discovery/validation
[gosec] 2026/02/05 18:09:31 Checking package: fuzzer
[gosec] 2026/02/05 18:09:31 Checking file: /tmp/blitzy/blitzy-kubernetes/blitzy5f91179c1/pkg/apis/apiserverinternal/fuzzer/fuzzer.go
[gosec] 2026/02/05 18:09:31 Import directory: /tmp/blitzy/blitzy-kubernetes/blitzy5f91179c1/pkg/controlplane/storageversionhashdata
[gosec] 2026/02/05 18:09:31 Checking package: nodevolumelimits
[gosec] 2026/02/05 18:09:31 Checking file: /tmp/blitzy/blitzy-kubernetes/blitzy5f91179c1/pkg/scheduler/framework/plugins/nodevolumelimits/csi.go
[gosec] 2026/02/05 18:09:31 Import directory: /tmp/blitzy/blitzy-kubernetes/blitzy5f91179c1/pkg/registry/batch/rest
[gosec] 2026/02/05 18:09:32 Checking file: /tmp/blitzy/blitzy-kubernetes/blitzy5f91179c1/pkg/scheduler/framework/plugins/nodevolumelimits/csi_manager.go
[gosec] 2026/02/05 18:09:33 Checking file: /tmp/blitzy/blitzy-kubernetes/blitzy5f91179c1/pkg/scheduler/framework/plugins/nodevolumelimits/utils.go
[gosec] 2026/02/05 18:09:33 Checking package: install
[gosec] 2026/02/05 18:09:33 Checking file: /tmp/blitzy/blitzy-kubernetes/blitzy5f91179c1/pkg/apis/rbac/install/install.go
[gosec] 2026/02/05 18:09:33 Import directory: /tmp/blitzy/blitzy-kubernetes/blitzy5f91179c1/pkg/scheduler/framework/plugins/names
[gosec] 2026/02/05 18:09:33 Checking package: v1alpha1
[gosec] 2026/02/05 18:09:33 Checking file: /tmp/blitzy/blitzy-kubernetes/blitzy5f91179c1/pkg/controller/serviceaccount/config/v1alpha1/conversion.go
[gosec] 2026/02/05 18:09:33 Import directory: /tmp/blitzy/blitzy-kubernetes/blitzy5f91179c1/pkg/apis/rbac
[gosec] 2026/02/05 18:09:33 Checking file: /tmp/blitzy/blitzy-kubernetes/blitzy5f91179c1/pkg/controller/serviceaccount/config/v1alpha1/defaults.go
[gosec] 2026/02/05 18:09:33 Checking file: /tmp/blitzy/blitzy-kubernetes/blitzy5f91179c1/pkg/controller/serviceaccount/config/v1alpha1/doc.go
[gosec] 2026/02/05 18:09:33 Checking file: /tmp/blitzy/blitzy-kubernetes/blitzy5f91179c1/pkg/controller/serviceaccount/config/v1alpha1/register.go
[gosec] 2026/02/05 18:09:33 Checking file: /tmp/blitzy/blitzy-kubernetes/blitzy5f91179c1/pkg/controller/serviceaccount/config/v1alpha1/zz_generated.conversion.go
[gosec] 2026/02/05 18:09:33 Checking file: /tmp/blitzy/blitzy-kubernetes/blitzy5f91179c1/pkg/controller/serviceaccount/config/v1alpha1/zz_generated.deepcopy.go
[gosec] 2026/02/05 18:09:33 Checking package: metrics
[gosec] 2026/02/05 18:09:33 Checking file: /tmp/blitzy/blitzy-kubernetes/blitzy5f91179c1/pkg/scheduler/framework/plugins/volumebinding/metrics/metrics.go
[gosec] 2026/02/05 18:09:33 Import directory: /tmp/blitzy/blitzy-kubernetes/blitzy5f91179c1/pkg/apis/resource/install
[gosec] 2026/02/05 18:09:33 Checking package: storage
[gosec] 2026/02/05 18:09:33 Checking file: /tmp/blitzy/blitzy-kubernetes/blitzy5f91179c1/pkg/registry/policy/poddisruptionbudget/storage/storage.go
[gosec] 2026/02/05 18:09:33 Import directory: /tmp/blitzy/blitzy-kubernetes/blitzy5f91179c1/pkg/kubelet/pod
[gosec] 2026/02/05 18:09:34 Checking package: validation
[gosec] 2026/02/05 18:09:34 Checking file: /tmp/blitzy/blitzy-kubernetes/blitzy5f91179c1/pkg/apis/discovery/validation/validation.go
[gosec] 2026/02/05 18:09:34 Import directory: /tmp/blitzy/blitzy-kubernetes/blitzy5f91179c1/pkg/proxy/ipvs/ipset/testing
[gosec] 2026/02/05 18:09:34 Checking package: volumerestrictions
[gosec] 2026/02/05 18:09:34 Checking file: /tmp/blitzy/blitzy-kubernetes/blitzy5f91179c1/pkg/scheduler/framework/plugins/volumerestrictions/volume_restrictions.go
[gosec] 2026/02/05 18:09:34 Import directory: /tmp/blitzy/blitzy-kubernetes/blitzy5f91179c1/pkg/registry/scheduling/rest
[gosec] 2026/02/05 18:09:35 Checking package: storageversionhashdata
[gosec] 2026/02/05 18:09:35 Checking file: /tmp/blitzy/blitzy-kubernetes/blitzy5f91179c1/pkg/controlplane/storageversionhashdata/data.go
[gosec] 2026/02/05 18:09:35 Import directory: /tmp/blitzy/blitzy-kubernetes/blitzy5f91179c1/pkg/apis/authorization/v1beta1
[gosec] 2026/02/05 18:09:35 Checking package: rest
[gosec] 2026/02/05 18:09:35 Checking file: /tmp/blitzy/blitzy-kubernetes/blitzy5f91179c1/pkg/registry/batch/rest/storage_batch.go
[gosec] 2026/02/05 18:09:35 Import directory: /tmp/blitzy/blitzy-kubernetes/blitzy5f91179c1/pkg/apis/core/v1/helper/qos
[gosec] 2026/02/05 18:09:36 Checking package: names
[gosec] 2026/02/05 18:09:36 Checking file: /tmp/blitzy/blitzy-kubernetes/blitzy5f91179c1/pkg/scheduler/framework/plugins/names/names.go
[gosec] 2026/02/05 18:09:36 Import directory: /tmp/blitzy/blitzy-kubernetes/blitzy5f91179c1/pkg/proxy/nftables
[gosec] 2026/02/05 18:09:36 Checking package: rbac
[gosec] 2026/02/05 18:09:36 Checking file: /tmp/blitzy/blitzy-kubernetes/blitzy5f91179c1/pkg/apis/rbac/doc.go
[gosec] 2026/02/05 18:09:36 Checking file: /tmp/blitzy/blitzy-kubernetes/blitzy5f91179c1/pkg/apis/rbac/helpers.go
[gosec] 2026/02/05 18:09:36 Import directory: /tmp/blitzy/blitzy-kubernetes/blitzy5f91179c1/pkg/registry/apiserverinternal/storageversion
[gosec] 2026/02/05 18:09:37 Checking file: /tmp/blitzy/blitzy-kubernetes/blitzy5f91179c1/pkg/apis/rbac/register.go
[gosec] 2026/02/05 18:09:37 Checking file: /tmp/blitzy/blitzy-kubernetes/blitzy5f91179c1/pkg/apis/rbac/types.go
[gosec] 2026/02/05 18:09:37 Checking file: /tmp/blitzy/blitzy-kubernetes/blitzy5f91179c1/pkg/apis/rbac/zz_generated.deepcopy.go
[gosec] 2026/02/05 18:09:39 Checking package: install
[gosec] 2026/02/05 18:09:39 Checking file: /tmp/blitzy/blitzy-kubernetes/blitzy5f91179c1/pkg/apis/resource/install/install.go
[gosec] 2026/02/05 18:09:39 Import directory: /tmp/blitzy/blitzy-kubernetes/blitzy5f91179c1/pkg/registry/authentication/rest
[gosec] 2026/02/05 18:09:39 Checking package: testing
[gosec] 2026/02/05 18:09:39 Checking file: /tmp/blitzy/blitzy-kubernetes/blitzy5f91179c1/pkg/proxy/ipvs/ipset/testing/doc.go
[gosec] 2026/02/05 18:09:39 Checking file: /tmp/blitzy/blitzy-kubernetes/blitzy5f91179c1/pkg/proxy/ipvs/ipset/testing/fake.go
[gosec] 2026/02/05 18:09:39 Import directory: /tmp/blitzy/blitzy-kubernetes/blitzy5f91179c1/pkg/registry/storage/csidriver/storage
[gosec] 2026/02/05 18:09:39 Checking package: pod
[gosec] 2026/02/05 18:09:39 Checking file: /tmp/blitzy/blitzy-kubernetes/blitzy5f91179c1/pkg/kubelet/pod/mirror_client.go
[gosec] 2026/02/05 18:09:39 Import directory: /tmp/blitzy/blitzy-kubernetes/blitzy5f91179c1/pkg/volume/iscsi
[gosec] 2026/02/05 18:09:40 Checking file: /tmp/blitzy/blitzy-kubernetes/blitzy5f91179c1/pkg/kubelet/pod/pod_manager.go
[gosec] 2026/02/05 18:09:40 Checking package: rest
[gosec] 2026/02/05 18:09:40 Checking file: /tmp/blitzy/blitzy-kubernetes/blitzy5f91179c1/pkg/registry/scheduling/rest/storage_scheduling.go
[gosec] 2026/02/05 18:09:40 Import directory: /tmp/blitzy/blitzy-kubernetes/blitzy5f91179c1/pkg/registry/discovery/rest
[gosec] 2026/02/05 18:09:40 Checking package: v1beta1
[gosec] 2026/02/05 18:09:40 Checking file: /tmp/blitzy/blitzy-kubernetes/blitzy5f91179c1/pkg/apis/authorization/v1beta1/defaults.go
[gosec] 2026/02/05 18:09:40 Import directory: /tmp/blitzy/blitzy-kubernetes/blitzy5f91179c1/pkg/volume/configmap
[gosec] 2026/02/05 18:09:40 Checking file: /tmp/blitzy/blitzy-kubernetes/blitzy5f91179c1/pkg/apis/authorization/v1beta1/doc.go
[gosec] 2026/02/05 18:09:40 Checking file: /tmp/blitzy/blitzy-kubernetes/blitzy5f91179c1/pkg/apis/authorization/v1beta1/register.go
[gosec] 2026/02/05 18:09:40 Checking file: /tmp/blitzy/blitzy-kubernetes/blitzy5f91179c1/pkg/apis/authorization/v1beta1/zz_generated.conversion.go
[gosec] 2026/02/05 18:09:43 Checking file: /tmp/blitzy/blitzy-kubernetes/blitzy5f91179c1/pkg/apis/authorization/v1beta1/zz_generated.defaults.go
[gosec] 2026/02/05 18:09:44 Checking package: qos
[gosec] 2026/02/05 18:09:44 Checking file: /tmp/blitzy/blitzy-kubernetes/blitzy5f91179c1/pkg/apis/core/v1/helper/qos/qos.go
[gosec] 2026/02/05 18:09:44 Import directory: /tmp/blitzy/blitzy-kubernetes/blitzy5f91179c1/pkg/apis/authorization/fuzzer
[gosec] 2026/02/05 18:09:44 Checking package: storageversion
[gosec] 2026/02/05 18:09:44 Checking file: /tmp/blitzy/blitzy-kubernetes/blitzy5f91179c1/pkg/registry/apiserverinternal/storageversion/doc.go
[gosec] 2026/02/05 18:09:44 Checking file: /tmp/blitzy/blitzy-kubernetes/blitzy5f91179c1/pkg/registry/apiserverinternal/storageversion/strategy.go
[gosec] 2026/02/05 18:09:44 Import directory: /tmp/blitzy/blitzy-kubernetes/blitzy5f91179c1/pkg/apis/node
[gosec] 2026/02/05 18:09:44 Checking package: nftables
[gosec] 2026/02/05 18:09:44 Checking file: /tmp/blitzy/blitzy-kubernetes/blitzy5f91179c1/pkg/proxy/nftables/doc.go
[gosec] 2026/02/05 18:09:44 Checking file: /tmp/blitzy/blitzy-kubernetes/blitzy5f91179c1/pkg/proxy/nftables/proxier.go
[gosec] 2026/02/05 18:09:44 Import directory: /tmp/blitzy/blitzy-kubernetes/blitzy5f91179c1/pkg/controller/endpoint
[gosec] 2026/02/05 18:09:47 Checking package: storage
[gosec] 2026/02/05 18:09:47 Checking file: /tmp/blitzy/blitzy-kubernetes/blitzy5f91179c1/pkg/registry/storage/csidriver/storage/storage.go
[gosec] 2026/02/05 18:09:47 Import directory: /tmp/blitzy/blitzy-kubernetes/blitzy5f91179c1/pkg/kubelet/apis/podresources
[gosec] 2026/02/05 18:09:47 Checking package: rest
[gosec] 2026/02/05 18:09:47 Checking file: /tmp/blitzy/blitzy-kubernetes/blitzy5f91179c1/pkg/registry/authentication/rest/storage_authentication.go
[gosec] 2026/02/05 18:09:47 Import directory: /tmp/blitzy/blitzy-kubernetes/blitzy5f91179c1/pkg/kubelet/events
[gosec] 2026/02/05 18:09:47 Checking package: iscsi
[gosec] 2026/02/05 18:09:47 Checking file: /tmp/blitzy/blitzy-kubernetes/blitzy5f91179c1/pkg/volume/iscsi/attacher.go
[gosec] 2026/02/05 18:09:47 Import directory: /tmp/blitzy/blitzy-kubernetes/blitzy5f91179c1/pkg/registry/core/podtemplate/storage
[gosec] 2026/02/05 18:09:48 Checking file: /tmp/blitzy/blitzy-kubernetes/blitzy5f91179c1/pkg/volume/iscsi/disk_manager.go
[gosec] 2026/02/05 18:09:48 Checking file: /tmp/blitzy/blitzy-kubernetes/blitzy5f91179c1/pkg/volume/iscsi/doc.go
[gosec] 2026/02/05 18:09:48 Checking file: /tmp/blitzy/blitzy-kubernetes/blitzy5f91179c1/pkg/volume/iscsi/iscsi.go
[gosec] 2026/02/05 18:09:50 Checking file: /tmp/blitzy/blitzy-kubernetes/blitzy5f91179c1/pkg/volume/iscsi/iscsi_util.go
[gosec] 2026/02/05 18:09:53 Checking package: rest
[gosec] 2026/02/05 18:09:53 Checking file: /tmp/blitzy/blitzy-kubernetes/blitzy5f91179c1/pkg/registry/discovery/rest/storage_discovery.go
[gosec] 2026/02/05 18:09:53 Import directory: /tmp/blitzy/blitzy-kubernetes/blitzy5f91179c1/pkg/registry/core/serviceaccount
[gosec] 2026/02/05 18:09:53 Checking package: configmap
[gosec] 2026/02/05 18:09:53 Checking file: /tmp/blitzy/blitzy-kubernetes/blitzy5f91179c1/pkg/volume/configmap/configmap.go
[gosec] 2026/02/05 18:09:53 Import directory: /tmp/blitzy/blitzy-kubernetes/blitzy5f91179c1/pkg/apis/apidiscovery/v2
[gosec] 2026/02/05 18:09:54 Checking file: /tmp/blitzy/blitzy-kubernetes/blitzy5f91179c1/pkg/volume/configmap/doc.go
[gosec] 2026/02/05 18:09:54 Checking package: fuzzer
[gosec] 2026/02/05 18:09:54 Checking file: /tmp/blitzy/blitzy-kubernetes/blitzy5f91179c1/pkg/apis/authorization/fuzzer/fuzzer.go
[gosec] 2026/02/05 18:09:54 Import directory: /tmp/blitzy/blitzy-kubernetes/blitzy5f91179c1/pkg/apis/authentication/v1
[gosec] 2026/02/05 18:09:54 Checking package: node
[gosec] 2026/02/05 18:09:54 Checking file: /tmp/blitzy/blitzy-kubernetes/blitzy5f91179c1/pkg/apis/node/doc.go
[gosec] 2026/02/05 18:09:54 Checking file: /tmp/blitzy/blitzy-kubernetes/blitzy5f91179c1/pkg/apis/node/register.go
[gosec] 2026/02/05 18:09:54 Import directory: /tmp/blitzy/blitzy-kubernetes/blitzy5f91179c1/pkg/apis/storagemigration/v1beta1
[gosec] 2026/02/05 18:09:54 Checking file: /tmp/blitzy/blitzy-kubernetes/blitzy5f91179c1/pkg/apis/node/types.go
[gosec] 2026/02/05 18:09:54 Checking file: /tmp/blitzy/blitzy-kubernetes/blitzy5f91179c1/pkg/apis/node/zz_generated.deepcopy.go
[gosec] 2026/02/05 18:09:55 Checking package: endpoint
[gosec] 2026/02/05 18:09:55 Checking file: /tmp/blitzy/blitzy-kubernetes/blitzy5f91179c1/pkg/controller/endpoint/doc.go
[gosec] 2026/02/05 18:09:55 Checking file: /tmp/blitzy/blitzy-kubernetes/blitzy5f91179c1/pkg/controller/endpoint/endpoints_controller.go
[gosec] 2026/02/05 18:09:55 Import directory: /tmp/blitzy/blitzy-kubernetes/blitzy5f91179c1/pkg/controller/namespace/deletion
[gosec] 2026/02/05 18:09:56 Checking file: /tmp/blitzy/blitzy-kubernetes/blitzy5f91179c1/pkg/controller/endpoint/endpoints_tracker.go
[gosec] 2026/02/05 18:09:56 Checking package: podresources
[gosec] 2026/02/05 18:09:56 Checking file: /tmp/blitzy/blitzy-kubernetes/blitzy5f91179c1/pkg/kubelet/apis/podresources/client.go
[gosec] 2026/02/05 18:09:56 Import directory: /tmp/blitzy/blitzy-kubernetes/blitzy5f91179c1/pkg/kubelet/qos
[gosec] 2026/02/05 18:09:56 Checking file: /tmp/blitzy/blitzy-kubernetes/blitzy5f91179c1/pkg/kubelet/apis/podresources/constants.go
[gosec] 2026/02/05 18:09:56 Checking file: /tmp/blitzy/blitzy-kubernetes/blitzy5f91179c1/pkg/kubelet/apis/podresources/server_v1.go
[gosec] 2026/02/05 18:09:57 Checking file: /tmp/blitzy/blitzy-kubernetes/blitzy5f91179c1/pkg/kubelet/apis/podresources/server_v1alpha1.go
[gosec] 2026/02/05 18:09:57 Checking file: /tmp/blitzy/blitzy-kubernetes/blitzy5f91179c1/pkg/kubelet/apis/podresources/types.go
[gosec] 2026/02/05 18:09:57 Checking package: events
[gosec] 2026/02/05 18:09:57 Checking file: /tmp/blitzy/blitzy-kubernetes/blitzy5f91179c1/pkg/kubelet/events/event.go
[gosec] 2026/02/05 18:09:57 Import directory: /tmp/blitzy/blitzy-kubernetes/blitzy5f91179c1/pkg/registry/core/serviceaccount/storage
[gosec] 2026/02/05 18:09:57 Checking file: /tmp/blitzy/blitzy-kubernetes/blitzy5f91179c1/pkg/kubelet/events/resize.go
[gosec] 2026/02/05 18:09:57 Checking package: storage
[gosec] 2026/02/05 18:09:57 Checking file: /tmp/blitzy/blitzy-kubernetes/blitzy5f91179c1/pkg/registry/core/podtemplate/storage/storage.go
[gosec] 2026/02/05 18:09:57 Import directory: /tmp/blitzy/blitzy-kubernetes/blitzy5f91179c1/pkg/registry/flowcontrol/flowschema/storage
[gosec] 2026/02/05 18:09:57 Checking package: v2
[gosec] 2026/02/05 18:09:57 Checking file: /tmp/blitzy/blitzy-kubernetes/blitzy5f91179c1/pkg/apis/apidiscovery/v2/doc.go
[gosec] 2026/02/05 18:09:57 Checking file: /tmp/blitzy/blitzy-kubernetes/blitzy5f91179c1/pkg/apis/apidiscovery/v2/register.go
[gosec] 2026/02/05 18:09:57 Import directory: /tmp/blitzy/blitzy-kubernetes/blitzy5f91179c1/pkg/scheduler/framework/plugins/defaultbinder
[gosec] 2026/02/05 18:09:57 Checking file: /tmp/blitzy/blitzy-kubernetes/blitzy5f91179c1/pkg/apis/apidiscovery/v2/zz_generated.conversion.go
[gosec] 2026/02/05 18:09:58 Checking file: /tmp/blitzy/blitzy-kubernetes/blitzy5f91179c1/pkg/apis/apidiscovery/v2/zz_generated.defaults.go
[gosec] 2026/02/05 18:09:58 Checking package: serviceaccount
[gosec] 2026/02/05 18:09:58 Checking file: /tmp/blitzy/blitzy-kubernetes/blitzy5f91179c1/pkg/registry/core/serviceaccount/doc.go
[gosec] 2026/02/05 18:09:58 Checking file: /tmp/blitzy/blitzy-kubernetes/blitzy5f91179c1/pkg/registry/core/serviceaccount/strategy.go
[gosec] 2026/02/05 18:09:58 Import directory: /tmp/blitzy/blitzy-kubernetes/blitzy5f91179c1/pkg/apis/apidiscovery/v2beta1
[gosec] 2026/02/05 18:09:59 Checking package: v1
[gosec] 2026/02/05 18:09:59 Checking file: /tmp/blitzy/blitzy-kubernetes/blitzy5f91179c1/pkg/apis/authentication/v1/conversion.go
[gosec] 2026/02/05 18:09:59 Import directory: /tmp/blitzy/blitzy-kubernetes/blitzy5f91179c1/pkg/controller/garbagecollector/config/v1alpha1
[gosec] 2026/02/05 18:09:59 Checking file: /tmp/blitzy/blitzy-kubernetes/blitzy5f91179c1/pkg/apis/authentication/v1/defaults.go
[gosec] 2026/02/05 18:09:59 Checking file: /tmp/blitzy/blitzy-kubernetes/blitzy5f91179c1/pkg/apis/authentication/v1/doc.go
[gosec] 2026/02/05 18:09:59 Checking file: /tmp/blitzy/blitzy-kubernetes/blitzy5f91179c1/pkg/apis/authentication/v1/register.go
[gosec] 2026/02/05 18:09:59 Checking file: /tmp/blitzy/blitzy-kubernetes/blitzy5f91179c1/pkg/apis/authentication/v1/zz_generated.conversion.go
[gosec] 2026/02/05 18:10:01 Checking file: /tmp/blitzy/blitzy-kubernetes/blitzy5f91179c1/pkg/apis/authentication/v1/zz_generated.defaults.go
[gosec] 2026/02/05 18:10:01 Checking package: v1beta1
[gosec] 2026/02/05 18:10:01 Checking file: /tmp/blitzy/blitzy-kubernetes/blitzy5f91179c1/pkg/apis/storagemigration/v1beta1/doc.go
[gosec] 2026/02/05 18:10:01 Checking file: /tmp/blitzy/blitzy-kubernetes/blitzy5f91179c1/pkg/apis/storagemigration/v1beta1/register.go
[gosec] 2026/02/05 18:10:01 Import directory: /tmp/blitzy/blitzy-kubernetes/blitzy5f91179c1/pkg/controller/statefulset/config/v1alpha1
[gosec] 2026/02/05 18:10:01 Checking file: /tmp/blitzy/blitzy-kubernetes/blitzy5f91179c1/pkg/apis/storagemigration/v1beta1/zz_generated.conversion.go
[gosec] 2026/02/05 18:10:02 Checking file: /tmp/blitzy/blitzy-kubernetes/blitzy5f91179c1/pkg/apis/storagemigration/v1beta1/zz_generated.defaults.go
[gosec] 2026/02/05 18:10:02 Checking package: deletion
[gosec] 2026/02/05 18:10:02 Checking file: /tmp/blitzy/blitzy-kubernetes/blitzy5f91179c1/pkg/controller/namespace/deletion/namespaced_resources_deleter.go
[gosec] 2026/02/05 18:10:02 Import directory: /tmp/blitzy/blitzy-kubernetes/blitzy5f91179c1/pkg/controller/volume/ephemeral/config
[gosec] 2026/02/05 18:10:03 Checking file: /tmp/blitzy/blitzy-kubernetes/blitzy5f91179c1/pkg/controller/namespace/deletion/status_condition_utils.go
[gosec] 2026/02/05 18:10:04 Checking package: qos
[gosec] 2026/02/05 18:10:04 Checking file: /tmp/blitzy/blitzy-kubernetes/blitzy5f91179c1/pkg/kubelet/qos/doc.go
[gosec] 2026/02/05 18:10:04 Checking file: /tmp/blitzy/blitzy-kubernetes/blitzy5f91179c1/pkg/kubelet/qos/helpers.go
[gosec] 2026/02/05 18:10:04 Import directory: /tmp/blitzy/blitzy-kubernetes/blitzy5f91179c1/pkg/kubelet/cm/dra/state
[gosec] 2026/02/05 18:10:04 Checking file: /tmp/blitzy/blitzy-kubernetes/blitzy5f91179c1/pkg/kubelet/qos/policy.go
[gosec] 2026/02/05 18:10:04 Checking package: storage
[gosec] 2026/02/05 18:10:04 Checking file: /tmp/blitzy/blitzy-kubernetes/blitzy5f91179c1/pkg/registry/core/serviceaccount/storage/storage.go
[gosec] 2026/02/05 18:10:04 Import directory: /tmp/blitzy/blitzy-kubernetes/blitzy5f91179c1/pkg/kubelet/kubeletconfig/util/test
[gosec] 2026/02/05 18:10:04 Checking file: /tmp/blitzy/blitzy-kubernetes/blitzy5f91179c1/pkg/registry/core/serviceaccount/storage/token.go
[gosec] 2026/02/05 18:10:05 Checking package: storage
[gosec] 2026/02/05 18:10:05 Checking file: /tmp/blitzy/blitzy-kubernetes/blitzy5f91179c1/pkg/registry/flowcontrol/flowschema/storage/storage.go
[gosec] 2026/02/05 18:10:05 Import directory: /tmp/blitzy/blitzy-kubernetes/blitzy5f91179c1/pkg/kubelet/secret
[gosec] 2026/02/05 18:10:05 Checking package: defaultbinder
[gosec] 2026/02/05 18:10:05 Checking file: /tmp/blitzy/blitzy-kubernetes/blitzy5f91179c1/pkg/scheduler/framework/plugins/defaultbinder/default_binder.go
[gosec] 2026/02/05 18:10:05 Import directory: /tmp/blitzy/blitzy-kubernetes/blitzy5f91179c1/pkg/proxy/apis/config/v1alpha1
[gosec] 2026/02/05 18:10:05 Checking package: v2beta1
[gosec] 2026/02/05 18:10:05 Checking file: /tmp/blitzy/blitzy-kubernetes/blitzy5f91179c1/pkg/apis/apidiscovery/v2beta1/doc.go
[gosec] 2026/02/05 18:10:05 Import directory: /tmp/blitzy/blitzy-kubernetes/blitzy5f91179c1/pkg/api/v1/pod
[gosec] 2026/02/05 18:10:05 Checking file: /tmp/blitzy/blitzy-kubernetes/blitzy5f91179c1/pkg/apis/apidiscovery/v2beta1/register.go
[gosec] 2026/02/05 18:10:05 Checking file: /tmp/blitzy/blitzy-kubernetes/blitzy5f91179c1/pkg/apis/apidiscovery/v2beta1/zz_generated.conversion.go
[gosec] 2026/02/05 18:10:06 Checking file: /tmp/blitzy/blitzy-kubernetes/blitzy5f91179c1/pkg/apis/apidiscovery/v2beta1/zz_generated.defaults.go
[gosec] 2026/02/05 18:10:06 Checking package: v1alpha1
[gosec] 2026/02/05 18:10:06 Checking file: /tmp/blitzy/blitzy-kubernetes/blitzy5f91179c1/pkg/controller/garbagecollector/config/v1alpha1/conversion.go
[gosec] 2026/02/05 18:10:06 Import directory: /tmp/blitzy/blitzy-kubernetes/blitzy5f91179c1/pkg/apis/rbac/v1
[gosec] 2026/02/05 18:10:07 Checking file: /tmp/blitzy/blitzy-kubernetes/blitzy5f91179c1/pkg/controller/garbagecollector/config/v1alpha1/defaults.go
[gosec] 2026/02/05 18:10:07 Checking file: /tmp/blitzy/blitzy-kubernetes/blitzy5f91179c1/pkg/controller/garbagecollector/config/v1alpha1/doc.go
[gosec] 2026/02/05 18:10:07 Checking file: /tmp/blitzy/blitzy-kubernetes/blitzy5f91179c1/pkg/controller/garbagecollector/config/v1alpha1/register.go
[gosec] 2026/02/05 18:10:07 Checking file: /tmp/blitzy/blitzy-kubernetes/blitzy5f91179c1/pkg/controller/garbagecollector/config/v1alpha1/zz_generated.conversion.go
[gosec] 2026/02/05 18:10:07 Checking file: /tmp/blitzy/blitzy-kubernetes/blitzy5f91179c1/pkg/controller/garbagecollector/config/v1alpha1/zz_generated.deepcopy.go
[gosec] 2026/02/05 18:10:07 Checking package: v1alpha1
[gosec] 2026/02/05 18:10:07 Checking file: /tmp/blitzy/blitzy-kubernetes/blitzy5f91179c1/pkg/controller/statefulset/config/v1alpha1/conversion.go
[gosec] 2026/02/05 18:10:07 Import directory: /tmp/blitzy/blitzy-kubernetes/blitzy5f91179c1/pkg/controller/tainteviction
[gosec] 2026/02/05 18:10:07 Checking file: /tmp/blitzy/blitzy-kubernetes/blitzy5f91179c1/pkg/controller/statefulset/config/v1alpha1/defaults.go
[gosec] 2026/02/05 18:10:07 Checking file: /tmp/blitzy/blitzy-kubernetes/blitzy5f91179c1/pkg/controller/statefulset/config/v1alpha1/doc.go
[gosec] 2026/02/05 18:10:07 Checking file: /tmp/blitzy/blitzy-kubernetes/blitzy5f91179c1/pkg/controller/statefulset/config/v1alpha1/register.go
[gosec] 2026/02/05 18:10:07 Checking file: /tmp/blitzy/blitzy-kubernetes/blitzy5f91179c1/pkg/controller/statefulset/config/v1alpha1/zz_generated.conversion.go
[gosec] 2026/02/05 18:10:07 Checking file: /tmp/blitzy/blitzy-kubernetes/blitzy5f91179c1/pkg/controller/statefulset/config/v1alpha1/zz_generated.deepcopy.go
[gosec] 2026/02/05 18:10:07 Checking package: config
[gosec] 2026/02/05 18:10:07 Checking file: /tmp/blitzy/blitzy-kubernetes/blitzy5f91179c1/pkg/controller/volume/ephemeral/config/doc.go
[gosec] 2026/02/05 18:10:07 Checking file: /tmp/blitzy/blitzy-kubernetes/blitzy5f91179c1/pkg/controller/volume/ephemeral/config/types.go
[gosec] 2026/02/05 18:10:07 Checking file: /tmp/blitzy/blitzy-kubernetes/blitzy5f91179c1/pkg/controller/volume/ephemeral/config/zz_generated.deepcopy.go
[gosec] 2026/02/05 18:10:07 Import directory: /tmp/blitzy/blitzy-kubernetes/blitzy5f91179c1/pkg/kubelet/util/store
[gosec] 2026/02/05 18:10:07 Checking package: state
[gosec] 2026/02/05 18:10:07 Checking file: /tmp/blitzy/blitzy-kubernetes/blitzy5f91179c1/pkg/kubelet/cm/dra/state/checkpoint.go
[gosec] 2026/02/05 18:10:07 Import directory: /tmp/blitzy/blitzy-kubernetes/blitzy5f91179c1/pkg/proxy/ipvs/testing
[gosec] 2026/02/05 18:10:08 Checking file: /tmp/blitzy/blitzy-kubernetes/blitzy5f91179c1/pkg/kubelet/cm/dra/state/checkpointer.go
[gosec] 2026/02/05 18:10:08 Checking file: /tmp/blitzy/blitzy-kubernetes/blitzy5f91179c1/pkg/kubelet/cm/dra/state/state.go
[gosec] 2026/02/05 18:10:08 Checking file: /tmp/blitzy/blitzy-kubernetes/blitzy5f91179c1/pkg/kubelet/cm/dra/state/zz_generated.deepcopy.go
[gosec] 2026/02/05 18:10:08 Checking package: test
[gosec] 2026/02/05 18:10:08 Checking file: /tmp/blitzy/blitzy-kubernetes/blitzy5f91179c1/pkg/kubelet/kubeletconfig/util/test/test.go
[gosec] 2026/02/05 18:10:08 Import directory: /tmp/blitzy/blitzy-kubernetes/blitzy5f91179c1/pkg/registry/batch/cronjob
[gosec] 2026/02/05 18:10:08 Checking package: secret
[gosec] 2026/02/05 18:10:08 Checking file: /tmp/blitzy/blitzy-kubernetes/blitzy5f91179c1/pkg/kubelet/secret/fake_manager.go
[gosec] 2026/02/05 18:10:08 Import directory: /tmp/blitzy/blitzy-kubernetes/blitzy5f91179c1/pkg/registry/core/event/storage
[gosec] 2026/02/05 18:10:08 Checking file: /tmp/blitzy/blitzy-kubernetes/blitzy5f91179c1/pkg/kubelet/secret/secret_manager.go
[gosec] 2026/02/05 18:10:09 Checking package: pod
[gosec] 2026/02/05 18:10:09 Checking file: /tmp/blitzy/blitzy-kubernetes/blitzy5f91179c1/pkg/api/v1/pod/util.go
[gosec] 2026/02/05 18:10:09 Import directory: /tmp/blitzy/blitzy-kubernetes/blitzy5f91179c1/pkg/registry/core/namespace/storage
[gosec] 2026/02/05 18:10:11 Checking package: v1alpha1
[gosec] 2026/02/05 18:10:11 Checking file: /tmp/blitzy/blitzy-kubernetes/blitzy5f91179c1/pkg/proxy/apis/config/v1alpha1/conversion.go
[gosec] 2026/02/05 18:10:11 Import directory: /tmp/blitzy/blitzy-kubernetes/blitzy5f91179c1/pkg/apis/autoscaling
[gosec] 2026/02/05 18:10:12 Checking file: /tmp/blitzy/blitzy-kubernetes/blitzy5f91179c1/pkg/proxy/apis/config/v1alpha1/defaults.go
[gosec] 2026/02/05 18:10:12 Checking file: /tmp/blitzy/blitzy-kubernetes/blitzy5f91179c1/pkg/proxy/apis/config/v1alpha1/doc.go
[gosec] 2026/02/05 18:10:12 Checking file: /tmp/blitzy/blitzy-kubernetes/blitzy5f91179c1/pkg/proxy/apis/config/v1alpha1/register.go
[gosec] 2026/02/05 18:10:12 Checking file: /tmp/blitzy/blitzy-kubernetes/blitzy5f91179c1/pkg/proxy/apis/config/v1alpha1/zz_generated.conversion.go
[gosec] 2026/02/05 18:10:13 Checking file: /tmp/blitzy/blitzy-kubernetes/blitzy5f91179c1/pkg/proxy/apis/config/v1alpha1/zz_generated.deepcopy.go
[gosec] 2026/02/05 18:10:13 Checking file: /tmp/blitzy/blitzy-kubernetes/blitzy5f91179c1/pkg/proxy/apis/config/v1alpha1/zz_generated.defaults.go
[gosec] 2026/02/05 18:10:13 Checking package: v1
[gosec] 2026/02/05 18:10:13 Checking file: /tmp/blitzy/blitzy-kubernetes/blitzy5f91179c1/pkg/apis/rbac/v1/defaults.go
[gosec] 2026/02/05 18:10:13 Import directory: /tmp/blitzy/blitzy-kubernetes/blitzy5f91179c1/pkg/apis/autoscaling/v1
[gosec] 2026/02/05 18:10:13 Checking file: /tmp/blitzy/blitzy-kubernetes/blitzy5f91179c1/pkg/apis/rbac/v1/doc.go
[gosec] 2026/02/05 18:10:13 Checking file: /tmp/blitzy/blitzy-kubernetes/blitzy5f91179c1/pkg/apis/rbac/v1/evaluation_helpers.go
[gosec] 2026/02/05 18:10:14 Checking file: /tmp/blitzy/blitzy-kubernetes/blitzy5f91179c1/pkg/apis/rbac/v1/helpers.go
[gosec] 2026/02/05 18:10:14 Checking file: /tmp/blitzy/blitzy-kubernetes/blitzy5f91179c1/pkg/apis/rbac/v1/register.go
[gosec] 2026/02/05 18:10:14 Checking file: /tmp/blitzy/blitzy-kubernetes/blitzy5f91179c1/pkg/apis/rbac/v1/zz_generated.conversion.go
[gosec] 2026/02/05 18:10:17 Checking file: /tmp/blitzy/blitzy-kubernetes/blitzy5f91179c1/pkg/apis/rbac/v1/zz_generated.deepcopy.go
[gosec] 2026/02/05 18:10:17 Checking file: /tmp/blitzy/blitzy-kubernetes/blitzy5f91179c1/pkg/apis/rbac/v1/zz_generated.defaults.go
[gosec] 2026/02/05 18:10:17 Checking file: /tmp/blitzy/blitzy-kubernetes/blitzy5f91179c1/pkg/apis/rbac/v1/zz_generated.validations.go
[gosec] 2026/02/05 18:10:18 Checking package: store
[gosec] 2026/02/05 18:10:18 Checking file: /tmp/blitzy/blitzy-kubernetes/blitzy5f91179c1/pkg/kubelet/util/store/doc.go
[gosec] 2026/02/05 18:10:18 Import directory: /tmp/blitzy/blitzy-kubernetes/blitzy5f91179c1/pkg/controller/devicetainteviction/metrics
[gosec] 2026/02/05 18:10:18 Checking file: /tmp/blitzy/blitzy-kubernetes/blitzy5f91179c1/pkg/kubelet/util/store/filestore.go
[gosec] 2026/02/05 18:10:18 Checking file: /tmp/blitzy/blitzy-kubernetes/blitzy5f91179c1/pkg/kubelet/util/store/store.go
[gosec] 2026/02/05 18:10:18 Checking package: testing
[gosec] 2026/02/05 18:10:18 Checking file: /tmp/blitzy/blitzy-kubernetes/blitzy5f91179c1/pkg/proxy/ipvs/testing/doc.go
[gosec] 2026/02/05 18:10:18 Checking file: /tmp/blitzy/blitzy-kubernetes/blitzy5f91179c1/pkg/proxy/ipvs/testing/fake.go
[gosec] 2026/02/05 18:10:18 Import directory: /tmp/blitzy/blitzy-kubernetes/blitzy5f91179c1/pkg/controller/nodeipam/ipam
[gosec] 2026/02/05 18:10:19 Checking file: /tmp/blitzy/blitzy-kubernetes/blitzy5f91179c1/pkg/proxy/ipvs/testing/util.go
[gosec] 2026/02/05 18:10:19 Checking package: tainteviction
[gosec] 2026/02/05 18:10:19 Checking file: /tmp/blitzy/blitzy-kubernetes/blitzy5f91179c1/pkg/controller/tainteviction/doc.go
[gosec] 2026/02/05 18:10:19 Import directory: /tmp/blitzy/blitzy-kubernetes/blitzy5f91179c1/pkg/controller/validatingadmissionpolicystatus/config/v1alpha1
[gosec] 2026/02/05 18:10:19 Checking file: /tmp/blitzy/blitzy-kubernetes/blitzy5f91179c1/pkg/controller/tainteviction/namespacedobject.go
[gosec] 2026/02/05 18:10:19 Checking file: /tmp/blitzy/blitzy-kubernetes/blitzy5f91179c1/pkg/controller/tainteviction/taint_eviction.go
[gosec] 2026/02/05 18:10:20 Checking file: /tmp/blitzy/blitzy-kubernetes/blitzy5f91179c1/pkg/controller/tainteviction/timed_workers.go
[gosec] 2026/02/05 18:10:21 Checking package: cronjob
[gosec] 2026/02/05 18:10:21 Checking file: /tmp/blitzy/blitzy-kubernetes/blitzy5f91179c1/pkg/registry/batch/cronjob/doc.go
[gosec] 2026/02/05 18:10:21 Checking file: /tmp/blitzy/blitzy-kubernetes/blitzy5f91179c1/pkg/registry/batch/cronjob/strategy.go
[gosec] 2026/02/05 18:10:21 Import directory: /tmp/blitzy/blitzy-kubernetes/blitzy5f91179c1/pkg/registry/core/rangeallocation
[gosec] 2026/02/05 18:10:21 Checking package: storage
[gosec] 2026/02/05 18:10:21 Checking file: /tmp/blitzy/blitzy-kubernetes/blitzy5f91179c1/pkg/registry/core/event/storage/storage.go
[gosec] 2026/02/05 18:10:21 Import directory: /tmp/blitzy/blitzy-kubernetes/blitzy5f91179c1/pkg/registry/core/service/allocator/storage
[gosec] 2026/02/05 18:10:21 Checking package: storage
[gosec] 2026/02/05 18:10:21 Checking file: /tmp/blitzy/blitzy-kubernetes/blitzy5f91179c1/pkg/registry/core/namespace/storage/storage.go
[gosec] 2026/02/05 18:10:21 Import directory: /tmp/blitzy/blitzy-kubernetes/blitzy5f91179c1/pkg/scheduler/profile
[gosec] 2026/02/05 18:10:23 Checking package: autoscaling
[gosec] 2026/02/05 18:10:23 Checking file: /tmp/blitzy/blitzy-kubernetes/blitzy5f91179c1/pkg/apis/autoscaling/annotations.go
[gosec] 2026/02/05 18:10:23 Import directory: /tmp/blitzy/blitzy-kubernetes/blitzy5f91179c1/pkg/apis/certificates
[gosec] 2026/02/05 18:10:23 Checking file: /tmp/blitzy/blitzy-kubernetes/blitzy5f91179c1/pkg/apis/autoscaling/doc.go
[gosec] 2026/02/05 18:10:23 Checking file: /tmp/blitzy/blitzy-kubernetes/blitzy5f91179c1/pkg/apis/autoscaling/helpers.go
[gosec] 2026/02/05 18:10:23 Checking file: /tmp/blitzy/blitzy-kubernetes/blitzy5f91179c1/pkg/apis/autoscaling/register.go
[gosec] 2026/02/05 18:10:23 Checking file: /tmp/blitzy/blitzy-kubernetes/blitzy5f91179c1/pkg/apis/autoscaling/types.go
[gosec] 2026/02/05 18:10:23 Checking file: /tmp/blitzy/blitzy-kubernetes/blitzy5f91179c1/pkg/apis/autoscaling/zz_generated.deepcopy.go
[gosec] 2026/02/05 18:10:26 Checking package: v1
[gosec] 2026/02/05 18:10:26 Checking file: /tmp/blitzy/blitzy-kubernetes/blitzy5f91179c1/pkg/apis/autoscaling/v1/conversion.go
[gosec] 2026/02/05 18:10:26 Import directory: /tmp/blitzy/blitzy-kubernetes/blitzy5f91179c1/pkg/apis/networking/v1
[gosec] 2026/02/05 18:10:27 Checking file: /tmp/blitzy/blitzy-kubernetes/blitzy5f91179c1/pkg/apis/autoscaling/v1/defaults.go
[gosec] 2026/02/05 18:10:27 Checking file: /tmp/blitzy/blitzy-kubernetes/blitzy5f91179c1/pkg/apis/autoscaling/v1/doc.go
[gosec] 2026/02/05 18:10:27 Checking file: /tmp/blitzy/blitzy-kubernetes/blitzy5f91179c1/pkg/apis/autoscaling/v1/register.go
[gosec] 2026/02/05 18:10:27 Checking file: /tmp/blitzy/blitzy-kubernetes/blitzy5f91179c1/pkg/apis/autoscaling/v1/zz_generated.conversion.go
[gosec] 2026/02/05 18:10:32 Checking file: /tmp/blitzy/blitzy-kubernetes/blitzy5f91179c1/pkg/apis/autoscaling/v1/zz_generated.defaults.go
[gosec] 2026/02/05 18:10:32 Checking file: /tmp/blitzy/blitzy-kubernetes/blitzy5f91179c1/pkg/apis/autoscaling/v1/zz_generated.validations.go
[gosec] 2026/02/05 18:10:32 Checking package: metrics
[gosec] 2026/02/05 18:10:32 Checking file: /tmp/blitzy/blitzy-kubernetes/blitzy5f91179c1/pkg/controller/devicetainteviction/metrics/metrics.go
[gosec] 2026/02/05 18:10:32 Import directory: /tmp/blitzy/blitzy-kubernetes/blitzy5f91179c1/pkg/apis/scheduling/install
[gosec] 2026/02/05 18:10:32 Checking package: ipam
[gosec] 2026/02/05 18:10:32 Checking file: /tmp/blitzy/blitzy-kubernetes/blitzy5f91179c1/pkg/controller/nodeipam/ipam/cidr_allocator.go
[gosec] 2026/02/05 18:10:32 Import directory: /tmp/blitzy/blitzy-kubernetes/blitzy5f91179c1/pkg/controller/devicetainteviction/config/v1alpha1
[gosec] 2026/02/05 18:10:32 Checking file: /tmp/blitzy/blitzy-kubernetes/blitzy5f91179c1/pkg/controller/nodeipam/ipam/doc.go
[gosec] 2026/02/05 18:10:32 Checking file: /tmp/blitzy/blitzy-kubernetes/blitzy5f91179c1/pkg/controller/nodeipam/ipam/range_allocator.go
[gosec] 2026/02/05 18:10:33 Checking file: /tmp/blitzy/blitzy-kubernetes/blitzy5f91179c1/pkg/controller/nodeipam/ipam/timeout.go
[gosec] 2026/02/05 18:10:33 Checking package: v1alpha1
[gosec] 2026/02/05 18:10:33 Checking file: /tmp/blitzy/blitzy-kubernetes/blitzy5f91179c1/pkg/controller/validatingadmissionpolicystatus/config/v1alpha1/conversion.go
[gosec] 2026/02/05 18:10:33 Import directory: /tmp/blitzy/blitzy-kubernetes/blitzy5f91179c1/pkg/quota/v1/install
[gosec] 2026/02/05 18:10:33 Checking file: /tmp/blitzy/blitzy-kubernetes/blitzy5f91179c1/pkg/controller/validatingadmissionpolicystatus/config/v1alpha1/defaults.go
[gosec] 2026/02/05 18:10:33 Checking file: /tmp/blitzy/blitzy-kubernetes/blitzy5f91179c1/pkg/controller/validatingadmissionpolicystatus/config/v1alpha1/doc.go
[gosec] 2026/02/05 18:10:33 Checking file: /tmp/blitzy/blitzy-kubernetes/blitzy5f91179c1/pkg/controller/validatingadmissionpolicystatus/config/v1alpha1/register.go
[gosec] 2026/02/05 18:10:33 Checking file: /tmp/blitzy/blitzy-kubernetes/blitzy5f91179c1/pkg/controller/validatingadmissionpolicystatus/config/v1alpha1/zz_generated.conversion.go
[gosec] 2026/02/05 18:10:34 Checking file: /tmp/blitzy/blitzy-kubernetes/blitzy5f91179c1/pkg/controller/validatingadmissionpolicystatus/config/v1alpha1/zz_generated.deepcopy.go
[gosec] 2026/02/05 18:10:34 Checking package: rangeallocation
[gosec] 2026/02/05 18:10:34 Checking file: /tmp/blitzy/blitzy-kubernetes/blitzy5f91179c1/pkg/registry/core/rangeallocation/doc.go
[gosec] 2026/02/05 18:10:34 Checking file: /tmp/blitzy/blitzy-kubernetes/blitzy5f91179c1/pkg/registry/core/rangeallocation/registry.go
[gosec] 2026/02/05 18:10:34 Import directory: /tmp/blitzy/blitzy-kubernetes/blitzy5f91179c1/pkg/registry/batch/job
[gosec] 2026/02/05 18:10:34 Checking package: storage
[gosec] 2026/02/05 18:10:34 Checking file: /tmp/blitzy/blitzy-kubernetes/blitzy5f91179c1/pkg/registry/core/service/allocator/storage/storage.go
[gosec] 2026/02/05 18:10:34 Import directory: /tmp/blitzy/blitzy-kubernetes/blitzy5f91179c1/pkg/registry/core/configmap
[gosec] 2026/02/05 18:10:35 Checking package: profile
[gosec] 2026/02/05 18:10:35 Checking file: /tmp/blitzy/blitzy-kubernetes/blitzy5f91179c1/pkg/scheduler/profile/profile.go
[gosec] 2026/02/05 18:10:35 Import directory: /tmp/blitzy/blitzy-kubernetes/blitzy5f91179c1/pkg/registry/flowcontrol/prioritylevelconfiguration/storage
[gosec] 2026/02/05 18:10:35 Checking package: certificates
[gosec] 2026/02/05 18:10:35 Checking file: /tmp/blitzy/blitzy-kubernetes/blitzy5f91179c1/pkg/apis/certificates/doc.go
[gosec] 2026/02/05 18:10:35 Import directory: /tmp/blitzy/blitzy-kubernetes/blitzy5f91179c1/pkg/apis/autoscaling/v2beta1
[gosec] 2026/02/05 18:10:35 Checking file: /tmp/blitzy/blitzy-kubernetes/blitzy5f91179c1/pkg/apis/certificates/helpers.go
[gosec] 2026/02/05 18:10:35 Checking file: /tmp/blitzy/blitzy-kubernetes/blitzy5f91179c1/pkg/apis/certificates/register.go
[gosec] 2026/02/05 18:10:36 Checking file: /tmp/blitzy/blitzy-kubernetes/blitzy5f91179c1/pkg/apis/certificates/types.go
[gosec] 2026/02/05 18:10:36 Checking file: /tmp/blitzy/blitzy-kubernetes/blitzy5f91179c1/pkg/apis/certificates/zz_generated.deepcopy.go
[gosec] 2026/02/05 18:10:38 Checking package: v1
[gosec] 2026/02/05 18:10:38 Checking file: /tmp/blitzy/blitzy-kubernetes/blitzy5f91179c1/pkg/apis/networking/v1/defaults.go
[gosec] 2026/02/05 18:10:38 Import directory: /tmp/blitzy/blitzy-kubernetes/blitzy5f91179c1/pkg/controller/daemon/util
[gosec] 2026/02/05 18:10:38 Checking file: /tmp/blitzy/blitzy-kubernetes/blitzy5f91179c1/pkg/apis/networking/v1/doc.go
[gosec] 2026/02/05 18:10:38 Checking file: /tmp/blitzy/blitzy-kubernetes/blitzy5f91179c1/pkg/apis/networking/v1/register.go
[gosec] 2026/02/05 18:10:38 Checking file: /tmp/blitzy/blitzy-kubernetes/blitzy5f91179c1/pkg/apis/networking/v1/zz_generated.conversion.go
[gosec] 2026/02/05 18:10:44 Checking file: /tmp/blitzy/blitzy-kubernetes/blitzy5f91179c1/pkg/apis/networking/v1/zz_generated.defaults.go
[gosec] 2026/02/05 18:10:44 Checking package: install
[gosec] 2026/02/05 18:10:44 Checking file: /tmp/blitzy/blitzy-kubernetes/blitzy5f91179c1/pkg/apis/scheduling/install/install.go
[gosec] 2026/02/05 18:10:44 Import directory: /tmp/blitzy/blitzy-kubernetes/blitzy5f91179c1/pkg/kubelet/util/env
[gosec] 2026/02/05 18:10:44 Checking package: v1alpha1
[gosec] 2026/02/05 18:10:44 Checking file: /tmp/blitzy/blitzy-kubernetes/blitzy5f91179c1/pkg/controller/devicetainteviction/config/v1alpha1/conversion.go
[gosec] 2026/02/05 18:10:44 Import directory: /tmp/blitzy/blitzy-kubernetes/blitzy5f91179c1/pkg/scheduler/framework/preemption
[gosec] 2026/02/05 18:10:44 Checking file: /tmp/blitzy/blitzy-kubernetes/blitzy5f91179c1/pkg/controller/devicetainteviction/config/v1alpha1/defaults.go
[gosec] 2026/02/05 18:10:44 Checking file: /tmp/blitzy/blitzy-kubernetes/blitzy5f91179c1/pkg/controller/devicetainteviction/config/v1alpha1/doc.go
[gosec] 2026/02/05 18:10:44 Checking file: /tmp/blitzy/blitzy-kubernetes/blitzy5f91179c1/pkg/controller/devicetainteviction/config/v1alpha1/register.go
[gosec] 2026/02/05 18:10:44 Checking file: /tmp/blitzy/blitzy-kubernetes/blitzy5f91179c1/pkg/controller/devicetainteviction/config/v1alpha1/zz_generated.conversion.go
[gosec] 2026/02/05 18:10:45 Checking file: /tmp/blitzy/blitzy-kubernetes/blitzy5f91179c1/pkg/controller/devicetainteviction/config/v1alpha1/zz_generated.deepcopy.go
[gosec] 2026/02/05 18:10:45 Checking package: install
[gosec] 2026/02/05 18:10:45 Checking file: /tmp/blitzy/blitzy-kubernetes/blitzy5f91179c1/pkg/quota/v1/install/registry.go
[gosec] 2026/02/05 18:10:45 Import directory: /tmp/blitzy/blitzy-kubernetes/blitzy5f91179c1/pkg/security/apparmor
[gosec] 2026/02/05 18:10:45 Checking file: /tmp/blitzy/blitzy-kubernetes/blitzy5f91179c1/pkg/quota/v1/install/update_filter.go
[gosec] 2026/02/05 18:10:45 Checking package: configmap
[gosec] 2026/02/05 18:10:45 Checking file: /tmp/blitzy/blitzy-kubernetes/blitzy5f91179c1/pkg/registry/core/configmap/doc.go
[gosec] 2026/02/05 18:10:45 Import directory: /tmp/blitzy/blitzy-kubernetes/blitzy5f91179c1/pkg/util/filesystem
[gosec] 2026/02/05 18:10:45 Checking file: /tmp/blitzy/blitzy-kubernetes/blitzy5f91179c1/pkg/registry/core/configmap/strategy.go
[gosec] 2026/02/05 18:10:45 Checking package: job
[gosec] 2026/02/05 18:10:45 Checking file: /tmp/blitzy/blitzy-kubernetes/blitzy5f91179c1/pkg/registry/batch/job/doc.go
[gosec] 2026/02/05 18:10:45 Checking file: /tmp/blitzy/blitzy-kubernetes/blitzy5f91179c1/pkg/registry/batch/job/strategy.go
[gosec] 2026/02/05 18:10:45 Import directory: /tmp/blitzy/blitzy-kubernetes/blitzy5f91179c1/pkg/util/flock
[gosec] 2026/02/05 18:10:46 Checking package: v2beta1
[gosec] 2026/02/05 18:10:46 Checking file: /tmp/blitzy/blitzy-kubernetes/blitzy5f91179c1/pkg/apis/autoscaling/v2beta1/conversion.go
[gosec] 2026/02/05 18:10:46 Import directory: /tmp/blitzy/blitzy-kubernetes/blitzy5f91179c1/pkg/volume/local
[gosec] 2026/02/05 18:10:47 Checking file: /tmp/blitzy/blitzy-kubernetes/blitzy5f91179c1/pkg/apis/autoscaling/v2beta1/defaults.go
[gosec] 2026/02/05 18:10:47 Checking file: /tmp/blitzy/blitzy-kubernetes/blitzy5f91179c1/pkg/apis/autoscaling/v2beta1/doc.go
[gosec] 2026/02/05 18:10:47 Checking file: /tmp/blitzy/blitzy-kubernetes/blitzy5f91179c1/pkg/apis/autoscaling/v2beta1/register.go
[gosec] 2026/02/05 18:10:47 Checking file: /tmp/blitzy/blitzy-kubernetes/blitzy5f91179c1/pkg/apis/autoscaling/v2beta1/zz_generated.conversion.go
[gosec] 2026/02/05 18:10:51 Checking file: /tmp/blitzy/blitzy-kubernetes/blitzy5f91179c1/pkg/apis/autoscaling/v2beta1/zz_generated.defaults.go
[gosec] 2026/02/05 18:10:51 Checking package: storage
[gosec] 2026/02/05 18:10:51 Checking file: /tmp/blitzy/blitzy-kubernetes/blitzy5f91179c1/pkg/registry/flowcontrol/prioritylevelconfiguration/storage/storage.go
[gosec] 2026/02/05 18:10:51 Import directory: /tmp/blitzy/blitzy-kubernetes/blitzy5f91179c1/pkg/apis/extensions
[gosec] 2026/02/05 18:10:52 Checking package: util
[gosec] 2026/02/05 18:10:52 Checking file: /tmp/blitzy/blitzy-kubernetes/blitzy5f91179c1/pkg/controller/daemon/util/daemonset_util.go
[gosec] 2026/02/05 18:10:52 Import directory: /tmp/blitzy/blitzy-kubernetes/blitzy5f91179c1/pkg/apis/networking/v1beta1
[gosec] 2026/02/05 18:10:52 Checking package: env
[gosec] 2026/02/05 18:10:52 Checking file: /tmp/blitzy/blitzy-kubernetes/blitzy5f91179c1/pkg/kubelet/util/env/env_util.go
[gosec] 2026/02/05 18:10:52 Import directory: /tmp/blitzy/blitzy-kubernetes/blitzy5f91179c1/pkg/controller/statefulset
[gosec] 2026/02/05 18:10:53 Checking package: apparmor
[gosec] 2026/02/05 18:10:53 Checking file: /tmp/blitzy/blitzy-kubernetes/blitzy5f91179c1/pkg/security/apparmor/helpers.go
[gosec] 2026/02/05 18:10:53 Import directory: /tmp/blitzy/blitzy-kubernetes/blitzy5f91179c1/pkg/controlplane/controller/systemnamespaces
[gosec] 2026/02/05 18:10:53 Checking file: /tmp/blitzy/blitzy-kubernetes/blitzy5f91179c1/pkg/security/apparmor/validate.go
[gosec] 2026/02/05 18:10:53 Checking package: preemption
[gosec] 2026/02/05 18:10:53 Checking file: /tmp/blitzy/blitzy-kubernetes/blitzy5f91179c1/pkg/scheduler/framework/preemption/preemption.go
[gosec] 2026/02/05 18:10:53 Import directory: /tmp/blitzy/blitzy-kubernetes/blitzy5f91179c1/pkg/controlplane
[gosec] 2026/02/05 18:10:55 Checking package: filesystem
[gosec] 2026/02/05 18:10:55 Checking file: /tmp/blitzy/blitzy-kubernetes/blitzy5f91179c1/pkg/util/filesystem/defaultfs.go
[gosec] 2026/02/05 18:10:55 Import directory: /tmp/blitzy/blitzy-kubernetes/blitzy5f91179c1/pkg/kubelet/kubeletconfig/util/codec
[gosec] 2026/02/05 18:10:56 Checking file: /tmp/blitzy/blitzy-kubernetes/blitzy5f91179c1/pkg/util/filesystem/filesystem.go
[gosec] 2026/02/05 18:10:56 Checking file: /tmp/blitzy/blitzy-kubernetes/blitzy5f91179c1/pkg/util/filesystem/util.go
[gosec] 2026/02/05 18:10:56 Checking file: /tmp/blitzy/blitzy-kubernetes/blitzy5f91179c1/pkg/util/filesystem/util_unix.go
[gosec] 2026/02/05 18:10:56 Checking file: /tmp/blitzy/blitzy-kubernetes/blitzy5f91179c1/pkg/util/filesystem/watcher.go
[gosec] 2026/02/05 18:10:56 Checking package: flock
[gosec] 2026/02/05 18:10:56 Checking file: /tmp/blitzy/blitzy-kubernetes/blitzy5f91179c1/pkg/util/flock/flock_unix.go
[gosec] 2026/02/05 18:10:56 Import directory: /tmp/blitzy/blitzy-kubernetes/blitzy5f91179c1/pkg/kubelet/pluginmanager/pluginwatcher/example_plugin_apis/v1beta2
[gosec] 2026/02/05 18:10:56 Checking package: local
[gosec] 2026/02/05 18:10:56 Checking file: /tmp/blitzy/blitzy-kubernetes/blitzy5f91179c1/pkg/volume/local/doc.go
[gosec] 2026/02/05 18:10:56 Checking file: /tmp/blitzy/blitzy-kubernetes/blitzy5f91179c1/pkg/volume/local/local.go
[gosec] 2026/02/05 18:10:56 Import directory: /tmp/blitzy/blitzy-kubernetes/blitzy5f91179c1/pkg/registry/admissionregistration/validatingadmissionpolicy
[gosec] 2026/02/05 18:10:58 Checking package: extensions
[gosec] 2026/02/05 18:10:58 Checking file: /tmp/blitzy/blitzy-kubernetes/blitzy5f91179c1/pkg/apis/extensions/doc.go
[gosec] 2026/02/05 18:10:58 Checking file: /tmp/blitzy/blitzy-kubernetes/blitzy5f91179c1/pkg/apis/extensions/register.go
[gosec] 2026/02/05 18:10:58 Import directory: /tmp/blitzy/blitzy-kubernetes/blitzy5f91179c1/pkg/api/storage
[gosec] 2026/02/05 18:10:59 Checking file: /tmp/blitzy/blitzy-kubernetes/blitzy5f91179c1/pkg/apis/extensions/types.go
[gosec] 2026/02/05 18:10:59 Checking file: /tmp/blitzy/blitzy-kubernetes/blitzy5f91179c1/pkg/apis/extensions/zz_generated.deepcopy.go
[gosec] 2026/02/05 18:10:59 Checking package: v1beta1
[gosec] 2026/02/05 18:10:59 Checking file: /tmp/blitzy/blitzy-kubernetes/blitzy5f91179c1/pkg/apis/networking/v1beta1/conversion.go
[gosec] 2026/02/05 18:10:59 Import directory: /tmp/blitzy/blitzy-kubernetes/blitzy5f91179c1/pkg/apis/admissionregistration/v1
[gosec] 2026/02/05 18:10:59 Checking file: /tmp/blitzy/blitzy-kubernetes/blitzy5f91179c1/pkg/apis/networking/v1beta1/defaults.go
[gosec] 2026/02/05 18:10:59 Checking file: /tmp/blitzy/blitzy-kubernetes/blitzy5f91179c1/pkg/apis/networking/v1beta1/doc.go
[gosec] 2026/02/05 18:10:59 Checking file: /tmp/blitzy/blitzy-kubernetes/blitzy5f91179c1/pkg/apis/networking/v1beta1/register.go
[gosec] 2026/02/05 18:10:59 Checking file: /tmp/blitzy/blitzy-kubernetes/blitzy5f91179c1/pkg/apis/networking/v1beta1/zz_generated.conversion.go
[gosec] 2026/02/05 18:11:04 Checking file: /tmp/blitzy/blitzy-kubernetes/blitzy5f91179c1/pkg/apis/networking/v1beta1/zz_generated.defaults.go
[gosec] 2026/02/05 18:11:04 Checking package: statefulset
[gosec] 2026/02/05 18:11:04 Checking file: /tmp/blitzy/blitzy-kubernetes/blitzy5f91179c1/pkg/controller/statefulset/stateful_pod_control.go
[gosec] 2026/02/05 18:11:04 Import directory: /tmp/blitzy/blitzy-kubernetes/blitzy5f91179c1/pkg/apis/core/v1/helper
[gosec] 2026/02/05 18:11:05 Checking file: /tmp/blitzy/blitzy-kubernetes/blitzy5f91179c1/pkg/controller/statefulset/stateful_set.go
[gosec] 2026/02/05 18:11:06 Checking file: /tmp/blitzy/blitzy-kubernetes/blitzy5f91179c1/pkg/controller/statefulset/stateful_set_control.go
[gosec] 2026/02/05 18:11:09 Checking file: /tmp/blitzy/blitzy-kubernetes/blitzy5f91179c1/pkg/controller/statefulset/stateful_set_status_updater.go
[gosec] 2026/02/05 18:11:09 Checking file: /tmp/blitzy/blitzy-kubernetes/blitzy5f91179c1/pkg/controller/statefulset/stateful_set_utils.go
[gosec] 2026/02/05 18:11:11 Checking package: systemnamespaces
[gosec] 2026/02/05 18:11:11 Checking file: /tmp/blitzy/blitzy-kubernetes/blitzy5f91179c1/pkg/controlplane/controller/systemnamespaces/system_namespaces_controller.go
[gosec] 2026/02/05 18:11:11 Import directory: /tmp/blitzy/blitzy-kubernetes/blitzy5f91179c1/pkg/controller/ttlafterfinished/metrics
[gosec] 2026/02/05 18:11:11 Checking package: controlplane
[gosec] 2026/02/05 18:11:11 Checking file: /tmp/blitzy/blitzy-kubernetes/blitzy5f91179c1/pkg/controlplane/doc.go
[gosec] 2026/02/05 18:11:11 Checking file: /tmp/blitzy/blitzy-kubernetes/blitzy5f91179c1/pkg/controlplane/import_known_versions.go
[gosec] 2026/02/05 18:11:11 Import directory: /tmp/blitzy/blitzy-kubernetes/blitzy5f91179c1/pkg/kubelet/cm/cpumanager/state
[gosec] 2026/02/05 18:11:11 Checking file: /tmp/blitzy/blitzy-kubernetes/blitzy5f91179c1/pkg/controlplane/instance.go
[gosec] 2026/02/05 18:11:11 Checking package: codec
[gosec] 2026/02/05 18:11:11 Checking file: /tmp/blitzy/blitzy-kubernetes/blitzy5f91179c1/pkg/kubelet/kubeletconfig/util/codec/codec.go
[gosec] 2026/02/05 18:11:11 Import directory: /tmp/blitzy/blitzy-kubernetes/blitzy5f91179c1/pkg/kubelet/cm/topologymanager/bitmask
[gosec] 2026/02/05 18:11:12 Checking package: v1beta2
[gosec] 2026/02/05 18:11:12 Checking file: /tmp/blitzy/blitzy-kubernetes/blitzy5f91179c1/pkg/kubelet/pluginmanager/pluginwatcher/example_plugin_apis/v1beta2/api.pb.go
[gosec] 2026/02/05 18:11:12 Import directory: /tmp/blitzy/blitzy-kubernetes/blitzy5f91179c1/pkg/proxy/util/nfacct
[gosec] 2026/02/05 18:11:12 Checking file: /tmp/blitzy/blitzy-kubernetes/blitzy5f91179c1/pkg/kubelet/pluginmanager/pluginwatcher/example_plugin_apis/v1beta2/api_grpc.pb.go
[gosec] 2026/02/05 18:11:12 Checking package: validatingadmissionpolicy
[gosec] 2026/02/05 18:11:12 Checking file: /tmp/blitzy/blitzy-kubernetes/blitzy5f91179c1/pkg/registry/admissionregistration/validatingadmissionpolicy/authz.go
[gosec] 2026/02/05 18:11:12 Import directory: /tmp/blitzy/blitzy-kubernetes/blitzy5f91179c1/pkg/registry/networking/rest
[gosec] 2026/02/05 18:11:12 Checking file: /tmp/blitzy/blitzy-kubernetes/blitzy5f91179c1/pkg/registry/admissionregistration/validatingadmissionpolicy/doc.go
[gosec] 2026/02/05 18:11:12 Checking file: /tmp/blitzy/blitzy-kubernetes/blitzy5f91179c1/pkg/registry/admissionregistration/validatingadmissionpolicy/strategy.go
[gosec] 2026/02/05 18:11:13 Checking package: storage
[gosec] 2026/02/05 18:11:13 Checking file: /tmp/blitzy/blitzy-kubernetes/blitzy5f91179c1/pkg/api/storage/util.go
[gosec] 2026/02/05 18:11:13 Import directory: /tmp/blitzy/blitzy-kubernetes/blitzy5f91179c1/pkg/generated/openapi/cmd/models-schema
[gosec] 2026/02/05 18:11:13 Checking package: v1
[gosec] 2026/02/05 18:11:13 Checking file: /tmp/blitzy/blitzy-kubernetes/blitzy5f91179c1/pkg/apis/admissionregistration/v1/conversion.go
[gosec] 2026/02/05 18:11:13 Import directory: /tmp/blitzy/blitzy-kubernetes/blitzy5f91179c1/pkg/proxy/ipvs/util
[gosec] 2026/02/05 18:11:13 Checking file: /tmp/blitzy/blitzy-kubernetes/blitzy5f91179c1/pkg/apis/admissionregistration/v1/defaults.go
[gosec] 2026/02/05 18:11:13 Checking file: /tmp/blitzy/blitzy-kubernetes/blitzy5f91179c1/pkg/apis/admissionregistration/v1/doc.go
[gosec] 2026/02/05 18:11:13 Checking file: /tmp/blitzy/blitzy-kubernetes/blitzy5f91179c1/pkg/apis/admissionregistration/v1/register.go
[gosec] 2026/02/05 18:11:13 Checking file: /tmp/blitzy/blitzy-kubernetes/blitzy5f91179c1/pkg/apis/admissionregistration/v1/zz_generated.conversion.go
[gosec] 2026/02/05 18:11:21 Checking file: /tmp/blitzy/blitzy-kubernetes/blitzy5f91179c1/pkg/apis/admissionregistration/v1/zz_generated.defaults.go
[gosec] 2026/02/05 18:11:21 Checking package: helper
[gosec] 2026/02/05 18:11:21 Checking file: /tmp/blitzy/blitzy-kubernetes/blitzy5f91179c1/pkg/apis/core/v1/helper/helpers.go
[gosec] 2026/02/05 18:11:21 Import directory: /tmp/blitzy/blitzy-kubernetes/blitzy5f91179c1/pkg/registry/authentication/selfsubjectreview
[gosec] 2026/02/05 18:11:22 Checking package: metrics
[gosec] 2026/02/05 18:11:22 Checking file: /tmp/blitzy/blitzy-kubernetes/blitzy5f91179c1/pkg/controller/ttlafterfinished/metrics/metrics.go
[gosec] 2026/02/05 18:11:22 Import directory: /tmp/blitzy/blitzy-kubernetes/blitzy5f91179c1/pkg/registry/certificates/clustertrustbundle/storage
[gosec] 2026/02/05 18:11:22 Checking package: state
[gosec] 2026/02/05 18:11:22 Checking file: /tmp/blitzy/blitzy-kubernetes/blitzy5f91179c1/pkg/kubelet/cm/cpumanager/state/checkpoint.go
[gosec] 2026/02/05 18:11:22 Import directory: /tmp/blitzy/blitzy-kubernetes/blitzy5f91179c1/pkg/registry/rbac/role/storage
[gosec] 2026/02/05 18:11:23 Checking file: /tmp/blitzy/blitzy-kubernetes/blitzy5f91179c1/pkg/kubelet/cm/cpumanager/state/state.go
[gosec] 2026/02/05 18:11:23 Checking file: /tmp/blitzy/blitzy-kubernetes/blitzy5f91179c1/pkg/kubelet/cm/cpumanager/state/state_checkpoint.go
[gosec] 2026/02/05 18:11:23 Checking file: /tmp/blitzy/blitzy-kubernetes/blitzy5f91179c1/pkg/kubelet/cm/cpumanager/state/state_mem.go
[gosec] 2026/02/05 18:11:23 Checking package: bitmask
[gosec] 2026/02/05 18:11:23 Checking file: /tmp/blitzy/blitzy-kubernetes/blitzy5f91179c1/pkg/kubelet/cm/topologymanager/bitmask/bitmask.go
[gosec] 2026/02/05 18:11:23 Import directory: /tmp/blitzy/blitzy-kubernetes/blitzy5f91179c1/pkg/scheduler/framework/parallelize
[gosec] 2026/02/05 18:11:24 Checking package: nfacct
[gosec] 2026/02/05 18:11:24 Checking file: /tmp/blitzy/blitzy-kubernetes/blitzy5f91179c1/pkg/proxy/util/nfacct/handler.go
[gosec] 2026/02/05 18:11:24 Import directory: /tmp/blitzy/blitzy-kubernetes/blitzy5f91179c1/pkg/apis/admissionregistration/fuzzer
[gosec] 2026/02/05 18:11:24 Checking file: /tmp/blitzy/blitzy-kubernetes/blitzy5f91179c1/pkg/proxy/util/nfacct/nfacct.go
[gosec] 2026/02/05 18:11:24 Checking file: /tmp/blitzy/blitzy-kubernetes/blitzy5f91179c1/pkg/proxy/util/nfacct/nfacct_linux.go
[gosec] 2026/02/05 18:11:25 Checking package: ipvs
[gosec] 2026/02/05 18:11:25 Checking file: /tmp/blitzy/blitzy-kubernetes/blitzy5f91179c1/pkg/proxy/ipvs/util/doc.go
[gosec] 2026/02/05 18:11:25 Checking file: /tmp/blitzy/blitzy-kubernetes/blitzy5f91179c1/pkg/proxy/ipvs/util/ipvs.go
[gosec] 2026/02/05 18:11:25 Import directory: /tmp/blitzy/blitzy-kubernetes/blitzy5f91179c1/pkg/controller/nodelifecycle/config/v1alpha1
[gosec] 2026/02/05 18:11:25 Checking file: /tmp/blitzy/blitzy-kubernetes/blitzy5f91179c1/pkg/proxy/ipvs/util/ipvs_linux.go
[gosec] 2026/02/05 18:11:26 Checking package: main
[gosec] 2026/02/05 18:11:26 Checking file: /tmp/blitzy/blitzy-kubernetes/blitzy5f91179c1/pkg/generated/openapi/cmd/models-schema/main.go
[gosec] 2026/02/05 18:11:26 Import directory: /tmp/blitzy/blitzy-kubernetes/blitzy5f91179c1/pkg/controller/replication/config/v1alpha1
[gosec] 2026/02/05 18:11:26 Checking package: rest
[gosec] 2026/02/05 18:11:26 Checking file: /tmp/blitzy/blitzy-kubernetes/blitzy5f91179c1/pkg/registry/networking/rest/storage_settings.go
[gosec] 2026/02/05 18:11:26 Import directory: /tmp/blitzy/blitzy-kubernetes/blitzy5f91179c1/pkg/scheduler/framework/plugins/schedulinggates
[gosec] 2026/02/05 18:11:26 Checking package: selfsubjectreview
[gosec] 2026/02/05 18:11:26 Checking file: /tmp/blitzy/blitzy-kubernetes/blitzy5f91179c1/pkg/registry/authentication/selfsubjectreview/rest.go
[gosec] 2026/02/05 18:11:26 Import directory: /tmp/blitzy/blitzy-kubernetes/blitzy5f91179c1/pkg/util/goroutinemap
[gosec] 2026/02/05 18:11:27 Checking package: storage
[gosec] 2026/02/05 18:11:27 Checking file: /tmp/blitzy/blitzy-kubernetes/blitzy5f91179c1/pkg/registry/rbac/role/storage/storage.go
[gosec] 2026/02/05 18:11:27 Import directory: /tmp/blitzy/blitzy-kubernetes/blitzy5f91179c1/pkg/volume/csi/testing
[gosec] 2026/02/05 18:11:27 Checking package: storage
[gosec] 2026/02/05 18:11:27 Checking file: /tmp/blitzy/blitzy-kubernetes/blitzy5f91179c1/pkg/registry/certificates/clustertrustbundle/storage/storage.go
[gosec] 2026/02/05 18:11:27 Import directory: /tmp/blitzy/blitzy-kubernetes/blitzy5f91179c1/pkg/volume/image
[gosec] 2026/02/05 18:11:27 Checking package: parallelize
[gosec] 2026/02/05 18:11:27 Checking file: /tmp/blitzy/blitzy-kubernetes/blitzy5f91179c1/pkg/scheduler/framework/parallelize/error_channel.go
[gosec] 2026/02/05 18:11:27 Import directory: /tmp/blitzy/blitzy-kubernetes/blitzy5f91179c1/pkg/apis/autoscaling/v2
[gosec] 2026/02/05 18:11:27 Checking file: /tmp/blitzy/blitzy-kubernetes/blitzy5f91179c1/pkg/scheduler/framework/parallelize/parallelism.go
[gosec] 2026/02/05 18:11:27 Checking package: fuzzer
[gosec] 2026/02/05 18:11:27 Checking file: /tmp/blitzy/blitzy-kubernetes/blitzy5f91179c1/pkg/apis/admissionregistration/fuzzer/fuzzer.go
[gosec] 2026/02/05 18:11:27 Import directory: /tmp/blitzy/blitzy-kubernetes/blitzy5f91179c1/pkg/apis/core/pods
[gosec] 2026/02/05 18:11:28 Checking package: v1alpha1
[gosec] 2026/02/05 18:11:28 Checking file: /tmp/blitzy/blitzy-kubernetes/blitzy5f91179c1/pkg/controller/nodelifecycle/config/v1alpha1/conversion.go
[gosec] 2026/02/05 18:11:28 Import directory: /tmp/blitzy/blitzy-kubernetes/blitzy5f91179c1/pkg/controller/garbagecollector
[gosec] 2026/02/05 18:11:28 Checking file: /tmp/blitzy/blitzy-kubernetes/blitzy5f91179c1/pkg/controller/nodelifecycle/config/v1alpha1/defaults.go
[gosec] 2026/02/05 18:11:28 Checking file: /tmp/blitzy/blitzy-kubernetes/blitzy5f91179c1/pkg/controller/nodelifecycle/config/v1alpha1/doc.go
[gosec] 2026/02/05 18:11:28 Checking file: /tmp/blitzy/blitzy-kubernetes/blitzy5f91179c1/pkg/controller/nodelifecycle/config/v1alpha1/register.go
[gosec] 2026/02/05 18:11:28 Checking file: /tmp/blitzy/blitzy-kubernetes/blitzy5f91179c1/pkg/controller/nodelifecycle/config/v1alpha1/zz_generated.conversion.go
[gosec] 2026/02/05 18:11:28 Checking file: /tmp/blitzy/blitzy-kubernetes/blitzy5f91179c1/pkg/controller/nodelifecycle/config/v1alpha1/zz_generated.deepcopy.go
[gosec] 2026/02/05 18:11:28 Checking package: v1alpha1
[gosec] 2026/02/05 18:11:28 Checking file: /tmp/blitzy/blitzy-kubernetes/blitzy5f91179c1/pkg/controller/replication/config/v1alpha1/conversion.go
[gosec] 2026/02/05 18:11:28 Import directory: /tmp/blitzy/blitzy-kubernetes/blitzy5f91179c1/pkg/controller/replicaset/metrics
[gosec] 2026/02/05 18:11:28 Checking file: /tmp/blitzy/blitzy-kubernetes/blitzy5f91179c1/pkg/controller/replication/config/v1alpha1/defaults.go
[gosec] 2026/02/05 18:11:28 Checking file: /tmp/blitzy/blitzy-kubernetes/blitzy5f91179c1/pkg/controller/replication/config/v1alpha1/doc.go
[gosec] 2026/02/05 18:11:28 Checking file: /tmp/blitzy/blitzy-kubernetes/blitzy5f91179c1/pkg/controller/replication/config/v1alpha1/register.go
[gosec] 2026/02/05 18:11:28 Checking file: /tmp/blitzy/blitzy-kubernetes/blitzy5f91179c1/pkg/controller/replication/config/v1alpha1/zz_generated.conversion.go
[gosec] 2026/02/05 18:11:28 Checking file: /tmp/blitzy/blitzy-kubernetes/blitzy5f91179c1/pkg/controller/replication/config/v1alpha1/zz_generated.deepcopy.go
[gosec] 2026/02/05 18:11:28 Checking package: goroutinemap
[gosec] 2026/02/05 18:11:28 Checking file: /tmp/blitzy/blitzy-kubernetes/blitzy5f91179c1/pkg/util/goroutinemap/goroutinemap.go
[gosec] 2026/02/05 18:11:28 Import directory: /tmp/blitzy/blitzy-kubernetes/blitzy5f91179c1/pkg/kubelet/apis/config/validation
[gosec] 2026/02/05 18:11:29 Checking package: schedulinggates
[gosec] 2026/02/05 18:11:29 Checking file: /tmp/blitzy/blitzy-kubernetes/blitzy5f91179c1/pkg/scheduler/framework/plugins/schedulinggates/scheduling_gates.go
[gosec] 2026/02/05 18:11:29 Import directory: /tmp/blitzy/blitzy-kubernetes/blitzy5f91179c1/pkg/proxy/winkernel/testing
[gosec] 2026/02/05 18:11:29 Checking package: v2
[gosec] 2026/02/05 18:11:29 Checking file: /tmp/blitzy/blitzy-kubernetes/blitzy5f91179c1/pkg/apis/autoscaling/v2/conversion.go
[gosec] 2026/02/05 18:11:29 Import directory: /tmp/blitzy/blitzy-kubernetes/blitzy5f91179c1/pkg/registry/core/resourcequota
[gosec] 2026/02/05 18:11:29 Checking file: /tmp/blitzy/blitzy-kubernetes/blitzy5f91179c1/pkg/apis/autoscaling/v2/defaults.go
[gosec] 2026/02/05 18:11:29 Checking file: /tmp/blitzy/blitzy-kubernetes/blitzy5f91179c1/pkg/apis/autoscaling/v2/doc.go
[gosec] 2026/02/05 18:11:29 Checking file: /tmp/blitzy/blitzy-kubernetes/blitzy5f91179c1/pkg/apis/autoscaling/v2/register.go
[gosec] 2026/02/05 18:11:29 Checking file: /tmp/blitzy/blitzy-kubernetes/blitzy5f91179c1/pkg/apis/autoscaling/v2/zz_generated.conversion.go
[gosec] 2026/02/05 18:11:35 Checking file: /tmp/blitzy/blitzy-kubernetes/blitzy5f91179c1/pkg/apis/autoscaling/v2/zz_generated.defaults.go
[gosec] 2026/02/05 18:11:36 Checking package: testing
[gosec] 2026/02/05 18:11:36 Checking file: /tmp/blitzy/blitzy-kubernetes/blitzy5f91179c1/pkg/volume/csi/testing/testing.go
[gosec] 2026/02/05 18:11:36 Import directory: /tmp/blitzy/blitzy-kubernetes/blitzy5f91179c1/pkg/volume/csimigration
[gosec] 2026/02/05 18:11:36 Checking package: image
[gosec] 2026/02/05 18:11:36 Checking file: /tmp/blitzy/blitzy-kubernetes/blitzy5f91179c1/pkg/volume/image/image.go
[gosec] 2026/02/05 18:11:36 Import directory: /tmp/blitzy/blitzy-kubernetes/blitzy5f91179c1/pkg/apis/abac/v0
[gosec] 2026/02/05 18:11:36 Checking package: pods
[gosec] 2026/02/05 18:11:36 Checking file: /tmp/blitzy/blitzy-kubernetes/blitzy5f91179c1/pkg/apis/core/pods/helpers.go
[gosec] 2026/02/05 18:11:36 Import directory: /tmp/blitzy/blitzy-kubernetes/blitzy5f91179c1/pkg/kubelet/configmap
[gosec] 2026/02/05 18:11:36 Checking package: metrics
[gosec] 2026/02/05 18:11:36 Checking file: /tmp/blitzy/blitzy-kubernetes/blitzy5f91179c1/pkg/controller/replicaset/metrics/metrics.go
[gosec] 2026/02/05 18:11:36 Import directory: /tmp/blitzy/blitzy-kubernetes/blitzy5f91179c1/pkg/kubelet/kubeletconfig
[gosec] 2026/02/05 18:11:36 Checking package: garbagecollector
[gosec] 2026/02/05 18:11:36 Checking file: /tmp/blitzy/blitzy-kubernetes/blitzy5f91179c1/pkg/controller/garbagecollector/dump.go
[gosec] 2026/02/05 18:11:36 Import directory: /tmp/blitzy/blitzy-kubernetes/blitzy5f91179c1/pkg/registry/batch/cronjob/storage
[gosec] 2026/02/05 18:11:37 Checking file: /tmp/blitzy/blitzy-kubernetes/blitzy5f91179c1/pkg/controller/garbagecollector/errors.go
[gosec] 2026/02/05 18:11:37 Checking file: /tmp/blitzy/blitzy-kubernetes/blitzy5f91179c1/pkg/controller/garbagecollector/garbagecollector.go
[gosec] 2026/02/05 18:11:39 Checking file: /tmp/blitzy/blitzy-kubernetes/blitzy5f91179c1/pkg/controller/garbagecollector/graph.go
[gosec] 2026/02/05 18:11:39 Checking file: /tmp/blitzy/blitzy-kubernetes/blitzy5f91179c1/pkg/controller/garbagecollector/graph_builder.go
[gosec] 2026/02/05 18:11:41 Checking file: /tmp/blitzy/blitzy-kubernetes/blitzy5f91179c1/pkg/controller/garbagecollector/operations.go
[gosec] 2026/02/05 18:11:42 Checking file: /tmp/blitzy/blitzy-kubernetes/blitzy5f91179c1/pkg/controller/garbagecollector/patch.go
[gosec] 2026/02/05 18:11:42 Checking file: /tmp/blitzy/blitzy-kubernetes/blitzy5f91179c1/pkg/controller/garbagecollector/uid_cache.go
[gosec] 2026/02/05 18:11:42 Checking package: resourcequota
[gosec] 2026/02/05 18:11:42 Checking file: /tmp/blitzy/blitzy-kubernetes/blitzy5f91179c1/pkg/registry/core/resourcequota/doc.go
[gosec] 2026/02/05 18:11:42 Import directory: /tmp/blitzy/blitzy-kubernetes/blitzy5f91179c1/pkg/registry/coordination/rest
[gosec] 2026/02/05 18:11:42 Checking file: /tmp/blitzy/blitzy-kubernetes/blitzy5f91179c1/pkg/registry/core/resourcequota/strategy.go
[gosec] 2026/02/05 18:11:42 Import directory: /tmp/blitzy/blitzy-kubernetes/blitzy5f91179c1/pkg/registry/rbac/rolebinding/storage
[gosec] 2026/02/05 18:11:42 Checking package: validation
[gosec] 2026/02/05 18:11:42 Checking file: /tmp/blitzy/blitzy-kubernetes/blitzy5f91179c1/pkg/kubelet/apis/config/validation/validation.go
[gosec] 2026/02/05 18:11:42 Import directory: /tmp/blitzy/blitzy-kubernetes/blitzy5f91179c1/pkg/scheduler/apis/config/testing/defaults
[gosec] 2026/02/05 18:11:43 Checking file: /tmp/blitzy/blitzy-kubernetes/blitzy5f91179c1/pkg/kubelet/apis/config/validation/validation_linux.go
[gosec] 2026/02/05 18:11:43 Checking file: /tmp/blitzy/blitzy-kubernetes/blitzy5f91179c1/pkg/kubelet/apis/config/validation/validation_reserved_memory.go
[gosec] 2026/02/05 18:11:43 Checking package: v0
[gosec] 2026/02/05 18:11:43 Checking file: /tmp/blitzy/blitzy-kubernetes/blitzy5f91179c1/pkg/apis/abac/v0/conversion.go
[gosec] 2026/02/05 18:11:43 Import directory: /tmp/blitzy/blitzy-kubernetes/blitzy5f91179c1/pkg/scheduler/framework/plugins/interpodaffinity
[gosec] 2026/02/05 18:11:43 Checking file: /tmp/blitzy/blitzy-kubernetes/blitzy5f91179c1/pkg/apis/abac/v0/doc.go
[gosec] 2026/02/05 18:11:43 Checking file: /tmp/blitzy/blitzy-kubernetes/blitzy5f91179c1/pkg/apis/abac/v0/register.go
[gosec] 2026/02/05 18:11:43 Checking file: /tmp/blitzy/blitzy-kubernetes/blitzy5f91179c1/pkg/apis/abac/v0/types.go
[gosec] 2026/02/05 18:11:43 Checking file: /tmp/blitzy/blitzy-kubernetes/blitzy5f91179c1/pkg/apis/abac/v0/zz_generated.conversion.go
[gosec] 2026/02/05 18:11:43 Checking file: /tmp/blitzy/blitzy-kubernetes/blitzy5f91179c1/pkg/apis/abac/v0/zz_generated.deepcopy.go
[gosec] 2026/02/05 18:11:43 Checking package: csimigration
[gosec] 2026/02/05 18:11:43 Checking file: /tmp/blitzy/blitzy-kubernetes/blitzy5f91179c1/pkg/volume/csimigration/plugin_manager.go
[gosec] 2026/02/05 18:11:43 Import directory: /tmp/blitzy/blitzy-kubernetes/blitzy5f91179c1/pkg/api/persistentvolumeclaim
[gosec] 2026/02/05 18:11:44 Checking package: kubeletconfig
[gosec] 2026/02/05 18:11:44 Checking file: /tmp/blitzy/blitzy-kubernetes/blitzy5f91179c1/pkg/kubelet/kubeletconfig/defaults.go
[gosec] 2026/02/05 18:11:44 Import directory: /tmp/blitzy/blitzy-kubernetes/blitzy5f91179c1/pkg/apis/networking/validation
[gosec] 2026/02/05 18:11:44 Checking file: /tmp/blitzy/blitzy-kubernetes/blitzy5f91179c1/pkg/kubelet/kubeletconfig/types.go
[gosec] 2026/02/05 18:11:44 Checking package: configmap
[gosec] 2026/02/05 18:11:44 Checking file: /tmp/blitzy/blitzy-kubernetes/blitzy5f91179c1/pkg/kubelet/configmap/configmap_manager.go
[gosec] 2026/02/05 18:11:44 Import directory: /tmp/blitzy/blitzy-kubernetes/blitzy5f91179c1/pkg/apis/storage/v1
[gosec] 2026/02/05 18:11:44 Checking file: /tmp/blitzy/blitzy-kubernetes/blitzy5f91179c1/pkg/kubelet/configmap/fake_manager.go
[gosec] 2026/02/05 18:11:44 Checking package: storage
[gosec] 2026/02/05 18:11:44 Checking file: /tmp/blitzy/blitzy-kubernetes/blitzy5f91179c1/pkg/registry/batch/cronjob/storage/storage.go
[gosec] 2026/02/05 18:11:44 Import directory: /tmp/blitzy/blitzy-kubernetes/blitzy5f91179c1/pkg/controller/volume/expand
[gosec] 2026/02/05 18:11:45 Checking package: defaults
[gosec] 2026/02/05 18:11:45 Checking file: /tmp/blitzy/blitzy-kubernetes/blitzy5f91179c1/pkg/scheduler/apis/config/testing/defaults/defaults.go
[gosec] 2026/02/05 18:11:45 Import directory: /tmp/blitzy/blitzy-kubernetes/blitzy5f91179c1/pkg/controller/volume/selinuxwarning
[gosec] 2026/02/05 18:11:45 Checking package: storage
[gosec] 2026/02/05 18:11:45 Checking file: /tmp/blitzy/blitzy-kubernetes/blitzy5f91179c1/pkg/registry/rbac/rolebinding/storage/storage.go
[gosec] 2026/02/05 18:11:45 Import directory: /tmp/blitzy/blitzy-kubernetes/blitzy5f91179c1/pkg/kubelet/pluginmanager/cache
[gosec] 2026/02/05 18:11:45 Checking package: rest
[gosec] 2026/02/05 18:11:45 Checking file: /tmp/blitzy/blitzy-kubernetes/blitzy5f91179c1/pkg/registry/coordination/rest/storage_coordination.go
[gosec] 2026/02/05 18:11:45 Import directory: /tmp/blitzy/blitzy-kubernetes/blitzy5f91179c1/pkg/registry/certificates/rest
[gosec] 2026/02/05 18:11:45 Checking package: persistentvolumeclaim
[gosec] 2026/02/05 18:11:45 Checking file: /tmp/blitzy/blitzy-kubernetes/blitzy5f91179c1/pkg/api/persistentvolumeclaim/util.go
[gosec] 2026/02/05 18:11:45 Import directory: /tmp/blitzy/blitzy-kubernetes/blitzy5f91179c1/pkg/apis/admission
[gosec] 2026/02/05 18:11:46 Checking package: interpodaffinity
[gosec] 2026/02/05 18:11:46 Checking file: /tmp/blitzy/blitzy-kubernetes/blitzy5f91179c1/pkg/scheduler/framework/plugins/interpodaffinity/filtering.go
[gosec] 2026/02/05 18:11:46 Import directory: /tmp/blitzy/blitzy-kubernetes/blitzy5f91179c1/pkg/apis/authorization/v1
[gosec] 2026/02/05 18:11:47 Checking file: /tmp/blitzy/blitzy-kubernetes/blitzy5f91179c1/pkg/scheduler/framework/plugins/interpodaffinity/plugin.go
[gosec] 2026/02/05 18:11:48 Checking file: /tmp/blitzy/blitzy-kubernetes/blitzy5f91179c1/pkg/scheduler/framework/plugins/interpodaffinity/scoring.go
[gosec] 2026/02/05 18:11:49 Checking package: validation
[gosec] 2026/02/05 18:11:49 Checking file: /tmp/blitzy/blitzy-kubernetes/blitzy5f91179c1/pkg/apis/networking/validation/validation.go
[gosec] 2026/02/05 18:11:49 Import directory: /tmp/blitzy/blitzy-kubernetes/blitzy5f91179c1/pkg/controller/certificates/cleaner
[gosec] 2026/02/05 18:11:51 Checking package: v1
[gosec] 2026/02/05 18:11:51 Checking file: /tmp/blitzy/blitzy-kubernetes/blitzy5f91179c1/pkg/apis/storage/v1/defaults.go
[gosec] 2026/02/05 18:11:51 Import directory: /tmp/blitzy/blitzy-kubernetes/blitzy5f91179c1/pkg/printers
[gosec] 2026/02/05 18:11:51 Checking file: /tmp/blitzy/blitzy-kubernetes/blitzy5f91179c1/pkg/apis/storage/v1/doc.go
[gosec] 2026/02/05 18:11:51 Checking file: /tmp/blitzy/blitzy-kubernetes/blitzy5f91179c1/pkg/apis/storage/v1/register.go
[gosec] 2026/02/05 18:11:51 Checking file: /tmp/blitzy/blitzy-kubernetes/blitzy5f91179c1/pkg/apis/storage/v1/zz_generated.conversion.go
[gosec] 2026/02/05 18:11:56 Checking file: /tmp/blitzy/blitzy-kubernetes/blitzy5f91179c1/pkg/apis/storage/v1/zz_generated.defaults.go
[gosec] 2026/02/05 18:11:56 Checking file: /tmp/blitzy/blitzy-kubernetes/blitzy5f91179c1/pkg/apis/storage/v1/zz_generated.validations.go
[gosec] 2026/02/05 18:11:56 Checking package: expand
[gosec] 2026/02/05 18:11:56 Checking file: /tmp/blitzy/blitzy-kubernetes/blitzy5f91179c1/pkg/controller/volume/expand/expand_controller.go
[gosec] 2026/02/05 18:11:56 Import directory: /tmp/blitzy/blitzy-kubernetes/blitzy5f91179c1/pkg/proxy/metrics
[gosec] 2026/02/05 18:11:57 Checking package: cache
[gosec] 2026/02/05 18:11:57 Checking file: /tmp/blitzy/blitzy-kubernetes/blitzy5f91179c1/pkg/kubelet/pluginmanager/cache/actual_state_of_world.go
[gosec] 2026/02/05 18:11:57 Import directory: /tmp/blitzy/blitzy-kubernetes/blitzy5f91179c1/pkg/registry/resource/resourceclaimtemplate
[gosec] 2026/02/05 18:11:58 Checking file: /tmp/blitzy/blitzy-kubernetes/blitzy5f91179c1/pkg/kubelet/pluginmanager/cache/desired_state_of_world.go
[gosec] 2026/02/05 18:11:58 Checking file: /tmp/blitzy/blitzy-kubernetes/blitzy5f91179c1/pkg/kubelet/pluginmanager/cache/types.go
[gosec] 2026/02/05 18:11:58 Checking package: selinuxwarning
[gosec] 2026/02/05 18:11:58 Checking file: /tmp/blitzy/blitzy-kubernetes/blitzy5f91179c1/pkg/controller/volume/selinuxwarning/metrics.go
[gosec] 2026/02/05 18:11:58 Import directory: /tmp/blitzy/blitzy-kubernetes/blitzy5f91179c1/pkg/apis/coordination/validation
[gosec] 2026/02/05 18:11:58 Checking file: /tmp/blitzy/blitzy-kubernetes/blitzy5f91179c1/pkg/controller/volume/selinuxwarning/selinux_warning_controller.go
[gosec] 2026/02/05 18:11:59 Checking file: /tmp/blitzy/blitzy-kubernetes/blitzy5f91179c1/pkg/controller/volume/selinuxwarning/volumehost.go
[gosec] 2026/02/05 18:12:00 Checking package: admission
[gosec] 2026/02/05 18:12:00 Checking file: /tmp/blitzy/blitzy-kubernetes/blitzy5f91179c1/pkg/apis/admission/doc.go
[gosec] 2026/02/05 18:12:00 Checking file: /tmp/blitzy/blitzy-kubernetes/blitzy5f91179c1/pkg/apis/admission/register.go
[gosec] 2026/02/05 18:12:00 Import directory: /tmp/blitzy/blitzy-kubernetes/blitzy5f91179c1/pkg/controller/volume/persistentvolume/metrics
[gosec] 2026/02/05 18:12:00 Checking file: /tmp/blitzy/blitzy-kubernetes/blitzy5f91179c1/pkg/apis/admission/types.go
[gosec] 2026/02/05 18:12:00 Checking file: /tmp/blitzy/blitzy-kubernetes/blitzy5f91179c1/pkg/apis/admission/zz_generated.deepcopy.go
[gosec] 2026/02/05 18:12:00 Checking package: rest
[gosec] 2026/02/05 18:12:00 Checking file: /tmp/blitzy/blitzy-kubernetes/blitzy5f91179c1/pkg/registry/certificates/rest/storage_certificates.go
[gosec] 2026/02/05 18:12:00 Import directory: /tmp/blitzy/blitzy-kubernetes/blitzy5f91179c1/pkg/proxy/metaproxier
[gosec] 2026/02/05 18:12:00 Checking package: v1
[gosec] 2026/02/05 18:12:00 Checking file: /tmp/blitzy/blitzy-kubernetes/blitzy5f91179c1/pkg/apis/authorization/v1/defaults.go
[gosec] 2026/02/05 18:12:00 Import directory: /tmp/blitzy/blitzy-kubernetes/blitzy5f91179c1/pkg/registry/apps/deployment/storage
[gosec] 2026/02/05 18:12:00 Checking file: /tmp/blitzy/blitzy-kubernetes/blitzy5f91179c1/pkg/apis/authorization/v1/doc.go
[gosec] 2026/02/05 18:12:00 Checking file: /tmp/blitzy/blitzy-kubernetes/blitzy5f91179c1/pkg/apis/authorization/v1/register.go
[gosec] 2026/02/05 18:12:00 Checking file: /tmp/blitzy/blitzy-kubernetes/blitzy5f91179c1/pkg/apis/authorization/v1/zz_generated.conversion.go
[gosec] 2026/02/05 18:12:04 Checking file: /tmp/blitzy/blitzy-kubernetes/blitzy5f91179c1/pkg/apis/authorization/v1/zz_generated.defaults.go
[gosec] 2026/02/05 18:12:04 Checking package: cleaner
[gosec] 2026/02/05 18:12:04 Checking file: /tmp/blitzy/blitzy-kubernetes/blitzy5f91179c1/pkg/controller/certificates/cleaner/cleaner.go
[gosec] 2026/02/05 18:12:04 Import directory: /tmp/blitzy/blitzy-kubernetes/blitzy5f91179c1/pkg/registry/node/runtimeclass/storage
[gosec] 2026/02/05 18:12:05 Checking file: /tmp/blitzy/blitzy-kubernetes/blitzy5f91179c1/pkg/controller/certificates/cleaner/pcrcleaner.go
[gosec] 2026/02/05 18:12:05 Checking package: printers
[gosec] 2026/02/05 18:12:05 Checking file: /tmp/blitzy/blitzy-kubernetes/blitzy5f91179c1/pkg/printers/interface.go
[gosec] 2026/02/05 18:12:05 Import directory: /tmp/blitzy/blitzy-kubernetes/blitzy5f91179c1/pkg/util/bandwidth
[gosec] 2026/02/05 18:12:05 Checking file: /tmp/blitzy/blitzy-kubernetes/blitzy5f91179c1/pkg/printers/tablegenerator.go
[gosec] 2026/02/05 18:12:05 Checking package: metrics
[gosec] 2026/02/05 18:12:05 Checking file: /tmp/blitzy/blitzy-kubernetes/blitzy5f91179c1/pkg/proxy/metrics/metrics.go
[gosec] 2026/02/05 18:12:05 Import directory: /tmp/blitzy/blitzy-kubernetes/blitzy5f91179c1/pkg/kubelet/checkpointmanager/testing/example_checkpoint_formats/v1
[gosec] 2026/02/05 18:12:06 Checking package: resourceclaimtemplate
[gosec] 2026/02/05 18:12:06 Checking file: /tmp/blitzy/blitzy-kubernetes/blitzy5f91179c1/pkg/registry/resource/resourceclaimtemplate/strategy.go
[gosec] 2026/02/05 18:12:06 Import directory: /tmp/blitzy/blitzy-kubernetes/blitzy5f91179c1/pkg/kubelet/token
[gosec] 2026/02/05 18:12:06 Checking package: validation
[gosec] 2026/02/05 18:12:06 Checking file: /tmp/blitzy/blitzy-kubernetes/blitzy5f91179c1/pkg/apis/coordination/validation/validation.go
[gosec] 2026/02/05 18:12:06 Import directory: /tmp/blitzy/blitzy-kubernetes/blitzy5f91179c1/pkg/registry/certificates/certificates
[gosec] 2026/02/05 18:12:06 Checking package: metrics
[gosec] 2026/02/05 18:12:06 Checking file: /tmp/blitzy/blitzy-kubernetes/blitzy5f91179c1/pkg/controller/volume/persistentvolume/metrics/metrics.go
[gosec] 2026/02/05 18:12:06 Import directory: /tmp/blitzy/blitzy-kubernetes/blitzy5f91179c1/pkg/registry/core/persistentvolumeclaim/storage
[gosec] 2026/02/05 18:12:07 Checking package: metaproxier
[gosec] 2026/02/05 18:12:07 Checking file: /tmp/blitzy/blitzy-kubernetes/blitzy5f91179c1/pkg/proxy/metaproxier/meta_proxier.go
[gosec] 2026/02/05 18:12:07 Import directory: /tmp/blitzy/blitzy-kubernetes/blitzy5f91179c1/pkg/volume/flexvolume
[gosec] 2026/02/05 18:12:07 Checking package: storage
[gosec] 2026/02/05 18:12:07 Checking file: /tmp/blitzy/blitzy-kubernetes/blitzy5f91179c1/pkg/registry/apps/deployment/storage/storage.go
[gosec] 2026/02/05 18:12:07 Import directory: /tmp/blitzy/blitzy-kubernetes/blitzy5f91179c1/pkg/volume/util/fsquota/common
[gosec] 2026/02/05 18:12:08 Checking package: storage
[gosec] 2026/02/05 18:12:08 Checking file: /tmp/blitzy/blitzy-kubernetes/blitzy5f91179c1/pkg/registry/node/runtimeclass/storage/storage.go
[gosec] 2026/02/05 18:12:08 Import directory: /tmp/blitzy/blitzy-kubernetes/blitzy5f91179c1/pkg/apis/node/validation
[gosec] 2026/02/05 18:12:09 Checking package: bandwidth
[gosec] 2026/02/05 18:12:09 Checking file: /tmp/blitzy/blitzy-kubernetes/blitzy5f91179c1/pkg/util/bandwidth/doc.go
[gosec] 2026/02/05 18:12:09 Import directory: /tmp/blitzy/blitzy-kubernetes/blitzy5f91179c1/pkg/apis/resource/v1alpha3
[gosec] 2026/02/05 18:12:09 Checking package: v1
[gosec] 2026/02/05 18:12:09 Checking file: /tmp/blitzy/blitzy-kubernetes/blitzy5f91179c1/pkg/kubelet/checkpointmanager/testing/example_checkpoint_formats/v1/types.go
[gosec] 2026/02/05 18:12:09 Import directory: /tmp/blitzy/blitzy-kubernetes/blitzy5f91179c1/pkg/kubelet/volumemanager/populator
[gosec] 2026/02/05 18:12:09 Checking package: token
[gosec] 2026/02/05 18:12:09 Checking file: /tmp/blitzy/blitzy-kubernetes/blitzy5f91179c1/pkg/kubelet/token/token_manager.go
[gosec] 2026/02/05 18:12:09 Import directory: /tmp/blitzy/blitzy-kubernetes/blitzy5f91179c1/pkg/proxy/ipvs/ipset
[gosec] 2026/02/05 18:12:09 Checking package: certificates
[gosec] 2026/02/05 18:12:09 Checking file: /tmp/blitzy/blitzy-kubernetes/blitzy5f91179c1/pkg/registry/certificates/certificates/doc.go
[gosec] 2026/02/05 18:12:09 Import directory: /tmp/blitzy/blitzy-kubernetes/blitzy5f91179c1/pkg/scheduler/framework/plugins/tainttoleration
[gosec] 2026/02/05 18:12:09 Checking file: /tmp/blitzy/blitzy-kubernetes/blitzy5f91179c1/pkg/registry/certificates/certificates/strategy.go
[gosec] 2026/02/05 18:12:10 Checking package: common
[gosec] 2026/02/05 18:12:10 Checking file: /tmp/blitzy/blitzy-kubernetes/blitzy5f91179c1/pkg/volume/util/fsquota/common/quota_common.go
[gosec] 2026/02/05 18:12:10 Import directory: /tmp/blitzy/blitzy-kubernetes/blitzy5f91179c1/pkg/apis/imagepolicy/fuzzer
[gosec] 2026/02/05 18:12:10 Checking file: /tmp/blitzy/blitzy-kubernetes/blitzy5f91179c1/pkg/volume/util/fsquota/common/quota_common_linux.go
[gosec] 2026/02/05 18:12:10 Checking file: /tmp/blitzy/blitzy-kubernetes/blitzy5f91179c1/pkg/volume/util/fsquota/common/quota_common_linux_impl.go
[gosec] 2026/02/05 18:12:11 Checking package: storage
[gosec] 2026/02/05 18:12:11 Checking file: /tmp/blitzy/blitzy-kubernetes/blitzy5f91179c1/pkg/registry/core/persistentvolumeclaim/storage/storage.go
[gosec] 2026/02/05 18:12:11 Import directory: /tmp/blitzy/blitzy-kubernetes/blitzy5f91179c1/pkg/apis/resource/validation
[gosec] 2026/02/05 18:12:11 Checking package: flexvolume
[gosec] 2026/02/05 18:12:11 Checking file: /tmp/blitzy/blitzy-kubernetes/blitzy5f91179c1/pkg/volume/flexvolume/attacher-defaults.go
[gosec] 2026/02/05 18:12:11 Import directory: /tmp/blitzy/blitzy-kubernetes/blitzy5f91179c1/pkg/registry/apps/daemonset
[gosec] 2026/02/05 18:12:11 Checking file: /tmp/blitzy/blitzy-kubernetes/blitzy5f91179c1/pkg/volume/flexvolume/attacher.go
[gosec] 2026/02/05 18:12:11 Checking file: /tmp/blitzy/blitzy-kubernetes/blitzy5f91179c1/pkg/volume/flexvolume/detacher-defaults.go
[gosec] 2026/02/05 18:12:11 Checking file: /tmp/blitzy/blitzy-kubernetes/blitzy5f91179c1/pkg/volume/flexvolume/detacher.go
[gosec] 2026/02/05 18:12:12 Checking file: /tmp/blitzy/blitzy-kubernetes/blitzy5f91179c1/pkg/volume/flexvolume/driver-call.go
[gosec] 2026/02/05 18:12:12 Checking file: /tmp/blitzy/blitzy-kubernetes/blitzy5f91179c1/pkg/volume/flexvolume/expander-defaults.go
[gosec] 2026/02/05 18:12:12 Checking file: /tmp/blitzy/blitzy-kubernetes/blitzy5f91179c1/pkg/volume/flexvolume/expander.go
[gosec] 2026/02/05 18:12:12 Checking file: /tmp/blitzy/blitzy-kubernetes/blitzy5f91179c1/pkg/volume/flexvolume/fake_watcher.go
[gosec] 2026/02/05 18:12:13 Checking file: /tmp/blitzy/blitzy-kubernetes/blitzy5f91179c1/pkg/volume/flexvolume/mounter-defaults.go
[gosec] 2026/02/05 18:12:13 Checking file: /tmp/blitzy/blitzy-kubernetes/blitzy5f91179c1/pkg/volume/flexvolume/mounter.go
[gosec] 2026/02/05 18:12:13 Checking file: /tmp/blitzy/blitzy-kubernetes/blitzy5f91179c1/pkg/volume/flexvolume/plugin-defaults.go
[gosec] 2026/02/05 18:12:13 Checking file: /tmp/blitzy/blitzy-kubernetes/blitzy5f91179c1/pkg/volume/flexvolume/plugin.go
[gosec] 2026/02/05 18:12:14 Checking file: /tmp/blitzy/blitzy-kubernetes/blitzy5f91179c1/pkg/volume/flexvolume/probe.go
[gosec] 2026/02/05 18:12:14 Checking file: /tmp/blitzy/blitzy-kubernetes/blitzy5f91179c1/pkg/volume/flexvolume/unmounter-defaults.go
[gosec] 2026/02/05 18:12:14 Checking file: /tmp/blitzy/blitzy-kubernetes/blitzy5f91179c1/pkg/volume/flexvolume/unmounter.go
[gosec] 2026/02/05 18:12:15 Checking file: /tmp/blitzy/blitzy-kubernetes/blitzy5f91179c1/pkg/volume/flexvolume/util.go
[gosec] 2026/02/05 18:12:15 Checking file: /tmp/blitzy/blitzy-kubernetes/blitzy5f91179c1/pkg/volume/flexvolume/volume.go
[gosec] 2026/02/05 18:12:15 Checking package: validation
[gosec] 2026/02/05 18:12:15 Checking file: /tmp/blitzy/blitzy-kubernetes/blitzy5f91179c1/pkg/apis/node/validation/validation.go
[gosec] 2026/02/05 18:12:15 Import directory: /tmp/blitzy/blitzy-kubernetes/blitzy5f91179c1/pkg/registry/policy/rest
[gosec] 2026/02/05 18:12:15 Checking package: ipset
[gosec] 2026/02/05 18:12:15 Checking file: /tmp/blitzy/blitzy-kubernetes/blitzy5f91179c1/pkg/proxy/ipvs/ipset/doc.go
[gosec] 2026/02/05 18:12:15 Checking file: /tmp/blitzy/blitzy-kubernetes/blitzy5f91179c1/pkg/proxy/ipvs/ipset/ipset.go
[gosec] 2026/02/05 18:12:15 Import directory: /tmp/blitzy/blitzy-kubernetes/blitzy5f91179c1/pkg/registry/storage/csinode
[gosec] 2026/02/05 18:12:17 Checking file: /tmp/blitzy/blitzy-kubernetes/blitzy5f91179c1/pkg/proxy/ipvs/ipset/types.go
[gosec] 2026/02/05 18:12:17 Checking package: v1alpha3
[gosec] 2026/02/05 18:12:17 Checking file: /tmp/blitzy/blitzy-kubernetes/blitzy5f91179c1/pkg/apis/resource/v1alpha3/conversion.go
[gosec] 2026/02/05 18:12:17 Import directory: /tmp/blitzy/blitzy-kubernetes/blitzy5f91179c1/pkg/registry/storage/volumeattributesclass/storage
[gosec] 2026/02/05 18:12:17 Checking file: /tmp/blitzy/blitzy-kubernetes/blitzy5f91179c1/pkg/apis/resource/v1alpha3/defaults.go
[gosec] 2026/02/05 18:12:17 Checking file: /tmp/blitzy/blitzy-kubernetes/blitzy5f91179c1/pkg/apis/resource/v1alpha3/doc.go
[gosec] 2026/02/05 18:12:17 Checking file: /tmp/blitzy/blitzy-kubernetes/blitzy5f91179c1/pkg/apis/resource/v1alpha3/register.go
[gosec] 2026/02/05 18:12:17 Checking file: /tmp/blitzy/blitzy-kubernetes/blitzy5f91179c1/pkg/apis/resource/v1alpha3/zz_generated.conversion.go
[gosec] 2026/02/05 18:12:18 Checking file: /tmp/blitzy/blitzy-kubernetes/blitzy5f91179c1/pkg/apis/resource/v1alpha3/zz_generated.defaults.go
[gosec] 2026/02/05 18:12:19 Checking package: populator
[gosec] 2026/02/05 18:12:19 Checking file: /tmp/blitzy/blitzy-kubernetes/blitzy5f91179c1/pkg/kubelet/volumemanager/populator/desired_state_of_world_populator.go
[gosec] 2026/02/05 18:12:19 Import directory: /tmp/blitzy/blitzy-kubernetes/blitzy5f91179c1/pkg/apis/core/helper
[gosec] 2026/02/05 18:12:19 Checking package: tainttoleration
[gosec] 2026/02/05 18:12:19 Checking file: /tmp/blitzy/blitzy-kubernetes/blitzy5f91179c1/pkg/scheduler/framework/plugins/tainttoleration/taint_toleration.go
[gosec] 2026/02/05 18:12:19 Import directory: /tmp/blitzy/blitzy-kubernetes/blitzy5f91179c1/pkg/controller/endpoint/config/v1alpha1
[gosec] 2026/02/05 18:12:20 Checking package: fuzzer
[gosec] 2026/02/05 18:12:20 Checking file: /tmp/blitzy/blitzy-kubernetes/blitzy5f91179c1/pkg/apis/imagepolicy/fuzzer/fuzzer.go
[gosec] 2026/02/05 18:12:20 Import directory: /tmp/blitzy/blitzy-kubernetes/blitzy5f91179c1/pkg/kubelet/status/testing
[gosec] 2026/02/05 18:12:20 Checking package: validation
[gosec] 2026/02/05 18:12:20 Checking file: /tmp/blitzy/blitzy-kubernetes/blitzy5f91179c1/pkg/apis/resource/validation/validation.go
[gosec] 2026/02/05 18:12:20 Import directory: /tmp/blitzy/blitzy-kubernetes/blitzy5f91179c1/pkg/registry/networking/networkpolicy
[gosec] 2026/02/05 18:12:24 Checking package: daemonset
[gosec] 2026/02/05 18:12:24 Checking file: /tmp/blitzy/blitzy-kubernetes/blitzy5f91179c1/pkg/registry/apps/daemonset/doc.go
[gosec] 2026/02/05 18:12:24 Checking file: /tmp/blitzy/blitzy-kubernetes/blitzy5f91179c1/pkg/registry/apps/daemonset/strategy.go
[gosec] 2026/02/05 18:12:24 Import directory: /tmp/blitzy/blitzy-kubernetes/blitzy5f91179c1/pkg/registry/storage/storageclass/storage
[gosec] 2026/02/05 18:12:24 Checking package: csinode
[gosec] 2026/02/05 18:12:24 Checking file: /tmp/blitzy/blitzy-kubernetes/blitzy5f91179c1/pkg/registry/storage/csinode/doc.go
[gosec] 2026/02/05 18:12:24 Checking file: /tmp/blitzy/blitzy-kubernetes/blitzy5f91179c1/pkg/registry/storage/csinode/strategy.go
[gosec] 2026/02/05 18:12:24 Import directory: /tmp/blitzy/blitzy-kubernetes/blitzy5f91179c1/pkg/apis/flowcontrol/util
[gosec] 2026/02/05 18:12:24 Checking package: rest
[gosec] 2026/02/05 18:12:24 Checking file: /tmp/blitzy/blitzy-kubernetes/blitzy5f91179c1/pkg/registry/policy/rest/storage_policy.go
[gosec] 2026/02/05 18:12:24 Import directory: /tmp/blitzy/blitzy-kubernetes/blitzy5f91179c1/pkg/controlplane/controller/apiserverleasegc
[gosec] 2026/02/05 18:12:24 Checking package: storage
[gosec] 2026/02/05 18:12:24 Checking file: /tmp/blitzy/blitzy-kubernetes/blitzy5f91179c1/pkg/registry/storage/volumeattributesclass/storage/storage.go
[gosec] 2026/02/05 18:12:24 Import directory: /tmp/blitzy/blitzy-kubernetes/blitzy5f91179c1/pkg/registry/core/secret
[gosec] 2026/02/05 18:12:25 Checking package: helper
[gosec] 2026/02/05 18:12:25 Checking file: /tmp/blitzy/blitzy-kubernetes/blitzy5f91179c1/pkg/apis/core/helper/helpers.go
[gosec] 2026/02/05 18:12:25 Import directory: /tmp/blitzy/blitzy-kubernetes/blitzy5f91179c1/pkg/registry/rbac/rolebinding
[gosec] 2026/02/05 18:12:26 Checking package: v1alpha1
[gosec] 2026/02/05 18:12:26 Checking file: /tmp/blitzy/blitzy-kubernetes/blitzy5f91179c1/pkg/controller/endpoint/config/v1alpha1/conversion.go
[gosec] 2026/02/05 18:12:26 Import directory: /tmp/blitzy/blitzy-kubernetes/blitzy5f91179c1/pkg/util/slice
[gosec] 2026/02/05 18:12:26 Checking file: /tmp/blitzy/blitzy-kubernetes/blitzy5f91179c1/pkg/controller/endpoint/config/v1alpha1/defaults.go
[gosec] 2026/02/05 18:12:26 Checking file: /tmp/blitzy/blitzy-kubernetes/blitzy5f91179c1/pkg/controller/endpoint/config/v1alpha1/doc.go
[gosec] 2026/02/05 18:12:26 Checking file: /tmp/blitzy/blitzy-kubernetes/blitzy5f91179c1/pkg/controller/endpoint/config/v1alpha1/register.go
[gosec] 2026/02/05 18:12:26 Checking file: /tmp/blitzy/blitzy-kubernetes/blitzy5f91179c1/pkg/controller/endpoint/config/v1alpha1/zz_generated.conversion.go
[gosec] 2026/02/05 18:12:26 Checking file: /tmp/blitzy/blitzy-kubernetes/blitzy5f91179c1/pkg/controller/endpoint/config/v1alpha1/zz_generated.deepcopy.go
[gosec] 2026/02/05 18:12:26 Checking package: testing
[gosec] 2026/02/05 18:12:26 Checking file: /tmp/blitzy/blitzy-kubernetes/blitzy5f91179c1/pkg/kubelet/status/testing/fake_pod_deletion_safety.go
[gosec] 2026/02/05 18:12:26 Import directory: /tmp/blitzy/blitzy-kubernetes/blitzy5f91179c1/pkg/api/job
[gosec] 2026/02/05 18:12:26 Checking file: /tmp/blitzy/blitzy-kubernetes/blitzy5f91179c1/pkg/kubelet/status/testing/mocks.go
[gosec] 2026/02/05 18:12:27 Checking package: networkpolicy
[gosec] 2026/02/05 18:12:27 Checking file: /tmp/blitzy/blitzy-kubernetes/blitzy5f91179c1/pkg/registry/networking/networkpolicy/doc.go
[gosec] 2026/02/05 18:12:27 Import directory: /tmp/blitzy/blitzy-kubernetes/blitzy5f91179c1/pkg/apis/coordination/v1beta1
[gosec] 2026/02/05 18:12:27 Checking file: /tmp/blitzy/blitzy-kubernetes/blitzy5f91179c1/pkg/registry/networking/networkpolicy/strategy.go
[gosec] 2026/02/05 18:12:27 Checking package: util
[gosec] 2026/02/05 18:12:27 Checking file: /tmp/blitzy/blitzy-kubernetes/blitzy5f91179c1/pkg/apis/flowcontrol/util/helpers.go
[gosec] 2026/02/05 18:12:27 Import directory: /tmp/blitzy/blitzy-kubernetes/blitzy5f91179c1/pkg/controller/volume/attachdetach/cache
[gosec] 2026/02/05 18:12:27 Checking package: storage
[gosec] 2026/02/05 18:12:27 Checking file: /tmp/blitzy/blitzy-kubernetes/blitzy5f91179c1/pkg/registry/storage/storageclass/storage/storage.go
[gosec] 2026/02/05 18:12:27 Import directory: /tmp/blitzy/blitzy-kubernetes/blitzy5f91179c1/pkg/kubelet/cm/memorymanager/state
[gosec] 2026/02/05 18:12:27 Checking package: apiserverleasegc
[gosec] 2026/02/05 18:12:27 Checking file: /tmp/blitzy/blitzy-kubernetes/blitzy5f91179c1/pkg/controlplane/controller/apiserverleasegc/gc_controller.go
[gosec] 2026/02/05 18:12:27 Import directory: /tmp/blitzy/blitzy-kubernetes/blitzy5f91179c1/pkg/registry/resource/resourceclaim/storage
[gosec] 2026/02/05 18:12:27 Checking package: rolebinding
[gosec] 2026/02/05 18:12:27 Checking file: /tmp/blitzy/blitzy-kubernetes/blitzy5f91179c1/pkg/registry/rbac/rolebinding/doc.go
[gosec] 2026/02/05 18:12:27 Checking file: /tmp/blitzy/blitzy-kubernetes/blitzy5f91179c1/pkg/registry/rbac/rolebinding/registry.go
[gosec] 2026/02/05 18:12:27 Import directory: /tmp/blitzy/blitzy-kubernetes/blitzy5f91179c1/pkg/volume/util
[gosec] 2026/02/05 18:12:28 Checking file: /tmp/blitzy/blitzy-kubernetes/blitzy5f91179c1/pkg/registry/rbac/rolebinding/strategy.go
[gosec] 2026/02/05 18:12:28 Checking package: secret
[gosec] 2026/02/05 18:12:28 Checking file: /tmp/blitzy/blitzy-kubernetes/blitzy5f91179c1/pkg/registry/core/secret/doc.go
[gosec] 2026/02/05 18:12:28 Checking file: /tmp/blitzy/blitzy-kubernetes/blitzy5f91179c1/pkg/registry/core/secret/strategy.go
[gosec] 2026/02/05 18:12:28 Import directory: /tmp/blitzy/blitzy-kubernetes/blitzy5f91179c1/pkg/apis/apiserverinternal/validation
[gosec] 2026/02/05 18:12:28 Checking package: slice
[gosec] 2026/02/05 18:12:28 Checking file: /tmp/blitzy/blitzy-kubernetes/blitzy5f91179c1/pkg/util/slice/slice.go
[gosec] 2026/02/05 18:12:28 Import directory: /tmp/blitzy/blitzy-kubernetes/blitzy5f91179c1/pkg/apis/flowcontrol/v1beta1
[gosec] 2026/02/05 18:12:28 Checking package: job
[gosec] 2026/02/05 18:12:28 Checking file: /tmp/blitzy/blitzy-kubernetes/blitzy5f91179c1/pkg/api/job/warnings.go
[gosec] 2026/02/05 18:12:28 Import directory: /tmp/blitzy/blitzy-kubernetes/blitzy5f91179c1/pkg/features
[gosec] 2026/02/05 18:12:28 Checking package: v1beta1
[gosec] 2026/02/05 18:12:28 Checking file: /tmp/blitzy/blitzy-kubernetes/blitzy5f91179c1/pkg/apis/coordination/v1beta1/doc.go
[gosec] 2026/02/05 18:12:28 Checking file: /tmp/blitzy/blitzy-kubernetes/blitzy5f91179c1/pkg/apis/coordination/v1beta1/register.go
[gosec] 2026/02/05 18:12:28 Import directory: /tmp/blitzy/blitzy-kubernetes/blitzy5f91179c1/pkg/kubelet/cm/topologymanager
[gosec] 2026/02/05 18:12:28 Checking file: /tmp/blitzy/blitzy-kubernetes/blitzy5f91179c1/pkg/apis/coordination/v1beta1/zz_generated.conversion.go
[gosec] 2026/02/05 18:12:30 Checking file: /tmp/blitzy/blitzy-kubernetes/blitzy5f91179c1/pkg/apis/coordination/v1beta1/zz_generated.defaults.go
[gosec] 2026/02/05 18:12:30 Checking package: state
[gosec] 2026/02/05 18:12:30 Checking file: /tmp/blitzy/blitzy-kubernetes/blitzy5f91179c1/pkg/kubelet/cm/memorymanager/state/checkpoint.go
[gosec] 2026/02/05 18:12:30 Import directory: /tmp/blitzy/blitzy-kubernetes/blitzy5f91179c1/pkg/probe/grpc
[gosec] 2026/02/05 18:12:30 Checking file: /tmp/blitzy/blitzy-kubernetes/blitzy5f91179c1/pkg/kubelet/cm/memorymanager/state/state.go
[gosec] 2026/02/05 18:12:30 Checking file: /tmp/blitzy/blitzy-kubernetes/blitzy5f91179c1/pkg/kubelet/cm/memorymanager/state/state_checkpoint.go
[gosec] 2026/02/05 18:12:30 Checking file: /tmp/blitzy/blitzy-kubernetes/blitzy5f91179c1/pkg/kubelet/cm/memorymanager/state/state_mem.go
[gosec] 2026/02/05 18:12:30 Checking package: cache
[gosec] 2026/02/05 18:12:30 Checking file: /tmp/blitzy/blitzy-kubernetes/blitzy5f91179c1/pkg/controller/volume/attachdetach/cache/actual_state_of_world.go
[gosec] 2026/02/05 18:12:30 Import directory: /tmp/blitzy/blitzy-kubernetes/blitzy5f91179c1/pkg/registry/rbac/validation
[gosec] 2026/02/05 18:12:31 Checking file: /tmp/blitzy/blitzy-kubernetes/blitzy5f91179c1/pkg/controller/volume/attachdetach/cache/desired_state_of_world.go
[gosec] 2026/02/05 18:12:32 Checking package: storage
[gosec] 2026/02/05 18:12:32 Checking file: /tmp/blitzy/blitzy-kubernetes/blitzy5f91179c1/pkg/registry/resource/resourceclaim/storage/storage.go
[gosec] 2026/02/05 18:12:32 Import directory: /tmp/blitzy/blitzy-kubernetes/blitzy5f91179c1/pkg/util/oom
[gosec] 2026/02/05 18:12:32 Checking package: validation
[gosec] 2026/02/05 18:12:32 Checking file: /tmp/blitzy/blitzy-kubernetes/blitzy5f91179c1/pkg/apis/apiserverinternal/validation/validation.go
[gosec] 2026/02/05 18:12:32 Import directory: /tmp/blitzy/blitzy-kubernetes/blitzy5f91179c1/pkg/util/parsers
[gosec] 2026/02/05 18:12:33 Checking package: util
[gosec] 2026/02/05 18:12:33 Checking file: /tmp/blitzy/blitzy-kubernetes/blitzy5f91179c1/pkg/volume/util/atomic_writer.go
[gosec] 2026/02/05 18:12:33 Import directory: /tmp/blitzy/blitzy-kubernetes/blitzy5f91179c1/pkg/capabilities
[gosec] 2026/02/05 18:12:34 Checking file: /tmp/blitzy/blitzy-kubernetes/blitzy5f91179c1/pkg/volume/util/atomic_writer_linux.go
[gosec] 2026/02/05 18:12:34 Checking file: /tmp/blitzy/blitzy-kubernetes/blitzy5f91179c1/pkg/volume/util/attach_limit.go
[gosec] 2026/02/05 18:12:34 Checking file: /tmp/blitzy/blitzy-kubernetes/blitzy5f91179c1/pkg/volume/util/device_util.go
[gosec] 2026/02/05 18:12:34 Checking file: /tmp/blitzy/blitzy-kubernetes/blitzy5f91179c1/pkg/volume/util/device_util_linux.go
[gosec] 2026/02/05 18:12:34 Checking file: /tmp/blitzy/blitzy-kubernetes/blitzy5f91179c1/pkg/volume/util/doc.go
[gosec] 2026/02/05 18:12:34 Checking file: /tmp/blitzy/blitzy-kubernetes/blitzy5f91179c1/pkg/volume/util/finalizer.go
[gosec] 2026/02/05 18:12:34 Checking file: /tmp/blitzy/blitzy-kubernetes/blitzy5f91179c1/pkg/volume/util/io_util.go
[gosec] 2026/02/05 18:12:35 Checking file: /tmp/blitzy/blitzy-kubernetes/blitzy5f91179c1/pkg/volume/util/metrics.go
[gosec] 2026/02/05 18:12:35 Checking file: /tmp/blitzy/blitzy-kubernetes/blitzy5f91179c1/pkg/volume/util/nested_volumes.go
[gosec] 2026/02/05 18:12:35 Checking file: /tmp/blitzy/blitzy-kubernetes/blitzy5f91179c1/pkg/volume/util/resize_util.go
[gosec] 2026/02/05 18:12:36 Checking file: /tmp/blitzy/blitzy-kubernetes/blitzy5f91179c1/pkg/volume/util/selinux.go
[gosec] 2026/02/05 18:12:37 Checking file: /tmp/blitzy/blitzy-kubernetes/blitzy5f91179c1/pkg/volume/util/storageclass.go
[gosec] 2026/02/05 18:12:37 Checking file: /tmp/blitzy/blitzy-kubernetes/blitzy5f91179c1/pkg/volume/util/util.go
[gosec] 2026/02/05 18:12:39 Checking package: v1beta1
[gosec] 2026/02/05 18:12:39 Checking file: /tmp/blitzy/blitzy-kubernetes/blitzy5f91179c1/pkg/apis/flowcontrol/v1beta1/conversion.go
[gosec] 2026/02/05 18:12:39 Import directory: /tmp/blitzy/blitzy-kubernetes/blitzy5f91179c1/pkg/controller/nodeipam/ipam/cidrset
[gosec] 2026/02/05 18:12:39 Checking file: /tmp/blitzy/blitzy-kubernetes/blitzy5f91179c1/pkg/apis/flowcontrol/v1beta1/defaults.go
[gosec] 2026/02/05 18:12:39 Checking file: /tmp/blitzy/blitzy-kubernetes/blitzy5f91179c1/pkg/apis/flowcontrol/v1beta1/doc.go
[gosec] 2026/02/05 18:12:39 Checking file: /tmp/blitzy/blitzy-kubernetes/blitzy5f91179c1/pkg/apis/flowcontrol/v1beta1/register.go
[gosec] 2026/02/05 18:12:39 Checking file: /tmp/blitzy/blitzy-kubernetes/blitzy5f91179c1/pkg/apis/flowcontrol/v1beta1/zz_generated.conversion.go
[gosec] 2026/02/05 18:12:44 Checking file: /tmp/blitzy/blitzy-kubernetes/blitzy5f91179c1/pkg/apis/flowcontrol/v1beta1/zz_generated.defaults.go
[gosec] 2026/02/05 18:12:44 Checking package: features
[gosec] 2026/02/05 18:12:44 Checking file: /tmp/blitzy/blitzy-kubernetes/blitzy5f91179c1/pkg/features/client_adapter.go
[gosec] 2026/02/05 18:12:44 Import directory: /tmp/blitzy/blitzy-kubernetes/blitzy5f91179c1/pkg/controller/podgc/config
[gosec] 2026/02/05 18:12:44 Checking file: /tmp/blitzy/blitzy-kubernetes/blitzy5f91179c1/pkg/features/kube_features.go
[gosec] 2026/02/05 18:12:44 Checking package: topologymanager
[gosec] 2026/02/05 18:12:44 Checking file: /tmp/blitzy/blitzy-kubernetes/blitzy5f91179c1/pkg/kubelet/cm/topologymanager/fake_topology_manager.go
[gosec] 2026/02/05 18:12:44 Import directory: /tmp/blitzy/blitzy-kubernetes/blitzy5f91179c1/pkg/kubelet/volumemanager
[gosec] 2026/02/05 18:12:44 Checking file: /tmp/blitzy/blitzy-kubernetes/blitzy5f91179c1/pkg/kubelet/cm/topologymanager/numa_info.go
[gosec] 2026/02/05 18:12:45 Checking file: /tmp/blitzy/blitzy-kubernetes/blitzy5f91179c1/pkg/kubelet/cm/topologymanager/policy.go
[gosec] 2026/02/05 18:12:45 Checking file: /tmp/blitzy/blitzy-kubernetes/blitzy5f91179c1/pkg/kubelet/cm/topologymanager/policy_best_effort.go
[gosec] 2026/02/05 18:12:45 Checking file: /tmp/blitzy/blitzy-kubernetes/blitzy5f91179c1/pkg/kubelet/cm/topologymanager/policy_none.go
[gosec] 2026/02/05 18:12:45 Checking file: /tmp/blitzy/blitzy-kubernetes/blitzy5f91179c1/pkg/kubelet/cm/topologymanager/policy_options.go
[gosec] 2026/02/05 18:12:46 Checking file: /tmp/blitzy/blitzy-kubernetes/blitzy5f91179c1/pkg/kubelet/cm/topologymanager/policy_restricted.go
[gosec] 2026/02/05 18:12:46 Checking file: /tmp/blitzy/blitzy-kubernetes/blitzy5f91179c1/pkg/kubelet/cm/topologymanager/policy_single_numa_node.go
[gosec] 2026/02/05 18:12:46 Checking file: /tmp/blitzy/blitzy-kubernetes/blitzy5f91179c1/pkg/kubelet/cm/topologymanager/scope.go
[gosec] 2026/02/05 18:12:46 Checking file: /tmp/blitzy/blitzy-kubernetes/blitzy5f91179c1/pkg/kubelet/cm/topologymanager/scope_container.go
[gosec] 2026/02/05 18:12:46 Checking file: /tmp/blitzy/blitzy-kubernetes/blitzy5f91179c1/pkg/kubelet/cm/topologymanager/scope_none.go
[gosec] 2026/02/05 18:12:47 Checking file: /tmp/blitzy/blitzy-kubernetes/blitzy5f91179c1/pkg/kubelet/cm/topologymanager/scope_pod.go
[gosec] 2026/02/05 18:12:47 Checking file: /tmp/blitzy/blitzy-kubernetes/blitzy5f91179c1/pkg/kubelet/cm/topologymanager/topology_manager.go
[gosec] 2026/02/05 18:12:47 Checking package: grpc
[gosec] 2026/02/05 18:12:47 Checking file: /tmp/blitzy/blitzy-kubernetes/blitzy5f91179c1/pkg/probe/grpc/grpc.go
[gosec] 2026/02/05 18:12:47 Import directory: /tmp/blitzy/blitzy-kubernetes/blitzy5f91179c1/pkg/registry/storage/csinode/storage
[gosec] 2026/02/05 18:12:47 Checking package: validation
[gosec] 2026/02/05 18:12:47 Checking file: /tmp/blitzy/blitzy-kubernetes/blitzy5f91179c1/pkg/registry/rbac/validation/internal_version_adapter.go
[gosec] 2026/02/05 18:12:47 Import directory: /tmp/blitzy/blitzy-kubernetes/blitzy5f91179c1/pkg/apis/policy/v1beta1
[gosec] 2026/02/05 18:12:47 Checking file: /tmp/blitzy/blitzy-kubernetes/blitzy5f91179c1/pkg/registry/rbac/validation/policy_compact.go
[gosec] 2026/02/05 18:12:48 Checking file: /tmp/blitzy/blitzy-kubernetes/blitzy5f91179c1/pkg/registry/rbac/validation/rule.go
[gosec] 2026/02/05 18:12:49 Checking package: oom
[gosec] 2026/02/05 18:12:49 Checking file: /tmp/blitzy/blitzy-kubernetes/blitzy5f91179c1/pkg/util/oom/doc.go
[gosec] 2026/02/05 18:12:49 Checking file: /tmp/blitzy/blitzy-kubernetes/blitzy5f91179c1/pkg/util/oom/oom.go
[gosec] 2026/02/05 18:12:49 Import directory: /tmp/blitzy/blitzy-kubernetes/blitzy5f91179c1/pkg/kubelet/apis/podresources/testing
[gosec] 2026/02/05 18:12:49 Checking file: /tmp/blitzy/blitzy-kubernetes/blitzy5f91179c1/pkg/util/oom/oom_fake.go
[gosec] 2026/02/05 18:12:49 Checking file: /tmp/blitzy/blitzy-kubernetes/blitzy5f91179c1/pkg/util/oom/oom_linux.go
[gosec] 2026/02/05 18:12:49 Checking package: parsers
[gosec] 2026/02/05 18:12:49 Checking file: /tmp/blitzy/blitzy-kubernetes/blitzy5f91179c1/pkg/util/parsers/parsers.go
[gosec] 2026/02/05 18:12:49 Import directory: /tmp/blitzy/blitzy-kubernetes/blitzy5f91179c1/pkg/kubelet/kuberuntime
[gosec] 2026/02/05 18:12:49 Checking package: capabilities
[gosec] 2026/02/05 18:12:49 Checking file: /tmp/blitzy/blitzy-kubernetes/blitzy5f91179c1/pkg/capabilities/capabilities.go
[gosec] 2026/02/05 18:12:49 Import directory: /tmp/blitzy/blitzy-kubernetes/blitzy5f91179c1/pkg/registry/storage/volumeattributesclass
[gosec] 2026/02/05 18:12:49 Checking file: /tmp/blitzy/blitzy-kubernetes/blitzy5f91179c1/pkg/capabilities/doc.go
[gosec] 2026/02/05 18:12:49 Checking package: cidrset
[gosec] 2026/02/05 18:12:49 Checking file: /tmp/blitzy/blitzy-kubernetes/blitzy5f91179c1/pkg/controller/nodeipam/ipam/cidrset/cidr_set.go
[gosec] 2026/02/05 18:12:49 Import directory: /tmp/blitzy/blitzy-kubernetes/blitzy5f91179c1/pkg/apis/extensions/install
[gosec] 2026/02/05 18:12:50 Checking file: /tmp/blitzy/blitzy-kubernetes/blitzy5f91179c1/pkg/controller/nodeipam/ipam/cidrset/metrics.go
[gosec] 2026/02/05 18:12:50 Checking package: config
[gosec] 2026/02/05 18:12:50 Checking file: /tmp/blitzy/blitzy-kubernetes/blitzy5f91179c1/pkg/controller/podgc/config/doc.go
[gosec] 2026/02/05 18:12:50 Checking file: /tmp/blitzy/blitzy-kubernetes/blitzy5f91179c1/pkg/controller/podgc/config/types.go
[gosec] 2026/02/05 18:12:50 Import directory: /tmp/blitzy/blitzy-kubernetes/blitzy5f91179c1/pkg/auth/nodeidentifier
[gosec] 2026/02/05 18:12:50 Checking file: /tmp/blitzy/blitzy-kubernetes/blitzy5f91179c1/pkg/controller/podgc/config/zz_generated.deepcopy.go
[gosec] 2026/02/05 18:12:50 Checking package: volumemanager
[gosec] 2026/02/05 18:12:50 Checking file: /tmp/blitzy/blitzy-kubernetes/blitzy5f91179c1/pkg/kubelet/volumemanager/volume_manager.go
[gosec] 2026/02/05 18:12:50 Import directory: /tmp/blitzy/blitzy-kubernetes/blitzy5f91179c1/pkg/controlplane/apiserver/samples/generic/server
[gosec] 2026/02/05 18:12:51 Checking file: /tmp/blitzy/blitzy-kubernetes/blitzy5f91179c1/pkg/kubelet/volumemanager/volume_manager_fake.go
[gosec] 2026/02/05 18:12:52 Checking package: v1beta1
[gosec] 2026/02/05 18:12:52 Checking file: /tmp/blitzy/blitzy-kubernetes/blitzy5f91179c1/pkg/apis/policy/v1beta1/conversion.go
[gosec] 2026/02/05 18:12:52 Import directory: /tmp/blitzy/blitzy-kubernetes/blitzy5f91179c1/pkg/proxy/iptables
[gosec] 2026/02/05 18:12:52 Checking file: /tmp/blitzy/blitzy-kubernetes/blitzy5f91179c1/pkg/apis/policy/v1beta1/doc.go
[gosec] 2026/02/05 18:12:52 Checking file: /tmp/blitzy/blitzy-kubernetes/blitzy5f91179c1/pkg/apis/policy/v1beta1/register.go
[gosec] 2026/02/05 18:12:52 Checking file: /tmp/blitzy/blitzy-kubernetes/blitzy5f91179c1/pkg/apis/policy/v1beta1/zz_generated.conversion.go
[gosec] 2026/02/05 18:12:53 Checking file: /tmp/blitzy/blitzy-kubernetes/blitzy5f91179c1/pkg/apis/policy/v1beta1/zz_generated.defaults.go
[gosec] 2026/02/05 18:12:53 Checking package: storage
[gosec] 2026/02/05 18:12:53 Checking file: /tmp/blitzy/blitzy-kubernetes/blitzy5f91179c1/pkg/registry/storage/csinode/storage/storage.go
[gosec] 2026/02/05 18:12:53 Import directory: /tmp/blitzy/blitzy-kubernetes/blitzy5f91179c1/pkg/registry/core/service/portallocator/controller
[gosec] 2026/02/05 18:12:53 Checking package: testing
[gosec] 2026/02/05 18:12:53 Checking file: /tmp/blitzy/blitzy-kubernetes/blitzy5f91179c1/pkg/kubelet/apis/podresources/testing/mocks.go
[gosec] 2026/02/05 18:12:53 Import directory: /tmp/blitzy/blitzy-kubernetes/blitzy5f91179c1/pkg/apis/storage/v1alpha1
[gosec] 2026/02/05 18:12:55 Checking package: volumeattributesclass
[gosec] 2026/02/05 18:12:55 Checking file: /tmp/blitzy/blitzy-kubernetes/blitzy5f91179c1/pkg/registry/storage/volumeattributesclass/doc.go
[gosec] 2026/02/05 18:12:55 Import directory: /tmp/blitzy/blitzy-kubernetes/blitzy5f91179c1/pkg/controller/volume/persistentvolume/config/v1alpha1
[gosec] 2026/02/05 18:12:55 Checking file: /tmp/blitzy/blitzy-kubernetes/blitzy5f91179c1/pkg/registry/storage/volumeattributesclass/strategy.go
[gosec] 2026/02/05 18:12:55 Checking package: install
[gosec] 2026/02/05 18:12:55 Checking file: /tmp/blitzy/blitzy-kubernetes/blitzy5f91179c1/pkg/apis/extensions/install/install.go
[gosec] 2026/02/05 18:12:55 Import directory: /tmp/blitzy/blitzy-kubernetes/blitzy5f91179c1/pkg/scheduler/framework/plugins/podtopologyspread
[gosec] 2026/02/05 18:12:55 Checking package: nodeidentifier
[gosec] 2026/02/05 18:12:55 Checking file: /tmp/blitzy/blitzy-kubernetes/blitzy5f91179c1/pkg/auth/nodeidentifier/default.go
[gosec] 2026/02/05 18:12:55 Import directory: /tmp/blitzy/blitzy-kubernetes/blitzy5f91179c1/pkg/scheduler/framework/plugins/testing
[gosec] 2026/02/05 18:12:55 Checking file: /tmp/blitzy/blitzy-kubernetes/blitzy5f91179c1/pkg/auth/nodeidentifier/interfaces.go
[gosec] 2026/02/05 18:12:55 Checking package: kuberuntime
[gosec] 2026/02/05 18:12:55 Checking file: /tmp/blitzy/blitzy-kubernetes/blitzy5f91179c1/pkg/kubelet/kuberuntime/convert.go
[gosec] 2026/02/05 18:12:55 Import directory: /tmp/blitzy/blitzy-kubernetes/blitzy5f91179c1/pkg/apis/apps/v1beta2
[gosec] 2026/02/05 18:12:55 Checking file: /tmp/blitzy/blitzy-kubernetes/blitzy5f91179c1/pkg/kubelet/kuberuntime/doc.go
[gosec] 2026/02/05 18:12:55 Checking file: /tmp/blitzy/blitzy-kubernetes/blitzy5f91179c1/pkg/kubelet/kuberuntime/fake_kuberuntime_manager.go
[gosec] 2026/02/05 18:12:55 Checking file: /tmp/blitzy/blitzy-kubernetes/blitzy5f91179c1/pkg/kubelet/kuberuntime/helpers.go
[gosec] 2026/02/05 18:12:57 Checking file: /tmp/blitzy/blitzy-kubernetes/blitzy5f91179c1/pkg/kubelet/kuberuntime/helpers_linux.go
[gosec] 2026/02/05 18:12:57 Checking file: /tmp/blitzy/blitzy-kubernetes/blitzy5f91179c1/pkg/kubelet/kuberuntime/instrumented_services.go
[gosec] 2026/02/05 18:12:58 Checking file: /tmp/blitzy/blitzy-kubernetes/blitzy5f91179c1/pkg/kubelet/kuberuntime/kuberuntime_container.go
[gosec] 2026/02/05 18:13:01 Checking file: /tmp/blitzy/blitzy-kubernetes/blitzy5f91179c1/pkg/kubelet/kuberuntime/kuberuntime_container_linux.go
[gosec] 2026/02/05 18:13:02 Checking file: /tmp/blitzy/blitzy-kubernetes/blitzy5f91179c1/pkg/kubelet/kuberuntime/kuberuntime_gc.go
[gosec] 2026/02/05 18:13:02 Checking file: /tmp/blitzy/blitzy-kubernetes/blitzy5f91179c1/pkg/kubelet/kuberuntime/kuberuntime_image.go
[gosec] 2026/02/05 18:13:03 Checking file: /tmp/blitzy/blitzy-kubernetes/blitzy5f91179c1/pkg/kubelet/kuberuntime/kuberuntime_logs.go
[gosec] 2026/02/05 18:13:03 Checking file: /tmp/blitzy/blitzy-kubernetes/blitzy5f91179c1/pkg/kubelet/kuberuntime/kuberuntime_manager.go
[gosec] 2026/02/05 18:13:07 Checking file: /tmp/blitzy/blitzy-kubernetes/blitzy5f91179c1/pkg/kubelet/kuberuntime/kuberuntime_sandbox.go
[gosec] 2026/02/05 18:13:08 Checking file: /tmp/blitzy/blitzy-kubernetes/blitzy5f91179c1/pkg/kubelet/kuberuntime/kuberuntime_sandbox_linux.go
[gosec] 2026/02/05 18:13:08 Checking file: /tmp/blitzy/blitzy-kubernetes/blitzy5f91179c1/pkg/kubelet/kuberuntime/kuberuntime_termination_order.go
[gosec] 2026/02/05 18:13:08 Checking file: /tmp/blitzy/blitzy-kubernetes/blitzy5f91179c1/pkg/kubelet/kuberuntime/labels.go
[gosec] 2026/02/05 18:13:09 Checking file: /tmp/blitzy/blitzy-kubernetes/blitzy5f91179c1/pkg/kubelet/kuberuntime/legacy.go
[gosec] 2026/02/05 18:13:09 Checking file: /tmp/blitzy/blitzy-kubernetes/blitzy5f91179c1/pkg/kubelet/kuberuntime/security_context.go
[gosec] 2026/02/05 18:13:09 Checking file: /tmp/blitzy/blitzy-kubernetes/blitzy5f91179c1/pkg/kubelet/kuberuntime/security_context_others.go
[gosec] 2026/02/05 18:13:09 Checking package: server
[gosec] 2026/02/05 18:13:09 Checking file: /tmp/blitzy/blitzy-kubernetes/blitzy5f91179c1/pkg/controlplane/apiserver/samples/generic/server/admission.go
[gosec] 2026/02/05 18:13:09 Import directory: /tmp/blitzy/blitzy-kubernetes/blitzy5f91179c1/pkg/apis/flowcontrol/internalbootstrap
[gosec] 2026/02/05 18:13:09 Checking file: /tmp/blitzy/blitzy-kubernetes/blitzy5f91179c1/pkg/controlplane/apiserver/samples/generic/server/config.go
[gosec] 2026/02/05 18:13:10 Checking file: /tmp/blitzy/blitzy-kubernetes/blitzy5f91179c1/pkg/controlplane/apiserver/samples/generic/server/server.go
[gosec] 2026/02/05 18:13:10 Checking file: /tmp/blitzy/blitzy-kubernetes/blitzy5f91179c1/pkg/controlplane/apiserver/samples/generic/server/serviceaccounts.go
[gosec] 2026/02/05 18:13:10 Checking package: iptables
[gosec] 2026/02/05 18:13:10 Checking file: /tmp/blitzy/blitzy-kubernetes/blitzy5f91179c1/pkg/proxy/iptables/doc.go
[gosec] 2026/02/05 18:13:10 Checking file: /tmp/blitzy/blitzy-kubernetes/blitzy5f91179c1/pkg/proxy/iptables/proxier.go
[gosec] 2026/02/05 18:13:10 Import directory: /tmp/blitzy/blitzy-kubernetes/blitzy5f91179c1/pkg/client/conditions
[gosec] 2026/02/05 18:13:12 Checking package: v1alpha1
[gosec] 2026/02/05 18:13:12 Checking file: /tmp/blitzy/blitzy-kubernetes/blitzy5f91179c1/pkg/apis/storage/v1alpha1/doc.go
[gosec] 2026/02/05 18:13:12 Checking file: /tmp/blitzy/blitzy-kubernetes/blitzy5f91179c1/pkg/apis/storage/v1alpha1/register.go
[gosec] 2026/02/05 18:13:12 Import directory: /tmp/blitzy/blitzy-kubernetes/blitzy5f91179c1/pkg/registry/core/pod/storage
[gosec] 2026/02/05 18:13:12 Checking file: /tmp/blitzy/blitzy-kubernetes/blitzy5f91179c1/pkg/apis/storage/v1alpha1/zz_generated.conversion.go
[gosec] 2026/02/05 18:13:14 Checking file: /tmp/blitzy/blitzy-kubernetes/blitzy5f91179c1/pkg/apis/storage/v1alpha1/zz_generated.defaults.go
[gosec] 2026/02/05 18:13:14 Checking file: /tmp/blitzy/blitzy-kubernetes/blitzy5f91179c1/pkg/apis/storage/v1alpha1/zz_generated.validations.go
[gosec] 2026/02/05 18:13:14 Checking package: controller
[gosec] 2026/02/05 18:13:14 Checking file: /tmp/blitzy/blitzy-kubernetes/blitzy5f91179c1/pkg/registry/core/service/portallocator/controller/metrics.go
[gosec] 2026/02/05 18:13:14 Import directory: /tmp/blitzy/blitzy-kubernetes/blitzy5f91179c1/pkg/apis/abac/v1beta1
[gosec] 2026/02/05 18:13:14 Checking file: /tmp/blitzy/blitzy-kubernetes/blitzy5f91179c1/pkg/registry/core/service/portallocator/controller/repair.go
[gosec] 2026/02/05 18:13:14 Checking package: v1alpha1
[gosec] 2026/02/05 18:13:14 Checking file: /tmp/blitzy/blitzy-kubernetes/blitzy5f91179c1/pkg/controller/volume/persistentvolume/config/v1alpha1/conversion.go
[gosec] 2026/02/05 18:13:14 Import directory: /tmp/blitzy/blitzy-kubernetes/blitzy5f91179c1/pkg/apis/admission/fuzzer
[gosec] 2026/02/05 18:13:14 Checking file: /tmp/blitzy/blitzy-kubernetes/blitzy5f91179c1/pkg/controller/volume/persistentvolume/config/v1alpha1/defaults.go
[gosec] 2026/02/05 18:13:14 Checking file: /tmp/blitzy/blitzy-kubernetes/blitzy5f91179c1/pkg/controller/volume/persistentvolume/config/v1alpha1/doc.go
[gosec] 2026/02/05 18:13:14 Checking file: /tmp/blitzy/blitzy-kubernetes/blitzy5f91179c1/pkg/controller/volume/persistentvolume/config/v1alpha1/register.go
[gosec] 2026/02/05 18:13:15 Checking file: /tmp/blitzy/blitzy-kubernetes/blitzy5f91179c1/pkg/controller/volume/persistentvolume/config/v1alpha1/zz_generated.conversion.go
[gosec] 2026/02/05 18:13:15 Checking file: /tmp/blitzy/blitzy-kubernetes/blitzy5f91179c1/pkg/controller/volume/persistentvolume/config/v1alpha1/zz_generated.deepcopy.go
[gosec] 2026/02/05 18:13:15 Checking package: v1beta2
[gosec] 2026/02/05 18:13:15 Checking file: /tmp/blitzy/blitzy-kubernetes/blitzy5f91179c1/pkg/apis/apps/v1beta2/conversion.go
[gosec] 2026/02/05 18:13:15 Import directory: /tmp/blitzy/blitzy-kubernetes/blitzy5f91179c1/pkg/apis/admission/v1beta1
[gosec] 2026/02/05 18:13:16 Checking file: /tmp/blitzy/blitzy-kubernetes/blitzy5f91179c1/pkg/apis/apps/v1beta2/defaults.go
[gosec] 2026/02/05 18:13:16 Checking file: /tmp/blitzy/blitzy-kubernetes/blitzy5f91179c1/pkg/apis/apps/v1beta2/doc.go
[gosec] 2026/02/05 18:13:16 Checking file: /tmp/blitzy/blitzy-kubernetes/blitzy5f91179c1/pkg/apis/apps/v1beta2/register.go
[gosec] 2026/02/05 18:13:16 Checking file: /tmp/blitzy/blitzy-kubernetes/blitzy5f91179c1/pkg/apis/apps/v1beta2/zz_generated.conversion.go
[gosec] 2026/02/05 18:13:25 Checking file: /tmp/blitzy/blitzy-kubernetes/blitzy5f91179c1/pkg/apis/apps/v1beta2/zz_generated.defaults.go
[gosec] 2026/02/05 18:13:29 Checking file: /tmp/blitzy/blitzy-kubernetes/blitzy5f91179c1/pkg/apis/apps/v1beta2/zz_generated.validations.go
[gosec] 2026/02/05 18:13:29 Checking package: podtopologyspread
[gosec] 2026/02/05 18:13:29 Checking file: /tmp/blitzy/blitzy-kubernetes/blitzy5f91179c1/pkg/scheduler/framework/plugins/podtopologyspread/common.go
[gosec] 2026/02/05 18:13:29 Import directory: /tmp/blitzy/blitzy-kubernetes/blitzy5f91179c1/pkg/apis/core/v1
[gosec] 2026/02/05 18:13:29 Checking file: /tmp/blitzy/blitzy-kubernetes/blitzy5f91179c1/pkg/scheduler/framework/plugins/podtopologyspread/filtering.go
[gosec] 2026/02/05 18:13:30 Checking file: /tmp/blitzy/blitzy-kubernetes/blitzy5f91179c1/pkg/scheduler/framework/plugins/podtopologyspread/plugin.go
[gosec] 2026/02/05 18:13:31 Checking file: /tmp/blitzy/blitzy-kubernetes/blitzy5f91179c1/pkg/scheduler/framework/plugins/podtopologyspread/scoring.go
[gosec] 2026/02/05 18:13:32 Checking package: testing
[gosec] 2026/02/05 18:13:32 Checking file: /tmp/blitzy/blitzy-kubernetes/blitzy5f91179c1/pkg/scheduler/framework/plugins/testing/testing.go
[gosec] 2026/02/05 18:13:32 Import directory: /tmp/blitzy/blitzy-kubernetes/blitzy5f91179c1/pkg/apis/flowcontrol/v1
[gosec] 2026/02/05 18:13:32 Checking package: internalbootstrap
[gosec] 2026/02/05 18:13:32 Checking file: /tmp/blitzy/blitzy-kubernetes/blitzy5f91179c1/pkg/apis/flowcontrol/internalbootstrap/default-internal.go
[gosec] 2026/02/05 18:13:32 Import directory: /tmp/blitzy/blitzy-kubernetes/blitzy5f91179c1/pkg/apis/rbac/v1alpha1
[gosec] 2026/02/05 18:13:32 Checking package: conditions
[gosec] 2026/02/05 18:13:32 Checking file: /tmp/blitzy/blitzy-kubernetes/blitzy5f91179c1/pkg/client/conditions/conditions.go
[gosec] 2026/02/05 18:13:32 Import directory: /tmp/blitzy/blitzy-kubernetes/blitzy5f91179c1/pkg/controller/job
[gosec] 2026/02/05 18:13:32 Checking package: storage
[gosec] 2026/02/05 18:13:32 Checking file: /tmp/blitzy/blitzy-kubernetes/blitzy5f91179c1/pkg/registry/core/pod/storage/eviction.go
[gosec] 2026/02/05 18:13:32 Import directory: /tmp/blitzy/blitzy-kubernetes/blitzy5f91179c1/pkg/registry/authorization/selfsubjectrulesreview
[gosec] 2026/02/05 18:13:34 Checking file: /tmp/blitzy/blitzy-kubernetes/blitzy5f91179c1/pkg/registry/core/pod/storage/storage.go
[gosec] 2026/02/05 18:13:35 Checking package: v1beta1
[gosec] 2026/02/05 18:13:35 Checking file: /tmp/blitzy/blitzy-kubernetes/blitzy5f91179c1/pkg/apis/abac/v1beta1/conversion.go
[gosec] 2026/02/05 18:13:35 Import directory: /tmp/blitzy/blitzy-kubernetes/blitzy5f91179c1/pkg/controller/certificates/rootcacertpublisher
[gosec] 2026/02/05 18:13:35 Checking file: /tmp/blitzy/blitzy-kubernetes/blitzy5f91179c1/pkg/apis/abac/v1beta1/doc.go
[gosec] 2026/02/05 18:13:35 Checking file: /tmp/blitzy/blitzy-kubernetes/blitzy5f91179c1/pkg/apis/abac/v1beta1/register.go
[gosec] 2026/02/05 18:13:36 Checking file: /tmp/blitzy/blitzy-kubernetes/blitzy5f91179c1/pkg/apis/abac/v1beta1/types.go
[gosec] 2026/02/05 18:13:36 Checking file: /tmp/blitzy/blitzy-kubernetes/blitzy5f91179c1/pkg/apis/abac/v1beta1/zz_generated.conversion.go
[gosec] 2026/02/05 18:13:36 Checking file: /tmp/blitzy/blitzy-kubernetes/blitzy5f91179c1/pkg/apis/abac/v1beta1/zz_generated.deepcopy.go
[gosec] 2026/02/05 18:13:36 Checking file: /tmp/blitzy/blitzy-kubernetes/blitzy5f91179c1/pkg/apis/abac/v1beta1/zz_generated.defaults.go
[gosec] 2026/02/05 18:13:36 Checking file: /tmp/blitzy/blitzy-kubernetes/blitzy5f91179c1/pkg/apis/abac/v1beta1/zz_generated.model_name.go
[gosec] 2026/02/05 18:13:36 Checking package: fuzzer
[gosec] 2026/02/05 18:13:36 Checking file: /tmp/blitzy/blitzy-kubernetes/blitzy5f91179c1/pkg/apis/admission/fuzzer/fuzzer.go
[gosec] 2026/02/05 18:13:36 Import directory: /tmp/blitzy/blitzy-kubernetes/blitzy5f91179c1/pkg/registry/autoscaling/rest
[gosec] 2026/02/05 18:13:36 Checking package: v1beta1
[gosec] 2026/02/05 18:13:36 Checking file: /tmp/blitzy/blitzy-kubernetes/blitzy5f91179c1/pkg/apis/admission/v1beta1/doc.go
[gosec] 2026/02/05 18:13:36 Checking file: /tmp/blitzy/blitzy-kubernetes/blitzy5f91179c1/pkg/apis/admission/v1beta1/register.go
[gosec] 2026/02/05 18:13:36 Import directory: /tmp/blitzy/blitzy-kubernetes/blitzy5f91179c1/pkg/registry/core/replicationcontroller/storage
[gosec] 2026/02/05 18:13:36 Checking file: /tmp/blitzy/blitzy-kubernetes/blitzy5f91179c1/pkg/apis/admission/v1beta1/zz_generated.conversion.go
[gosec] 2026/02/05 18:13:37 Checking file: /tmp/blitzy/blitzy-kubernetes/blitzy5f91179c1/pkg/apis/admission/v1beta1/zz_generated.defaults.go
[gosec] 2026/02/05 18:13:37 Checking package: v1
[gosec] 2026/02/05 18:13:37 Checking file: /tmp/blitzy/blitzy-kubernetes/blitzy5f91179c1/pkg/apis/core/v1/conversion.go
[gosec] 2026/02/05 18:13:37 Import directory: /tmp/blitzy/blitzy-kubernetes/blitzy5f91179c1/pkg/registry/rbac/clusterrolebinding/storage
[gosec] 2026/02/05 18:13:39 Checking file: /tmp/blitzy/blitzy-kubernetes/blitzy5f91179c1/pkg/apis/core/v1/defaults.go
[gosec] 2026/02/05 18:13:40 Checking file: /tmp/blitzy/blitzy-kubernetes/blitzy5f91179c1/pkg/apis/core/v1/doc.go
[gosec] 2026/02/05 18:13:40 Checking file: /tmp/blitzy/blitzy-kubernetes/blitzy5f91179c1/pkg/apis/core/v1/register.go
[gosec] 2026/02/05 18:13:40 Checking file: /tmp/blitzy/blitzy-kubernetes/blitzy5f91179c1/pkg/apis/core/v1/zz_generated.conversion.go
[gosec] 2026/02/05 18:14:28 Checking file: /tmp/blitzy/blitzy-kubernetes/blitzy5f91179c1/pkg/apis/core/v1/zz_generated.defaults.go
[gosec] 2026/02/05 18:14:33 Checking file: /tmp/blitzy/blitzy-kubernetes/blitzy5f91179c1/pkg/apis/core/v1/zz_generated.validations.go
[gosec] 2026/02/05 18:14:33 Checking package: v1
[gosec] 2026/02/05 18:14:33 Checking file: /tmp/blitzy/blitzy-kubernetes/blitzy5f91179c1/pkg/apis/flowcontrol/v1/defaults.go
[gosec] 2026/02/05 18:14:33 Import directory: /tmp/blitzy/blitzy-kubernetes/blitzy5f91179c1/pkg/serviceaccount/externaljwt/metrics
[gosec] 2026/02/05 18:14:33 Checking file: /tmp/blitzy/blitzy-kubernetes/blitzy5f91179c1/pkg/apis/flowcontrol/v1/doc.go
[gosec] 2026/02/05 18:14:33 Checking file: /tmp/blitzy/blitzy-kubernetes/blitzy5f91179c1/pkg/apis/flowcontrol/v1/register.go
[gosec] 2026/02/05 18:14:33 Checking file: /tmp/blitzy/blitzy-kubernetes/blitzy5f91179c1/pkg/apis/flowcontrol/v1/zz_generated.conversion.go
[gosec] 2026/02/05 18:14:38 Checking file: /tmp/blitzy/blitzy-kubernetes/blitzy5f91179c1/pkg/apis/flowcontrol/v1/zz_generated.defaults.go
[gosec] 2026/02/05 18:14:38 Checking package: v1alpha1
[gosec] 2026/02/05 18:14:38 Checking file: /tmp/blitzy/blitzy-kubernetes/blitzy5f91179c1/pkg/apis/rbac/v1alpha1/conversion.go
[gosec] 2026/02/05 18:14:38 Import directory: /tmp/blitzy/blitzy-kubernetes/blitzy5f91179c1/pkg/util/iptables/testing
[gosec] 2026/02/05 18:14:38 Checking file: /tmp/blitzy/blitzy-kubernetes/blitzy5f91179c1/pkg/apis/rbac/v1alpha1/defaults.go
[gosec] 2026/02/05 18:14:38 Checking file: /tmp/blitzy/blitzy-kubernetes/blitzy5f91179c1/pkg/apis/rbac/v1alpha1/doc.go
[gosec] 2026/02/05 18:14:38 Checking file: /tmp/blitzy/blitzy-kubernetes/blitzy5f91179c1/pkg/apis/rbac/v1alpha1/helpers.go
[gosec] 2026/02/05 18:14:39 Checking file: /tmp/blitzy/blitzy-kubernetes/blitzy5f91179c1/pkg/apis/rbac/v1alpha1/register.go
[gosec] 2026/02/05 18:14:39 Checking file: /tmp/blitzy/blitzy-kubernetes/blitzy5f91179c1/pkg/apis/rbac/v1alpha1/zz_generated.conversion.go
[gosec] 2026/02/05 18:14:42 Checking file: /tmp/blitzy/blitzy-kubernetes/blitzy5f91179c1/pkg/apis/rbac/v1alpha1/zz_generated.defaults.go
[gosec] 2026/02/05 18:14:42 Checking file: /tmp/blitzy/blitzy-kubernetes/blitzy5f91179c1/pkg/apis/rbac/v1alpha1/zz_generated.validations.go
[gosec] 2026/02/05 18:14:43 Checking package: selfsubjectrulesreview
[gosec] 2026/02/05 18:14:43 Checking file: /tmp/blitzy/blitzy-kubernetes/blitzy5f91179c1/pkg/registry/authorization/selfsubjectrulesreview/rest.go
[gosec] 2026/02/05 18:14:43 Import directory: /tmp/blitzy/blitzy-kubernetes/blitzy5f91179c1/pkg/util/rlimit
[gosec] 2026/02/05 18:14:43 Checking package: job
[gosec] 2026/02/05 18:14:43 Checking file: /tmp/blitzy/blitzy-kubernetes/blitzy5f91179c1/pkg/controller/job/backoff_utils.go
[gosec] 2026/02/05 18:14:43 Import directory: /tmp/blitzy/blitzy-kubernetes/blitzy5f91179c1/pkg/apis/imagepolicy/v1alpha1
[gosec] 2026/02/05 18:14:44 Checking file: /tmp/blitzy/blitzy-kubernetes/blitzy5f91179c1/pkg/controller/job/doc.go
[gosec] 2026/02/05 18:14:44 Checking file: /tmp/blitzy/blitzy-kubernetes/blitzy5f91179c1/pkg/controller/job/indexed_job_utils.go
[gosec] 2026/02/05 18:14:45 Checking file: /tmp/blitzy/blitzy-kubernetes/blitzy5f91179c1/pkg/controller/job/job_controller.go
[gosec] 2026/02/05 18:14:50 Checking file: /tmp/blitzy/blitzy-kubernetes/blitzy5f91179c1/pkg/controller/job/pod_failure_policy.go
[gosec] 2026/02/05 18:14:51 Checking file: /tmp/blitzy/blitzy-kubernetes/blitzy5f91179c1/pkg/controller/job/success_policy.go
[gosec] 2026/02/05 18:14:51 Checking file: /tmp/blitzy/blitzy-kubernetes/blitzy5f91179c1/pkg/controller/job/tracking_utils.go
[gosec] 2026/02/05 18:14:51 Checking package: rootcacertpublisher
[gosec] 2026/02/05 18:14:51 Checking file: /tmp/blitzy/blitzy-kubernetes/blitzy5f91179c1/pkg/controller/certificates/rootcacertpublisher/metrics.go
[gosec] 2026/02/05 18:14:51 Import directory: /tmp/blitzy/blitzy-kubernetes/blitzy5f91179c1/pkg/registry/admissionregistration/resolver
[gosec] 2026/02/05 18:14:51 Checking file: /tmp/blitzy/blitzy-kubernetes/blitzy5f91179c1/pkg/controller/certificates/rootcacertpublisher/publisher.go
[gosec] 2026/02/05 18:14:52 Checking package: storage
[gosec] 2026/02/05 18:14:52 Checking file: /tmp/blitzy/blitzy-kubernetes/blitzy5f91179c1/pkg/registry/core/replicationcontroller/storage/storage.go
[gosec] 2026/02/05 18:14:52 Import directory: /tmp/blitzy/blitzy-kubernetes/blitzy5f91179c1/pkg/scheduler/apis/config/validation
[gosec] 2026/02/05 18:14:53 Checking package: rest
[gosec] 2026/02/05 18:14:53 Checking file: /tmp/blitzy/blitzy-kubernetes/blitzy5f91179c1/pkg/registry/autoscaling/rest/storage_autoscaling.go
[gosec] 2026/02/05 18:14:53 Import directory: /tmp/blitzy/blitzy-kubernetes/blitzy5f91179c1/pkg/scheduler/backend/workloadmanager
[gosec] 2026/02/05 18:14:53 Checking package: storage
[gosec] 2026/02/05 18:14:53 Checking file: /tmp/blitzy/blitzy-kubernetes/blitzy5f91179c1/pkg/registry/rbac/clusterrolebinding/storage/storage.go
[gosec] 2026/02/05 18:14:53 Import directory: /tmp/blitzy/blitzy-kubernetes/blitzy5f91179c1/pkg/apis/policy
[gosec] 2026/02/05 18:14:53 Checking package: metrics
[gosec] 2026/02/05 18:14:53 Checking file: /tmp/blitzy/blitzy-kubernetes/blitzy5f91179c1/pkg/serviceaccount/externaljwt/metrics/metrics.go
[gosec] 2026/02/05 18:14:53 Import directory: /tmp/blitzy/blitzy-kubernetes/blitzy5f91179c1/pkg/apis/rbac/v1beta1
[gosec] 2026/02/05 18:14:53 Checking package: testing
[gosec] 2026/02/05 18:14:53 Checking file: /tmp/blitzy/blitzy-kubernetes/blitzy5f91179c1/pkg/util/iptables/testing/doc.go
[gosec] 2026/02/05 18:14:53 Checking file: /tmp/blitzy/blitzy-kubernetes/blitzy5f91179c1/pkg/util/iptables/testing/fake.go
[gosec] 2026/02/05 18:14:53 Import directory: /tmp/blitzy/blitzy-kubernetes/blitzy5f91179c1/pkg/controller/podgc/metrics
[gosec] 2026/02/05 18:14:54 Checking file: /tmp/blitzy/blitzy-kubernetes/blitzy5f91179c1/pkg/util/iptables/testing/parse.go
[gosec] 2026/02/05 18:14:55 Checking package: rlimit
[gosec] 2026/02/05 18:14:55 Checking file: /tmp/blitzy/blitzy-kubernetes/blitzy5f91179c1/pkg/util/rlimit/rlimit_linux.go
[gosec] 2026/02/05 18:14:55 Import directory: /tmp/blitzy/blitzy-kubernetes/blitzy5f91179c1/pkg/controller/statefulset/metrics
[gosec] 2026/02/05 18:14:55 Checking package: v1alpha1
[gosec] 2026/02/05 18:14:55 Checking file: /tmp/blitzy/blitzy-kubernetes/blitzy5f91179c1/pkg/apis/imagepolicy/v1alpha1/doc.go
[gosec] 2026/02/05 18:14:55 Checking file: /tmp/blitzy/blitzy-kubernetes/blitzy5f91179c1/pkg/apis/imagepolicy/v1alpha1/register.go
[gosec] 2026/02/05 18:14:55 Import directory: /tmp/blitzy/blitzy-kubernetes/blitzy5f91179c1/pkg/registry/apiserverinternal/storageversion/storage
[gosec] 2026/02/05 18:14:55 Checking file: /tmp/blitzy/blitzy-kubernetes/blitzy5f91179c1/pkg/apis/imagepolicy/v1alpha1/zz_generated.conversion.go
